date,portfolio_value,value_AAPL,value_MSFT,value_NVDA,value_AMZN,value_TSLA,value_RY,value_TD,profit_loss_cad,profit_loss_status,profit_loss_AAPL,profit_loss_MSFT,profit_loss_NVDA,profit_loss_AMZN,profit_loss_TSLA,profit_loss_RY,profit_loss_TD,portfolio_daily_return,portfolio_drawdown_pct
2010-09-17,100000.0,20000.0,20000.0,15000.0,15000.0,10000.0,10000.0,10000.0,0.0,Break-even,0.0,0.0,0.0,0.0,0.0,0.0,0.0,,0.0
2010-09-20,101266.3702,20471.97,20063.5945,15159.7533,15227.318,10354.9315,9957.9823,10030.8206,1266.3702,Profit,471.97,63.5945,159.7533,227.318,354.9315,-42.0177,30.8206,0.0127,0.0
2010-09-21,101903.4993,20578.5898,19914.0111,16029.8414,15220.1209,10251.0279,9922.4275,9987.4806,1903.4993,Profit,578.5898,-85.9889,1029.8414,220.1209,251.0279,-77.5725,-12.5194,0.0063,0.0
2010-09-22,101338.201,20891.2131,19508.4136,16186.5329,15349.0296,9818.2459,9766.6619,9818.1039,1338.201,Profit,891.2131,-491.5864,1186.5329,349.0296,-181.7541,-233.3381,-181.8961,-0.0055,-0.5547
2010-09-23,101231.0214,20941.5138,19333.3727,16489.9501,15426.7092,9649.1307,9690.0509,9700.2939,1231.0214,Profit,941.5138,-666.6273,1489.9501,426.7092,-350.8693,-309.9491,-299.7061,-0.0011,-0.6599
2010-09-24,103631.2587,21091.5714,19508.0571,17322.1561,16148.063,9870.3161,9866.656,9824.4391,3631.2587,Profit,1091.5714,-491.9429,2322.1561,1148.063,-129.6839,-133.344,-175.5609,0.0237,0.0
2010-09-27,102987.3716,21001.6551,19478.4786,16932.6487,16006.7474,10078.5467,9769.3168,9719.9783,2987.3716,Profit,1001.6551,-521.5214,1932.6487,1006.7474,78.5467,-230.6832,-280.0217,-0.0062,-0.6213
2010-09-28,103544.5117,20784.4314,19526.5912,16978.9357,16111.8056,10552.7481,9841.4002,9748.5995,3544.5117,Profit,784.4314,-473.4088,1978.9357,1111.8056,552.7481,-158.5998,-251.4005,0.0054,-0.0837
2010-09-29,103439.2268,20809.5255,19369.555,16838.2135,16030.8368,10832.3985,9833.2506,9725.447,3439.2268,Profit,809.5255,-630.445,1838.2135,1030.8368,832.3985,-166.7494,-274.553,-0.001,-0.1853
2010-09-30,102063.7154,20542.7659,19358.8003,16553.8875,15833.1606,10056.7497,9906.0745,9812.2768,2063.7154,Profit,542.7659,-641.1997,1553.8875,833.1606,56.7497,-93.9255,-187.7232,-0.0133,-1.5126
2010-10-01,100480.066,20290.0,19118.7036,15959.0001,15370.5581,10068.5131,9932.0599,9741.2314,480.066,Profit,290.0,-881.2964,959.0001,370.5581,68.5131,-67.9401,-258.7686,-0.0155,-3.0408
2010-10-04,100134.4621,20048.5457,18780.7756,15836.3484,15567.4551,10278.2078,9895.5643,9727.5652,134.4621,Profit,48.5457,-1219.2244,836.3484,567.4551,278.2078,-104.4357,-272.4348,-0.0034,-3.3743
2010-10-05,101760.7488,20654.7565,19003.9262,15845.954,16012.5231,10275.1934,10062.1522,9906.2434,1760.7488,Profit,654.7565,-996.0738,845.954,1012.5231,275.1934,62.1522,-93.7566,0.0162,-1.805
2010-10-06,99480.1287,20480.3065,18888.9491,14946.6288,15323.5365,9861.0935,10105.7847,9873.8296,-519.8713,Loss,480.3065,-1111.0509,-53.3712,323.5365,-138.9065,105.7847,-126.1704,-0.0224,-4.0057
2010-10-07,100230.7959,20671.7322,19140.3069,14976.106,15551.5926,9937.5445,10130.0897,9823.424,230.7959,Profit,671.7322,-859.6931,-23.894,551.5926,-62.4555,130.0897,-176.576,0.0075,-3.2813
2010-10-08,100571.8685,20956.7861,19114.1941,15154.3501,15434.2587,9908.2186,10127.7071,9876.3537,571.8685,Profit,956.7861,-885.8059,154.3501,434.2587,-91.7814,127.7071,-123.6463,0.0034,-2.9522
2010-10-11,100281.728,21047.113,19132.112,15081.5276,15184.214,9816.0497,10158.2111,9862.5005,281.728,Profit,1047.113,-867.888,81.5276,184.214,-183.9503,158.2111,-137.4995,-0.0029,-3.2322
2010-10-12,101139.5624,21219.5452,19266.1047,15336.0763,15486.7095,9790.8722,10141.1081,9899.1465,1139.5624,Profit,1219.5452,-733.8953,336.0763,486.7095,-209.1278,141.1081,-100.8535,0.0086,-2.4044
2010-10-13,101486.449,21164.3641,19509.5502,15657.9242,15235.539,9857.3685,10195.5614,9866.1416,1486.449,Profit,1164.3641,-490.4498,657.9242,235.539,-142.6315,195.5614,-133.8584,0.0034,-2.0697
2010-10-14,101431.5885,21330.9327,19437.623,15415.8028,15280.0213,9964.1071,10151.8663,9851.2353,1431.5885,Profit,1330.9327,-562.377,415.8028,280.0213,-35.8929,151.8663,-148.7647,-0.0005,-2.1226
2010-10-15,104132.2989,22368.529,19816.3366,15708.1736,16291.076,9934.0277,10227.1029,9787.0531,4132.2989,Profit,2368.529,-183.6634,708.1736,1291.076,-65.9723,227.1029,-212.9469,0.0266,0.0
2010-10-18,104975.1893,22688.2453,20115.1569,15865.0452,16249.8554,9823.8297,10377.2753,9855.7815,4975.1893,Profit,2688.2453,115.1569,865.0452,1249.8554,-176.1703,377.2753,-144.2185,0.0081,0.0
2010-10-19,104405.1582,22409.5875,19839.1235,16003.426,15995.4643,9879.3665,10386.52,9891.6704,4405.1582,Profit,2409.5875,-160.8765,1003.426,995.4643,-120.6335,386.52,-108.3296,-0.0054,-0.543
2010-10-20,104749.1266,22367.4262,19903.0906,15921.0579,15913.1426,10122.6359,10487.8414,10033.932,4749.1266,Profit,2367.4262,-96.9094,921.0579,913.1426,122.6359,487.8414,33.932,0.0033,-0.2153
2010-10-21,104897.4648,22268.141,19963.1764,15619.5618,16525.595,10159.6987,10453.2078,9908.084,4897.4648,Profit,2268.141,-36.8236,619.5618,1525.595,159.6987,453.2078,-91.916,0.0014,-0.074
2010-10-22,106170.6942,22184.6326,19992.7959,16670.1153,16991.9859,10174.7492,10283.0778,9873.3375,6170.6942,Profit,2184.6326,-7.2041,1670.1153,1991.9859,174.7492,283.0778,-126.6625,0.0121,0.0
2010-10-25,105667.9553,22145.0781,19719.605,16715.5019,16871.3902,10173.7659,10199.2721,9843.342,5667.9553,Profit,2145.0781,-280.395,1715.5019,1871.3902,173.7659,199.2721,-156.658,-0.0047,-0.4735
2010-10-26,106612.9203,22139.3038,20322.5759,16703.1346,17007.821,10448.1699,10228.2172,9763.6979,6612.9203,Profit,2139.3038,322.5759,1703.1346,2007.821,448.1699,228.2172,-236.3021,0.0089,0.0
2010-10-27,107297.7603,22332.5174,20636.2059,17100.987,16922.6976,10369.5442,10188.5073,9747.3009,7297.7603,Profit,2332.5174,636.2059,2100.987,1922.6976,369.5442,188.5073,-252.6991,0.0064,0.0
2010-10-28,105962.7066,21892.7767,20580.195,16921.3621,16662.288,10343.7495,9981.4398,9580.8955,5962.7066,Profit,1892.7767,580.195,1921.3621,1662.288,343.7495,-18.5602,-419.1045,-0.0124,-1.2443
2010-10-29,106126.8949,21557.5934,20853.5527,16856.5242,16478.8533,10646.3884,10035.355,9698.628,6126.8949,Profit,1557.5934,853.5527,1856.5242,1478.8533,646.3884,35.355,-301.372,0.0015,-1.0912
2010-11-01,105614.4872,21673.9223,20970.0349,16796.0689,16131.8011,10383.4822,9989.5081,9669.6696,5614.4872,Profit,1673.9223,970.0349,1796.0689,1131.8011,383.4822,-10.4919,-330.3304,-0.0048,-1.5688
2010-11-02,106529.5689,21965.0016,21233.4039,17073.8511,16273.6042,10268.3105,9999.8334,9715.5642,6529.5689,Profit,1965.0016,1233.4039,2073.8511,1273.6042,268.3105,-0.1666,-284.4358,0.0087,-0.7159
2010-11-03,107289.7653,22193.6965,20937.7687,17200.6452,16643.665,10512.2403,10046.5009,9755.2487,7289.7653,Profit,2193.6965,937.7687,2200.6452,1643.665,512.2403,46.5009,-244.7513,0.0071,-0.0075
2010-11-04,108949.111,22427.2906,20880.2867,17114.795,16576.6596,11942.6603,10186.201,9821.2178,8949.111,Profit,2427.2906,880.2867,2114.795,1576.6596,1942.6603,186.201,-178.7822,0.0155,0.0
2010-11-05,108893.6736,22326.4381,20638.9805,17370.6044,16742.1683,11711.4844,10212.7765,9891.2215,8893.6736,Profit,2326.4381,638.9805,2370.6044,1742.1683,1711.4844,212.7765,-108.7785,-0.0005,-0.0509
2010-11-08,109361.6313,22448.1425,20623.5775,17468.7618,16873.5615,11978.6178,10161.3742,9807.5961,9361.6313,Profit,2448.1425,623.5775,2468.7618,1873.5615,1978.6178,161.3742,-192.4039,0.0043,0.0
2010-11-09,108460.5696,22250.4872,20715.564,17353.3143,16689.8154,11800.2011,9998.0208,9653.1668,8460.5696,Profit,2250.4872,715.564,2353.3143,1689.8154,1800.2011,-1.9792,-346.8332,-0.0082,-0.8239
2010-11-10,111435.3838,22397.762,20716.0364,17568.0597,16996.5418,14071.9265,9998.1524,9686.9049,11435.3838,Profit,2397.762,716.0364,2568.0597,1996.5418,4071.9265,-1.8476,-313.0951,0.0274,0.0
2010-11-11,109890.0471,22296.2759,20511.2411,17386.0935,16706.2868,13439.268,9891.7821,9659.0996,9890.0471,Profit,2296.2759,511.2411,2386.0935,1706.2868,3439.268,-108.2179,-340.9004,-0.0139,-1.3868
2010-11-12,110625.0951,21827.3703,20326.2344,18394.0821,16348.5702,14391.9412,9770.7673,9566.1296,10625.0951,Profit,1827.3703,326.2344,3394.0821,1348.5702,4391.9412,-229.2327,-433.8704,0.0067,-0.7271
2010-11-15,110014.1642,21726.4521,20240.4972,18146.9778,15656.2161,14832.8478,9778.7859,9632.3873,10014.1642,Profit,1726.4521,240.4972,3146.9778,656.2161,4832.8478,-221.2141,-367.6127,-0.0055,-1.2754
2010-11-16,109570.863,21691.8624,20269.5054,17904.6763,15802.2599,14524.3381,9792.1263,9586.0946,9570.863,Profit,1691.8624,269.5054,2904.6763,802.2599,4524.3381,-207.8737,-413.9054,-0.004,-1.6732
2010-11-17,109330.1416,21564.4118,20032.0345,18153.4616,15822.1438,14402.3553,9763.406,9592.3287,9330.1416,Profit,1564.4118,32.0345,3153.4616,822.1438,4402.3553,-236.594,-407.6713,-0.0022,-1.8892
2010-11-18,111473.9249,22062.2149,20180.5582,18648.4507,16350.6377,14550.5347,9946.5053,9735.0235,11473.9249,Profit,2062.2149,180.5582,3648.4507,1350.6377,4550.5347,-53.4947,-264.9765,0.0196,0.0
2010-11-19,113204.8302,22013.552,20130.1394,19321.984,16470.2329,15136.4125,10255.3696,9877.1398,13204.8302,Profit,2013.552,130.1394,4321.984,1470.2329,5136.4125,255.3696,-122.8602,0.0155,0.0
2010-11-22,115086.0424,22444.8271,20119.3527,19295.6887,16991.8077,16279.9906,10120.3578,9834.0177,15086.0424,Profit,2444.8271,119.3527,4295.6887,1991.8077,6279.9906,120.3578,-165.9823,0.0166,0.0
2010-11-23,114475.703,22237.2117,19754.9254,18951.9279,16868.9135,16946.2094,9995.0544,9721.4606,14475.703,Profit,2237.2117,-245.0746,3951.9279,1868.9135,6946.2094,-4.9456,-278.5394,-0.0053,-0.5303
2010-11-24,115901.2988,22373.1278,19682.8734,19159.4091,17538.8307,17154.8778,10130.1496,9862.0304,15901.2988,Profit,2373.1278,-317.1266,4159.4091,2538.8307,7154.8778,130.1496,-137.9696,0.0125,0.0
2010-11-26,116332.5574,22570.9731,19752.7881,19077.3412,17677.8595,17222.6014,10173.667,9857.3272,16332.5574,Profit,2570.9731,-247.2119,4077.3412,2677.8595,7222.6014,173.667,-142.6728,0.0037,0.0
2010-11-29,116996.6403,22780.2357,19868.1217,19357.945,17969.5692,16798.9989,10291.0639,9930.7059,16996.6403,Profit,2780.2357,-131.8783,4357.945,2969.5692,6798.9989,291.0639,-69.2941,0.0057,0.0
2010-11-30,116562.9941,22453.823,19904.0194,19229.2899,17623.631,17350.8355,10150.5049,9850.8904,16562.9941,Profit,2453.823,-95.9806,4229.2899,2623.631,7350.8355,150.5049,-149.1096,-0.0037,-0.3706
2010-12-01,117337.7385,22598.1953,20307.3347,19872.6256,17559.437,16698.6409,10378.6369,9922.8681,17337.7385,Profit,2598.1953,307.3347,4872.6256,2559.437,6698.6409,378.6369,-77.1319,0.0066,0.0
2010-12-02,115963.6015,22469.4894,20736.9795,19882.7115,17360.4452,15549.9454,10301.9193,9662.1111,15963.6015,Profit,2469.4894,736.9795,4882.7115,2360.4452,5549.9454,301.9193,-337.8889,-0.0117,-1.1711
2010-12-03,115681.5597,22449.9116,20864.5461,20480.2405,17300.9305,15157.6066,9869.5118,9558.8127,15681.5597,Profit,2449.9116,864.5461,5480.2405,2300.9305,5157.6066,-130.4882,-441.1873,-0.0024,-1.4115
2010-12-06,114592.9445,22639.9554,20720.8644,20092.2339,17530.8407,14586.7649,9669.5727,9352.7126,14592.9445,Profit,2639.9554,720.8644,5092.2339,2530.8407,4586.7649,-330.4273,-647.2874,-0.0094,-2.3392
2010-12-07,116120.5568,22579.3003,20816.6592,20809.4727,17465.3781,15241.1558,9712.4641,9496.1267,16120.5568,Profit,2579.3003,816.6592,5809.4727,2465.3781,5241.1558,-287.5359,-503.8733,0.0133,-1.0373
2010-12-08,117320.8698,22792.6924,21107.1198,21003.446,17428.3081,15641.6191,9699.467,9648.2173,17320.8698,Profit,2792.6924,1107.1198,6003.446,2428.3081,5641.6191,-300.533,-351.7827,0.0103,-0.0144
2010-12-09,116452.9884,22699.7611,20990.257,20650.3198,17284.234,15485.4803,9674.3529,9668.5834,16452.9884,Profit,2699.7611,990.257,5650.3198,2284.234,5485.4803,-325.6471,-331.4166,-0.0074,-0.754
2010-12-10,116655.8177,22746.5869,21179.6602,20768.3487,17351.7543,15221.8134,9731.8018,9655.8524,16655.8177,Profit,2746.5869,1179.6602,5768.3487,2351.7543,5221.8134,-268.1982,-344.1476,0.0017,-0.5812
2010-12-13,115099.934,22717.0114,21012.0011,20148.7869,17136.2245,14684.7258,9706.6391,9694.5451,15099.934,Profit,2717.0114,1012.0011,5148.7869,2136.2245,4684.7258,-293.3609,-305.4549,-0.0133,-1.9071
2010-12-14,114153.9227,22610.9007,21285.7543,20168.8386,17097.2242,13706.9039,9637.8329,9646.4681,14153.9227,Profit,2610.9007,1285.7543,5168.8386,2097.2242,3706.9039,-362.1671,-353.5319,-0.0082,-2.7134
2010-12-15,114364.515,22602.0527,21453.0419,19707.4692,17247.1308,14212.4551,9580.259,9562.1064,14364.515,Profit,2602.0527,1453.0419,4707.4692,2247.1308,4212.4551,-419.741,-437.8936,0.0018,-2.5339
2010-12-16,115548.9181,22709.5172,21604.2982,19777.1098,17526.3709,14824.4146,9568.8327,9538.3746,15548.9181,Profit,2709.5172,1604.2982,4777.1098,2526.3709,4824.4146,-431.1673,-461.6254,0.0104,-1.5245
2010-12-17,116335.2197,22818.8047,21685.6758,20023.7339,17599.2988,15191.1095,9508.9528,9507.6441,16335.2197,Profit,2818.8047,1685.6758,5023.7339,2599.2988,5191.1095,-491.0472,-492.3559,0.0068,-0.8544
2010-12-20,117254.7357,23055.3364,21727.2375,20045.0463,18262.0855,15437.6661,9398.4258,9328.9381,17254.7357,Profit,3055.3364,1727.2375,5045.0463,3262.0855,5437.6661,-601.5742,-671.0619,0.0079,-0.0707
2010-12-21,119237.9799,23189.0869,21920.0176,20822.4403,18402.1265,15705.8044,9545.1453,9653.3589,19237.9799,Profit,3189.0869,1920.0176,5822.4403,3402.1265,5705.8044,-454.8547,-346.6411,0.0169,0.0
2010-12-22,119658.1245,23197.651,21958.4432,20992.2795,18354.2884,15843.7348,9597.3744,9714.3531,19658.1245,Profit,3197.651,1958.4432,5992.2795,3354.2884,5843.7348,-402.6256,-285.6469,0.0035,0.0
2010-12-23,117525.445,22967.2316,21931.7811,20728.8456,18043.985,14534.1349,9579.7291,9739.7377,17525.445,Profit,2967.2316,1931.7811,5728.8456,3043.985,4534.1349,-420.2709,-260.2623,-0.0178,-1.7823
2010-12-27,115314.7611,23041.6315,21747.6733,20840.2707,17999.5145,12341.193,9572.917,9771.5611,15314.7611,Profit,3041.6315,1747.6733,5840.2707,2999.5145,2341.193,-427.083,-228.4389,-0.0188,-3.6298
2010-12-28,115605.5449,23097.4109,21705.73,20757.3623,17895.7524,12756.6351,9614.0021,9778.6521,15605.5449,Profit,3097.4109,1705.73,5757.3623,2895.7524,2756.6351,-385.9979,-221.3479,0.0025,-3.3868
2010-12-29,115501.0682,22875.3913,21476.0465,20568.1918,17955.9229,13272.1625,9605.7883,9747.5649,15501.0682,Profit,2875.3913,1476.0465,5568.1918,2955.9229,3272.1625,-394.2117,-252.4351,-0.0009,-3.4741
2010-12-30,114839.4451,22776.1765,21398.3584,20649.4793,17905.9449,12691.0647,9630.1538,9788.2675,14839.4451,Profit,2776.1765,1398.3584,5649.4793,2905.9449,2691.0647,-369.8462,-211.7325,-0.0057,-4.027
2010-12-31,114508.6634,22555.0345,21311.153,21088.8759,17525.4879,12672.9998,9610.3169,9744.7955,14508.6634,Profit,2555.0345,1311.153,6088.8759,2525.4879,2672.9998,-389.6831,-255.2045,-0.0029,-4.3035
2011-01-03,116208.4854,23042.8399,21359.1328,21661.1301,17936.364,12668.2916,9690.4654,9850.2616,16208.4854,Profit,3042.8399,1359.1328,6661.1301,2936.364,2668.2916,-309.5346,-149.7384,0.0148,-2.8829
2011-01-04,116678.1346,23257.1869,21527.516,21676.439,18085.7244,12743.1062,9632.7822,9755.3799,16678.1346,Profit,3257.1869,1527.516,6676.439,3085.7244,2743.1062,-367.2178,-244.6201,0.004,-2.4904
2011-01-05,118342.6641,23358.3656,21379.7593,23245.3953,18249.7628,12769.5109,9597.7989,9742.0713,18342.6641,Profit,3358.3656,1379.7593,8245.3953,3249.7628,2769.5109,-402.2011,-257.9287,0.0143,-1.0993
2011-01-06,122481.195,23356.3524,22021.4325,26486.8083,18110.595,13278.586,9512.3153,9715.1055,22481.195,Profit,3356.3524,2021.4325,11486.8083,3110.595,3278.586,-487.6847,-284.8945,0.035,0.0
2011-01-07,123316.2357,23477.0127,21806.6305,27176.311,18038.225,13423.019,9603.1509,9791.8866,23316.2357,Profit,3477.0127,1806.6305,12176.311,3038.225,3423.019,-396.8491,-208.1134,0.0068,0.0
2011-01-10,124268.4193,23894.0104,21499.8012,28181.478,17943.1852,13510.5874,9529.1216,9710.2356,24268.4193,Profit,3894.0104,1499.8012,13181.478,2943.1852,3510.5874,-470.8784,-289.7644,0.0077,0.0
2011-01-11,122934.5149,23786.675,21364.8078,27685.6484,17870.4511,12774.578,9702.925,9749.4297,22934.5149,Profit,3786.675,1364.8078,12685.6484,2870.4511,2774.578,-297.075,-250.5703,-0.0107,-1.0734
2011-01-12,127263.6939,23888.337,21614.7453,31704.5755,17774.9688,12724.2662,9771.8063,9784.9949,27263.6939,Profit,3888.337,1614.7453,16704.5755,2774.9688,2724.2662,-228.1937,-215.0051,0.0352,0.0
2011-01-13,126905.5482,23981.8384,21352.5729,31773.4957,17922.246,12380.0501,9747.2606,9748.0845,26905.5482,Profit,3981.8384,1352.5729,16773.4957,2922.246,2380.0501,-252.7394,-251.9155,-0.0028,-0.2814
2011-01-14,128412.1425,24258.72,21516.8262,32162.0426,18299.8171,12202.5162,9941.4856,10030.7347,28412.1425,Profit,4258.72,1516.8262,17162.0426,3299.8171,2202.5162,-58.5144,30.7347,0.0119,0.0
2011-01-18,127717.7886,23735.1964,21802.172,31431.4159,18555.3047,12158.9293,9967.7996,10066.9707,27717.7886,Profit,3735.1964,1802.172,16431.4159,3555.3047,2158.9293,-32.2004,66.9707,-0.0054,-0.5407
2011-01-19,125622.4143,23676.3245,21721.1181,30665.2485,18181.5729,11427.6569,9944.0724,10006.4211,25622.4143,Profit,3676.3245,1721.1181,15665.2485,3181.5729,1427.6569,-55.9276,6.4211,-0.0164,-2.1725
2011-01-20,124716.1761,23393.7741,21764.4206,30880.5342,17814.2902,10824.2237,10006.1039,10032.8293,24716.1761,Profit,3393.7741,1764.4206,15880.5342,2814.2902,824.2237,6.1039,32.8293,-0.0072,-2.8782
2011-01-21,122796.914,22841.224,21390.0616,30418.3243,17272.5534,10963.4676,9953.6105,9957.6725,22796.914,Profit,2841.224,1390.0616,15418.3243,2272.5534,963.4676,-46.3895,-42.3275,-0.0154,-4.3728
2011-01-24,127702.9987,23565.8168,21637.8618,33813.5471,17198.0162,11640.5741,9838.8176,10008.365,27702.9987,Profit,3565.8168,1637.8618,18813.5471,2198.0162,1640.5741,-161.1824,8.365,0.04,-0.5522
2011-01-25,127626.403,23970.1068,21807.2777,32945.5602,17273.3777,11792.2488,9857.3191,9980.5127,27626.403,Profit,3970.1068,1807.2777,17945.5602,2273.3777,1792.2488,-142.6809,-19.4873,-0.0006,-0.6119
2011-01-26,128199.2673,24062.306,21988.4032,33617.7127,17088.6586,11786.6363,9764.5381,9891.0125,28199.2673,Profit,4062.306,1988.4032,18617.7127,2088.6586,1786.6363,-235.4619,-108.9875,0.0045,-0.1658
2011-01-27,129133.577,23990.1421,22028.1172,33481.7333,17949.7283,11853.2618,9867.4624,9963.1319,29133.577,Profit,3990.1421,2028.1172,18481.7333,2949.7283,1853.2618,-132.5376,-36.8681,0.0073,0.0
2011-01-28,125404.8116,23607.0138,21280.311,32669.3389,16736.559,11476.7557,9831.2027,9803.6304,25404.8116,Profit,3607.0138,1280.311,17669.3389,1736.559,1476.7557,-168.7973,-196.3696,-0.0289,-2.8875
2011-01-31,126263.6625,23906.7299,21331.9603,32998.211,16643.0072,11556.6805,9931.0167,9896.0571,26263.6625,Profit,3906.7299,1331.9603,17998.211,1643.0072,1556.6805,-68.9833,-103.9429,0.0068,-2.2224
2011-02-01,126947.5903,24072.5665,21316.4125,33417.736,16716.8513,11351.1413,10035.0854,10037.7973,26947.5903,Profit,4072.5665,1316.4125,18417.736,1716.8513,1351.1413,35.0854,37.7973,0.0054,-1.6928
2011-02-02,128037.8217,23925.0735,21193.2405,34798.9026,16788.5243,11320.7102,9965.8984,10045.4722,28037.8217,Profit,3925.0735,1193.2405,19798.9026,1788.5243,1320.7102,-34.1016,45.4722,0.0086,-0.8485
2011-02-03,127432.6474,23909.6417,21012.111,34197.4713,16836.5483,11194.4426,10066.4601,10215.9724,27432.6474,Profit,3909.6417,1012.111,19197.4713,1836.5483,1194.4426,66.4601,215.9724,-0.0047,-1.3172
2011-02-04,128885.8813,24118.9536,21105.3619,34984.4109,17051.7179,11113.9293,10157.2818,10354.2259,28885.8813,Profit,4118.9536,1105.3619,19984.4109,2051.7179,1113.9293,157.2818,354.2259,0.0114,-0.1918
2011-02-07,127652.737,24455.8685,21399.3222,33477.3508,17074.2723,10912.6175,10045.968,10287.3377,27652.737,Profit,4455.8685,1399.3222,18477.3508,2074.2723,912.6175,45.968,287.3377,-0.0096,-1.1468
2011-02-08,128449.647,24735.9106,21503.8572,32549.0286,17751.7409,11607.7674,10039.9714,10261.371,28449.647,Profit,4735.9106,1503.8572,17549.0286,2751.7409,1607.7674,39.9714,261.371,0.0062,-0.5296
2011-02-09,127748.6284,25048.8085,21353.8293,31891.9449,18043.3311,11046.5574,10087.9683,10276.1889,27748.6284,Profit,5048.8085,1353.8293,16891.9449,3043.3311,1046.5574,87.9683,276.1889,-0.0055,-1.0725
2011-02-10,126768.6897,24814.5879,21012.5684,31267.7003,18146.5234,11055.4428,10137.4967,10334.3701,26768.6897,Profit,4814.5879,1012.5684,16267.7003,3146.5234,1055.4428,137.4967,334.3701,-0.0077,-1.8313
2011-02-11,127490.9485,24846.6905,20712.9052,31992.5637,18346.4413,11016.6718,10175.4434,10400.2325,27490.9485,Profit,4846.6905,712.9052,16992.5637,3346.4413,1016.6718,175.4434,400.2325,0.0057,-1.272
2011-02-14,127065.4545,24958.7796,20659.8557,31446.5448,18426.3118,10916.2635,10205.9333,10451.7658,27065.4545,Profit,4958.7796,659.8557,16446.5448,3426.3118,916.2635,205.9333,451.7658,-0.0033,-1.6015
2011-02-15,126106.4155,25016.0255,20582.667,30692.6845,18295.506,10804.9387,10267.2397,10447.3542,26106.4155,Profit,5016.0255,582.667,15692.6845,3295.506,804.9387,267.2397,447.3542,-0.0075,-2.3442
2011-02-16,128077.5459,25157.2725,20560.4414,31717.0027,18003.7904,11661.1726,10361.3703,10616.496,28077.5459,Profit,5157.2725,560.4414,16717.0027,3003.7904,1661.1726,361.3703,616.496,0.0156,-0.8178
2011-02-17,130960.4146,24786.0753,20670.8272,34780.1116,18084.3617,11661.1726,10361.3703,10616.496,30960.4146,Profit,4786.0753,670.8272,19780.1116,3084.3617,1661.1726,361.3703,616.496,0.0225,0.0
2011-02-18,129337.0677,24225.0783,20537.6395,34679.4928,17946.5723,10902.5121,10501.0056,10544.7672,29337.0677,Profit,4225.0783,537.6395,19679.4928,2946.5723,902.5121,501.0056,544.7672,-0.0124,-1.2396
2011-02-22,123747.3646,23470.2506,20240.689,31502.1973,17412.7237,10316.7347,10381.287,10423.4823,23747.3646,Profit,3470.2506,240.689,16502.1973,2412.7237,316.7347,381.287,423.4823,-0.0432,-5.5078
2011-02-23,122804.4494,23905.5755,20374.1353,30205.44,17164.1904,10365.7331,10393.7954,10395.5797,22804.4494,Profit,3905.5755,374.1353,15205.44,2164.1904,365.7331,393.7954,395.5797,-0.0076,-6.2278
2011-02-24,123378.9147,23726.522,20342.9148,30682.7187,17125.4563,10609.749,10442.4005,10449.1534,23378.9147,Profit,3726.522,342.9148,15682.7187,2125.4563,609.749,442.4005,449.1534,0.0047,-5.7892
2011-02-25,124600.3921,24005.7734,20110.1171,31217.7512,17019.0629,11081.0652,10476.5331,10690.0892,24600.3921,Profit,4005.7734,110.1171,16217.7512,2019.0629,1081.0652,476.5331,690.0892,0.0099,-4.8564
2011-02-28,123477.6798,24184.3107,19988.5881,30375.039,16521.0273,11132.4823,10526.8102,10749.4222,23477.6798,Profit,4184.3107,-11.4119,15375.039,1521.0273,1132.4823,526.8102,749.4222,-0.009,-5.7137
2011-03-01,120926.84,23924.7192,19677.524,29036.6774,16160.6128,11160.344,10432.7799,10534.1827,20926.84,Profit,3924.7192,-322.476,14036.6774,1160.6128,1160.344,432.7799,534.1827,-0.0207,-7.6615
2011-03-02,120209.3328,24095.6099,19598.3906,27799.595,16391.5273,11187.2726,10526.5668,10610.3707,20209.3328,Profit,4095.6099,-401.6094,12799.595,1391.5273,1187.2726,526.5668,610.3707,-0.0059,-8.2094
2011-03-03,122373.5098,24637.0994,19716.8524,28003.354,16486.8902,11360.8017,11100.8934,11067.6187,22373.5098,Profit,4637.0994,-283.1476,13003.354,1486.8902,1360.8017,1100.8934,1067.6187,0.018,-6.5569
2011-03-04,121746.8777,24582.8615,19464.401,27742.5016,16324.567,11596.5423,10996.2383,11039.7659,21746.8777,Profit,4582.8615,-535.599,12742.5016,1324.567,1596.5423,996.2383,1039.7659,-0.0051,-7.0354
2011-03-07,120800.292,24329.6568,19338.4933,27434.4617,16118.0002,11620.5786,11013.0802,10946.0212,20800.292,Profit,4329.6568,-661.5067,12434.4617,1118.0002,1620.5786,1013.0802,946.0212,-0.0078,-7.7582
2011-03-08,119367.7389,24291.8104,19430.0933,26137.8845,15868.3901,11460.5928,11155.6277,11023.3401,19367.7389,Profit,4291.8104,-569.9067,11137.8845,868.3901,1460.5928,1155.6277,1023.3401,-0.0119,-8.852
2011-03-09,118573.2885,24001.3365,19363.0211,25521.6847,16029.0884,11456.5449,11208.9154,10992.6976,18573.2885,Profit,4001.3365,-636.9789,10521.6847,1029.0884,1456.5449,1208.9154,992.6976,-0.0067,-9.4587
2011-03-10,115694.2107,23716.0198,19088.2252,24000.5763,15826.3532,11179.2127,10951.7233,10932.1003,15694.2107,Profit,3716.0198,-911.7748,9000.5763,826.3532,1179.2127,951.7233,932.1003,-0.0243,-11.6571
2011-03-11,116878.6132,24088.9862,19303.2308,24184.2236,16015.1387,11210.6055,11048.2018,11028.2265,16878.6132,Profit,4088.9862,-696.7692,9184.2236,1015.1387,1210.6055,1048.2018,1028.2265,0.0102,-10.7527
2011-03-14,117016.8265,24258.9336,19358.3628,24449.2784,15928.2553,10856.4778,11107.3575,11058.1611,17016.8265,Profit,4258.9336,-641.6372,9449.2784,928.2553,856.4778,1107.3575,1058.1611,0.0012,-10.6472
2011-03-15,115685.1069,23874.266,19269.2668,23895.8152,15885.3627,10794.3596,10988.3113,10977.7253,15685.1069,Profit,3874.266,-730.7332,8895.8152,885.3627,794.3596,988.3113,977.7253,-0.0114,-11.6641
2011-03-16,114528.1425,23009.6885,18981.8435,23932.6166,15990.6774,10829.2765,10904.068,10879.9721,14528.1425,Profit,3009.6885,-1018.1565,8932.6166,990.6774,829.2765,904.068,879.9721,-0.01,-12.5475
2011-03-17,114842.6299,23258.6956,18911.1827,24300.9317,15576.5317,10788.5605,11068.7611,10937.9667,14842.6299,Profit,3258.6956,-1088.8173,9300.9317,576.5317,788.5605,1068.7611,937.9667,0.0027,-12.3074
2011-03-18,113877.9188,22883.6246,18847.0987,23873.7823,15593.8351,10814.47,10945.6004,10919.5077,13877.9188,Profit,2883.6246,-1152.9013,8873.7823,593.8351,814.47,945.6004,919.5077,-0.0084,-13.044
2011-03-21,114788.2884,23312.849,19116.3455,23894.5544,15742.242,10629.9599,11045.1375,11047.2001,14788.2884,Profit,3312.849,-883.6545,8894.5544,742.242,629.9599,1045.1375,1047.2001,0.008,-12.3489
2011-03-22,114047.317,23433.3028,19081.7811,23462.9624,15548.0293,10371.0514,11030.0001,11120.1899,14047.317,Profit,3433.3028,-918.2189,8462.9624,548.0293,371.0514,1030.0001,1120.1899,-0.0065,-12.9147
2011-03-23,115536.8494,23418.0399,19367.3697,24077.121,15893.8931,10436.7654,11088.6642,11254.9961,15536.8494,Profit,3418.0399,-632.6303,9077.121,893.8931,436.7654,1088.6642,1254.9961,0.0131,-11.7773
2011-03-24,117849.3719,23645.8362,19426.9901,25799.647,16327.3119,10415.1622,11000.5152,11233.9094,17849.3719,Profit,3645.8362,-573.0099,10799.647,1327.3119,415.1622,1000.5152,1233.9094,0.02,-10.0115
2011-03-25,117672.9127,24165.7559,19344.6837,25074.2434,16366.0734,10643.7113,10978.109,11100.3362,17672.9127,Profit,4165.7559,-655.3163,10074.2434,1366.0734,643.7113,978.109,1100.3362,-0.0015,-10.1462
2011-03-28,118181.7017,24038.4813,19141.1888,25950.6352,16176.8943,10855.3654,10942.6614,11076.4754,18181.7017,Profit,4038.4813,-858.8112,10950.6352,1176.8943,855.3654,942.6614,1076.4754,0.0043,-9.7577
2011-03-29,119147.3613,24083.8899,19212.0983,25759.6036,16685.4318,11171.6408,11031.8582,11202.8387,19147.3613,Profit,4083.8899,-787.9017,10759.6036,1685.4318,1171.6408,1031.8582,1202.8387,0.0082,-9.0203
2011-03-30,118251.2167,23804.5048,19208.5587,24665.5247,17061.5345,11020.246,11098.8644,11391.9836,18251.2167,Profit,3804.5048,-791.4413,9665.5247,2061.5345,1020.246,1098.8644,1391.9836,-0.0075,-9.7046
2011-03-31,120051.1831,23807.4659,19049.7187,24689.0584,17136.1051,12903.2929,11113.1541,11352.3879,20051.1831,Profit,3807.4659,-950.2813,9689.0584,2136.1051,2903.2929,1113.1541,1352.3879,0.0152,-8.3302
2011-04-01,118265.671,23328.2574,18943.6346,24123.5882,16979.1678,12282.9074,11190.119,11417.9965,18265.671,Profit,3328.2574,-1056.3654,9123.5882,1979.1678,2282.9074,1190.119,1417.9965,-0.0149,-9.6936
2011-04-04,117615.1327,23217.5221,19093.9142,23382.6355,17333.5815,11962.3257,11183.9908,11441.163,17615.1327,Profit,3217.5221,-906.0858,8382.6355,2333.5815,1962.3257,1183.9908,1441.163,-0.0055,-10.1903
2011-04-05,117684.0007,22959.0499,19178.279,23317.4974,17478.249,12310.3026,11121.7644,11318.8584,17684.0007,Profit,2959.0499,-821.721,8317.4974,2478.249,2310.3026,1121.7644,1318.8584,0.0006,-10.1377
2011-04-06,116929.9812,22785.292,19356.9126,23044.3979,17153.7198,12152.6422,11103.4211,11333.5955,16929.9812,Profit,2785.292,-643.0874,8044.3979,2153.7198,2152.6422,1103.4211,1333.5955,-0.0064,-10.7135
2011-04-07,118337.5025,22799.424,19405.3309,23900.0176,17364.5684,12503.2315,11126.7817,11238.1484,18337.5025,Profit,2799.424,-594.6691,8900.0176,2364.5684,2503.2315,1126.7817,1238.1484,0.012,-9.6387
2011-04-08,116740.36,22534.5955,19253.643,23109.656,17296.9659,12124.7589,11150.7942,11269.9465,16740.36,Profit,2534.5955,-746.357,8109.656,2296.9659,2124.7589,1150.7942,1269.9465,-0.0135,-10.8583
2011-04-11,115151.1555,22203.9406,19150.1807,22761.5127,17199.9936,11543.3956,11094.8244,11197.3079,15151.1555,Profit,2203.9406,-849.8193,7761.5127,2199.9936,1543.3956,1094.8244,1197.3079,-0.0136,-12.0718
2011-04-12,114911.4171,22494.0204,19053.0456,23011.0184,17005.0917,11352.1317,11022.75,10973.3593,14911.4171,Profit,2494.0204,-946.9544,8011.0184,2005.0917,1352.1317,1022.75,973.3593,-0.0021,-12.2548
2011-04-13,116392.7752,22782.2019,19078.1167,23566.9431,17202.3998,11498.9977,11175.0235,11089.0925,16392.7752,Profit,2782.2019,-921.8833,8566.9431,2202.3998,1498.9977,1175.0235,1089.0925,0.0129,-11.1237
2011-04-14,116794.6614,22496.3573,18889.854,24523.4817,17133.1292,11579.0229,11138.9307,11033.8856,16794.6614,Profit,2496.3573,-1110.146,9523.4817,2133.1292,1579.0229,1138.9307,1033.8856,0.0035,-10.8168
2011-04-15,116471.5841,22136.4248,18833.5045,24762.2411,16943.1865,11768.191,11104.3622,10923.6739,16471.5841,Profit,2136.4248,-1166.4955,9762.2411,1943.1865,1768.191,1104.3622,923.6739,-0.0028,-11.0635
2011-04-18,115973.1719,22610.2695,18766.1396,24131.5128,16918.6821,11606.2243,11078.8914,10861.4521,15973.1719,Profit,2610.2695,-1233.8604,9131.5128,1918.6821,1606.2243,1078.8914,861.4521,-0.0043,-11.4441
2011-04-19,115175.5239,22731.4178,18586.6282,23741.405,16754.1562,11522.0005,11046.7422,10793.174,15175.5239,Profit,2731.4178,-1413.3718,8741.405,1754.1562,1522.0005,1046.7422,793.174,-0.0069,-12.0532
2011-04-20,117081.3547,22926.6095,18943.288,24344.217,17142.7069,11734.3292,11059.3736,10930.8305,17081.3547,Profit,2926.6095,-1056.712,9344.217,2142.7069,1734.3292,1059.3736,930.8305,0.0165,-10.5979
2011-04-21,118150.5453,23469.3684,18759.9303,24263.4699,17321.9402,12179.0756,11137.0142,11019.7468,18150.5453,Profit,3469.3684,-1240.0697,9263.4699,2321.9402,2179.0756,1137.0142,1019.7468,0.0091,-9.7815
2011-04-25,118678.3994,23679.1964,18866.4668,24706.7688,17318.0754,12047.3965,11093.1977,10967.2979,18678.3994,Profit,3679.1964,-1133.5332,9706.7688,2318.0754,2047.3965,1093.1977,967.2979,0.0045,-9.3784
2011-04-26,119228.0067,23418.1455,19222.914,25256.3897,16965.9935,12250.1007,11124.3777,10990.0856,19228.0067,Profit,3418.1455,-777.086,10256.3897,1965.9935,2250.1007,1124.3777,990.0856,0.0046,-8.9587
2011-04-27,121184.2805,23503.9017,19451.5628,25367.9949,18380.4786,12372.7581,11149.2732,10958.3112,21184.2805,Profit,3503.9017,-548.4372,10367.9949,3380.4786,2372.7581,1149.2732,958.3112,0.0164,-7.465
2011-04-28,121044.1644,23186.5388,19614.3929,25540.6557,18162.0903,12587.4841,11104.9048,10848.0979,21044.1644,Profit,3186.5388,-385.6071,10540.6557,3162.0903,2587.4841,1104.9048,848.0979,-0.0012,-7.5719
2011-04-29,121188.8234,23348.8324,18985.1873,26115.0112,18183.0667,12527.1673,11110.1498,10919.4087,21188.8234,Profit,3348.8324,-1014.8127,11115.0112,3183.0667,2527.1673,1110.1498,919.4087,0.0012,-7.4615
2011-05-02,120906.9308,23109.4852,18807.4946,25781.5164,18694.4744,12466.9654,11093.9297,10953.0651,20906.9308,Profit,3109.4852,-1192.5054,10781.5164,3694.4744,2466.9654,1093.9297,953.0651,-0.0023,-7.6767
2011-05-03,119124.325,23227.0835,18911.8688,24546.175,18435.9894,12200.9515,10942.3322,10859.9246,19124.325,Profit,3227.0835,-1088.1312,9546.175,3435.9894,2200.9515,942.3322,859.9246,-0.0147,-9.0379
2011-05-04,120037.3106,23539.9696,19275.1235,24593.4826,18753.3783,12234.153,10835.4886,10805.715,20037.3106,Profit,3539.9696,-724.8765,9593.4826,3753.3783,2234.153,835.4886,805.715,0.0077,-8.3408
2011-05-05,120201.8724,23571.7225,19252.5534,24835.2438,18656.8955,12232.2009,10826.8943,10826.362,20201.8724,Profit,3571.7225,-747.4466,9835.2438,3656.8955,2232.2009,826.8943,826.362,0.0014,-8.2151
2011-05-06,120942.605,23435.926,19208.0843,25575.6562,18602.6885,12479.2957,10818.6133,10822.341,20942.605,Profit,3435.926,-791.9157,10575.6562,3602.6885,2479.2957,818.6133,822.341,0.0062,-7.6495
2011-05-09,122960.8095,23608.4356,19267.5978,26267.2,18990.4366,12901.592,10974.4262,10951.1212,22960.8095,Profit,3608.4356,-732.4022,11267.2,3990.4366,2901.592,974.4262,951.1212,0.0167,-6.1084
2011-05-10,122978.2944,23607.1475,19046.1002,26170.0633,19185.5812,13026.6107,10930.4175,11012.374,22978.2944,Profit,3607.1475,-953.8998,11170.0633,4185.5812,3026.6107,930.4175,1012.374,0.0001,-6.0951
2011-05-11,121664.623,23388.8539,18759.5817,26213.3486,19170.9541,12410.9764,10827.5899,10893.3183,21664.623,Profit,3388.8539,-1240.4183,11213.3486,4170.9541,2410.9764,827.5899,893.3183,-0.0107,-7.0982
2011-05-12,123727.8838,23531.3093,18884.8382,27249.6738,19482.7886,12786.6786,10900.0861,10892.5093,23727.8838,Profit,3531.3093,-1115.1618,12249.6738,4482.7886,2786.6786,900.0861,892.5093,0.017,-5.5227
2011-05-13,120232.6417,23242.7851,18766.7659,24405.4528,19252.0659,12798.4563,10894.3226,10872.7931,20232.6417,Profit,3242.7851,-1233.2341,9405.4528,4252.0659,2798.4563,894.3226,872.7931,-0.0282,-8.1916
2011-05-16,117196.7048,22736.8003,18405.9032,23640.6661,18285.5699,12349.4467,10901.0359,10877.2826,17196.7048,Profit,2736.8003,-1594.0968,8640.6661,3285.5699,2349.4467,901.0359,877.2826,-0.0253,-10.5098
2011-05-17,118411.5224,23096.5217,18626.1464,23715.1096,18637.5284,12139.3142,11068.208,11128.6941,18411.5224,Profit,3096.5217,-1373.8536,8715.1096,3637.5284,2139.3142,1068.208,1128.6941,0.0104,-9.5822
2011-05-18,119298.2116,23228.6203,18655.1536,24142.9195,18759.1872,12258.6415,11136.3876,11117.302,19298.2116,Profit,3228.6203,-1344.8464,9142.9195,3759.1872,2258.6415,1136.3876,1117.302,0.0075,-8.9051
2011-05-19,119907.7245,23225.9079,18630.1894,23744.0465,18880.0824,13089.5974,11166.1599,11171.7409,19907.7245,Profit,3225.9079,-1369.8106,8744.0465,3880.0824,3089.5974,1166.1599,1171.7409,0.0051,-8.4397
2011-05-20,120037.4516,22944.1295,18530.3876,24241.0768,18931.0061,13028.3619,11170.5431,11191.9467,20037.4516,Profit,2944.1295,-1469.6124,9241.0768,3931.0061,3028.3619,1170.5431,1191.9467,0.0011,-8.3407
2011-05-23,118755.2535,22889.9949,18285.9512,24214.7214,18699.4297,12492.6739,11014.8488,11157.6335,18755.2535,Profit,2889.9949,-1714.0488,9214.7214,3699.4297,2492.6739,1014.8488,1157.6335,-0.0107,-9.3197
2011-05-24,118781.7238,22826.7377,18343.1986,24404.7324,18492.0877,12495.9324,11073.4036,11145.6316,18781.7238,Profit,2826.7377,-1656.8014,9404.7324,3492.0877,2495.9324,1073.4036,1145.6316,0.0002,-9.2995
2011-05-25,120432.8355,23120.2314,18356.7369,24676.6912,18378.5109,13540.3941,11100.6548,11259.6164,20432.8355,Profit,3120.2314,-1643.2631,9676.6912,3378.5109,3540.3941,1100.6548,1259.6164,0.0139,-8.0387
2011-05-26,122063.9232,23104.9591,18804.0918,25412.5409,18724.4256,13836.0495,11001.6259,11180.2304,22063.9232,Profit,3104.9591,-1195.9082,10412.5409,3724.4256,3836.0495,1001.6259,1180.2304,0.0135,-6.7933
2011-05-27,122365.467,23176.8508,18802.6796,26226.6163,18568.6709,13815.1999,10672.1035,11103.346,22365.467,Profit,3176.8508,-1197.3204,11226.6163,3568.6709,3815.1999,672.1035,1103.346,0.0025,-6.563
2011-05-31,123517.6086,23692.1458,18831.1594,26724.4271,18653.7257,13971.3172,10557.138,11087.6953,23517.6086,Profit,3692.1458,-1168.8406,11724.4271,3653.7257,3971.3172,557.138,1087.6953,0.0094,-5.6832
2011-06-01,120063.0418,23596.8659,18443.7475,25595.4678,18295.8388,13255.8488,10171.5715,10703.7016,20063.0418,Profit,3596.8659,-1556.2525,10595.4678,3295.8388,3255.8488,171.5715,703.7016,-0.028,-8.3211
2011-06-02,121062.2162,23830.8189,18436.1728,25678.6763,18564.4635,13476.1083,10300.2263,10775.7499,21062.2162,Profit,3830.8189,-1563.8272,10678.6763,3564.4635,3476.1083,300.2263,775.7499,0.0083,-7.5582
2011-06-03,119763.9963,23593.2947,18156.438,24821.1956,18011.0971,14084.9459,10260.7598,10836.2652,19763.9963,Profit,3593.2947,-1843.562,9821.1956,3011.0971,4084.9459,260.7598,836.2652,-0.0107,-8.5495
2011-06-06,117817.7039,23253.4516,18260.0542,24339.114,17786.8275,13437.0072,10103.2765,10637.9729,17817.7039,Profit,3253.4516,-1739.9458,9339.114,2786.8275,3437.0072,103.2765,637.9729,-0.0163,-10.0356
2011-06-07,116970.6696,22747.6216,18221.323,24226.1881,17891.5548,13228.2096,10097.6142,10558.1582,16970.6696,Profit,2747.6216,-1778.677,9226.1881,2891.5548,3228.2096,97.6142,558.1582,-0.0072,-10.6824
2011-06-08,116024.4491,22842.8148,18198.0737,23651.2924,18003.6827,12690.8063,10086.2698,10551.5095,16024.4491,Profit,2842.8148,-1801.9263,8651.2924,3003.6827,2690.8063,86.2698,551.5095,-0.0081,-11.4049
2011-06-09,115766.4787,22679.2354,18123.7274,23266.8278,18070.6098,12861.321,10182.3866,10582.3707,15766.4787,Profit,2679.2354,-1876.2726,8266.8278,3070.6098,2861.321,182.3866,582.3707,-0.0022,-11.6019
2011-06-10,114840.7109,22378.5009,17990.7715,23016.1214,17836.2475,13021.07,10101.5546,10496.4451,14840.7109,Profit,2378.5009,-2009.2285,8016.1214,2836.2475,3021.07,101.5546,496.4451,-0.008,-12.3088
2011-06-13,115402.5604,22453.1707,18271.3213,22880.9825,17833.3597,13302.4357,10097.081,10564.2096,15402.5604,Profit,2453.1707,-1728.6787,7880.9825,2833.3597,3302.4357,97.081,564.2096,0.0049,-11.8798
2011-06-14,115642.9384,22638.8315,18234.7354,22850.1845,18011.7451,13254.7651,10105.0789,10547.598,15642.9384,Profit,2638.8315,-1765.2646,7850.1845,3011.7451,3254.7651,105.0789,547.598,0.0021,-11.6963
2011-06-15,114082.3415,22464.5082,18044.2285,22575.4641,17805.5034,12784.3748,9984.4198,10423.8429,14082.3415,Profit,2464.5082,-1955.7715,7575.4641,2805.5034,2784.3748,-15.5802,423.8429,-0.0135,-12.8879
2011-06-16,113497.1217,22500.4423,18359.4415,21936.691,17695.6935,12480.5804,10022.2872,10501.9857,13497.1217,Profit,2500.4423,-1640.5585,6936.691,2695.6935,2480.5804,22.2872,501.9857,-0.0051,-13.3348
2011-06-17,112676.2434,22059.2187,18470.5135,21308.9644,17873.8558,12422.2589,10122.6021,10418.8299,12676.2434,Profit,2059.2187,-1529.4865,6308.9644,2873.8558,2422.2589,122.6021,418.8299,-0.0072,-13.9616
2011-06-20,112111.5177,21696.5175,18609.1434,21040.6677,17981.2771,12177.6043,10130.1005,10476.2072,12111.5177,Profit,1696.5175,-1390.8566,6040.6677,2981.2771,2177.6043,130.1005,476.2072,-0.005,-14.3928
2011-06-21,114458.5737,22237.3595,18712.2362,21362.5757,18488.8729,12808.8776,10194.375,10654.2768,14458.5737,Profit,2237.3595,-1287.7638,6362.5757,3488.8729,2808.8776,194.375,654.2768,0.0209,-12.6006
2011-06-22,113382.5459,22058.3646,18627.8813,21071.3457,18245.1285,12662.6144,10143.3813,10573.83,13382.5459,Profit,2058.3646,-1372.1187,6071.3457,3245.1285,2662.6144,143.3813,573.83,-0.0094,-13.4223
2011-06-23,115543.372,22817.1154,18755.0713,21866.1498,18624.7593,12992.0671,10024.6279,10463.5811,15543.372,Profit,2817.1154,-1244.9287,6866.1498,3624.7593,2992.0671,24.6279,463.5811,0.0191,-11.7723
2011-06-24,114534.9614,22595.7786,18601.0124,21337.8413,18564.5672,12992.4044,10011.2769,10432.0805,14534.9614,Profit,2595.7786,-1398.9876,6337.8413,3564.5672,2992.4044,11.2769,432.0805,-0.0087,-12.5423
2011-06-27,116218.7802,23018.4004,19312.5034,20922.2786,19427.0114,12956.3608,10021.3952,10560.8304,16218.7802,Profit,3018.4004,-687.4966,5922.2786,4427.0114,2956.3608,21.3952,560.8304,0.0147,-11.2566
2011-06-28,117236.9899,23149.1241,19694.0056,20950.4951,19453.9631,13209.2189,10120.1515,10660.0315,17236.9899,Profit,3149.1241,-305.9944,5950.4951,4453.9631,3209.2189,120.1515,660.0315,0.0088,-10.4791
2011-06-29,116605.2934,22792.1316,19324.2349,21025.8391,19398.0411,13136.7871,10180.1863,10748.0733,16605.2934,Profit,2792.1316,-675.7651,6025.8391,4398.0411,3136.7871,180.1863,748.0733,-0.0054,-10.9614
2011-06-30,117247.2146,22756.0332,19480.1815,21157.4359,19303.3811,13440.4379,10230.9703,10878.7746,17247.2146,Profit,2756.0332,-519.8185,6157.4359,4303.3811,3440.4379,230.9703,878.7746,0.0055,-10.4713
2011-07-01,118730.1358,23273.257,19497.9026,21426.1529,19775.3695,13389.7027,10333.1078,11034.6434,18730.1358,Profit,3273.257,-502.0974,6426.1529,4775.3695,3389.7027,333.1078,1034.6434,0.0126,-9.3389
2011-07-05,118522.2678,23599.9794,19435.6744,21002.9057,20051.5985,13396.2697,10194.9652,10840.8749,18522.2678,Profit,3599.9794,-564.3256,6002.9057,5051.5985,3396.2697,194.9652,840.8749,-0.0018,-9.4976
2011-07-06,119126.582,23880.3055,19759.0434,20831.9859,20248.3936,13381.4202,10198.4922,10826.9413,19126.582,Profit,3880.3055,-240.9566,5831.9859,5248.3936,3381.4202,198.4922,826.9413,0.0051,-9.0362
2011-07-07,119693.7888,24073.8265,19946.6658,20740.9727,20338.8149,13636.1875,10150.3959,10806.9256,19693.7888,Profit,4073.8265,-53.3342,5740.9727,5338.8149,3636.1875,150.3959,806.9256,0.0048,-8.6031
2011-07-08,119757.3153,24344.8493,20140.0532,20449.9828,20570.9374,13270.7558,10175.0464,10805.6904,19757.3153,Profit,4344.8493,140.0532,5449.9828,5570.9374,3270.7558,175.0464,805.6904,0.0005,-8.5546
2011-07-11,117776.194,24056.1046,20005.68,19807.4275,20112.0842,13111.746,10020.3565,10662.7951,17776.194,Profit,4056.1046,5.68,4807.4275,5112.0842,3111.746,20.3565,662.7951,-0.0165,-10.0673
2011-07-12,117198.3883,24045.8816,19939.1371,19556.481,19991.3163,13031.1897,9971.345,10663.0375,17198.3883,Profit,4045.8816,-60.8629,4556.481,4991.3163,3031.1897,-28.655,663.0375,-0.0049,-10.5085
2011-07-13,117038.9084,24118.6391,19831.8265,19338.7939,20026.4146,13130.7368,9909.203,10683.2945,17038.9084,Profit,4118.6391,-168.1735,4338.7939,5026.4146,3130.7368,-90.797,683.2945,-0.0014,-10.6303
2011-07-14,115307.3554,24108.4232,19716.4559,18574.3674,19739.9363,12662.514,9904.3939,10601.2647,15307.3554,Profit,4108.4232,-283.5441,3574.3674,4739.9363,2662.514,-95.6061,601.2647,-0.0148,-11.9525
2011-07-15,115749.4523,24466.4575,19849.1971,18505.207,19871.4646,12584.0964,9858.8169,10614.2128,15749.4523,Profit,4466.4575,-150.8029,3505.207,4871.4646,2584.0964,-141.1831,614.2128,0.0038,-11.6149
2011-07-18,116092.1391,25266.7619,19869.9725,18249.7579,19909.9618,12527.2821,9763.4575,10504.9455,16092.1391,Profit,5266.7619,-130.0275,3249.7579,4909.9618,2527.2821,-236.5425,504.9455,0.003,-11.3533
2011-07-19,117604.5365,25183.5186,20349.5726,18605.4056,20291.9126,12685.4593,9867.6636,10621.0041,17604.5365,Profit,5183.5186,349.5726,3605.4056,5291.9126,2685.4593,-132.3364,621.0041,0.013,-10.1984
2011-07-20,117655.3735,25784.9992,19932.8678,18319.5786,20001.3679,13012.3138,9978.0725,10626.1736,17655.3735,Profit,5784.9992,-67.1322,3319.5786,5001.3679,3012.3138,-21.9275,626.1736,0.0004,-10.1596
2011-07-21,118310.2381,25733.889,19898.9078,19129.9919,19725.7948,12978.3516,10092.234,10751.0691,18310.2381,Profit,5733.889,-101.0922,4129.9919,4725.7948,2978.3516,92.234,751.0691,0.0056,-9.6595
2011-07-22,120526.9976,26271.1669,20332.5636,19616.0358,20140.1265,13316.6752,10025.5838,10824.8459,20526.9976,Profit,6271.1669,332.5636,4616.0358,5140.1265,3316.6752,25.5838,824.8459,0.0187,-7.9668
2011-07-25,119448.7381,26472.7077,20492.0817,19198.3118,19747.5191,12880.6634,9918.0564,10739.3981,19448.7381,Profit,6472.7077,492.0817,4198.3118,4747.5191,2880.6634,-81.9436,739.3981,-0.0089,-8.7902
2011-07-26,118972.8098,26794.8454,20618.259,18729.498,19811.343,12659.1694,9789.8221,10569.8728,18972.8098,Profit,6794.8454,618.259,3729.498,4811.343,2659.1694,-210.1779,569.8728,-0.004,-9.1536
2011-07-27,117440.0937,26147.9585,20121.2514,18073.0747,20637.238,12529.4783,9627.3013,10303.7915,17440.0937,Profit,6147.9585,121.2514,3073.0747,5637.238,2529.4783,-372.6987,303.7915,-0.0129,-10.324
2011-07-28,118182.0722,26123.2656,20438.4999,18052.3626,20787.1427,12783.1834,9726.974,10270.6441,18182.0722,Profit,6123.2656,438.4999,3052.3626,5787.1427,2783.1834,-273.026,270.6441,0.0063,-9.7574
2011-07-29,118111.3464,26184.2797,20306.4279,18155.1426,20776.6506,12855.9668,9627.8598,10205.019,18111.3464,Profit,6184.2797,306.4279,3155.1426,5776.6506,2855.9668,-372.1402,205.019,-0.0006,-9.8114
2011-08-01,119669.9631,26604.1165,20217.0711,19129.9319,20664.6068,13129.7894,9675.1545,10249.2929,19669.9631,Profit,6604.1165,217.0711,4129.9319,5664.6068,3129.7894,-324.8455,249.2929,0.0132,-8.6213
2011-08-02,117068.0086,26195.7322,19951.8814,19016.7058,19853.4289,12532.1482,9436.4644,10081.6477,17068.0086,Profit,6195.7322,-48.1186,4016.7058,4853.4289,2532.1482,-563.5356,81.6477,-0.0217,-10.6081
2011-08-03,118637.609,26589.5551,20154.6971,19638.9692,19801.2385,12538.2058,9634.3601,10280.5832,18637.609,Profit,6589.5551,154.6971,4638.9692,4801.2385,2538.2058,-365.6399,280.5832,0.0134,-9.4096
2011-08-04,113981.8163,25912.7783,19690.6837,18014.9607,19263.8149,11566.3696,9482.6105,10050.5986,13981.8163,Profit,5912.7783,-309.3163,3014.9607,4263.8149,1566.3696,-517.3895,50.5986,-0.0392,-12.9647
2011-08-05,113378.1251,25854.3639,19645.1219,17548.6684,19531.2649,11416.1806,9440.5183,9942.0071,13378.1251,Profit,5854.3639,-354.8781,2548.6684,4531.2649,1416.1806,-559.4817,-57.9929,-0.0053,-13.4257
2011-08-08,108107.4774,24559.2809,18821.4764,16237.3826,18753.1864,11186.763,9045.5179,9503.8702,8107.4774,Profit,4559.2809,-1178.5236,1237.3826,3753.1864,1186.763,-954.4821,-496.1298,-0.0465,-17.4503
2011-08-09,114615.4292,26010.7659,19666.8561,17609.8441,19861.9397,11862.348,9509.4845,10094.1908,14615.4292,Profit,6010.7659,-333.1439,2609.8441,4861.9397,1862.348,-490.5155,94.1908,0.0602,-12.4809
2011-08-10,109969.1149,25338.8295,18640.1042,16837.5531,18832.8258,11294.7361,9255.6199,9769.4463,9969.1149,Profit,5338.8295,-1359.8958,1837.5531,3832.8258,1294.7361,-744.3801,-230.5537,-0.0405,-16.0287
2011-08-11,114598.4417,25987.7132,19364.72,18257.4423,19208.2316,11974.7422,9641.9353,10163.6571,14598.4417,Profit,5987.7132,-635.28,3257.4423,4208.2316,1974.7422,-358.0647,163.6571,0.0421,-12.4938
2011-08-12,114671.8595,26180.9503,19268.7234,17513.7881,19564.0158,12436.3979,9581.4688,10126.5152,14671.8595,Profit,6180.9503,-731.2766,2513.7881,4564.0158,2436.3979,-418.5312,126.5152,0.0006,-12.4378
2011-08-15,116108.4209,26518.4917,19506.522,18103.4524,19545.4201,12347.1501,9746.0493,10341.3354,16108.4209,Profit,6518.4917,-493.478,3103.4524,4545.4201,2347.1501,-253.9507,341.3354,0.0125,-11.3408
2011-08-16,114359.8838,26262.4127,19464.8844,17552.7508,18997.2479,12259.7037,9632.5623,10190.3221,14359.8838,Profit,6262.4127,-535.1156,2552.7508,3997.2479,2259.7037,-367.4377,190.3221,-0.0151,-12.676
2011-08-17,113938.6905,26265.829,19391.2902,17316.8731,18834.8248,12136.5869,9720.1118,10273.1748,13938.6905,Profit,6265.829,-608.7098,2316.8731,3834.8248,2136.5869,-279.8882,273.1748,-0.0037,-12.9976
2011-08-18,109415.7192,25482.3854,19103.9687,16269.0211,17690.4426,11492.8971,9471.5995,9905.4047,9415.7192,Profit,5482.3854,-896.0313,1269.0211,2690.4426,1492.8971,-528.4005,-94.5953,-0.0397,-16.4513
2011-08-19,105459.9923,24650.1966,18525.3668,15903.0474,17251.4048,10508.9316,9139.0707,9481.9744,5459.9923,Profit,4650.1966,-1474.6332,903.0474,2251.4048,508.9316,-860.9293,-518.0256,-0.0362,-19.4719
2011-08-22,105831.9455,24810.0783,18567.0074,16269.0211,17207.7643,10398.5614,9104.0766,9475.4365,5831.9455,Profit,4810.0783,-1432.9926,1269.0211,2207.7643,398.5614,-895.9234,-524.5635,0.0035,-19.1878
2011-08-23,111828.7701,25941.3519,19095.2455,17983.9226,18714.0333,10850.7218,9411.6259,9831.869,11828.7701,Profit,5941.3519,-904.7545,2983.9226,3714.0333,850.7218,-588.3741,-168.131,0.0567,-14.6087
2011-08-24,112812.1755,26129.3544,19241.7607,17732.796,18737.1262,11284.1569,9634.3162,10052.6652,12812.1755,Profit,6129.3544,-758.2393,2732.796,3737.1262,1284.1569,-365.6838,52.6652,0.0088,-13.8578
2011-08-25,110523.1053,25861.2927,18916.2614,16912.9572,18503.1515,10884.0094,9478.5617,9966.8716,10523.1053,Profit,5861.2927,-1083.7386,1912.9572,3503.1515,884.0094,-521.4383,-33.1284,-0.0203,-15.6057
2011-08-26,113218.0395,26570.0219,19456.4548,17644.8446,19220.2743,11187.3444,9233.5201,9905.5795,13218.0395,Profit,6570.0219,-543.5452,2644.8446,4220.2743,1187.3444,-766.4799,-94.4205,0.0244,-13.5479
2011-08-29,115164.0229,26812.3749,19761.727,17981.4612,19772.9359,11563.0251,9236.084,10036.4149,15164.0229,Profit,6812.3749,-238.273,2981.4612,4772.9359,1563.0251,-763.916,36.4149,0.0172,-12.062
2011-08-30,116453.0379,26850.3127,20089.8341,18440.9095,20220.0713,11540.9338,9197.5303,10113.4462,16453.0379,Profit,6850.3127,89.8341,3440.9095,5220.0713,1540.9338,-802.4697,113.4462,0.0112,-11.0777
2011-08-31,116670.8753,26471.8771,20355.735,17923.0471,20614.292,11581.7933,9391.7415,10332.3894,16670.8753,Profit,6471.8771,355.735,2923.0471,5614.292,1581.7933,-608.2585,332.3894,0.0019,-10.9113
2011-09-01,115173.25,26120.558,19991.3097,17823.5089,20290.0684,11198.6484,9218.5718,10530.5848,15173.25,Profit,6120.558,-8.6903,2823.5089,5290.0684,1198.6484,-781.4282,530.5848,-0.0128,-12.0549
2011-09-02,113534.1402,25807.991,19803.5305,17456.2745,20177.1005,10834.243,9153.292,10301.7088,13534.1402,Profit,5807.991,-196.4695,2456.2745,5177.1005,834.243,-846.708,301.7088,-0.0142,-13.3065
2011-09-06,115380.7364,26457.0271,19772.9052,17978.6395,20971.9264,10877.4423,9070.8257,10251.9701,15380.7364,Profit,6457.0271,-227.0948,2978.6395,5971.9264,877.4423,-929.1743,251.9701,0.0163,-11.8965
2011-09-07,118393.3621,26676.1959,20098.9619,19383.4599,21274.6862,11273.3984,9243.5323,10443.1274,18393.3621,Profit,6676.1959,98.9619,4383.4599,6274.6862,1273.3984,-756.4677,443.1274,0.0261,-9.5961
2011-09-08,117548.4685,26625.2945,20216.5647,19244.2386,20968.2319,11137.5493,9157.3788,10199.2105,17548.4685,Profit,6625.2945,216.5647,4244.2386,5968.2319,1137.5493,-842.6212,199.2105,-0.0071,-10.2412
2011-09-09,116045.9664,26460.793,20070.7846,19046.9034,20633.4711,10958.7091,8926.2807,9949.0244,16045.9664,Profit,6460.793,70.7846,4046.9034,5633.4711,958.7091,-1073.7193,-50.9756,-0.0128,-11.3885
2011-09-12,116740.176,26597.9245,20161.0463,19475.5537,21108.4296,10900.4451,8718.9583,9777.8185,16740.176,Profit,6597.9245,161.0463,4475.5537,6108.4296,900.4451,-1281.0417,-222.1815,0.006,-10.8584
2011-09-13,118115.2704,26775.5749,20167.6661,19808.3881,21279.7218,11408.781,8745.3115,9929.827,18115.2704,Profit,6775.5749,167.6661,4808.3881,6279.7218,1408.781,-1254.6885,-70.173,0.0118,-9.8084
2011-09-14,120171.2566,27133.9729,20544.8157,20850.7168,21598.3656,11544.8238,8652.6272,9845.9346,20171.2566,Profit,7133.9729,544.8157,5850.7168,6598.3656,1544.8238,-1347.3728,-154.0654,0.0174,-8.2385
2011-09-15,121781.3291,27263.3874,20830.0577,21038.0262,21909.2269,11720.2405,8933.107,10087.2835,21781.3291,Profit,7263.3874,830.0577,6038.0262,6909.2269,1720.2405,-1066.893,87.2835,0.0134,-7.0091
2011-09-16,123112.0282,27633.0079,20816.4994,20883.7361,22989.9438,12115.0841,8749.2479,9924.509,23112.0282,Profit,7633.0079,816.4994,5883.7361,7989.9438,2115.0841,-1250.7521,-75.491,0.0109,-5.9929
2011-09-19,124565.7453,28646.8334,21062.2911,20628.0468,23418.2957,12204.5688,8745.5654,9860.144,24565.7453,Profit,8646.8334,1062.2911,5628.0468,8418.2957,2204.5688,-1254.4346,-139.856,0.0118,-4.8829
2011-09-20,123592.8958,28845.2606,20940.1968,20151.5485,22659.8779,12350.5951,8815.6839,9829.733,23592.8958,Profit,8845.2606,940.1968,5151.5485,7659.8779,2350.5951,-1184.3161,-170.267,-0.0078,-5.6258
2011-09-21,122416.9368,28938.3092,20301.6497,19878.9293,22666.5425,12351.2769,8670.0788,9610.1504,22416.9368,Profit,8938.3092,301.6497,4878.9293,7666.5425,2351.2769,-1329.9212,-389.8496,-0.0095,-6.5237
2011-09-22,121848.822,29180.749,20242.274,19207.5572,22571.4771,12666.8418,8525.0379,9454.885,21848.822,Profit,9180.749,242.274,4207.5572,7571.4771,2666.8418,-1474.9621,-545.115,-0.0046,-6.9575
2011-09-23,122543.1977,29225.2871,20150.1657,19515.7772,22507.0189,12978.1793,8656.4503,9510.3192,22543.1977,Profit,9225.2871,150.1657,4515.7772,7507.0189,2978.1793,-1343.5497,-489.6808,0.0057,-6.4273
2011-09-26,124327.3511,29304.0935,20570.3172,19664.304,23263.3476,12624.6402,9019.294,9881.3547,24327.3511,Profit,9304.0935,570.3172,4664.304,8263.3476,2624.6402,-980.706,-118.6453,0.0146,-5.0649
2011-09-27,122473.3185,28605.8054,20460.9022,19413.4174,22367.6807,12770.6521,9000.5522,9854.3085,22473.3185,Profit,8605.8054,460.9022,4413.4174,7367.6807,2770.6521,-999.4478,-145.6915,-0.0149,-6.4807
2011-09-28,121460.9024,28540.9809,20446.4451,18884.2684,22992.8277,12030.444,8832.9511,9732.9852,21460.9024,Profit,8540.9809,446.4451,3884.2684,7992.8277,2030.444,-1167.0489,-267.0148,-0.0083,-7.2537
2011-09-29,121114.5352,28387.5212,20575.4519,18626.778,22511.1969,11930.9329,9066.911,10015.7433,21114.5352,Profit,8387.5212,575.4519,3626.778,7511.1969,1930.9329,-933.089,15.7433,-0.0029,-7.5182
2011-09-30,118871.5881,27848.202,20222.8929,17890.388,21990.6891,12124.0053,8923.1095,9872.3013,18871.5881,Profit,7848.202,222.8929,2890.388,6990.6891,2124.0053,-1076.8905,-127.6987,-0.0185,-9.2309
2011-10-03,116271.3423,27492.0565,20026.768,16970.0505,21664.2942,11853.8359,8686.5971,9577.7401,16271.3423,Profit,7492.0565,26.768,1970.0505,6664.2942,1853.8359,-1313.4029,-422.2599,-0.0219,-11.2164
2011-10-04,119981.0545,27767.9221,21016.1121,18828.9761,22058.5932,12004.5058,8665.9511,9638.9942,19981.0545,Profit,7767.9221,1016.1121,3828.9761,7058.5932,2004.5058,-1334.0489,-361.0058,0.0319,-8.3837
2011-10-05,121963.6229,27787.6478,21160.384,19211.5195,22452.1737,12683.9665,8813.0703,9854.8611,21963.6229,Profit,7787.6478,1160.384,4211.5195,7452.1737,2683.9665,-1186.9297,-145.1389,0.0165,-6.8699
2011-10-06,124230.7188,27671.7787,21479.9437,19938.6642,22616.5723,13454.3903,9056.5126,10012.8571,24230.7188,Profit,7671.7787,1479.9437,4938.6642,7616.5723,3454.3903,-943.4874,12.8571,0.0186,-5.1387
2011-10-07,122890.2626,26849.8646,21202.523,20116.2479,22721.9594,13337.6396,8825.012,9837.0161,22890.2626,Profit,6849.8646,1202.523,5116.2479,7721.9594,3337.6396,-1174.988,-162.9839,-0.0108,-6.1623
2011-10-10,127413.4047,28234.2914,21760.6822,21013.4118,23387.2188,13777.4983,9076.7462,10163.556,27413.4047,Profit,8234.2914,1760.6822,6013.4118,8387.2188,3777.4983,-923.2538,163.556,0.0368,-2.7085
2011-10-11,127711.4766,28950.8222,21721.3528,20704.8917,23713.2965,13589.9092,9003.0613,10028.143,27711.4766,Profit,8950.8222,1721.3528,5704.8917,8713.2965,3589.9092,-996.9387,28.143,0.0023,-2.4809
2011-10-12,127010.8366,28740.3583,21428.8447,20442.0582,23562.0919,13519.7741,9160.5416,10157.1679,27010.8366,Profit,8740.3583,1428.8447,5442.0582,8562.0919,3519.7741,-839.4584,157.1679,-0.0055,-3.0159
2011-10-13,129408.9611,29397.372,21761.8608,21786.003,23667.4907,13686.8366,9000.0554,10109.3425,29408.9611,Profit,9397.372,1761.8608,6786.003,8667.4907,3686.8366,-999.9446,109.3425,0.0189,-1.1847
2011-10-14,131006.7516,30107.9267,21639.5757,21954.8216,24506.0648,13618.5604,9001.7966,10178.0058,31006.7516,Profit,10107.9267,1639.5757,6954.8216,9506.0648,3618.5604,-998.2034,178.0058,0.0123,0.0
2011-10-17,128471.1188,29977.7004,21421.2891,20874.5507,24082.8542,13319.2518,8838.7923,9956.6803,28471.1188,Profit,9977.7004,1421.2891,5874.5507,9082.8542,3319.2518,-1161.2077,-43.3197,-0.0194,-1.9355
2011-10-18,130597.0024,30174.4782,21706.3822,21650.744,24263.1545,13781.0295,8975.823,10045.391,30597.0024,Profit,10174.4782,1706.3822,6650.744,9263.1545,3781.0295,-1024.177,45.391,0.0165,-0.3128
2011-10-19,126159.4588,28406.9488,21504.4554,21166.6213,22973.2806,13371.0062,8859.5492,9877.5973,26159.4588,Profit,8406.9488,1504.4554,6166.6213,7973.2806,3371.0062,-1140.4508,-122.4027,-0.034,-3.7
2011-10-20,126057.7346,28396.2941,21609.5387,20269.0371,23367.19,13366.7501,8993.6168,10055.3077,26057.7346,Profit,8396.2941,1609.5387,5269.0371,8367.19,3366.7501,-1006.3832,55.3077,-0.0008,-3.7777
2011-10-21,125304.212,27871.9328,21435.4895,20115.8276,23192.3345,13533.7696,9048.9073,10105.9507,25304.212,Profit,7871.9328,1435.4895,5115.8276,8192.3345,3533.7696,-951.0927,105.9507,-0.006,-4.3529
2011-10-24,127047.5673,28636.5823,21347.4901,20752.3194,23350.9379,13713.7581,9124.0023,10122.4772,27047.5673,Profit,8636.5823,1347.4901,5752.3194,8350.9379,3713.7581,-875.9977,122.4772,0.0139,-3.0221
2011-10-25,125094.289,28367.9621,21270.2674,20178.8044,22556.4702,13711.5834,9042.2536,9966.9478,25094.289,Profit,8367.9621,1270.2674,5178.8044,7556.4702,3711.5834,-957.7464,-33.0522,-0.0154,-4.5131
2011-10-26,122163.5171,28450.586,21008.3966,20330.513,19618.0211,13522.968,9184.8547,10048.1778,22163.5171,Profit,8450.586,1008.3966,5330.513,4618.0211,3522.968,-815.1453,48.1778,-0.0234,-6.7502
2011-10-27,123985.6202,28284.5382,21186.9013,20869.9881,20124.7946,13681.1451,9492.6417,10345.6112,23985.6202,Profit,8284.5382,1186.9013,5869.9881,5124.7946,3681.1451,-507.3583,345.6112,0.0149,-5.3594
2011-10-28,125898.1722,28344.968,21010.8226,21380.7664,21182.5068,14230.6133,9447.9031,10300.5921,25898.1722,Profit,8344.968,1010.8226,6380.7664,6182.5068,4230.6133,-552.0969,300.5921,0.0154,-3.8995
2011-10-31,123282.7269,28271.3846,20693.2105,20239.4398,20765.158,13961.5133,9234.7341,10117.2866,23282.7269,Profit,8271.3846,693.2105,5239.4398,5765.158,3961.5133,-765.2659,117.2866,-0.0208,-5.8959
2011-11-01,122981.3382,28426.3741,20734.6854,19736.6462,21174.0939,14091.9866,8956.4745,9861.0775,22981.3382,Profit,8426.3741,734.6854,4736.6462,6174.0939,4091.9866,-1043.5255,-138.9225,-0.0024,-6.126
2011-11-02,122270.1112,28292.4406,20601.0363,19247.0002,21373.5243,13910.1464,8912.6408,9933.3226,22270.1112,Profit,8292.4406,601.0363,4247.0002,6373.5243,3910.1464,-1087.3592,-66.6774,-0.0058,-6.6688
2011-11-03,126532.3674,28696.0877,21011.1921,20425.3684,21640.3262,15728.599,8981.9489,10048.8451,26532.3674,Profit,8696.0877,1011.1921,5425.3684,6640.3262,5728.599,-1018.0511,48.8451,0.0349,-3.4154
2011-11-04,126247.5782,28644.9141,20894.7259,20763.0056,21573.2072,15737.8503,8750.5303,9883.3448,26247.5782,Profit,8644.9141,894.7259,5763.0056,6573.2072,5737.8503,-1249.4697,-116.6552,-0.0023,-3.6328
2011-11-07,126128.9444,28584.9324,21319.8353,20641.1344,21608.0334,15219.3301,8788.6376,9967.0413,26128.9444,Profit,8584.9324,1319.8353,5641.1344,6608.0334,5219.3301,-1211.3624,-32.9587,-0.0009,-3.7233
2011-11-08,127565.4242,28957.2817,21539.5771,21046.1309,21638.3272,15448.0012,8877.7078,10058.3983,27565.4242,Profit,8957.2817,1539.5771,6046.1309,6638.3272,5448.0012,-1122.2922,58.3983,0.0114,-2.6268
2011-11-09,123486.9059,28268.8482,20841.6464,20048.6484,21034.5502,15030.9945,8524.7511,9737.4671,23486.9059,Profit,8268.8482,841.6464,5048.6484,6034.5502,5030.9945,-1475.2489,-262.5329,-0.032,-5.74
2011-11-10,123451.4417,27598.3361,20938.9643,20299.1147,21026.8069,15275.52,8576.294,9736.4059,23451.4417,Profit,7598.3361,938.9643,5299.1147,6026.8069,5275.52,-1423.706,-263.5941,-0.0003,-5.7671
2011-11-11,126694.6828,27554.3423,21446.9204,21009.4495,21685.1727,16401.8012,8730.547,9866.4497,26694.6828,Profit,7554.3423,1446.9204,6009.4495,6685.1727,6401.8012,-1269.453,-133.5503,0.0263,-3.2915
2011-11-14,125513.6326,27140.2752,21300.8986,20588.0634,21813.075,16177.9459,8710.6382,9782.7362,25513.6326,Profit,7140.2752,1300.8986,5588.0634,6813.075,6177.9459,-1289.3618,-217.2638,-0.0093,-4.193
2011-11-15,127396.6606,27980.0519,21564.735,20957.4592,21825.0218,16616.2257,8642.842,9810.3249,27396.6606,Profit,7980.0519,1564.735,5957.4592,6825.0218,6616.2257,-1357.158,-189.6751,0.015,-2.7557
2011-11-16,125519.7369,27608.8641,20963.9934,20485.5836,21179.7149,17062.3357,8537.3393,9681.906,25519.7369,Profit,7608.8641,963.9934,5485.5836,6179.7149,7062.3357,-1462.6607,-318.094,-0.0147,-4.1883
2011-11-17,122272.6906,27132.9476,20577.9508,19790.8579,20473.4366,16479.2641,8312.6765,9505.5572,22272.6906,Profit,7132.9476,577.9508,4790.8579,5473.4366,6479.2641,-1687.3235,-494.4428,-0.0259,-6.6669
2011-11-18,120966.1228,27049.3265,20459.2433,19676.6111,19804.1362,16006.9862,8421.8536,9547.9659,20966.1228,Profit,7049.3265,459.2433,4676.6111,4804.1362,6006.9862,-1578.1464,-452.0341,-0.0107,-7.6642
2011-11-21,121340.7943,26941.5171,20460.4098,20917.7159,19239.4005,15781.4515,8461.8554,9538.444,21340.7943,Profit,6941.5171,460.4098,5917.7159,4239.4005,5781.4515,-1538.1446,-461.556,0.0031,-7.3782
2011-11-22,122687.0363,27443.7947,20252.9488,21519.3873,19521.5265,15909.4273,8494.7911,9545.1605,22687.0363,Profit,7443.7947,252.9488,6519.3873,4521.5265,5909.4273,-1505.2089,-454.8395,0.0111,-6.3506
2011-11-23,120918.7308,27040.4363,20207.8555,20830.9052,19388.7257,15770.4202,8320.0038,9360.3841,20918.7308,Profit,7040.4363,207.8555,5830.9052,4388.7257,5770.4202,-1679.9962,-639.6159,-0.0144,-7.7004
2011-11-25,119278.4226,26806.7765,20077.1248,20267.7163,18725.148,15886.3312,8254.7005,9260.6252,19278.4226,Profit,6806.7765,77.1248,5267.7163,3725.148,5886.3312,-1745.2995,-739.3748,-0.0136,-8.9525
2011-11-28,122076.9062,27306.6772,20236.3943,21076.4486,19627.3072,16088.6622,8425.2667,9316.15,22076.9062,Profit,7306.6772,236.3943,6076.4486,4627.3072,6088.6622,-1574.7333,-683.85,0.0235,-6.8163
2011-11-29,120876.4913,27013.566,20153.5395,21129.2195,18987.8385,15641.3249,8541.2245,9409.7784,20876.4913,Profit,7013.566,153.5395,6129.2195,3987.8385,5641.3249,-1458.7755,-590.2216,-0.0098,-7.7326
2011-11-30,123752.6597,27399.8103,20553.7117,21940.6533,19194.5658,15973.957,8909.2424,9780.7191,23752.6597,Profit,7399.8103,553.7117,6940.6533,4194.5658,5973.957,-1090.7576,-219.2809,0.0238,-5.5372
2011-12-01,124374.8619,27747.1688,20267.9473,22157.6801,19633.3138,15869.7233,8945.0201,9754.0085,24374.8619,Profit,7747.1688,267.9473,7157.6801,4633.3138,5869.7233,-1054.9799,-245.9915,0.005,-5.0623
2011-12-02,124794.792,27849.0302,20198.6459,21993.7844,19506.4883,16196.1687,9224.432,9826.2426,24794.792,Profit,7849.0302,198.6459,6993.7844,4506.4883,6196.1687,-775.568,-173.7574,0.0034,-4.7417
2011-12-05,125588.7817,28017.1756,20536.6497,21603.8567,19481.279,16701.4041,9336.1236,9912.293,25588.7817,Profit,8017.1756,536.6497,6603.8567,4481.279,6701.4041,-663.8764,-87.707,0.0064,-4.1356
2011-12-06,124527.4561,27806.3058,20451.368,21251.3308,19014.2636,16879.7131,9248.6548,9875.8201,24527.4561,Profit,7806.3058,451.368,6251.3308,4014.2636,6879.7131,-751.3452,-124.1799,-0.0085,-4.9458
2011-12-07,124372.8234,27642.9188,20381.7938,21101.8435,19321.1153,16530.8607,9414.1823,9980.1091,24372.8234,Profit,7642.9188,381.7938,6101.8435,4321.1153,6530.8607,-585.8177,-19.8909,-0.0012,-5.0638
2011-12-08,122123.8783,27996.5349,20400.1702,20618.4412,19006.4302,15065.3731,9228.7766,9808.1521,22123.8783,Profit,7996.5349,400.1702,5618.4412,4006.4302,5065.3731,-771.2234,-191.8479,-0.0181,-6.7805
2011-12-09,123602.0677,28227.6982,20658.1568,20918.4364,19275.9908,15150.4151,9425.38,9945.9905,23602.0677,Profit,8227.6982,658.1568,5918.4364,4275.9908,5150.4151,-574.62,-54.0095,0.0121,-5.6521
2011-12-12,122752.0912,28304.4515,20654.6951,20554.5038,19062.7712,14950.5889,9271.1998,9953.8808,22752.0912,Profit,8304.4515,654.6951,5554.5038,4062.7712,4950.5889,-728.8002,-46.1192,-0.0069,-6.3009
2011-12-13,120644.1501,28114.0065,20877.2894,19999.8399,18172.4082,14491.3017,9163.0826,9826.2218,20644.1501,Profit,8114.0065,877.2894,4999.8399,3172.4082,4491.3017,-836.9174,-173.7782,-0.0172,-7.91
2011-12-14,119752.5457,27816.3739,20981.9482,19451.6598,18357.4288,14205.1631,9146.8011,9793.1708,19752.5457,Profit,7816.3739,981.9482,4451.6598,3357.4288,4205.1631,-853.1989,-206.8292,-0.0074,-8.5906
2011-12-15,118839.1807,27540.2479,20816.4944,19151.9047,18341.9559,14155.4901,9123.7053,9709.3825,18839.1807,Profit,7540.2479,816.4944,4151.9047,3341.9559,4155.4901,-876.2947,-290.6175,-0.0076,-9.2877
2011-12-16,119897.7674,27824.0723,21282.1218,19317.2413,18432.4496,13917.1872,9287.322,9837.3732,19897.7674,Profit,7824.0723,1282.1218,4317.2413,3432.4496,3917.1872,-712.678,-162.6268,0.0089,-8.4797
2011-12-19,118532.5783,27848.5469,20848.7146,18757.4744,18194.0561,13761.034,9230.3976,9892.3547,18532.5783,Profit,7848.5469,848.7146,3757.4744,3194.0561,3761.034,-769.6024,-107.6453,-0.0114,-9.5218
2011-12-20,120782.6342,28630.2706,21088.0523,19677.5717,18376.5472,13729.9569,9321.8026,9958.4329,20782.6342,Profit,8630.2706,1088.0523,4677.5717,3376.5472,3729.9569,-678.1974,-41.5671,0.019,-7.8043
2011-12-21,119390.9359,28666.843,20881.3494,19426.445,17555.678,13568.8802,9339.9994,9951.741,19390.9359,Profit,8666.843,881.3494,4426.445,2555.678,3568.8802,-660.0006,-48.259,-0.0115,-8.8666
2011-12-22,120750.9572,28620.7586,20776.0913,20103.7006,17900.7331,13571.6147,9668.2547,10109.8042,20750.9572,Profit,8620.7586,776.0913,5103.7006,2900.7331,3571.6147,-331.7453,109.8042,0.0114,-7.8284
2011-12-23,121052.0561,28942.3778,20938.1263,19910.1475,17715.3425,13627.1658,9756.2441,10162.6522,21052.0561,Profit,8942.3778,938.1263,4910.1475,2715.3425,3627.1658,-243.7559,162.6522,0.0025,-7.5986
2011-12-27,121256.666,29172.7902,20945.2635,19755.9775,17614.4154,13954.4366,9720.1112,10093.6716,21256.666,Profit,9172.7902,945.2635,4755.9775,2614.4154,3954.4366,-279.8888,93.6716,0.0017,-7.4424
2011-12-28,120227.6863,28971.1908,20824.6433,19313.0388,17420.8429,13960.6018,9643.4081,10093.9606,20227.6863,Profit,8971.1908,824.6433,4313.0388,2420.8429,3960.6018,-356.5919,93.9606,-0.0085,-8.2279
2011-12-29,121000.6982,29076.933,20934.2751,19636.3276,17376.991,14035.2872,9776.2409,10164.6435,21000.6982,Profit,9076.933,934.2751,4636.3276,2376.991,4035.2872,-223.7591,164.6435,0.0064,-7.6378
2011-12-30,120428.4946,28953.4712,20804.6221,19400.8101,17233.2496,13897.6008,9847.4671,10291.2738,20428.4946,Profit,8953.4712,804.6221,4400.8101,2233.2496,3897.6008,-152.5329,291.2738,-0.0047,-8.0746
2012-01-03,121584.8643,29172.2177,21274.8458,19500.4082,17683.4139,13556.5427,9983.5052,10413.9308,21584.8643,Profit,9172.2177,1274.8458,4500.4082,2683.4139,3556.5427,-16.4948,413.9308,0.0096,-7.1919
2012-01-04,122713.4093,29458.5574,21878.9922,19809.1085,17611.4747,13437.5527,10062.4086,10455.3151,22713.4093,Profit,9458.5574,1878.9922,4809.1085,2611.4747,3437.5527,62.4086,455.3151,0.0093,-6.3305
2012-01-05,124234.0929,29969.8965,22241.5768,20653.4416,17729.1943,13231.9202,9945.8296,10462.2339,24234.0929,Profit,9969.8965,2241.5768,5653.4416,2729.1943,3231.9202,-54.1704,462.2339,0.0124,-5.1697
2012-01-06,125226.3961,30388.9473,22655.465,20480.7808,18290.8659,13174.5246,9838.98,10396.8326,25226.3961,Profit,10388.9473,2655.465,5480.7808,3290.8659,3174.5246,-161.02,396.8326,0.008,-4.4123
2012-01-09,125318.9246,30459.5438,22455.2321,20560.8675,17955.1222,13393.1549,9976.2481,10518.7559,25318.9246,Profit,10459.5438,2455.2321,5560.8675,2955.1222,3393.1549,-23.7519,518.7559,0.0007,-4.3416
2012-01-10,124529.921,30247.5618,22296.491,20261.3526,17843.9497,13432.2344,9964.347,10483.9845,24529.921,Profit,10247.5618,2296.491,5261.3526,2843.9497,3432.2344,-35.653,483.9845,-0.0063,-4.9439
2012-01-11,124568.7841,30281.3866,22264.5684,19906.4254,17849.2065,13766.7326,9992.6875,10507.7772,24568.7841,Profit,10281.3866,2264.5684,4906.4254,2849.2065,3766.7326,-7.3125,507.7772,0.0003,-4.9142
2012-01-12,124525.5075,30214.0303,22500.3295,19789.8373,17563.2176,13784.575,10040.4127,10633.1051,24525.5075,Profit,10214.0303,2500.3295,4789.8373,2563.2176,3784.575,40.4127,633.1051,-0.0003,-4.9473
2012-01-13,122001.9396,30238.3759,22808.9826,19361.307,17893.8846,11171.6193,9903.7932,10623.9771,22001.9396,Profit,10238.3759,2808.9826,4361.307,2893.8846,1171.6193,-96.2068,623.9771,-0.0203,-6.8735
2012-01-17,122969.5276,30245.7598,22560.3384,18855.1514,18017.8791,12895.4555,9822.637,10572.3063,22969.5276,Profit,10245.7598,2560.3384,3855.1514,3017.8791,2895.4555,-177.363,572.3063,0.0079,-6.135
2012-01-18,125052.5285,30588.9277,22557.4919,19512.055,18804.3704,13007.5267,10006.9519,10575.2048,25052.5285,Profit,10588.9277,2557.4919,4512.055,3804.3704,3007.5267,6.9519,575.2048,0.0169,-4.545
2012-01-19,125539.8629,30355.3524,22366.6414,19936.0827,19216.0199,12925.6713,10069.1936,10670.9016,25539.8629,Profit,10355.3524,2366.6414,4936.0827,4216.0199,2925.6713,69.1936,670.9016,0.0039,-4.173
2012-01-20,126494.4436,29972.5432,23746.8003,19852.1537,18957.8795,12909.4581,10238.5597,10817.0492,26494.4436,Profit,9972.5432,3746.8003,4852.1537,3957.8795,2909.4581,238.5597,817.0492,0.0076,-3.4443
2012-01-23,126809.0054,30287.7803,23611.7879,20273.1195,18362.5388,12911.3098,10417.9835,10944.4856,26809.0054,Profit,10287.7803,3611.7879,5273.1195,3362.5388,2911.3098,417.9835,944.4856,0.0025,-3.2042
2012-01-24,126786.9352,29843.483,23344.4338,20761.4447,18483.4536,13247.0927,10301.7795,10805.2478,26786.9352,Profit,9843.483,3344.4338,5761.4447,3483.4536,3247.0927,301.7795,805.2478,-0.0002,-3.2211
2012-01-25,129305.1305,31777.5764,23574.1893,20679.4968,18604.8108,13543.6094,10301.9241,10823.5236,29305.1305,Profit,11777.5764,3574.1893,5679.4968,3604.8108,3543.6094,301.9241,823.5236,0.0199,-1.2989
2012-01-26,128055.7683,31216.9266,23214.3663,20226.112,18898.0731,13827.7025,10075.9593,10596.6284,28055.7683,Profit,11216.9266,3214.3663,5226.112,3898.0731,3827.7025,75.9593,596.6284,-0.0097,-2.2525
2012-01-27,128907.2761,31485.7556,23063.0191,20548.4403,19150.1089,14051.9382,10059.4648,10548.5492,28907.2761,Profit,11485.7556,3063.0191,5548.4403,4150.1089,4051.9382,59.4648,548.5492,0.0066,-1.6026
2012-01-30,129484.9556,31946.8316,23404.4657,20437.0753,18870.2246,14193.8017,10056.9449,10575.6119,29484.9556,Profit,11946.8316,3404.4657,5437.0753,3870.2246,4193.8017,56.9449,575.6119,0.0045,-1.1616
2012-01-31,129887.3639,32260.5272,23393.4973,20436.7751,19133.1833,13981.6452,10102.5219,10579.2141,29887.3639,Profit,12260.5272,3393.4973,5436.7751,4133.1833,3981.6452,102.5219,579.2141,0.0031,-0.8545
2012-02-01,128388.4392,31979.9806,23486.8221,20488.5853,17516.8303,14112.2908,10186.4706,10617.4595,28388.4392,Profit,11979.9806,3486.8221,5488.5853,2516.8303,4112.2908,186.4706,617.4595,-0.0115,-1.9986
2012-02-02,129728.6365,31948.9761,23563.6792,21271.5626,17762.3309,14452.2293,10128.8832,10600.9753,29728.6365,Profit,11948.9761,3563.6792,6271.5626,2762.3309,4452.2293,128.8832,600.9753,0.0104,-0.9756
2012-02-03,131587.2878,32137.4009,23694.2591,21658.9688,18271.4048,14822.5917,10236.4844,10766.1781,31587.2878,Profit,12137.4009,3694.2591,6658.9688,3271.4048,4822.5917,236.4844,766.1781,0.0143,0.0
2012-02-06,131671.265,32468.4688,23684.8827,21496.574,17845.5531,15145.5633,10259.272,10770.9511,31671.265,Profit,12468.4688,3684.8827,6496.574,2845.5531,5145.5633,259.272,770.9511,0.0006,0.0
2012-02-07,132148.5661,32787.8144,23789.7353,21552.2865,17937.0493,15041.2578,10280.0891,10760.3337,32148.5661,Profit,12787.8144,3789.7353,6552.2865,2937.0493,5041.2578,280.0891,760.3337,0.0036,0.0
2012-02-08,134375.3967,33411.4632,24086.6089,22385.1529,18102.6187,15231.9475,10351.9599,10805.6456,34375.3967,Profit,13411.4632,4086.6089,7385.1529,3102.6187,5231.9475,351.9599,805.6456,0.0169,0.0
2012-02-09,135429.8842,34465.8287,24101.141,22306.9272,18001.3059,15496.7915,10301.0056,10756.8843,35429.8842,Profit,14465.8287,4101.141,7306.9272,3001.3059,5496.7915,301.0056,756.8843,0.0078,0.0
2012-02-10,134842.5483,34744.4231,24071.6953,21921.8023,18192.0239,14904.404,10274.7154,10733.4843,34842.5483,Profit,14744.4231,4071.6953,6921.8023,3192.0239,4904.404,274.7154,733.4843,-0.0043,-0.4337
2012-02-13,136474.2745,35321.4362,24086.8257,22221.9176,18747.7103,15061.1744,10300.7833,10734.427,36474.2745,Profit,15321.4362,4086.8257,7221.9176,3747.7103,5061.1744,300.7833,734.427,0.0121,0.0
2012-02-14,137625.8091,35783.8659,23972.5956,22336.5245,18709.9708,15856.7613,10283.8327,10682.2582,37625.8091,Profit,15783.8659,3972.5956,7336.5245,3709.9708,5856.7613,283.8327,682.2582,0.0084,0.0
2012-02-15,135640.7725,34867.0238,23748.6779,22180.4934,17995.0153,16020.5439,10212.972,10616.0462,35640.7725,Profit,14867.0238,3748.6779,7180.4934,2995.0153,6020.5439,212.972,616.0462,-0.0144,-1.4423
2012-02-16,137186.6591,35171.1417,24715.407,22560.2152,17546.8539,16296.9287,10222.5619,10673.5508,37186.6591,Profit,15171.1417,4715.407,7560.2152,2546.8539,6296.9287,222.5619,673.5508,0.0114,-0.3191
2012-02-17,137095.3992,35192.369,24710.1614,21752.3234,17811.7744,16682.1047,10214.5526,10732.1137,37095.3992,Profit,15192.369,4710.1614,6752.3234,2811.7744,6682.1047,214.5526,732.1137,-0.0007,-0.3854
2012-02-21,137954.3328,36031.2213,24826.3011,21830.0087,17761.5888,16433.1581,10281.445,10790.6097,37954.3328,Profit,16031.2213,4826.3011,6830.0087,2761.5888,6433.1581,281.445,790.6097,0.0063,0.0
2012-02-22,137923.7667,36067.627,24800.8945,21778.7388,17677.417,16373.4443,10423.5367,10802.1086,37923.7667,Profit,16067.627,4800.8945,6778.7388,2677.417,6373.4443,423.5367,802.1086,-0.0002,-0.0222
2012-02-23,138182.4593,36247.8068,24845.5693,21865.9697,17485.7103,16497.0132,10450.3438,10790.0461,38182.4593,Profit,16247.8068,4845.5693,6865.9697,2485.7103,6497.0132,450.3438,790.0461,0.0019,0.0
2012-02-24,138255.8978,36686.8577,24939.7221,21708.918,17514.43,16129.2059,10472.319,10804.4451,38255.8978,Profit,16686.8577,4939.7221,6708.918,2514.43,6129.2059,472.319,804.4451,0.0005,0.0
2012-02-27,137943.5512,36904.8369,24823.0441,21255.3531,17447.0271,16059.0134,10543.9747,10910.3019,37943.5512,Profit,16904.8369,4823.0441,6255.3531,2447.0271,6059.0134,543.9747,910.3019,-0.0023,-0.2259
2012-02-28,139323.3035,37474.5247,25167.578,21010.35,17913.4631,16106.1098,10669.3775,10981.9004,39323.3035,Profit,17474.5247,5167.578,6010.35,2913.4631,6106.1098,669.3775,981.9004,0.01,0.0
2012-02-29,137780.7202,37626.288,24833.4503,20574.3154,17354.5834,15771.6691,10643.3976,10977.0165,37780.7202,Profit,17626.288,4833.4503,5574.3154,2354.5834,5771.6691,643.3976,977.0165,-0.0111,-1.1072
2012-03-01,139237.1371,37701.7273,25226.9247,20674.7541,17358.4247,16215.7695,10882.2664,11177.2705,39237.1371,Profit,17701.7273,5226.9247,5674.7541,2358.4247,6215.7695,882.2664,1177.2705,0.0106,-0.0618
2012-03-02,139448.5113,37903.9157,25158.9296,20938.0078,17355.531,16104.9041,10828.7873,11158.4357,39448.5113,Profit,17903.9157,5158.9296,5938.0078,2355.531,6104.9041,828.7873,1158.4357,0.0015,0.0
2012-03-05,138293.7754,37241.4139,25062.9361,20319.0463,17533.1568,16054.7143,10903.6236,11178.8844,38293.7754,Profit,17241.4139,5062.9361,5319.0463,2533.1568,6054.7143,903.6236,1178.8844,-0.0083,-0.8281
2012-03-06,138100.4896,37331.9027,25066.7564,20294.4319,17753.9336,15866.0988,10785.2215,11002.1446,38100.4896,Profit,17331.9027,5066.7564,5294.4319,2753.9336,5866.0988,785.2215,1002.1446,-0.0014,-0.9667
2012-03-07,138377.016,37282.2542,25238.9529,20370.7965,17977.101,15836.0481,10715.8323,10956.0309,38377.016,Profit,17282.2542,5238.9529,5370.7965,2977.101,5836.0481,715.8323,956.0309,0.002,-0.7684
2012-03-08,139275.5805,37801.1275,25189.5848,20272.8794,18223.4258,15698.2397,10928.7353,11161.5881,39275.5805,Profit,17801.1275,5189.5848,5272.8794,3223.4258,5698.2397,928.7353,1161.5881,0.0065,-0.124
2012-03-09,139593.8557,37930.7484,25106.2756,20181.7461,17854.0776,16447.7421,10889.3038,11183.962,39593.8557,Profit,17930.7484,5106.2756,5181.7461,2854.0776,6447.7421,889.3038,1183.962,0.0023,0.0
2012-03-12,140867.6815,38554.728,25246.4646,19955.8942,17835.8031,17117.9729,10906.6265,11250.1922,40867.6815,Profit,18554.728,5246.4646,4955.8942,2835.8031,7117.9729,906.6265,1250.1922,0.0091,0.0
2012-03-13,142914.7243,39562.4484,25665.068,20164.6962,17898.3015,17104.1713,11141.7028,11378.3361,42914.7243,Profit,19562.4484,5665.068,5164.6962,2898.3015,7104.1713,1141.7028,1378.3361,0.0145,0.0
2012-03-14,143225.6748,41098.2584,25775.0533,19594.9034,17690.2213,16741.9334,11055.8481,11269.4569,43225.6748,Profit,21098.2584,5775.0533,4594.9034,2690.2213,6741.9334,1055.8481,1269.4569,0.0022,0.0
2012-03-15,143798.453,40874.3993,25869.6595,19929.5989,17926.1167,16627.7522,11177.7923,11393.1341,43798.453,Profit,20874.3993,5869.6595,4929.5989,2926.1167,6627.7522,1177.7923,1393.1341,0.004,0.0
2012-03-16,143637.2701,40812.6484,25634.1262,19925.6366,17959.2063,16754.4791,11144.8379,11406.3356,43637.2701,Profit,20812.6484,5634.1262,4925.6366,2959.2063,6754.4791,1144.8379,1406.3356,-0.0011,-0.1121
2012-03-19,143958.5868,41750.868,25232.9103,19912.3688,17943.0736,16536.2651,11174.5367,11408.5643,43958.5868,Profit,21750.868,5232.9103,4912.3688,2943.0736,6536.2651,1174.5367,1408.5643,0.0022,0.0
2012-03-20,145070.9589,42316.0368,25202.6916,19688.8583,18701.507,16615.4936,11163.8629,11382.5087,45070.9589,Profit,22316.0368,5202.6916,4688.8583,3701.507,6615.4936,1163.8629,1382.5087,0.0077,0.0
2012-03-21,144898.7233,42067.7429,25136.5173,19769.4253,18639.4119,16702.3802,11163.9484,11419.2972,44898.7233,Profit,22067.7429,5136.5173,4769.4253,3639.4119,6702.3802,1163.9484,1419.2972,-0.0012,-0.1187
2012-03-22,145319.1696,42146.9505,25389.8916,19882.7715,18840.156,16464.5079,11126.7928,11468.0992,45319.1696,Profit,22146.9505,5389.8916,4882.7715,3840.156,6464.5079,1126.7928,1468.0992,0.0029,0.0
2012-03-23,145182.7467,41830.8147,25344.4647,19995.2772,19058.5736,16277.1269,11122.8591,11553.6304,45182.7467,Profit,21830.8147,5344.4647,4995.2772,4058.5736,6277.1269,1122.8591,1553.6304,-0.0009,-0.0939
2012-03-26,148485.9294,42337.6184,25646.1893,20105.9819,19704.5365,17755.4186,11273.5698,11662.615,48485.9294,Profit,22337.6184,5646.1893,5105.9819,4704.5365,7755.4186,1273.5698,1662.615,0.0228,0.0
2012-03-27,149537.4055,42888.9766,25606.3685,20249.0454,19966.2245,18022.674,11234.3886,11569.7279,49537.4055,Profit,22888.9766,5606.3685,5249.0454,4966.2245,8022.674,1234.3886,1569.7279,0.0071,0.0
2012-03-28,150288.5094,43351.5683,25489.8443,20834.2072,19660.5358,18081.3401,11264.1618,11606.852,50288.5094,Profit,23351.5683,5489.8443,5834.2072,4660.5358,8081.3401,1264.1618,1606.852,0.005,0.0
2012-03-29,149894.7706,42871.2313,25474.3124,20963.2826,20027.7695,17859.7671,11149.5135,11548.8942,49894.7706,Profit,22871.2313,5474.3124,5963.2826,5027.7695,7859.7671,1149.5135,1548.8942,-0.0026,-0.262
2012-03-30,149183.6499,42110.221,25566.9901,21184.2716,19806.3564,17802.4576,11130.2394,11583.1139,49183.6499,Profit,22110.221,5566.9901,6184.2716,4806.3564,7802.4576,1130.2394,1583.1139,-0.0047,-0.7352
2012-04-02,148955.4483,43133.7087,25401.0978,20928.042,19226.6804,17357.4242,11264.0944,11644.4009,48955.4483,Profit,23133.7087,5401.0978,5928.042,4226.6804,7357.4242,1264.0944,1644.4009,-0.0015,-0.887
2012-04-03,149398.0277,43844.5426,25104.5457,20568.7321,19369.2979,18023.2123,10948.8002,11538.8967,49398.0277,Profit,23844.5426,5104.5457,5568.7321,4369.2979,8023.2123,948.8002,1538.8967,0.003,-0.5925
2012-04-04,146551.9168,43723.5257,24661.9769,20092.534,18917.9922,16683.0162,10954.7833,11518.0884,46551.9168,Profit,23723.5257,4661.9769,5092.534,3917.9922,6683.0162,954.7833,1518.0884,-0.0191,-2.4863
2012-04-05,146752.9194,44203.0134,24817.0735,19997.1984,18929.2322,16488.3432,10893.9771,11424.0817,46752.9194,Profit,24203.0134,4817.0735,4997.1984,3929.2322,6488.3432,893.9771,1424.0817,0.0014,-2.3525
2012-04-09,145888.0636,44603.6477,24599.3861,19821.1756,18730.0309,15817.0861,10845.7382,11470.9989,45888.0636,Profit,24603.6477,4599.3861,4821.1756,3730.0309,5817.0861,845.7382,1470.9989,-0.0059,-2.928
2012-04-10,144113.9947,44307.078,24234.5444,19543.9937,18355.1792,15574.8358,10712.521,11385.8426,44113.9947,Profit,24307.078,4234.5444,4543.9937,3355.1792,5574.8358,712.521,1385.8426,-0.0122,-4.1084
2012-04-11,144743.0632,44195.7421,24159.3571,19811.63,18472.6051,15894.5347,10803.3858,11405.8084,44743.0632,Profit,24195.7421,4159.3571,4811.63,3472.6051,5894.5347,803.3858,1405.8084,0.0044,-3.6899
2012-04-12,145022.6729,43563.9327,24449.9116,20111.385,18573.773,15920.2289,10906.6376,11496.8041,45022.6729,Profit,23563.9327,4449.9116,5111.385,3573.773,5920.2289,906.6376,1496.8041,0.0019,-3.5038
2012-04-13,142747.2241,42456.7465,24388.815,19448.4779,18410.0675,16038.2499,10729.6786,11275.1887,42747.2241,Profit,22456.7465,4388.815,4448.4779,3410.0675,6038.2499,729.6786,1275.1887,-0.0157,-5.0179
2012-04-16,140799.49,40879.9953,24711.7435,19304.4538,18202.6295,15467.9034,10828.6439,11404.1205,40799.49,Profit,20879.9953,4711.7435,4304.4538,3202.6295,5467.9034,828.6439,1404.1205,-0.0136,-6.3139
2012-04-17,141835.654,42340.8493,24639.208,19064.6738,18216.9649,15237.8615,10864.7629,11471.3336,41835.654,Profit,22340.8493,4639.208,4064.6738,3216.9649,5237.8615,864.7629,1471.3336,0.0074,-5.6244
2012-04-18,142160.6025,42350.3238,24457.3654,18904.4402,18521.0071,15473.8748,10925.6433,11527.948,42160.6025,Profit,22350.3238,4457.3654,3904.4402,3521.0071,5473.8748,925.6433,1527.948,0.0023,-5.4082
2012-04-19,140869.8565,40998.6964,24415.505,18649.7715,18570.6816,15750.4821,10963.4554,11521.2645,40869.8565,Profit,20998.6964,4415.505,3649.7715,3570.6816,5750.4821,963.4554,1521.2645,-0.0091,-6.267
2012-04-20,140331.2219,39923.8356,25485.4107,18265.7272,18432.0874,15725.0966,10957.7871,11541.2773,40331.2219,Profit,19923.8356,5485.4107,3265.7272,3432.0874,5725.0966,957.7871,1541.2773,-0.0038,-6.6254
2012-04-23,139226.6873,39936.1844,25313.8085,18091.3253,18309.3382,15184.7075,10964.595,11426.7284,39226.6873,Profit,19936.1844,5313.8085,3091.3253,3309.3382,5184.7075,964.595,1426.7284,-0.0079,-7.3604
2012-04-24,137159.1562,38926.8544,25019.8612,17441.0256,18413.8755,15046.9637,10954.2501,11356.3257,37159.1562,Profit,18926.8544,5019.8612,2441.0256,3413.8755,5046.9637,954.2501,1356.3257,-0.0149,-8.7361
2012-04-25,141790.0182,42233.0539,25151.1842,17729.1938,18742.9586,15507.3132,11038.3664,11387.9481,41790.0182,Profit,22233.0539,5151.1842,2729.1938,3742.9586,5507.3132,1038.3664,1387.9481,0.0338,-5.6548
2012-04-26,141752.1297,42044.4039,25062.2439,17731.2951,18880.8832,15769.4226,10967.2264,11296.6546,41752.1297,Profit,22044.4039,5062.2439,2731.2951,3880.8832,5769.4226,967.2264,1296.6546,-0.0003,-5.68
2012-04-27,143856.5772,41575.6156,24872.4172,17522.4931,21778.3076,15644.5474,11044.2295,11418.9668,43856.5772,Profit,21575.6156,4872.4172,2522.4931,6778.3076,5644.5474,1044.2295,1418.9668,0.0148,-4.2797
2012-04-30,144034.0938,40578.0619,25095.6417,17686.7491,22437.9225,15668.0669,11075.7997,11491.8521,44034.0938,Profit,20578.0619,5095.6417,2686.7491,7437.9225,5668.0669,1075.7997,1491.8521,0.0012,-4.1616
2012-05-01,143618.1743,40266.8088,24980.4029,17914.7022,22156.6188,15902.7166,10994.9041,11402.0209,43618.1743,Profit,20266.8088,4980.4029,2914.7022,7156.6188,5902.7166,994.9041,1402.0209,-0.0029,-4.4384
2012-05-02,143905.3697,40747.9037,24949.4262,17493.6163,22294.0519,16062.5087,10958.7372,11399.1258,43905.3697,Profit,20747.9037,4949.4262,2493.6163,7294.0519,6062.5087,958.7372,1399.1258,0.002,-4.2473
2012-05-03,141894.6852,40362.8044,24853.7612,17157.1198,22164.9298,15326.3342,10796.9554,11232.7805,41894.6852,Profit,20362.8044,4853.7612,2157.1198,7164.9298,5326.3342,796.9554,1232.7805,-0.014,-5.5851
2012-05-04,139645.3439,39565.4869,24465.6502,16803.9935,21830.449,15162.8962,10644.424,11172.4442,39645.3439,Profit,19565.4869,4465.6502,1803.9935,6830.449,5162.8962,644.424,1172.4442,-0.0159,-7.0818
2012-05-07,140224.0443,39778.7805,24150.1994,17057.4015,21898.1925,15435.1756,10663.6032,11240.6915,40224.0443,Profit,19778.7805,4150.1994,2057.4015,6898.1925,5435.1756,663.6032,1240.6915,0.0041,-6.6968
2012-05-08,139208.4372,39936.9493,24184.9875,17150.696,21911.5431,14440.8965,10504.4627,11078.9021,39208.4372,Profit,19936.9493,4184.9875,2150.696,6911.5431,4440.8965,504.4627,1078.9021,-0.0072,-7.3725
2012-05-09,139336.497,40076.0635,24437.6897,17246.3319,21860.7996,14404.5802,10348.7224,10962.3099,39336.497,Profit,20076.0635,4437.6897,2246.3319,6860.7996,4404.5802,348.7224,962.3099,0.0009,-7.2873
2012-05-10,141271.7596,40178.0798,24423.8607,17130.4642,22228.9632,15797.3704,10465.4882,11047.5331,41271.7596,Profit,20178.0798,4423.8607,2130.4642,7228.9632,5797.3704,465.4882,1047.5331,0.0139,-5.9996
2012-05-11,141517.9876,39715.6172,24640.0939,18122.7237,22216.8285,15381.4906,10414.2941,11026.9397,41517.9876,Profit,19715.6172,4640.0939,3122.7237,7216.8285,5381.4906,414.2941,1026.9397,0.0017,-5.8358
2012-05-14,139365.4546,39317.0147,24378.8043,18106.094,21864.6252,14410.3362,10299.0412,10989.5389,39365.4546,Profit,19317.0147,4378.8043,3106.094,6864.6252,4410.3362,299.0412,989.5389,-0.0152,-7.2681
2012-05-15,138337.3597,39003.2839,24187.1778,17946.2206,22029.7874,14122.4034,10204.2731,10844.2134,38337.3597,Profit,19003.2839,4187.1778,2946.2206,7029.7874,4122.4034,204.2731,844.2134,-0.0074,-7.9521
2012-05-16,137965.8715,38784.216,24112.6098,17704.9997,22157.5057,14104.3313,10256.5161,10845.6927,37965.8715,Profit,18784.216,4112.6098,2704.9997,7157.5057,4104.3313,256.5161,845.6927,-0.0027,-8.1993
2012-05-17,136000.6225,37880.1614,24116.9545,17700.377,21726.356,13894.2921,10034.2501,10648.2315,36000.6225,Profit,17880.1614,4116.9545,2700.377,6726.356,3894.2921,34.2501,648.2315,-0.0142,-9.507
2012-05-18,134355.6523,38070.5243,23856.6507,16977.4348,21373.9178,13463.7134,10019.3781,10594.0332,34355.6523,Profit,18070.5243,3856.6507,1977.4348,6373.9178,3463.7134,19.3781,594.0332,-0.0121,-10.6015
2012-05-21,138590.7101,40289.5753,24247.1099,17272.5672,21799.699,14054.8521,10169.1359,10757.7708,38590.7101,Profit,20289.5753,4247.1099,2272.5672,6799.699,4054.8521,169.1359,757.7708,0.0315,-7.7836
2012-05-22,138406.6001,39900.6421,24210.9445,17031.4664,21481.7914,15013.7048,10078.0358,10690.0152,38406.6001,Profit,19900.6421,4210.9445,2031.4664,6481.7914,5013.7048,78.0358,690.0152,-0.0013,-7.9061
2012-05-23,140961.463,41215.3264,23882.2002,17600.5387,21854.9965,15250.5076,10300.5492,10857.3443,40961.463,Profit,21215.3264,3882.2002,2600.5387,6854.9965,5250.5076,300.5492,857.3443,0.0185,-6.2061
2012-05-24,139201.7146,40837.7847,23845.9739,17128.6631,21649.8041,14906.3418,9960.0636,10873.0834,39201.7146,Profit,20837.7847,3845.9739,2128.6631,6649.8041,4906.3418,-39.9364,873.0834,-0.0125,-7.377
2012-05-25,138664.7811,40659.3764,23862.1969,17560.3753,21434.2704,14669.8691,9733.943,10744.7499,38664.7811,Profit,20659.3764,3862.1969,2560.3753,6434.2704,4669.8691,-266.057,744.7499,-0.0039,-7.7343
2012-05-29,141281.9522,41252.896,24196.1338,17957.3271,21554.269,15546.5722,9898.1834,10876.5709,41281.9522,Profit,21252.896,4196.1338,2957.3271,6554.269,5546.5722,-101.8166,876.5709,0.0189,-5.9928
2012-05-30,140331.397,41880.9113,24092.2759,17797.4537,21067.8218,14966.594,9801.0454,10725.2948,40331.397,Profit,21880.9113,4092.2759,2797.4537,6067.8218,4966.594,-198.9546,725.2948,-0.0067,-6.6253
2012-05-31,140897.4513,42029.3686,24117.8693,17711.8437,21569.6753,14607.7006,9979.8872,10881.1065,40897.4513,Profit,22029.3686,4117.8693,2711.8437,6569.6753,4607.7006,-20.1128,881.1065,0.004,-6.2487
2012-06-01,136987.5696,40938.9775,23577.4113,17115.2153,21157.7243,13980.9633,9664.8787,10552.3993,36987.5696,Profit,20938.9775,3577.4113,2115.2153,6157.7243,3980.9633,-335.1213,552.3993,-0.0277,-8.8503
2012-06-04,137847.8911,41331.3363,23744.8866,16821.7639,21882.7803,13897.5577,9622.1774,10547.3889,37847.8911,Profit,21331.3363,3744.8866,1821.7639,6882.7803,3897.5577,-377.8226,547.3889,0.0063,-8.2778
2012-06-05,138341.8907,41209.9088,23696.2446,17286.6754,21735.7341,13907.1751,9784.127,10722.0257,38341.8907,Profit,21209.9088,3696.2446,2286.6754,6735.7341,3907.1751,-215.873,722.0257,0.0036,-7.9491
2012-06-06,140029.1028,41370.7383,24127.091,17566.0186,21938.0778,14361.8115,9849.2152,10816.1504,40029.1028,Profit,21370.7383,4127.091,2566.0186,6938.0778,4361.8115,-150.7848,816.1504,0.0122,-6.8265
2012-06-07,138653.2563,41176.3046,23904.1731,16762.029,21941.4864,14180.1077,9847.186,10841.9695,38653.2563,Profit,21176.3046,3904.1731,1762.029,6941.4864,4180.1077,-152.814,841.9695,-0.0098,-7.7419
2012-06-08,141437.9433,42150.3879,24460.1679,17238.5873,22097.6072,14870.3843,9812.8802,10807.9284,41437.9433,Profit,22150.3879,4460.1679,2238.5873,7097.6072,4870.3843,-187.1198,807.9284,0.0201,-5.8891
2012-06-11,138790.0278,41293.0159,23724.1452,17355.8958,21793.4946,14327.5263,9648.3185,10647.6314,38790.0278,Profit,21293.0159,3724.1452,2355.8958,6793.4946,4327.5263,-351.6815,647.6314,-0.0187,-7.6509
2012-06-12,140147.1929,41591.7537,24008.9917,17682.0063,21753.6641,14571.9226,9790.5752,10748.2793,40147.1929,Profit,21591.7537,4008.9917,2682.0063,6753.6641,4571.9226,-209.4248,748.2793,0.0098,-6.7479
2012-06-13,139334.6498,41311.6576,23885.554,17218.8358,21587.9949,14628.8661,9857.3287,10844.4127,39334.6498,Profit,21311.6576,3885.554,2218.8358,6587.9949,4628.8661,-142.6713,844.4127,-0.0058,-7.2886
2012-06-14,138782.7468,41174.1788,24000.9287,16967.7091,21511.5624,14409.7405,9880.2904,10838.3369,38782.7468,Profit,21174.1788,4000.9287,1967.7091,6511.5624,4409.7405,-119.7096,838.3369,-0.004,-7.6558
2012-06-15,140656.0279,41346.2379,24553.7624,17330.0808,21896.36,14660.4312,9966.8914,10902.2643,40656.0279,Profit,21346.2379,4553.7624,2330.0808,6896.36,4660.4312,-33.1086,902.2643,0.0135,-6.4093
2012-06-18,143006.1166,42276.1679,24456.078,17527.9563,22376.5243,15639.9612,9889.2399,10840.189,43006.1166,Profit,22276.1679,4456.078,2527.9563,7376.5243,5639.9612,-110.7601,840.189,0.0167,-4.8456
2012-06-19,144722.3069,42032.9444,24945.6209,18531.9827,22321.2132,15627.595,10241.1742,11021.7766,44722.3069,Profit,22032.9444,4945.6209,3531.9827,7321.2132,5627.595,241.1742,1021.7766,0.012,-3.7037
2012-06-20,146130.3487,41977.2753,25172.5818,18871.0607,22255.5117,16476.5009,10280.4283,11096.99,46130.3487,Profit,21977.2753,5172.5818,3871.0607,7255.5117,6476.5009,280.4283,1096.99,0.0097,-2.7668
2012-06-21,142979.3637,41626.5592,24667.4981,18118.0409,22134.0976,15788.7579,9909.2843,10735.1256,42979.3637,Profit,21626.5592,4667.4981,3118.0409,7134.0976,5788.7579,-90.7157,735.1256,-0.0216,-4.8634
2012-06-22,145328.2727,41987.3739,25146.5978,18344.7934,22313.2271,16588.1056,10083.2806,10864.8944,45328.2727,Profit,21987.3739,5146.5978,3344.7934,7313.2271,6588.1056,83.2806,864.8944,0.0164,-3.3005
2012-06-25,142916.3832,41342.1459,24560.3763,17855.9279,22195.948,16322.3573,9896.6069,10743.021,42916.3832,Profit,21342.1459,4560.3763,2855.9279,7195.948,6322.3573,-103.3931,743.021,-0.0166,-4.9053
2012-06-26,142799.5246,41282.3917,24604.0973,17990.6465,22670.7792,15525.4211,9929.1878,10797.0008,42799.5246,Profit,21282.3917,4604.0973,2990.6465,7670.7792,5525.4211,-70.8122,797.0008,-0.0008,-4.9831
2012-06-27,143870.7999,41427.1066,24704.8839,18548.4923,22654.116,15685.1414,9962.607,10888.4526,43870.7999,Profit,21427.1066,4704.8839,3548.4923,7654.116,5685.1414,-37.393,888.4526,0.0075,-4.2703
2012-06-28,143556.5015,41338.8751,24671.0047,18826.5747,22386.0062,15529.4116,9915.9916,10888.6376,43556.5015,Profit,21338.8751,4671.0047,3826.5747,7386.0062,5529.4116,-84.0084,888.6376,-0.0022,-4.4794
2012-06-29,145244.4499,41840.8218,24889.8467,19382.7996,22780.6948,15257.491,10117.7005,10975.0955,45244.4499,Profit,21840.8218,4889.8467,4382.7996,7780.6948,5257.491,117.7005,975.0955,0.0118,-3.3563
2012-07-02,145129.3831,42455.3457,24867.1487,18852.0296,22877.4654,14823.5319,10187.1749,11066.6869,45129.3831,Profit,22455.3457,4867.1487,3852.0296,7877.4654,4823.5319,187.1749,1066.6869,-0.0008,-3.4328
2012-07-03,145838.3898,42657.3135,24860.1583,19229.1698,22745.6239,14850.5323,10357.5824,11138.0096,45838.3898,Profit,22657.3135,4860.1583,4229.1698,7745.6239,4850.5323,357.5824,1138.0096,0.0049,-2.9611
2012-07-05,146444.6096,43441.9421,24830.427,19046.9634,22518.6368,15138.5728,10372.0549,11096.0126,46444.6096,Profit,23441.9421,4830.427,4046.9634,7518.6368,5138.5728,372.0549,1096.0126,0.0042,-2.5577
2012-07-06,145723.2148,43442.057,24573.9465,18811.8061,22469.1051,15123.063,10250.2607,11052.9763,45723.2148,Profit,23442.057,4573.9465,3811.8061,7469.1051,5123.063,250.2607,1052.9763,-0.0049,-3.0377
2012-07-09,146278.6976,44071.5294,24462.0696,18579.7706,22497.7446,15386.6294,10213.8893,11067.0648,46278.6976,Profit,24071.5294,4462.0696,3579.7706,7497.7446,5386.6294,213.8893,1067.0648,0.0038,-2.6681
2012-07-10,144208.3883,43625.714,24222.5372,18005.7153,21923.5839,15265.716,10144.9825,11020.1395,44208.3883,Profit,23625.714,4222.5372,3005.7153,6923.5839,5265.716,144.9825,1020.1395,-0.0142,-4.0456
2012-07-11,143332.675,43319.5267,23847.2613,17695.0939,21793.6199,15370.8181,10218.8454,11087.5096,43332.675,Profit,23319.5267,3847.2613,2695.0939,6793.6199,5370.8181,218.8454,1087.5096,-0.0061,-4.6283
2012-07-12,142502.7702,43005.3102,23350.9278,17439.1645,21533.273,15981.0121,10150.4736,11042.609,42502.7702,Profit,23005.3102,3350.9278,2439.1645,6533.273,5981.0121,150.4736,1042.609,-0.0058,-5.1805
2012-07-13,144149.9626,43169.9619,23815.8171,17549.8091,21701.5481,16635.2523,10177.7392,11099.8348,44149.9626,Profit,23169.9619,3815.8171,2549.8091,6701.5481,6635.2523,177.7392,1099.8348,0.0116,-4.0845
2012-07-16,145010.2842,43337.99,23872.5001,17616.9283,21477.7347,17476.127,10131.8917,11097.1123,45010.2842,Profit,23337.99,3872.5001,2616.9283,6477.7347,7476.127,131.8917,1097.1123,0.006,-3.5121
2012-07-17,143563.9731,43272.1026,24013.9666,17271.9668,21535.2328,16182.1661,10167.7128,11120.8254,43563.9731,Profit,23272.1026,4013.9666,2271.9668,6535.2328,6182.1661,167.7128,1120.8254,-0.01,-4.4744
2012-07-18,144258.9317,43096.8713,24580.4545,18177.1755,21527.1018,15555.2852,10157.1574,11164.8861,44258.9317,Profit,23096.8713,4580.4545,3177.1755,6527.1018,5555.2852,157.1574,1164.8861,0.0048,-4.012
2012-07-19,145737.161,43523.6719,24673.4178,18293.7035,22310.8131,15559.3044,10198.7127,11177.5375,45737.161,Profit,23523.6719,4673.4178,3293.7035,7310.8131,5559.3044,198.7127,1177.5375,0.0102,-3.0284
2012-07-20,144348.0623,42966.3329,24313.0794,17835.3358,22602.6304,15384.1461,10140.6418,11105.8958,44348.0623,Profit,22966.3329,4313.0794,2835.3358,7602.6304,5384.1461,140.6418,1105.8958,-0.0095,-3.9527
2012-07-23,143540.1195,43181.7007,23775.7845,18174.654,22505.2157,14922.4186,9989.9016,10990.4444,43540.1195,Profit,23181.7007,3775.7845,3174.654,7505.2157,4922.4186,-10.0984,990.4444,-0.0056,-4.4903
2012-07-24,142635.7754,43125.4308,23757.568,18042.0966,22288.0766,14574.6929,9961.1098,10886.8007,42635.7754,Profit,23125.4308,3757.568,3042.0966,7288.0766,4574.6929,-38.8902,886.8007,-0.0063,-5.092
2012-07-25,139443.0209,41155.265,23432.2814,18343.8928,21632.1346,14102.616,9904.0926,10872.7385,39443.0209,Profit,21155.265,3432.2814,3343.8928,6632.1346,4102.616,-95.9074,872.7385,-0.0224,-7.2164
2012-07-26,138823.9324,40824.7673,23517.1167,18281.5164,21754.8427,13595.4643,9972.0541,10878.1708,38823.9324,Profit,20824.7673,3517.1167,3281.5164,6754.8427,3595.4643,-27.9459,878.1708,-0.0044,-7.6284
2012-07-27,142730.65,41385.8299,23890.8835,18666.9415,23371.2251,14204.5387,10154.2021,11057.0292,42730.65,Profit,21385.8299,3890.8835,3666.9415,8371.2251,4204.5387,154.2021,1057.0292,0.0281,-5.0289
2012-07-30,141572.2188,41970.1495,23743.3915,18404.4682,23187.6944,13129.4951,10150.0404,10986.9798,41572.2188,Profit,21970.1495,3743.3915,3404.4682,8187.6944,3129.4951,150.0404,986.9798,-0.0081,-5.7997
2012-07-31,142202.998,43002.5087,23561.7047,18663.8197,22870.2801,13138.1938,10034.7673,10931.7237,42202.998,Profit,23002.5087,3561.7047,3663.8197,7870.2801,3138.1938,34.7673,931.7237,0.0045,-5.38
2012-08-01,140936.6593,42733.8228,23517.9397,18461.0813,22758.4811,12581.362,9981.3142,10902.6583,40936.6593,Profit,22733.8228,3517.9397,3461.0813,7758.4811,2581.362,-18.6858,902.6583,-0.0089,-6.2226
2012-08-02,141138.0634,42993.3181,23449.0287,18613.3902,22734.6403,12565.6655,9957.5587,10824.4617,41138.0634,Profit,22993.3181,3449.0287,3613.3902,7734.6403,2565.6655,-42.4413,824.4617,0.0014,-6.0886
2012-08-03,142807.674,43223.8854,23715.1453,18859.8942,22969.5842,13029.7902,10078.0048,10931.37,42807.674,Profit,23223.8854,3715.1453,3859.8942,7969.5842,3029.7902,78.0048,931.37,0.0118,-4.9776
2012-08-06,144206.1834,43707.7255,23878.8134,19257.5664,22873.7847,13507.616,10057.97,10922.7075,44206.1834,Profit,23707.7255,3878.8134,4257.5664,7873.7847,3507.616,57.97,922.7075,0.0098,-4.0471
2012-08-07,145675.8208,43491.2667,24071.119,19407.2939,23074.0687,14421.834,10169.5941,11040.6444,45675.8208,Profit,23491.2667,4071.119,4407.2939,8074.0687,4421.834,169.5941,1040.6444,0.0102,-3.0692
2012-08-08,144640.4395,43349.1468,24086.2803,19479.8162,22822.4264,13845.0927,10067.1424,10990.5345,44640.4395,Profit,23349.1468,4086.2803,4479.8162,7822.4264,3845.0927,67.1424,990.5345,-0.0071,-3.7582
2012-08-09,145483.8197,43490.6121,24165.3867,20100.5187,22738.5678,13965.0731,10038.0051,10985.6562,45483.8197,Profit,23490.6121,4165.3867,5100.5187,7738.5678,3965.0731,38.0051,985.6562,0.0058,-3.197
2012-08-10,145434.9636,43526.2834,24081.0368,19958.1756,22593.0761,14205.2564,10043.3556,11027.7797,45434.9636,Profit,23526.2834,4081.0368,4958.1756,7593.0761,4205.2564,43.3556,1027.7797,-0.0003,-3.2295
2012-08-13,146927.138,44181.9268,24097.8171,20248.5051,22601.6672,14814.1872,9980.859,11002.1755,46927.138,Profit,24181.9268,4097.8171,5248.5051,7601.6672,4814.1872,-19.141,1002.1755,0.0103,-2.2366
2012-08-14,145923.841,44218.8394,24006.3719,19913.7496,22631.2209,13955.6998,10183.5205,11014.4389,45923.841,Profit,24218.8394,4006.3719,4913.7496,7631.2209,3955.6998,183.5205,1014.4389,-0.0068,-2.9042
2012-08-15,146094.2287,44056.8437,24005.8026,19717.1348,22988.2895,13913.8785,10328.3044,11083.9751,46094.2287,Profit,24056.8437,4005.8026,4717.1348,7988.2895,3913.8785,328.3044,1083.9751,0.0012,-2.7908
2012-08-16,148322.9801,44396.2293,24441.3202,20103.9407,23364.5332,14325.3157,10491.9356,11199.7054,48322.9801,Profit,24396.2293,4441.3202,5103.9407,8364.5332,4325.3157,491.9356,1199.7054,0.0153,-1.3078
2012-08-17,149093.4665,45231.541,24548.6597,19937.2233,23337.2192,14193.9739,10569.3783,11275.471,49093.4665,Profit,25231.541,4548.6597,4937.2233,8337.2192,4193.9739,569.3783,1275.471,0.0052,-0.7952
2012-08-20,149789.9422,46443.4583,24433.5538,19947.3092,23269.6362,13964.499,10501.4921,11229.9937,49789.9422,Profit,26443.4583,4433.5538,4947.3092,8269.6362,3964.499,501.4921,1229.9937,0.0047,-0.3317
2012-08-21,148548.5606,45691.6057,24413.4566,19838.7058,23121.5563,13739.0504,10543.715,11200.4708,48548.5606,Profit,25691.6057,4413.4566,4838.7058,8121.5563,3739.0504,543.715,1200.4708,-0.0083,-1.1577
2012-08-22,150874.5401,46889.1563,24370.0461,20011.0665,23628.6901,14228.6539,10499.8319,11247.0953,50874.5401,Profit,26889.1563,4370.0461,5011.0665,8628.6901,4228.6539,499.8319,1247.0953,0.0157,0.0
2012-08-23,149759.2644,46445.5676,24134.1752,19552.6988,23441.6528,14597.7459,10418.8008,11168.6232,49759.2644,Profit,26445.5676,4134.1752,4552.6988,8441.6528,4597.7459,418.8008,1168.6232,-0.0074,-0.7392
2012-08-24,150382.6282,46448.8736,24363.6111,19937.7036,23863.6397,14002.1646,10541.2363,11225.3992,50382.6282,Profit,26448.8736,4363.6111,4937.7036,8863.6397,4002.1646,541.2363,1225.3992,0.0042,-0.326
2012-08-27,149898.4027,47197.1926,24399.0743,19535.1685,23620.0422,13404.1144,10529.0051,11213.8056,49898.4027,Profit,27197.1926,4399.0743,4535.1685,8620.0422,3404.1144,529.0051,1213.8056,-0.0032,-0.647
2012-08-28,149837.1842,46999.9503,24281.9339,19399.4893,23764.6529,13540.8247,10599.6091,11250.7241,49837.1842,Profit,26999.9503,4281.9339,4399.4893,8764.6529,3540.8247,599.6091,1250.7241,-0.0004,-0.6876
2012-08-29,150029.0972,46958.7557,24324.3006,19461.3854,23888.7903,13423.6003,10673.8116,11298.4534,50029.0972,Profit,26958.7557,4324.3006,4461.3854,8888.7903,3423.6003,673.8116,1298.4534,0.0013,-0.5604
2012-08-30,149317.7681,46522.8488,24186.4168,19198.3718,23924.7148,13492.9244,10782.5211,11209.9703,49317.7681,Profit,26522.8488,4186.4168,4198.3718,8924.7148,3492.9244,782.5211,1209.9703,-0.0047,-1.0318
2012-08-31,149274.6542,46323.6075,24427.5312,19048.7044,23970.7948,13459.1775,10826.7232,11218.1157,49274.6542,Profit,26323.6075,4427.5312,4048.7044,8970.7948,3459.1775,826.7232,1218.1157,-0.0003,-1.0604
2012-09-04,148238.4324,47006.2947,24089.7451,18013.4599,23933.1395,13279.8708,10761.535,11154.3876,48238.4324,Profit,27006.2947,4089.7451,3013.4599,8933.1395,3279.8708,761.535,1154.3876,-0.0069,-1.7472
2012-09-05,148447.9551,46859.4634,24185.0005,18149.9196,23866.8663,13237.6476,10892.3238,11256.7339,48447.9551,Profit,26859.4634,4185.0005,3149.9196,8866.8663,3237.6476,892.3238,1256.7339,0.0014,-1.6083
2012-09-06,150124.0548,46916.2471,24743.4973,18567.5835,24177.5593,13421.4257,10954.3086,11343.4335,50124.0548,Profit,26916.2471,4743.4973,3567.5835,9177.5593,3421.4257,954.3086,1343.4335,0.0113,-0.4974
2012-09-07,150251.0798,46974.9242,24321.9964,18035.2526,24804.6817,13731.5502,11013.2793,11369.3952,50251.0798,Profit,26974.9242,4321.9964,3035.2526,9804.6817,3731.5502,1013.2793,1369.3952,0.0008,-0.4132
2012-09-10,147421.7995,45677.9125,24100.1662,17841.7596,24568.1893,12784.2456,11042.5166,11407.0097,47421.7995,Profit,25677.9125,4100.1662,2841.7596,9568.1893,2784.2456,1042.5166,1407.0097,-0.0188,-2.2885
2012-09-11,146932.5184,45354.0831,24060.3513,17988.1851,24337.3824,12934.4992,10931.2492,11326.7681,46932.5184,Profit,25354.0831,4060.3513,2988.1851,9337.3824,2934.4992,931.2492,1326.7681,-0.0033,-2.6128
2012-09-12,148288.3579,46141.912,24134.5977,18253.1799,24416.1564,13202.4796,10854.9194,11285.113,48288.3579,Profit,26141.912,4134.5977,3253.1799,9416.1564,3202.4796,854.9194,1285.113,0.0092,-1.7141
2012-09-13,150638.5572,47025.7623,24242.6673,18365.6255,24846.2841,13757.0578,11005.8638,11395.2964,50638.5572,Profit,27025.7623,4242.6673,3365.6255,9846.2841,3757.0578,1005.8638,1395.2964,0.0158,-0.1564
2012-09-14,151559.3303,47392.7877,24354.4744,18497.1023,24834.6427,14119.2167,10997.1511,11363.9553,51559.3303,Profit,27392.7877,4354.4744,3497.1023,9834.6427,4119.2167,997.1511,1363.9553,0.0061,0.0
2012-09-17,152390.7661,48040.7188,24387.0801,18014.3004,24556.6517,15138.3288,10945.0337,11308.6527,52390.7661,Profit,28040.7188,4387.0801,3014.3004,9556.6517,5138.3288,945.0337,1308.6527,0.0055,0.0
2012-09-18,152510.1694,48282.2575,24401.4594,18170.2114,24676.1627,14608.5476,11045.1905,11326.3403,52510.1694,Profit,28282.2575,4401.4594,3170.2114,9676.1627,4608.5476,1045.1905,1326.3403,0.0008,0.0
2012-09-19,152912.7811,48308.5599,24317.7756,18390.1799,24963.2734,14477.8517,11107.5401,11347.6005,52912.7811,Profit,28308.5599,4317.7756,3390.1799,9963.2734,4477.8517,1107.5401,1347.6005,0.0026,0.0
2012-09-20,153166.4175,48220.4668,24703.6964,18311.2938,24954.3201,14450.7867,11125.8728,11399.9809,53166.4175,Profit,28220.4668,4703.6964,3311.2938,9954.3201,4450.7867,1125.8728,1399.9809,0.0017,0.0
2012-09-21,151957.0149,48216.5437,24448.8579,18345.814,24584.3396,14010.4901,10974.729,11376.2407,51957.0149,Profit,28216.5437,4448.8579,3345.814,9584.3396,4010.4901,974.729,1376.2407,-0.0079,-0.7896
2012-09-24,151737.7199,47805.4377,24243.4354,18426.5611,24446.6284,14378.1539,11017.8089,11419.6946,51737.7199,Profit,27805.4377,4243.4354,3426.5611,9446.6284,4378.1539,1017.8089,1419.6946,-0.0014,-0.9328
2012-09-25,147754.6307,46466.3256,23862.5984,18032.2508,24145.5054,12930.2647,10965.6542,11352.0317,47754.6307,Profit,26466.3256,3862.5984,3032.2508,9145.5054,2930.2647,965.6542,1352.0317,-0.0262,-3.5333
2012-09-26,147316.4817,46220.3593,23860.1404,17855.2675,24054.6416,12969.0428,10988.68,11368.35,47316.4817,Profit,26220.3593,3860.1404,2855.2675,9054.6416,2969.0428,988.68,1368.35,-0.003,-3.8193
2012-09-27,149522.4373,47211.1978,23786.3784,17924.0076,24651.0219,13378.2192,11121.3231,11450.2892,49522.4373,Profit,27211.1978,3786.3784,2924.0076,9651.0219,3378.2192,1121.3231,1450.2892,0.015,-2.3791
2012-09-28,148647.1722,46332.5939,23527.2362,18058.5462,24490.2003,13781.4314,11068.1167,11389.0474,48647.1722,Profit,26332.5939,3527.2362,3058.5462,9490.2003,3781.4314,1068.1167,1389.0474,-0.0059,-2.9505
2012-10-01,147326.6872,45751.2519,23290.4344,17729.6741,24243.0846,13711.0021,11133.7456,11467.4945,47326.6872,Profit,25751.2519,3290.4344,2729.6741,9243.0846,3711.0021,1133.7456,1467.4945,-0.0089,-3.8127
2012-10-02,147816.4294,45889.7115,23427.5063,17816.9651,24112.3512,14014.8036,11127.6026,11427.4892,47816.4294,Profit,25889.7115,3427.5063,2816.9651,9112.3512,4014.8036,1127.6026,1427.4892,0.0033,-3.4929
2012-10-03,149324.2911,46794.409,23687.0959,17703.0786,24726.9493,13837.0902,11155.3469,11420.3212,49324.2911,Profit,26794.409,3687.0959,2703.0786,9726.9493,3837.0902,1155.3469,1420.3212,0.0102,-2.5085
2012-10-04,150005.4426,46241.2018,23705.1187,18415.9949,25044.1795,13816.8148,11282.2373,11499.8955,50005.4426,Profit,26241.2018,3705.1187,3415.9949,10044.1795,3816.8148,1282.2373,1499.8955,0.0046,-2.0638
2012-10-05,147189.2688,44985.9806,23421.7244,17869.916,24706.4193,13495.58,11229.4653,11480.1832,47189.2688,Profit,24985.9806,3421.7244,2869.916,9706.4193,3495.58,1229.4653,1480.1832,-0.0188,-3.9024
2012-10-08,146098.9645,43992.7231,23367.4114,17697.3152,24758.9836,13663.7477,11187.9666,11430.8168,46098.9645,Profit,23992.7231,3367.4114,2697.3152,9758.9836,3663.7477,1187.9666,1430.8168,-0.0074,-4.6142
2012-10-09,144322.0506,43942.7743,23033.6693,17365.9817,24046.264,13286.5814,11206.5313,11440.2486,44322.0506,Profit,23942.7743,3033.6693,2365.9817,9046.264,3286.5814,1206.5313,1440.2486,-0.0122,-5.7744
2012-10-10,143386.7469,44285.2665,22795.642,17071.99,23471.839,13299.2706,11111.2466,11351.4922,43386.7469,Profit,24285.2665,2795.642,2071.99,8471.839,3299.2706,1111.2466,1351.4922,-0.0065,-6.385
2012-10-11,142413.0722,43379.6821,22758.3011,17155.9191,23386.1126,13255.0594,11124.6064,11353.3916,42413.0722,Profit,23379.6821,2758.3011,2155.9191,8386.1126,3255.0594,1124.6064,1353.3916,-0.0068,-7.0207
2012-10-12,142282.9259,43567.9614,22992.9066,17037.1697,23248.3348,12959.2891,11132.9588,11344.3056,42282.9259,Profit,23567.9614,2992.9066,2037.1697,8248.3348,2959.2891,1132.9588,1344.3056,-0.0009,-7.1057
2012-10-15,143054.93,43850.439,23203.7674,17225.1995,23387.0641,12794.3079,11195.8798,11398.2723,43054.93,Profit,23850.439,3203.7674,2225.1995,8387.0641,2794.3079,1195.8798,1398.2723,0.0054,-6.6016
2012-10-16,146008.9556,45210.1518,23354.4255,17849.264,23531.2362,13230.0542,11315.2249,11518.5991,46008.9556,Profit,25210.1518,3354.4255,2849.264,8531.2362,3230.0542,1315.2249,1518.5991,0.0206,-4.673
2012-10-17,145728.58,44582.9577,23295.3324,17609.1237,23733.1609,13507.939,11415.7109,11584.3554,45728.58,Profit,24582.9577,3295.3324,2609.1237,8733.1609,3507.939,1415.7109,1584.3554,-0.0019,-4.856
2012-10-18,144138.8025,43811.41,23254.1223,17360.3384,23508.7601,13158.864,11455.7257,11589.582,44138.8025,Profit,23811.41,3254.1223,2360.3384,8508.7601,3158.864,1455.7257,1589.582,-0.0109,-5.894
2012-10-19,141761.5877,42766.8991,22859.1906,16541.4002,23334.4254,13182.6635,11467.2339,11609.775,41761.5877,Profit,22766.8991,2859.1906,1541.4002,8334.4254,3182.6635,1467.2339,1609.775,-0.0165,-7.446
2012-10-22,142351.5003,44489.8106,22365.0993,16372.7017,22743.4056,13242.9802,11495.5672,11641.9357,42351.5003,Profit,24489.8106,2365.0993,1372.7017,7743.4056,3242.9802,1495.5672,1641.9357,0.0042,-7.0609
2012-10-23,141350.4936,43019.7848,22394.6928,16864.0886,22785.7931,13494.3168,11283.4038,11508.4137,41350.4936,Profit,23019.7848,2394.6928,1864.0886,7785.7931,3494.3168,1283.4038,1508.4137,-0.007,-7.7144
2012-10-24,140280.6766,43317.0185,22302.5405,16660.1495,22246.6602,13048.9819,11281.1537,11424.1722,40280.6766,Profit,23317.0185,2302.5405,1660.1495,7246.6602,3048.9819,1281.1537,1424.1722,-0.0076,-8.4129
2012-10-25,139193.5042,42786.6318,22278.9746,16668.9146,21695.6139,13091.3271,11267.2725,11404.7696,39193.5042,Profit,22786.6318,2278.9746,1668.9146,6695.6139,3091.3271,1267.2725,1404.7696,-0.0077,-9.1227
2012-10-26,140863.0242,42602.4633,22649.849,16569.7367,23298.5733,13087.5662,11264.16,11390.6757,40863.0242,Profit,22602.4633,2649.849,1569.7367,8298.5733,3087.5662,1264.16,1390.6757,0.012,-8.0327
2012-10-31,140357.0889,42018.0123,22925.4239,16482.0255,22789.0509,13454.6415,11287.457,11400.4777,40357.0889,Profit,22018.0123,2925.4239,1482.0255,7789.0509,3454.6415,1287.457,1400.4777,-0.0036,-8.363
2012-11-01,142374.7894,42001.8273,23652.0002,17228.9217,22663.3942,13955.2907,11406.5653,11466.79,42374.7894,Profit,22001.8273,3652.0002,2228.9217,7663.3942,3955.2907,1406.5653,1466.79,0.0144,-7.0457
2012-11-02,140734.7394,40576.6212,23623.9878,17135.8073,22670.2526,13786.7999,11401.8547,11539.4159,40734.7394,Profit,20576.6212,3623.9878,2135.8073,7670.2526,3786.7999,1401.8547,1539.4159,-0.0115,-8.1165
2012-11-05,143460.7817,41132.9584,23727.4781,17860.3104,22858.8482,15019.2599,11357.6999,11504.2268,43460.7817,Profit,21132.9584,3727.4781,2860.3104,7858.8482,5019.2599,1357.6999,1504.2268,0.0194,-6.3367
2012-11-06,143273.9121,40889.6927,23845.4895,17793.4914,23106.4946,14809.1776,11332.8783,11496.6881,43273.9121,Profit,20889.6927,3845.4895,2793.4914,8106.4946,4809.1776,1332.8783,1496.6881,-0.0013,-6.4587
2012-11-07,140321.3685,39467.6283,23303.5283,17307.9879,22653.3133,15048.923,11170.5955,11369.3922,40321.3685,Profit,19467.6283,3303.5283,2307.9879,7653.3133,5048.923,1170.5955,1369.3922,-0.0206,-8.3863
2012-11-08,138080.2327,38090.7309,23121.7107,17434.1215,22224.6893,14960.1058,11012.1301,11236.7444,38080.2327,Profit,18090.7309,3121.7107,2434.1215,7224.6893,4960.1058,1012.1301,1236.7444,-0.016,-9.8495
2012-11-09,137745.3718,38823.2145,23183.809,16790.6057,22167.3302,14516.0915,11047.7496,11216.5713,37745.3718,Profit,18823.2145,3183.809,1790.6057,7167.3302,4516.0915,1047.7496,1216.5713,-0.0024,-10.0682
2012-11-12,137083.4635,38526.4594,22692.0209,16400.7981,22183.0027,14875.1643,11080.8465,11325.1716,37083.4635,Profit,18526.4594,2692.0209,1400.7981,7183.0027,4875.1643,1080.8465,1325.1716,-0.0048,-10.5003
2012-11-13,136573.9709,38569.6625,21984.532,16309.1245,22217.919,15150.7596,11072.7005,11269.2728,36573.9709,Profit,18569.6625,1984.532,1309.1245,7217.919,5150.7596,1072.7005,1269.2728,-0.0037,-10.833
2012-11-14,134769.6122,38148.3874,21786.7081,15911.7525,21864.4059,15041.6239,10932.406,11084.3284,34769.6122,Profit,18148.3874,1786.7081,911.7525,6864.4059,5041.6239,932.406,1084.3284,-0.0132,-12.011
2012-11-15,133433.6326,37373.6487,21654.2446,15993.22,21649.0602,14783.5408,10916.0965,11063.8218,33433.6326,Profit,17373.6487,1654.2446,993.22,6649.0602,4783.5408,916.0965,1063.8218,-0.0099,-12.8832
2012-11-16,134290.3928,37533.0657,21549.1503,15704.6315,22110.0494,15277.3717,11030.3212,11085.8031,34290.3928,Profit,17533.0657,1549.1503,704.6315,7110.0494,5277.3717,1030.3212,1085.8031,0.0064,-12.3239
2012-11-19,138044.7312,39979.5235,21578.8097,16045.0903,22405.9195,15694.7659,11187.2379,11153.3843,38044.7312,Profit,19979.5235,1578.8097,1045.0903,7405.9195,5694.7659,1187.2379,1153.3843,0.028,-9.8727
2012-11-20,138271.903,39665.5698,21577.2656,15871.4689,22816.639,15742.3576,11365.7712,11232.8308,38271.903,Profit,19665.5698,1577.2656,871.4689,7816.639,5742.3576,1365.7712,1232.8308,0.0016,-9.7244
2012-11-21,139412.5367,39761.0868,21793.5776,16339.082,23254.7351,15505.0882,11426.357,11332.61,39412.5367,Profit,19761.0868,1793.5776,1339.082,8254.7351,5505.0882,1426.357,1332.61,0.0082,-8.9797
2012-11-23,140390.6528,40238.2117,22281.0541,16364.1166,23311.0173,15261.2231,11494.8352,11440.1948,40390.6528,Profit,20238.2117,2281.0541,1364.1166,8311.0173,5261.2231,1494.8352,1440.1948,0.007,-8.3411
2012-11-26,142400.4956,41600.7847,22078.3382,16677.1394,23726.929,15361.6673,11485.9628,11469.6741,42400.4956,Profit,21600.7847,2078.3382,1677.1394,8726.929,5361.6673,1485.9628,1469.6741,0.0143,-7.0289
2012-11-27,141585.8466,41214.2143,21800.1046,16734.593,23674.5272,15284.5488,11472.1518,11405.7069,41585.8466,Profit,21214.2143,1800.1046,1734.593,8674.5272,5284.5488,1472.1518,1405.7069,-0.0057,-7.5608
2012-11-28,142721.5859,41052.8521,22009.5591,16868.7113,24018.4508,15777.3893,11558.6777,11435.9457,42721.5859,Profit,21052.8521,2009.5591,1868.7113,9018.4508,5777.3893,1558.6777,1435.9457,0.008,-6.8193
2012-11-29,143364.9982,41507.3583,21684.3914,16565.4742,24425.2506,16007.0365,11593.5547,11581.9325,43364.9982,Profit,21507.3583,1684.3914,1565.4742,9425.2506,6007.0365,1593.5547,1581.9325,0.0045,-6.3992
2012-11-30,142844.859,41234.442,21414.7751,16468.7578,24506.008,16072.0614,11579.7629,11569.0517,42844.859,Profit,21234.442,1414.7751,1468.7578,9506.008,6072.0614,1579.7629,1569.0517,-0.0036,-6.7388
2012-12-03,142677.1672,41277.7014,21263.6606,16159.8774,24328.9754,16445.589,11601.179,11600.1846,42677.1672,Profit,21277.7014,1263.6606,1159.8774,9328.9754,6445.589,1601.179,1600.1846,-0.0012,-6.8483
2012-12-04,142166.8914,40544.0353,21210.2595,16640.2779,24536.429,16101.9471,11556.3494,11577.5932,42166.8914,Profit,20544.0353,1210.2595,1640.2779,9536.429,6101.9471,1556.3494,1577.5932,-0.0036,-7.1814
2012-12-05,139552.482,37881.4918,21418.9729,16422.4707,24641.9904,15987.4787,11633.3932,11566.6842,39552.482,Profit,17881.4918,1418.9729,1422.4707,9641.9904,5987.4787,1633.3932,1566.6842,-0.0184,-8.8883
2012-12-06,139981.7607,38464.4528,21461.863,16445.284,24579.7817,16074.3725,11580.1455,11375.8612,39981.7607,Profit,18464.4528,1461.863,1445.284,9579.7817,6074.3725,1580.1455,1375.8612,0.0031,-8.6081
2012-12-07,138472.6721,37403.3861,21196.3976,16374.1425,24520.4941,16169.6994,11562.6144,11245.938,38472.6721,Profit,17403.3861,1196.3976,1374.1425,9520.4941,6169.6994,1562.6144,1245.938,-0.0108,-9.5933
2012-12-10,138665.1935,37096.9642,21550.143,16908.4545,23944.3481,16329.233,11582.3425,11253.7081,38665.1935,Profit,17096.9642,1550.143,1908.4545,8944.3481,6329.233,1582.3425,1253.7081,0.0014,-9.4676
2012-12-11,140859.1047,37891.0179,21842.3624,17294.2999,24214.265,16656.1378,11663.5382,11297.4835,40859.1047,Profit,17891.0179,1842.3624,2294.2999,9214.265,6656.1378,1663.5382,1297.4835,0.0158,-8.0353
2012-12-12,140543.782,37676.0138,21747.2508,17093.1824,24285.5777,16624.788,11744.9739,11371.9954,40543.782,Profit,17676.0138,1747.2508,2093.1824,9285.5777,6624.788,1744.9739,1371.9954,-0.0022,-8.2411
2012-12-13,138873.5211,36993.7794,21630.0115,17092.8222,24219.1655,15835.5744,11739.8343,11362.3338,38873.5211,Profit,16993.7794,1630.0115,2092.8222,9219.1655,5835.5744,1739.8343,1362.3338,-0.0119,-9.3316
2012-12-14,137297.8415,35650.8241,21416.1134,17200.5251,24052.3039,15950.8107,11678.5508,11348.7134,37297.8415,Profit,15650.8241,1416.1134,2200.5251,9052.3039,5950.8107,1678.5508,1348.7134,-0.0113,-10.3603
2012-12-17,138632.2543,36219.1862,21600.418,17082.4361,24455.844,16197.8625,11691.7401,11384.7674,38632.2543,Profit,16219.1862,1600.418,2082.4361,9455.844,6197.8625,1691.7401,1384.7674,0.0097,-9.4891
2012-12-18,141274.5114,37312.5548,22001.9585,17147.5742,25119.0202,16308.8643,11865.9403,11518.5991,41274.5114,Profit,17312.5548,2001.9585,2147.5742,10119.0202,6308.8643,1865.9403,1518.5991,0.0191,-7.764
2012-12-19,140821.0774,36839.0527,21835.9034,17296.0409,24921.9021,16341.4557,11960.5649,11626.1577,40821.0774,Profit,16839.0527,1835.9034,2296.0409,9921.9021,6341.4557,1960.5649,1626.1577,-0.0032,-8.0601
2012-12-20,141283.1382,36569.4776,22167.8847,17310.4493,25299.3655,16281.182,11985.1467,11669.6323,41283.1382,Profit,16569.4776,2167.8847,2310.4493,10299.3655,6281.182,1985.1467,1669.6323,0.0033,-7.7584
2012-12-21,140667.7066,36622.6361,22114.0412,17015.3169,25004.6525,16173.8693,11985.1455,11752.045,40667.7066,Profit,16622.6361,2114.0412,2015.3169,10004.6525,6173.8693,1985.1455,1752.045,-0.0044,-8.1602
2012-12-24,140170.7722,36575.3551,21733.6026,16826.6268,25096.6851,16259.4568,11932.9251,11746.1206,40170.7722,Profit,16575.3551,1733.6026,1826.6268,10096.6851,6259.4568,1932.9251,1746.1206,-0.0035,-8.4847
2012-12-26,138120.181,36069.002,21574.7936,16811.7381,24127.2484,15932.1788,11922.3537,11682.8664,38120.181,Profit,16069.002,1574.7936,1811.7381,9127.2484,5932.1788,1922.3537,1682.8664,-0.0146,-9.8235
2012-12-27,138648.4376,36346.5875,21734.6264,16764.2503,24183.703,16037.6614,11896.6874,11684.9216,38648.4376,Profit,16346.5875,1734.6264,1764.2503,9183.703,6037.6614,1896.6874,1684.9216,0.0038,-9.4786
2012-12-28,137227.8714,35970.1579,21410.2866,16682.1824,23886.063,15818.7225,11808.3552,11652.1038,37227.8714,Profit,15970.1579,1410.2866,1682.1824,8886.063,5818.7225,1808.3552,1652.1038,-0.0102,-10.406
2012-12-31,140186.3376,37551.1208,21531.8177,16902.6912,24433.0292,16123.3493,11880.2631,11764.0664,40186.3376,Profit,17551.1208,1531.8177,1902.6912,9433.0292,6123.3493,1880.2631,1764.0664,0.0216,-8.4745
2013-01-02,143106.8887,38393.7319,22064.9168,17373.7863,24833.5424,16680.3535,11984.8509,11775.707,43106.8887,Profit,18393.7319,2064.9168,2373.7863,9833.5424,6680.3535,1984.8509,1775.707,0.0208,-6.5677
2013-01-03,141967.743,37885.1098,21754.8854,17377.4484,24931.2802,16392.069,11989.4892,11637.461,41967.743,Profit,17885.1098,1754.8854,2377.4484,9931.2802,6392.069,1989.4892,1637.461,-0.008,-7.3114
2013-01-04,141149.3693,36843.5107,21351.611,17951.5637,25003.515,16222.5519,12073.0975,11703.5194,41149.3693,Profit,16843.5107,1351.611,2951.5637,10003.515,6222.5519,2073.0975,1703.5194,-0.0058,-7.8457
2013-01-07,141249.7698,36636.6015,21324.7252,17442.9467,25912.2818,16200.8267,12048.6507,11683.7372,41249.7698,Profit,16636.6015,1324.7252,2442.9467,10912.2818,6200.8267,2048.6507,1683.7372,0.0007,-7.7802
2013-01-08,140469.1546,36784.5145,21240.3294,17084.5974,25745.4163,15910.4033,12001.8696,11702.024,40469.1546,Profit,16784.5145,1240.3294,2084.5974,10745.4163,5910.4033,2001.8696,1702.024,-0.0055,-8.2898
2013-01-09,139539.0,36193.2967,21348.8275,16692.8086,25729.4795,15883.5106,12050.2217,11640.8555,39539.0,Profit,16193.2967,1348.8275,1692.8086,10729.4795,5883.5106,2050.2217,1640.8555,-0.0066,-8.8971
2013-01-10,139583.6608,36606.5262,21139.9802,16708.838,25611.1334,15818.6866,12070.7499,11627.7466,39583.6608,Profit,16606.5262,1139.9802,1708.838,10611.1334,5818.6866,2070.7499,1627.7466,0.0003,-8.868
2013-01-11,139293.7595,36318.706,21392.144,16647.1219,25812.2554,15496.2891,12053.3004,11573.9428,39293.7595,Profit,16318.706,1392.144,1647.1219,10812.2554,5496.2891,2053.3004,1573.9428,-0.0021,-9.0572
2013-01-14,138697.9159,35019.3197,21439.8961,16633.614,26271.0341,15659.4831,12086.313,11588.2559,38697.9159,Profit,15019.3197,1439.8961,1633.614,11271.0341,5659.4831,2086.313,1588.2559,-0.0043,-9.4463
2013-01-15,137792.3389,33907.652,21690.0714,16327.4953,26188.4208,15959.208,12114.4281,11605.0634,37792.3389,Profit,13907.652,1690.0714,1327.4953,11188.4208,5959.208,2114.4281,1605.0634,-0.0065,-10.0375
2013-01-16,139094.1565,35356.7438,21579.8374,16496.9742,25931.32,16071.2863,12081.1776,11576.8172,39094.1565,Profit,15356.7438,1579.8374,1496.9742,10931.32,6071.2863,2081.1776,1576.8172,0.0094,-9.1876
2013-01-17,139769.6246,35131.2422,21754.8854,16724.8073,26088.7212,16208.2119,12167.1357,11694.6208,39769.6246,Profit,15131.2422,1754.8854,1724.8073,11088.7212,6208.2119,2167.1357,1694.6208,0.0049,-8.7466
2013-01-18,140857.3545,35240.7246,21940.3525,16755.9054,26470.6682,16412.9329,12262.6324,11774.1384,40857.3545,Profit,15240.7246,1940.3525,1755.9054,11470.6682,6412.9329,2262.6324,1774.1384,0.0078,-8.0364
2013-01-22,141264.8285,35566.1941,21856.9345,16667.4138,26274.991,16726.4595,12347.481,11825.3547,41264.8285,Profit,15566.1941,1856.9345,1667.4138,11274.991,6726.4595,2347.481,1825.3547,0.0029,-7.7704
2013-01-23,142989.0463,36405.3749,22341.3696,16781.0001,26209.1975,17201.0413,12284.2334,11766.8295,42989.0463,Profit,16405.3749,2341.3696,1781.0001,11209.1975,7201.0413,2284.2334,1766.8295,0.0122,-6.6446
2013-01-24,140208.6411,32036.4076,22447.6824,16934.1495,26854.9723,17744.8682,12355.0044,11835.5566,40208.6411,Profit,12036.4076,2447.6824,1934.1495,11854.9723,7744.8682,2355.0044,1835.5566,-0.0194,-8.4599
2013-01-25,141668.3748,31443.9885,22765.722,17331.8218,28017.3178,17832.0562,12433.9599,11843.5087,41668.3748,Profit,11443.9885,2765.722,2331.8218,13017.3178,7832.0562,2433.9599,1843.5087,0.0104,-7.5069
2013-01-28,142403.1626,32125.139,22769.728,17593.9949,27208.6832,18321.997,12523.5908,11860.0297,42403.1626,Profit,12125.139,2769.728,2593.9949,12208.6832,8321.997,2523.5908,1860.0297,0.0052,-7.0272
2013-01-29,140625.3672,32595.9217,22759.4068,17150.9962,25560.2078,18210.8445,12510.5474,11837.443,40625.3672,Profit,12595.9217,2759.4068,2150.9962,10560.2078,8210.8445,2510.5474,1837.443,-0.0125,-8.1879
2013-01-30,141434.7612,32508.875,22640.4206,17128.9033,26789.2552,18011.6571,12538.0239,11817.6261,41434.7612,Profit,12508.875,2640.4206,2128.9033,11789.2552,8011.6571,2538.0239,1817.6261,0.0058,-7.6594
2013-01-31,139649.8448,32279.9032,22225.2569,16975.7538,25969.6507,17933.3185,12453.1648,11812.7968,39649.8448,Profit,12279.9032,2225.2569,1975.7538,10969.6507,7933.3185,2453.1648,1812.7968,-0.0126,-8.8248
2013-02-01,140431.7732,32132.7599,22600.1553,17119.778,25907.7729,18301.8077,12527.4121,11842.0873,40431.7732,Profit,12132.7599,2600.1553,2119.778,10907.7729,8301.8077,2527.4121,1842.0873,0.0056,-8.3143
2013-02-04,137858.7957,31300.9207,22183.1229,16811.3778,25391.541,18016.1716,12425.0626,11730.599,37858.7957,Profit,11300.9207,2183.1229,1811.3778,10391.541,8016.1716,2425.0626,1730.599,-0.0183,-9.9941
2013-02-05,140184.867,32380.9481,22220.6097,17185.4563,26053.3586,18193.2246,12412.0767,11739.193,40184.867,Profit,12380.9481,2220.6097,2185.4563,11053.3586,8193.2246,2412.0767,1739.193,0.0169,-8.4755
2013-02-06,139940.6093,32307.1606,22062.7585,17033.0273,25566.6785,18666.938,12554.6627,11749.3839,39940.6093,Profit,12307.1606,2062.7585,2033.0273,10566.6785,8666.938,2554.6627,1749.3839,-0.0017,-8.6349
2013-02-07,141121.4548,33378.5746,22087.0525,17018.6789,25456.7178,18877.0346,12558.5096,11744.8868,41121.4548,Profit,13378.5746,2087.0525,2018.6789,10456.7178,8877.0346,2558.5096,1744.8868,0.0084,-7.864
2013-02-08,142361.2625,33953.307,22363.795,17176.331,25694.2108,18812.9714,12567.0256,11793.6218,42361.2625,Profit,13953.307,2363.795,2176.331,10694.2108,8812.9714,2567.0256,1793.6218,0.0088,-7.0545
2013-02-11,142927.7773,34464.5171,22720.6736,17445.288,25342.5772,18502.5382,12648.9942,11803.189,42927.7773,Profit,14464.5171,2720.6736,2445.288,10342.5772,8502.5382,2648.9942,1803.189,0.004,-6.6847
2013-02-12,141366.8631,33478.1132,22655.0326,17271.6667,25398.2173,18182.0498,12603.7519,11778.0317,41366.8631,Profit,13478.1132,2655.0326,2271.6667,10398.2173,8182.0498,2603.7519,1778.0317,-0.0109,-7.7037
2013-02-13,142655.4485,33385.2992,22756.796,17176.331,26431.8342,18434.1974,12674.0617,11796.9291,42655.4485,Profit,13385.2992,2756.796,2176.331,11431.8342,8434.1974,2674.0617,1796.9291,0.0091,-6.8625
2013-02-14,142866.9849,33314.7895,22738.3388,17650.7881,26377.6468,18340.2916,12676.0077,11769.1225,42866.9849,Profit,13314.7895,2738.3388,2650.7881,11377.6468,8340.2916,2676.0077,1769.1225,0.0015,-6.7243
2013-02-15,142057.2117,33060.2004,22852.4499,17761.973,26131.9603,17846.8052,12674.0252,11729.7976,42057.2117,Profit,13060.2004,2852.4499,2761.973,11131.9603,7846.8052,2674.0252,1729.7976,-0.0057,-7.253
2013-02-19,144476.425,33206.1542,23181.7805,17606.9625,26718.0835,19016.3574,12879.219,11867.8679,44476.425,Profit,13206.1542,3181.7805,2606.9625,11718.0835,9016.3574,2879.219,1867.8679,0.017,-5.6736
2013-02-20,143116.9462,32544.2742,23139.1212,17435.5023,26504.6212,18741.042,12857.0209,11895.3644,43116.9462,Profit,12544.2742,3139.1212,2435.5023,11504.6212,8741.042,2857.0209,1895.3644,-0.0094,-6.5611
2013-02-21,140962.9309,32410.6387,22873.2553,17345.6899,26515.1348,17134.466,12787.4984,11896.2479,40962.9309,Profit,12410.6387,2873.2553,2345.6899,11515.1348,7134.466,2787.4984,1896.2479,-0.0151,-7.9675
2013-02-22,142861.2033,32881.3862,23186.4098,17734.9572,26564.6214,17664.7855,12873.2693,11955.7738,42861.2033,Profit,12881.3862,3186.4098,2734.9572,11564.6214,7664.7855,2873.2693,1955.7738,0.0135,-6.7281
2013-02-25,140467.2355,32424.123,22953.7769,17495.4774,26113.4508,16885.9501,12703.4529,11891.0043,40467.2355,Profit,12424.123,2953.7769,2495.4774,11113.4508,6885.9501,2703.4529,1891.0043,-0.0168,-8.2911
2013-02-26,141271.2133,32928.3434,22987.3185,17725.4717,26100.2862,16935.1925,12666.2115,11928.3895,41271.2133,Profit,12928.3434,2987.3185,2725.4717,11100.2862,6935.1925,2666.2115,1928.3895,0.0057,-7.7662
2013-02-27,142084.141,32506.8525,23288.1662,18001.2727,26414.4387,17214.3908,12715.7369,11943.2832,42084.141,Profit,12506.8525,3288.1662,3001.2727,11414.4387,7214.3908,2715.7369,1943.2832,0.0058,-7.2354
2013-02-28,142394.7501,32388.1138,23358.6473,18150.4599,26607.3319,17140.3011,12773.0987,11976.7975,42394.7501,Profit,12388.1138,3358.6473,3150.4599,11607.3319,7140.3011,2773.0987,1976.7975,0.0022,-7.0327
2013-03-01,141916.4585,31585.2402,23486.8461,18219.3801,26755.3355,17051.7207,12769.5048,12048.4312,41916.4585,Profit,11585.2402,3486.8461,3219.3801,11755.3355,7051.7207,2769.5048,2048.4312,-0.0034,-7.3449
2013-03-04,142578.5655,30854.8613,23681.406,18159.7653,27532.1198,17531.5202,12758.2833,12060.6095,42578.5655,Profit,10854.8613,3681.406,3159.7653,12532.1198,7531.5202,2758.2833,2060.6095,0.0047,-6.9126
2013-03-05,144516.6906,31648.1596,23832.6873,18360.9428,27760.544,18044.6935,12767.219,12102.4444,44516.6906,Profit,11648.1596,3832.6873,3360.9428,12760.544,8044.6935,2767.219,2102.4444,0.0136,-5.6473
2013-03-06,144323.7466,31318.3165,23664.9423,18390.2399,27643.5527,18600.0685,12641.7676,12064.8591,44323.7466,Profit,11318.3165,3664.9423,3390.2399,12643.5527,8600.0685,2641.7676,2064.8591,-0.0013,-5.7732
2013-03-07,144762.6863,31644.457,23683.5054,18323.661,27620.4677,18844.6083,12545.2523,12100.7345,44762.6863,Profit,11644.457,3683.5054,3323.661,12620.4677,8844.6083,2545.2523,2100.7345,0.003,-5.4867
2013-03-08,144488.7857,31638.5372,23503.5624,18358.1812,27573.8905,18909.5256,12466.8899,12038.1988,44488.7857,Profit,11638.5372,3503.5624,3358.1812,12573.8905,8909.5256,2466.8899,2038.1988,-0.0019,-5.6655
2013-03-11,144706.1682,32074.8664,23378.1852,18168.4104,27263.9493,19209.8462,12532.6466,12078.2642,44706.1682,Profit,12074.8664,3378.1852,3168.4104,12263.9493,9209.8462,2532.6466,2078.2642,0.0015,-5.5236
2013-03-12,144126.1245,31341.3528,23380.2097,18209.3543,27516.8701,19193.4392,12478.3364,12006.562,44126.1245,Profit,11341.3528,3380.2097,3209.3543,12516.8701,9193.4392,2478.3364,2006.562,-0.004,-5.9023
2013-03-13,144110.8779,31392.1955,23430.7133,18243.094,27665.4062,19160.2162,12292.5955,11926.6572,44110.8779,Profit,11392.1955,3430.7133,3243.094,12665.4062,9160.2162,2292.5955,1926.6572,-0.0001,-5.9122
2013-03-14,142664.1789,31660.3253,23589.2487,18237.2105,26692.9016,18092.0771,12359.3779,12033.0378,42664.1789,Profit,11660.3253,3589.2487,3237.2105,11692.9016,8092.0771,2359.3779,2033.0378,-0.01,-6.8568
2013-03-15,141223.2345,32262.9439,23342.7239,17958.7079,26124.8612,17211.3548,12291.6272,12031.0156,41223.2345,Profit,12262.9439,3342.7239,2958.7079,11124.8612,7211.3548,2291.6272,2031.0156,-0.0101,-7.7975
2013-03-18,141668.9012,33216.3021,23452.4835,17878.3209,25793.3092,17183.3855,12208.1039,11936.9962,41668.9012,Profit,13216.3021,3452.4835,2878.3209,10793.3092,7183.3855,2208.1039,1936.9962,0.0032,-7.5066
2013-03-19,142024.0931,33308.8063,23652.4847,17858.6895,25788.3578,17244.8936,12211.9595,11958.9017,42024.0931,Profit,13308.8063,3652.4847,2858.6895,10788.3578,7244.8936,2211.9595,1958.9017,0.0025,-7.2747
2013-03-20,142655.7268,33114.443,23756.8129,18063.7092,25860.7454,17662.252,12267.5274,11930.237,42655.7268,Profit,13114.443,3756.8129,3063.7092,10860.7454,7662.252,2267.5274,1930.237,0.0044,-6.8623
2013-03-21,141356.1835,33074.7054,23517.5971,17730.0343,25402.7654,17645.2063,12146.4192,11839.4558,41356.1835,Profit,13074.7054,3517.5971,2730.0343,10402.7654,7645.2063,2146.4192,1839.4558,-0.0091,-7.7107
2013-03-22,142942.0853,33693.5865,23597.3777,17788.8687,25799.4921,17916.0288,12269.8735,11876.858,42942.0853,Profit,13693.5865,3597.3777,2788.8687,10799.4921,7916.0288,2269.8735,1876.858,0.0112,-6.6753
2013-03-25,143107.1652,33790.6356,23506.6217,17675.4625,25608.784,18348.696,12242.1735,11934.7921,43107.1652,Profit,13790.6356,3506.6217,2675.4625,10608.784,8348.696,2242.1735,1934.7921,0.0012,-6.5675
2013-03-26,143102.424,33445.9777,23386.9953,17714.8455,25905.3883,18415.8311,12283.9662,11949.42,43102.424,Profit,13445.9777,3386.9953,2714.8455,10905.3883,8415.8311,2283.9662,1949.42,-0.0,-6.5706
2013-03-27,143314.8949,32798.3916,23571.6164,17934.0335,26412.3693,18569.0632,12143.5501,11885.8708,43314.8949,Profit,12798.3916,3571.6164,2934.0335,11412.3693,8569.0632,2143.5501,1885.8708,0.0015,-6.4319
2013-03-28,143079.5516,32070.5304,23726.6202,18161.3262,26494.319,18412.2999,12245.2044,11969.2517,43079.5516,Profit,12070.5304,3726.6202,3161.3262,11494.319,8412.2999,2245.2044,1969.2517,-0.0016,-6.5856
2013-04-01,144094.3823,31110.5039,23762.0664,17587.271,26037.3218,21370.5268,12246.1548,11980.5376,44094.3823,Profit,11110.5039,3762.0664,2587.271,11037.3218,11370.5268,2246.1548,1980.5376,0.0071,-5.923
2013-04-02,144548.0646,31115.4641,23878.0033,17361.7793,26158.5381,21529.6441,12442.1855,12062.4502,44548.0646,Profit,11115.4641,3878.0033,2361.7793,11158.5381,11529.6441,2442.1855,2062.4502,0.0031,-5.6268
2013-04-03,141786.3153,31229.2332,23643.4418,17136.6478,25696.8637,19928.9032,12243.1929,11908.0327,41786.3153,Profit,11229.2332,3643.4418,2136.6478,10696.8637,9928.9032,2243.1929,1908.0327,-0.0191,-7.4299
2013-04-04,141837.8573,30936.0915,23679.9168,17303.7854,25714.5058,20380.2238,12089.1857,11734.1483,41837.8573,Profit,10936.0915,3679.9168,2303.7854,10714.5058,10380.2238,2089.1857,1734.1483,0.0004,-7.3962
2013-04-05,141560.6885,30769.0793,23893.7849,17698.5159,25487.2427,20172.6535,11951.2066,11588.2055,41560.6885,Profit,10769.0793,3893.7849,2698.5159,10487.2427,10172.6535,1951.2066,1588.2055,-0.002,-7.5772
2013-04-08,142260.1362,31010.8293,23817.7128,17669.6391,25851.1637,20410.9922,11931.1215,11568.6776,42260.1362,Profit,11010.8293,3817.7128,2669.6391,10851.1637,10410.9922,1931.1215,1568.6776,0.0049,-7.1205
2013-04-09,142719.2848,30955.0053,24584.1599,17890.6882,25977.7621,19692.2295,12029.6386,11589.8012,42719.2848,Profit,10955.0053,4584.1599,2890.6882,10977.7621,9692.2295,2029.6386,1589.8012,0.0032,-6.8208
2013-04-10,145454.1583,31551.6994,25107.7238,18150.5799,26307.7673,20329.4885,12279.0038,11727.8956,45454.1583,Profit,11551.6994,5107.7238,3150.5799,11307.7673,10329.4885,2279.0038,1727.8956,0.0192,-5.0352
2013-04-11,144943.1563,31317.4835,23889.1396,17992.6277,26698.9298,21079.9599,12263.3687,11701.647,44943.1563,Profit,11317.4835,3889.1396,2992.6277,11698.9298,11079.9599,2263.3687,1701.647,-0.0035,-5.3688
2013-04-12,145614.3597,31072.5379,23835.345,18486.5361,27069.8502,21213.8783,12301.5025,11634.7098,45614.3597,Profit,11072.5379,3835.345,3486.5361,12069.8502,11213.8783,2301.5025,1634.7098,0.0046,-4.9306
2013-04-15,144113.2882,30565.3213,23921.9202,18238.4713,26747.645,21144.8485,12102.509,11392.573,44113.2882,Profit,10565.3213,3921.9202,3238.4713,11747.645,11144.8485,2102.509,1392.573,-0.0103,-5.9106
2013-04-16,147346.3036,31110.5368,24213.5822,18476.3902,27273.208,22315.4414,12322.0382,11635.1067,47346.3036,Profit,11110.5368,4213.5822,3476.3902,12273.208,12315.4414,2322.0382,1635.1067,0.0224,-3.7999
2013-04-17,144931.2625,29490.1226,24173.3009,18291.3622,26862.2614,22316.5252,12258.8443,11538.8459,44931.2625,Profit,9490.1226,4173.3009,3291.3622,11862.2614,12316.5252,2258.8443,1538.8459,-0.0164,-5.3766
2013-04-18,143454.5511,28680.5432,24119.9398,17930.0712,26042.8351,23047.1086,12202.9685,11431.0846,43454.5511,Profit,8680.5432,4119.9398,2930.0712,11042.8351,13047.1086,2202.9685,1431.0846,-0.0102,-6.3407
2013-04-19,144967.5744,28595.8968,24951.989,17987.0444,26156.1202,23489.7378,12281.8261,11504.9601,44967.5744,Profit,8595.8968,4951.989,2987.0444,11156.1202,13489.7378,2281.8261,1504.9601,0.0105,-5.3529
2013-04-22,147870.7586,29188.1376,25847.5918,18013.0396,26478.0806,24646.3281,12189.4859,11508.0951,47870.7586,Profit,9188.1376,5847.5918,3013.0396,11478.0806,14646.3281,2189.4859,1508.0951,0.02,-3.4575
2013-04-23,149535.319,29727.025,25646.423,18473.3885,27005.0512,25039.2554,12097.2429,11546.9329,49535.319,Profit,9727.025,5646.423,3473.3885,12005.0512,15039.2554,2097.2429,1546.9329,0.0113,-2.3707
2013-04-24,151134.1551,29709.2609,26646.8305,19124.2886,27021.9416,24781.0718,12192.3239,11658.4377,51134.1551,Profit,9709.2609,6646.8305,4124.2886,12021.9416,14781.0718,2192.3239,1658.4377,0.0107,-1.3268
2013-04-25,152011.5681,29698.4537,26599.8155,19137.9766,27412.74,25363.4903,12188.4526,11610.6395,52011.5681,Profit,9698.4537,6599.8155,4137.9766,12412.74,15363.4903,2188.4526,1610.6395,0.0058,-0.754
2013-04-26,149694.3176,30272.3368,26412.9641,19009.3214,25368.0195,24914.4448,12125.5355,11591.6956,49694.3176,Profit,10272.3368,6412.9641,4009.3214,10368.0195,14914.4448,2125.5355,1591.6956,-0.0152,-2.2669
2013-04-29,152738.1076,31105.9732,27009.48,19175.4985,24785.0367,26650.2956,12268.3655,11743.4582,52738.1076,Profit,11105.9732,7009.48,4175.4985,9785.0367,16650.2956,2268.3655,1743.4582,0.0203,-0.2796
2013-04-30,153504.1028,31812.1285,27238.2406,19331.6497,25024.973,26018.9218,12292.2346,11785.9545,53504.1028,Profit,11812.1285,7238.2406,4331.6497,10024.973,16018.9218,2292.2346,1785.9545,0.005,0.0
2013-05-01,151924.2974,31605.8551,26954.9492,19184.1435,24503.9601,25707.3762,12232.7884,11735.2248,51924.2974,Profit,11605.8551,6954.9492,4184.1435,9503.9601,15707.3762,2232.7884,1735.2248,-0.0103,-1.0292
2013-05-02,153927.6492,32047.0201,27317.334,19410.2356,24927.9342,26105.2342,12278.8688,11841.0223,53927.6492,Profit,12047.0201,7317.334,4410.2356,9927.9342,16105.2342,2278.8688,1841.0223,0.0132,0.0
2013-05-03,155360.7311,32356.6378,27578.7984,19487.0204,25460.7079,26307.1202,12345.3807,11825.0657,55360.7311,Profit,12356.6378,7578.7984,4487.0204,10460.7079,16307.1202,2345.3807,1825.0657,0.0093,0.0
2013-05-06,158469.8314,33116.8034,27776.2487,19421.9424,25220.8029,28682.8999,12405.3103,11845.8237,58469.8314,Profit,13116.8034,7776.2487,4421.9424,10220.8029,18682.8999,2405.3103,1845.8237,0.02,0.0
2013-05-07,155780.9937,32892.6134,27355.0275,19123.268,25361.0143,26698.3681,12479.0088,11871.6935,55780.9937,Profit,12892.6134,7355.0275,4123.268,10361.0143,16698.3681,2479.0088,1871.6935,-0.017,-1.6968
2013-05-08,156184.7744,33164.3542,27014.9302,19418.3403,25381.0587,26755.5772,12542.0736,11908.4402,56184.7744,Profit,13164.3542,7014.9302,4418.3403,10381.0587,16755.5772,2542.0736,1908.4402,0.0026,-1.442
2013-05-09,162086.8495,32893.3877,26752.8127,19438.1519,25536.461,33295.9547,12385.2343,11784.8472,62086.8495,Profit,12893.3877,6752.8127,4438.1519,10536.461,23295.9547,2385.2343,1784.8472,0.0378,0.0
2013-05-10,168188.3794,32932.006,27038.3104,20521.4245,26127.3966,37183.2635,12472.4754,11913.5031,68188.3794,Profit,12932.006,7038.3104,5521.4245,11127.3966,27183.2635,2472.4754,1913.5031,0.0376,0.0
2013-05-13,173237.3521,33010.6388,27279.4658,20064.7978,26173.1789,42463.9294,12394.6347,11850.7067,73237.3521,Profit,13010.6388,7279.4658,5064.7978,11173.1789,32463.9294,2394.6347,1850.7067,0.03,0.0
2013-05-14,172041.437,32346.9474,27992.3041,20443.3189,26656.237,40417.8249,12403.2691,11781.5357,72041.437,Profit,12346.9474,7992.3041,5443.3189,11656.237,30417.8249,2403.2691,1781.5357,-0.0069,-0.6903
2013-05-15,172375.807,31328.1734,28332.2436,20824.4815,26545.6381,41296.2289,12303.8251,11745.2164,72375.807,Profit,11328.1734,8332.2436,5824.4815,11545.6381,31296.2289,2303.8251,1745.2164,0.0019,-0.4973
2013-05-16,176109.53,31718.7326,28495.8307,20723.4425,26276.7941,44858.9367,12296.2309,11739.5624,76109.53,Profit,11718.7326,8495.8307,5723.4425,11276.7941,34858.9367,2296.2309,1739.5624,0.0217,0.0
2013-05-17,179127.7757,31950.2901,29458.269,21281.2883,27131.8983,44958.3044,12540.2088,11807.5169,79127.7757,Profit,11950.2901,9458.269,6281.2883,12131.8983,34958.3044,2540.2088,1807.5169,0.0171,0.0
2013-05-20,179181.0756,32661.5604,29636.524,21238.2431,26903.7052,44191.7992,12572.3505,11976.8931,79181.0756,Profit,12661.5604,9636.524,6238.2431,11903.7052,34191.7992,2572.3505,1976.8931,0.0003,0.0
2013-05-21,178442.8631,32447.7999,29465.0007,21484.4469,27048.4078,43070.6353,12910.5605,12016.0119,78442.8631,Profit,12447.7999,9465.0007,6484.4469,12048.4078,33070.6353,2910.5605,2016.0119,-0.0041,-0.412
2013-05-22,177487.855,32748.5015,29418.9456,20850.1165,26598.9973,43132.3158,12767.4976,11971.4808,77487.855,Profit,12748.5015,9418.9456,5850.1165,11598.9973,33132.3158,2767.4976,1971.4808,-0.0054,-0.945
2013-05-23,179722.7098,32732.4549,28965.3573,21127.0582,26422.7165,45744.5753,12769.4852,11961.0622,79722.7098,Profit,12732.4549,8965.3573,6127.0582,11422.7165,35744.5753,2769.4852,1961.0622,0.0126,0.0
2013-05-24,182299.2235,33002.375,29105.4984,21026.1993,26449.9698,47950.8595,12834.3478,11929.9738,82299.2235,Profit,13002.375,9105.4984,6026.1993,11449.9698,37950.8595,2834.3478,1929.9738,0.0143,0.0
2013-05-28,190652.6366,32873.8005,29879.3144,21111.5091,27136.417,54748.8177,12921.2373,11981.5405,90652.6366,Profit,12873.8005,9879.3144,6111.5091,12136.417,44748.8177,2921.2373,1981.5405,0.0458,0.0
2013-05-29,187711.3075,33135.6022,29756.0825,20985.1954,26955.1339,51915.3082,12940.2033,12023.782,87711.3075,Profit,13135.6022,9756.0825,5985.1954,11955.1339,41915.3082,2940.2033,2023.782,-0.0154,-1.5428
2013-05-30,187715.3425,33429.5323,29709.6468,21125.017,26927.7671,51767.8178,12700.3901,12055.1713,87715.3425,Profit,13429.5323,9709.6468,6125.017,11927.7671,41767.8178,2700.3901,2055.1713,0.0,-1.5407
2013-05-31,184007.3998,33391.2096,29690.054,20964.6634,27245.9998,48361.5431,12410.6277,11943.3022,84007.3998,Profit,13391.2096,9690.054,5964.6634,12245.9998,38361.5431,2410.6277,1943.3022,-0.0198,-3.4855
2013-06-03,181203.8052,33309.3507,30132.8366,20841.4114,26885.7869,45591.3647,12438.3256,12004.7293,81203.8052,Profit,13309.3507,10132.8366,5841.4114,11885.7869,35591.3647,2438.3256,2004.7293,-0.0152,-4.956
2013-06-04,182411.2303,33389.4405,29786.5919,20979.7922,26915.1703,46957.9225,12377.1651,12005.1478,82411.2303,Profit,13389.4405,9786.5919,5979.7922,11915.1703,36957.9225,2377.1651,2005.1478,0.0067,-4.3227
2013-06-05,181519.7682,33067.8541,29599.4148,20522.8053,27056.2333,47206.6251,12228.8818,11837.9537,81519.7682,Profit,13067.8541,9599.4148,5522.8053,12056.2333,37206.6251,2228.8818,1837.9537,-0.0049,-4.7903
2013-06-06,180364.232,32235.3041,29447.1557,20441.9981,26842.5341,47688.2907,12044.3832,11664.5661,80364.232,Profit,12235.3041,9447.1557,5441.9981,11842.5341,37688.2907,2044.3832,1664.5661,-0.0064,-5.3964
2013-06-07,184446.5264,32391.4949,29961.1295,20669.3509,27672.6542,49849.0717,12132.2581,11770.5671,84446.5264,Profit,12391.4949,9961.1295,5669.3509,12672.6542,39849.0717,2132.2581,1770.5671,0.0226,-3.2552
2013-06-10,183165.4976,32107.2317,29729.726,20614.8391,28029.1511,48766.7793,12143.7176,11774.0529,83165.4976,Profit,12107.2317,9729.726,5614.8391,13029.1511,38766.7793,2143.7176,1774.0529,-0.0069,-3.9271
2013-06-11,178585.5927,32018.8993,29206.6086,20230.0143,27409.9638,46060.5134,11996.9391,11662.6543,78585.5927,Profit,12018.8993,9206.6086,5230.0143,12409.9638,36060.5134,1996.9391,1662.6543,-0.025,-6.3293
2013-06-12,179402.4118,31666.6674,29376.3182,20080.1068,27131.6477,47706.0757,11914.4415,11527.1546,79402.4118,Profit,11666.6674,9376.3182,5080.1068,12131.6477,37706.0757,1914.4415,1527.1546,0.0046,-5.9009
2013-06-13,180590.7231,31840.8007,29050.1477,20476.6984,27456.7172,47775.4141,12232.3664,11758.5787,80590.7231,Profit,11840.8007,9050.1477,5476.6984,12456.7172,37775.4141,2232.3664,1758.5787,0.0066,-5.2776
2013-06-14,180566.8264,31429.5586,28802.0039,20460.2488,27296.2911,48840.668,12119.7789,11618.2772,80566.8264,Profit,11429.5586,8802.0039,5460.2488,12296.2911,38840.668,2119.7789,1618.2772,-0.0001,-5.2901
2013-06-17,182904.3697,31569.25,29301.4525,20659.6252,27699.044,49760.9292,12209.2655,11704.8032,82904.3697,Profit,11569.25,9301.4525,5659.6252,12699.044,39760.9292,2209.2655,1704.8032,0.0129,-4.0641
2013-06-18,184428.7344,31654.8607,29378.7332,20599.9504,28158.6412,50503.6349,12359.6981,11773.2159,84428.7344,Profit,11654.8607,9378.7332,5599.9504,13158.6412,40503.6349,2359.6981,1773.2159,0.0083,-3.2645
2013-06-19,183646.1468,30944.3951,28990.3495,21176.6472,27738.9587,51023.5762,12153.9061,11618.314,83646.1468,Profit,10944.3951,8990.3495,6176.6472,12738.9587,41023.5762,2153.9061,1618.314,-0.0042,-3.675
2013-06-20,182004.8238,31090.3278,28619.2994,21019.5954,27803.6186,50022.4071,11918.6884,11530.8871,82004.8238,Profit,11090.3278,8619.2994,6019.5954,12803.6186,40022.4071,1918.6884,1530.8871,-0.0089,-4.5359
2013-06-21,182432.2183,31095.8041,28650.6636,21156.1152,28017.5919,49871.0841,11995.3816,11645.5777,82432.2183,Profit,11095.8041,8650.6636,6156.1152,13017.5919,39871.0841,1995.3816,1645.5777,0.0023,-4.3117
2013-06-24,183254.147,30447.6573,29217.9426,20831.9859,27899.9781,51144.0088,12052.1373,11660.4371,83254.147,Profit,10447.6573,9217.9426,5831.9859,12899.9781,41144.0088,2052.1373,1660.4371,0.0045,-3.8806
2013-06-25,183946.3302,30397.6615,29120.2931,20945.6923,28001.9585,51509.5194,12145.7694,11825.436,83946.3302,Profit,10397.6615,9120.2931,5945.6923,13001.9585,41509.5194,2145.7694,1825.436,0.0038,-3.5176
2013-06-26,185877.0479,29923.1059,29583.6433,20737.5507,28446.3726,52956.9565,12311.1894,11918.2295,85877.0479,Profit,9923.1059,9583.6433,5737.5507,13446.3726,42956.9565,2311.1894,1918.2295,0.0105,-2.5049
2013-06-27,187657.0145,29638.8169,29847.8293,20565.6704,28474.2093,54782.6724,12355.38,11992.4363,87657.0145,Profit,9638.8169,9847.8293,5565.6704,13474.2093,44782.6724,2355.38,1992.4363,0.0096,-1.5712
2013-06-28,187686.7843,30109.1539,29874.1888,20673.9136,28575.5593,53999.3225,12384.7146,12069.9317,87686.7843,Profit,10109.1539,9874.1888,5673.9136,13575.5593,43999.3225,2384.7146,2069.9317,0.0002,-1.5556
2013-07-01,193846.7596,30893.2427,29715.3378,20760.8443,29029.369,58938.5571,12407.6733,12101.7353,93846.7596,Profit,10893.2427,9715.3378,5760.8443,14029.369,48938.5571,2407.6733,2101.7353,0.0328,0.0
2013-07-02,194811.6262,31644.8536,29400.3335,20780.5959,29247.0975,59361.9658,12297.4977,12079.2822,94811.6262,Profit,11644.8536,9400.3335,5780.5959,14247.0975,49361.9658,2297.4977,2079.2822,0.005,0.0
2013-07-03,193477.8593,31798.379,29442.5884,20829.9447,29258.5587,58023.4707,12145.213,11979.7049,93477.8593,Profit,11798.379,9442.5884,5829.9447,14258.5587,48023.4707,2145.213,1979.7049,-0.0068,-0.6846
2013-07-05,197194.0918,31675.7384,29744.8683,21085.694,29575.0665,60723.9949,12301.3172,12087.4124,97194.0918,Profit,11675.7384,9744.8683,6085.694,14575.0665,50723.9949,2301.3172,2087.4124,0.0192,0.0
2013-07-08,198552.5031,31524.2754,29866.2545,20988.7374,30085.0862,61539.1108,12374.9226,12174.1162,98552.5031,Profit,11524.2754,9866.2545,5988.7374,15085.0862,51539.1108,2374.9226,2174.1162,0.0069,0.0
2013-07-09,199585.4285,31937.6316,29756.0196,21011.1305,30051.1273,62198.5328,12440.4024,12190.5843,99585.4285,Profit,11937.6316,9756.0196,6011.1305,15051.1273,52198.5328,2440.4024,2190.5843,0.0052,0.0
2013-07-10,199099.2158,31759.6527,30006.7721,21255.3531,30079.2204,61492.8254,12366.4696,12138.9224,99099.2158,Profit,11759.6527,10006.7721,6255.3531,15079.2204,51492.8254,2366.4696,2138.9224,-0.0024,-0.2436
2013-07-11,201288.0104,31876.106,30501.8632,21288.9728,30475.5595,62439.3908,12454.0902,12252.028,101288.0104,Profit,11876.106,10501.8632,6288.9728,15475.5595,52439.3908,2454.0902,2252.028,0.011,0.0
2013-07-12,204252.1361,31830.4487,30495.2064,21310.1051,31287.0076,64590.5473,12491.4341,12247.387,104252.1361,Profit,11830.4487,10495.2064,6310.1051,16287.0076,54590.5473,2491.4341,2247.387,0.0147,0.0
2013-07-15,203810.6485,31961.9584,30986.6699,21308.244,31250.3351,63405.7221,12578.1284,12319.5906,103810.6485,Profit,11961.9584,10986.6699,6308.244,16250.3351,53405.7221,2578.1284,2319.5906,-0.0022,-0.2161
2013-07-16,194904.0136,32092.8886,30995.0695,21376.5639,31205.8156,54202.3712,12673.2923,12358.0125,94904.0136,Profit,12092.8886,10995.0695,6376.5639,16205.8156,44202.3712,2673.2923,2358.0125,-0.0437,-4.5768
2013-07-17,201033.1604,32216.9792,30652.2266,21332.7984,31502.6999,59982.1433,12904.5386,12441.7746,101033.1604,Profit,12216.9792,10652.2266,6332.7984,16502.6999,49982.1433,2904.5386,2441.7746,0.0314,-1.576
2013-07-18,199625.5404,32232.2468,30311.3253,21189.1945,30948.9654,59208.382,13102.9916,12632.4347,99625.5404,Profit,12232.2468,10311.3253,6189.1945,15948.9654,49208.382,3102.9916,2632.4347,-0.007,-2.2651
2013-07-19,195167.4178,31624.4217,26768.6891,20676.6752,30964.3424,59342.7885,13149.1849,12641.316,95167.4178,Profit,11624.4217,6768.6891,5676.6752,15964.3424,49342.7885,3149.1849,2641.316,-0.0223,-4.4478
2013-07-22,196656.8162,31645.2478,27222.0776,20610.5165,30709.5714,60554.0256,13250.0963,12665.2809,96656.8162,Profit,11645.2478,7222.0776,5610.5165,15709.5714,50554.0256,3250.0963,2665.2809,0.0076,-3.7186
2013-07-23,195332.8005,31000.733,26975.1443,20515.6611,30367.4314,60513.5752,13289.2781,12670.9772,95332.8005,Profit,11000.733,6975.1443,5515.6611,15367.4314,50513.5752,3289.2781,2670.9772,-0.0067,-4.3668
2013-07-24,196142.8489,32576.2031,27074.0143,20503.7142,30136.0333,59965.844,13202.5254,12684.5147,96142.8489,Profit,12576.2031,7074.0143,5503.7142,15136.0333,49965.844,3202.5254,2684.5147,0.0041,-3.9702
2013-07-25,197110.4354,32381.8163,26552.9004,20546.0389,30541.0926,61044.5837,13260.3972,12783.6063,97110.4354,Profit,12381.8163,6552.9004,5546.0389,15541.0926,51044.5837,3260.3972,2783.6063,0.0049,-3.4965
2013-07-26,201054.183,32592.2098,26771.5186,20473.6966,31432.2349,63711.6695,13298.0261,12774.8274,101054.183,Profit,12592.2098,6771.5186,5473.6966,16432.2349,53711.6695,3298.0261,2774.8274,0.02,-1.5657
2013-07-29,202963.6384,32997.9732,26624.504,20370.9767,30746.9585,66093.7077,13301.3609,12828.1573,102963.6384,Profit,12997.9732,6624.504,5370.9767,15746.9585,56093.7077,3301.3609,2828.1573,0.0095,-0.6308
2013-07-30,202420.5836,33507.8224,26969.5802,20783.6577,30471.0408,64881.4371,13235.3087,12571.7367,102420.5836,Profit,13507.8224,6969.5802,5783.6577,15471.0408,54881.4371,3235.3087,2571.7367,-0.0027,-0.8967
2013-07-31,203181.7336,33429.8795,26945.7426,20809.8329,30333.4432,66093.801,13075.8386,12493.1957,103181.7336,Profit,13429.8795,6945.7426,5809.8329,15333.4432,56093.801,3075.8386,2493.1957,0.0038,-0.5241
2013-08-01,205555.6354,33906.3404,26934.2618,21199.3404,30924.0518,67049.7039,13025.3423,12516.5949,105555.6354,Profit,13906.3404,6934.2618,6199.3404,15924.0518,57049.7039,3025.3423,2516.5949,0.0117,0.0
2013-08-02,208400.0089,34486.6876,27238.3435,21463.8549,30917.4499,68552.1036,13142.049,12599.5204,108400.0089,Profit,14486.6876,7238.3435,6463.8549,15917.4499,58552.1036,3142.049,2599.5204,0.0138,0.0
2013-08-05,211876.1741,35003.1112,27073.9913,21568.3159,30590.1955,71870.4008,13169.3213,12600.8381,111876.1741,Profit,15003.1112,7073.9913,6568.3159,15590.1955,61870.4008,3169.3213,2600.8381,0.0167,0.0
2013-08-06,209658.3655,34676.6563,26966.9634,21238.6634,30556.9708,70593.2559,13058.303,12567.5527,109658.3655,Profit,14676.6563,6966.9634,6238.6634,15556.9708,60593.2559,3058.303,2567.5527,-0.0105,-1.0467
2013-08-07,206102.3208,34779.5008,27473.8149,21300.6196,30274.3592,66897.735,12930.5811,12445.7102,106102.3208,Profit,14779.5008,7473.8149,6300.6196,15274.3592,56897.735,2930.5811,2445.7102,-0.017,-2.7251
2013-08-08,215459.1198,34487.6191,28002.0051,21310.3452,29958.196,75992.1798,13106.3358,12602.4388,115459.1198,Profit,14487.6191,8002.0051,6310.3452,14958.196,65992.1798,3106.3358,2602.4388,0.0454,0.0
2013-08-09,213415.72,33851.7412,27715.28,20917.4758,29981.2223,75425.0846,13010.1091,12514.8071,113415.72,Profit,13851.7412,7715.28,5917.4758,14981.2223,65425.0846,3010.1091,2514.8071,-0.0095,-0.9484
2013-08-12,211261.8927,34784.1818,27846.7198,20732.4477,29906.3071,72612.2309,12917.7564,12462.249,111261.8927,Profit,14784.1818,7846.7198,5732.4477,14906.3071,62612.2309,2917.7564,2462.249,-0.0101,-1.948
2013-08-13,212555.4892,36609.262,27622.5454,20903.5477,29770.2621,71985.5007,13069.876,12594.4952,112555.4892,Profit,16609.262,7622.5454,5903.5477,14770.2621,61985.5007,3069.876,2594.4952,0.0061,-1.3476
2013-08-14,210511.1571,37192.9175,27666.597,21735.7537,29438.3265,68827.6343,13053.9087,12596.0194,110511.1571,Profit,17192.9175,7666.597,6735.7537,14438.3265,58827.6343,3053.9087,2596.0194,-0.0096,-2.2965
2013-08-15,210092.2054,37212.1669,27234.0059,21914.9583,28996.718,69100.976,13072.4053,12560.975,110092.2054,Profit,17212.1669,7234.0059,6914.9583,13996.718,59100.976,3072.4053,2560.975,-0.002,-2.4909
2013-08-16,211752.2345,37564.1547,27255.0279,22012.4553,28843.6436,70287.7534,13165.1134,12624.0862,111752.2345,Profit,17564.1547,7255.0279,7012.4553,13843.6436,60287.7534,3165.1134,2624.0862,0.0079,-1.7205
2013-08-19,212558.9341,37931.3209,26877.4978,21643.2997,28888.8464,71646.9187,13045.612,12525.4385,112558.9341,Profit,17931.3209,6877.4978,6643.2997,13888.8464,61646.9187,3045.612,2525.4385,0.0038,-1.346
2013-08-20,215818.3234,37583.9648,27180.9414,21843.2765,29160.6487,74261.5755,13168.1494,12619.7672,115818.3234,Profit,17583.9648,7180.9414,6843.2765,14160.6487,64261.5755,3168.1494,2619.7672,0.0153,0.0
2013-08-21,215827.7109,37922.4564,27348.2149,21879.7178,29091.3291,73881.6388,13136.3705,12567.9834,115827.7109,Profit,17922.4564,7348.2149,6879.7178,14091.3291,63881.6388,3136.3705,2567.9834,0.0,0.0
2013-08-22,223223.6359,38221.6118,28206.9402,22144.0521,29814.531,79017.0536,13136.6199,12682.8272,123223.6359,Profit,18221.6118,8206.9402,7144.0521,14814.531,69017.0536,3136.6199,2682.8272,0.0343,0.0
2013-08-23,227922.5456,38082.5164,30272.5502,22150.4158,29851.8613,81424.3841,13313.1945,12827.6233,127922.5456,Profit,18082.5164,10272.5502,7150.4158,14851.8613,71424.3841,3313.1945,2827.6233,0.0211,0.0
2013-08-26,228344.6373,38228.8831,29747.7698,22192.3203,29457.9108,82614.1974,13253.6179,12849.938,128344.6373,Profit,18228.8831,9747.7698,7192.3203,14457.9108,72614.1974,3253.6179,2849.938,0.0019,0.0
2013-08-27,226605.9964,37093.2358,28941.9562,21895.2068,28884.22,83929.862,13158.2152,12703.3004,126605.9964,Profit,17093.2358,8941.9562,6895.2068,13884.22,73929.862,3158.2152,2703.3004,-0.0076,-0.7614
2013-08-28,226066.7091,37226.0126,28700.3633,21860.5666,28915.2167,83545.1525,13167.0197,12652.3777,126066.7091,Profit,17226.0126,8700.3633,6860.5666,13915.2167,73545.1525,3167.0197,2652.3777,-0.0024,-0.9976
2013-08-29,227713.859,37412.2999,29257.8573,21887.7024,29261.7481,83635.4482,13296.0782,12962.7249,127713.859,Profit,17412.2999,9257.8573,6887.7024,14261.7481,73635.4482,3296.0782,2962.7249,0.0073,-0.2762
2013-08-30,229174.0913,37381.9852,29199.0479,21915.9789,29026.8904,85334.4946,13294.3557,13021.3386,129174.0913,Profit,17381.9852,9199.0479,6915.9789,14026.8904,75334.4946,3294.3557,3021.3386,0.0064,0.0
2013-09-03,228232.207,37199.1846,27821.2392,21888.3028,29778.1992,85142.5274,13356.7995,13045.9543,128232.207,Profit,17199.1846,7821.2392,6888.3028,14778.1992,75142.5274,3356.7995,3045.9543,-0.0041,-0.411
2013-09-04,228924.7833,37783.9523,27083.4067,21991.0228,30130.6512,85572.8621,13343.1551,13019.7332,128924.7833,Profit,17783.9523,7083.4067,6991.0228,15130.6512,75572.8621,3343.1551,3019.7332,0.003,-0.1088
2013-09-05,229248.836,37592.6157,27175.9535,22089.1801,30229.6752,85373.1507,13569.9619,13218.2989,129248.836,Profit,17592.6157,7175.9535,7089.1801,15229.6752,75373.1507,3569.9619,3218.2989,0.0014,0.0
2013-09-06,225775.0318,37416.2441,26813.2162,21768.7129,30091.9934,83006.7444,13553.4999,13124.6209,125775.0318,Profit,17416.2441,6813.2162,6768.7129,15091.9934,73006.7444,3553.4999,3124.6209,-0.0152,-1.5153
2013-09-09,224021.0622,37929.113,27191.1887,22078.8541,30413.1629,79705.1556,13531.9977,13171.5902,124021.0622,Profit,17929.113,7191.1887,7078.8541,15413.1629,69705.1556,3531.9977,3171.5902,-0.0078,-2.2804
2013-09-10,226841.6059,37030.8233,27791.0275,22533.2594,30452.6605,82445.7641,13501.2792,13086.7919,126841.6059,Profit,17030.8233,7791.0275,7533.2594,15452.6605,72445.7641,3501.2792,3086.7919,0.0126,-1.0501
2013-09-11,223751.0662,34947.9254,28039.7595,22867.8949,30320.9952,80876.9471,13549.9434,13147.6008,123751.0662,Profit,14947.9254,8039.7595,7867.8949,15320.9952,70876.9471,3549.9434,3147.6008,-0.0136,-2.3982
2013-09-12,224082.985,35263.5896,27952.2106,22814.8239,30192.3312,81440.181,13398.2368,13021.6119,124082.985,Profit,15263.5896,7952.2106,7814.8239,15192.3312,71440.181,3398.2368,3021.6119,0.0015,-2.2534
2013-09-13,224445.8009,34754.9652,28299.7267,23006.2757,30158.6132,81907.9732,13336.9979,12981.2491,124445.8009,Profit,14754.9652,8299.7267,8006.2757,15158.6132,71907.9732,3336.9979,2981.2491,0.0016,-2.0951
2013-09-16,223207.8454,33565.9951,28032.0451,22964.2511,29897.8688,82223.0428,13436.2714,13088.371,123207.8454,Profit,13565.9951,8032.0451,7964.2511,14897.8688,72223.0428,3436.2714,3088.371,-0.0055,-2.6351
2013-09-17,224123.5567,33869.0571,28074.5007,22984.3629,30642.4231,81851.69,13518.1979,13183.3251,124123.5567,Profit,13869.0571,8074.5007,7984.3629,15642.4231,71851.69,3518.1979,3183.3251,0.0041,-2.2357
2013-09-18,226763.1582,34640.5626,28466.9294,23232.1876,31498.3946,82013.5418,13641.9288,13269.6134,126763.1582,Profit,14640.5626,8466.9294,8232.1876,16498.3946,72013.5418,3641.9288,3269.6134,0.0118,-1.0843
2013-09-19,231425.8696,34949.7133,28533.4912,22955.7862,31272.31,87147.9017,13456.3306,13110.3366,131425.8696,Profit,14949.7133,8533.4912,7955.7862,16272.31,77147.9017,3456.3306,3110.3366,0.0206,0.0
2013-09-20,234317.5843,34755.228,27943.4813,22886.1455,31856.0563,90266.1789,13471.077,13139.4173,134317.5843,Profit,14755.228,7943.4813,7886.1455,16856.0563,80266.1789,3471.077,3139.4173,0.0125,0.0
2013-09-23,234161.2991,36469.9554,27893.2813,22644.9246,31355.454,89109.28,13511.9331,13176.4707,134161.2991,Profit,16469.9554,7893.2813,7644.9246,16355.454,79109.28,3511.9331,3176.4707,-0.0007,-0.0667
2013-09-24,235161.4532,36399.2275,27683.7858,22759.5316,31658.1061,89813.9827,13572.6397,13274.1799,135161.4532,Profit,16399.2275,7683.7858,7759.5316,16658.1061,79813.9827,3572.6397,3274.1799,0.0043,0.0
2013-09-25,235886.8743,35834.7134,27728.206,22804.6779,31508.9513,91247.4243,13500.6574,13262.244,135886.8743,Profit,15834.7134,7728.206,7804.6779,16508.9513,81247.4243,3500.6574,3262.244,0.0031,0.0
2013-09-26,239253.3598,36279.5011,28017.49,22772.6192,32141.1877,93157.163,13557.6059,13327.7929,139253.3598,Profit,16279.5011,8017.49,7772.6192,17141.1877,83157.163,3557.6059,3327.7929,0.0143,0.0
2013-09-27,239823.1802,35947.5768,28389.6697,22594.6153,31863.04,94081.6587,13573.7706,13372.8492,139823.1802,Profit,15947.5768,8389.6697,7594.6153,16863.04,84081.6587,3573.7706,3372.8492,0.0024,0.0
2013-09-30,240002.7706,35651.2511,28355.2083,22533.3795,31477.3379,95159.6736,13472.9815,13352.9388,140002.7706,Profit,15651.2511,8355.2083,7533.3795,16477.3379,85159.6736,3472.9815,3352.9388,0.0007,0.0
2013-10-01,242758.3465,36445.3306,28745.5486,22624.933,32464.8181,95421.3453,13613.306,13443.0649,142758.3465,Profit,16445.3306,8745.5486,7624.933,17464.8181,85421.3453,3613.306,3443.0649,0.0115,0.0
2013-10-02,237036.125,36563.2574,29034.3891,22607.2226,32417.1739,89454.5582,13546.4396,13413.0842,137036.125,Profit,16563.2574,9034.3891,7607.2226,17417.1739,79454.5582,3546.4396,3413.0842,-0.0236,-2.3572
2013-10-03,231528.7802,36074.8373,28959.6084,22352.3738,31807.8717,85603.2429,13451.795,13279.0511,131528.7802,Profit,16074.8373,8959.6084,7352.3738,16807.8717,75603.2429,3451.795,3279.0511,-0.0232,-4.6258
2013-10-04,235844.03,35987.3777,28929.6214,22622.5916,32187.2911,89244.2391,13552.4937,13320.4155,135844.03,Profit,15987.3777,8929.6214,7622.5916,17187.2911,79244.2391,3552.4937,3320.4155,0.0186,-2.8482
2013-10-07,235792.5943,36336.0735,28432.2492,22622.5916,31278.2912,90275.3513,13557.0577,13290.9798,135792.5943,Profit,16336.0735,8432.2492,7622.5916,16278.2912,80275.3513,3557.0577,3290.9798,-0.0002,-2.8694
2013-10-08,230395.7679,35917.1167,28256.4701,22491.5351,30666.4635,86371.7576,13487.802,13204.623,130395.7679,Profit,15917.1167,8256.4701,7491.5351,15666.4635,76371.7576,3487.802,3204.623,-0.0229,-5.0925
2013-10-09,228502.5101,36575.4349,28488.4938,22280.0916,30353.4837,83963.3363,13562.631,13279.0388,128502.5101,Profit,16575.4349,8488.4938,7280.0916,15353.4837,73963.3363,3562.631,3279.0388,-0.0082,-5.8724
2013-10-10,232445.6243,36751.0463,29040.6114,22497.8387,31018.005,85912.2551,13800.79,13425.0777,132445.6243,Profit,16751.0463,9040.6114,7497.8387,16018.005,75912.2551,3800.79,3425.0777,0.0173,-4.2481
2013-10-11,236498.1266,36994.481,29365.3587,22315.3322,31605.4811,88795.4089,13911.3489,13510.716,136498.1266,Profit,16994.481,9365.3587,7315.3322,16605.4811,78795.4089,3911.3489,3510.716,0.0174,-2.5788
2013-10-14,237908.242,37238.3919,29642.0882,22651.5285,31586.1649,89302.2448,13941.3821,13546.4416,137908.242,Profit,17238.3919,9642.0882,7651.5285,16586.1649,79302.2448,3941.3821,3546.4416,0.006,-1.9979
2013-10-15,239247.5471,37381.645,29637.2422,22502.8216,31107.0304,91276.4343,13915.2145,13427.1591,139247.5471,Profit,17381.645,9637.2422,7502.8216,16107.0304,81276.4343,3915.2145,3427.1591,0.0056,-1.4462
2013-10-16,239624.8685,37473.8607,29688.2722,22722.4899,31443.238,90859.0186,13954.8428,13483.1463,139624.8685,Profit,17473.8607,9688.2722,7722.4899,16443.238,80859.0186,3954.8428,3483.1463,0.0016,-1.2908
2013-10-17,238666.8842,37507.4883,29756.8665,22633.8782,31289.0614,89958.5304,14024.1132,13496.9462,138666.8842,Profit,17507.4883,9756.8665,7633.8782,16289.0614,79958.5304,4024.1132,3496.9462,-0.004,-1.6854
2013-10-18,241653.8523,37846.4211,29795.9413,22899.7134,33123.8946,90271.3465,14179.8348,13536.7005,141653.8523,Profit,17846.4211,9795.9413,7899.7134,18123.8946,80271.3465,4179.8348,3536.7005,0.0125,-0.455
2013-10-21,237359.7627,38807.5808,29851.8513,22982.3817,32905.1011,85038.0784,14255.627,13519.1424,137359.7627,Profit,18807.5808,9851.8513,7982.3817,17905.1011,75038.0784,4255.627,3519.1424,-0.0178,-2.2239
2013-10-22,236628.663,38647.5889,29462.1652,22838.1775,33477.6623,84408.8793,14232.4556,13561.7343,136628.663,Profit,18647.5889,9462.1652,7838.1775,18477.6623,74408.8793,4232.4556,3561.7343,-0.0031,-2.525
2013-10-23,233942.8381,39409.221,29046.2055,22665.2165,33218.8464,81739.9561,14258.8582,13604.5344,133942.8381,Profit,19409.221,9046.2055,7665.2165,18218.8464,71739.9561,4258.8582,3604.5344,-0.0114,-3.6314
2013-10-24,239909.6413,40072.9335,29113.2608,22574.8637,33893.2274,86344.1615,14290.6028,13620.5917,139909.6413,Profit,20072.9335,9113.2608,7574.8637,18893.2274,76344.1615,4290.6028,3620.5917,0.0255,-1.1735
2013-10-25,243103.2676,39733.3648,30933.7452,22423.6954,37173.9262,84831.6133,14301.2305,13705.6921,143103.2676,Profit,19733.3648,10933.7452,7423.6954,22173.9262,74831.6133,4301.2305,3705.6921,0.0133,0.0
2013-10-28,239253.4977,40012.3652,30783.3268,22367.8628,36621.3781,81392.0941,14352.63,13723.8406,139253.4977,Profit,20012.3652,10783.3268,7367.8628,21621.3781,71392.0941,4352.63,3723.8406,-0.0158,-1.5836
2013-10-29,239652.0087,39012.2141,30737.5294,22397.34,37085.588,82197.2194,14394.8565,13827.2613,139652.0087,Profit,19012.2141,10737.5294,7397.34,22085.588,72197.2194,4394.8565,3827.2613,0.0017,-1.4197
2013-10-30,237783.7791,39673.9908,30788.2807,22406.5254,36958.8251,79657.2337,14418.9621,13879.9612,137783.7791,Profit,19673.9908,10788.2807,7406.5254,21958.8251,69657.2337,4418.9621,3879.9612,-0.0078,-2.1882
2013-10-31,237859.5872,39636.3885,30590.5537,22302.4246,37164.5598,79810.8247,14428.1944,13926.6415,137859.5872,Profit,19636.3885,10590.5537,7302.4246,22164.5598,69810.8247,4428.1944,3926.6415,0.0003,-2.157
2013-11-01,238659.799,39257.1222,30740.7184,22439.9649,36700.2383,81031.7366,14533.8559,13956.1626,138659.799,Profit,19257.1222,10740.7184,7439.9649,21700.2383,71031.7366,4533.8559,3956.1626,0.0034,-1.8278
2013-11-04,244680.2458,39660.1568,31013.0094,21733.5924,36575.3295,87308.0023,14469.6934,13920.4619,144680.2458,Profit,19660.1568,11013.0094,6733.5924,21575.3295,77308.0023,4469.6934,3920.4619,0.0252,0.0
2013-11-05,246589.3168,39684.8215,31717.555,21773.0355,36706.5602,88389.2469,14405.4749,13912.6229,146589.3168,Profit,19684.8215,11717.555,6773.0355,21706.5602,78389.2469,4405.4749,3912.6229,0.0078,0.0
2013-11-06,234387.9613,39459.0384,32958.176,21858.8256,36328.2706,75356.7509,14456.1674,13970.7326,134387.9613,Profit,19459.0384,12958.176,6858.8256,21328.2706,65356.7509,4456.1674,3970.7326,-0.0495,-4.948
2013-11-07,225966.0902,38909.1325,32441.999,21387.6104,35118.459,69832.6217,14354.3586,13921.9091,125966.0902,Profit,18909.1325,12441.999,6387.6104,20118.459,59832.6217,4354.3586,3921.9091,-0.0359,-8.3634
2013-11-08,229257.6509,39692.9469,32824.1783,22975.8979,35962.7558,69220.3535,14506.6035,14074.9149,129257.6509,Profit,19692.9469,12824.1783,7975.8979,20962.7558,59220.3535,4506.6035,4074.9149,0.0146,-7.0286
2013-11-11,232900.1913,39574.593,32660.4683,23168.3703,36380.5804,72607.3576,14463.8594,14044.9622,132900.1913,Profit,19574.593,12660.4683,8168.3703,21380.5804,62607.3576,4463.8594,4044.9622,0.0159,-5.5514
2013-11-12,229091.671,39706.1075,32505.5845,23248.6972,35934.0048,69243.9879,14409.5679,14043.7211,129091.671,Profit,19706.1075,12505.5845,8248.6972,20934.0048,59243.9879,4409.5679,4043.7211,-0.0164,-7.0959
2013-11-13,231243.7575,39625.6986,33086.4117,23808.4641,36503.22,69470.592,14664.3884,14084.9827,131243.7575,Profit,19625.6986,13086.4117,8808.4641,21503.22,59470.592,4664.3884,4084.9827,0.0094,-6.2231
2013-11-14,233026.6591,40312.7923,33066.5223,23973.2003,37753.1773,69110.5216,14668.1425,14142.3028,133026.6591,Profit,20312.7923,13066.5223,8973.2003,22753.1773,59110.5216,4668.1425,4142.3028,0.0077,-5.5001
2013-11-15,230996.0408,39920.0885,32785.53,23815.2481,37794.1159,67777.9333,14705.922,14197.203,130996.0408,Profit,19920.0885,12785.53,8815.2481,22794.1159,57777.9333,4705.922,4197.203,-0.0087,-6.3236
2013-11-18,221608.3081,39316.8552,32136.9164,23170.0513,37376.8885,60657.1541,14709.7295,14240.7131,121608.3081,Profit,19316.8552,12136.9164,8170.0513,22376.8885,50657.1541,4709.7295,4240.7131,-0.0406,-10.1306
2013-11-19,224029.7137,39533.6542,32099.9031,22878.461,37389.6459,63142.5432,14773.1033,14212.403,124029.7137,Profit,19533.6542,12099.9031,7878.461,22389.6459,53142.5432,4773.1033,4212.403,0.0109,-9.1487
2013-11-20,220530.2373,39112.9399,32330.098,22494.2967,37072.2942,60526.9965,14750.8555,14242.7565,120530.2373,Profit,19112.9399,12330.098,7494.2967,22072.2942,50526.9965,4750.8555,4242.7565,-0.0156,-10.5678
2013-11-21,223720.1969,39808.2458,32801.8019,22800.7757,37941.8728,61378.1417,14716.1027,14273.2563,123720.1969,Profit,19808.2458,12801.8019,7800.7757,22941.8728,51378.1417,4716.1027,4273.2563,0.0145,-9.2742
2013-11-22,224090.801,39816.5377,33040.3905,22640.8423,38396.2131,61184.6314,14756.7238,14255.4621,124090.801,Profit,19816.5377,13040.3905,7640.8423,23396.2131,51184.6314,4756.7238,4255.4621,0.0017,-9.1239
2013-11-25,225472.2824,40191.9443,33158.4818,23173.3532,38912.8189,61022.2843,14745.3126,14268.0873,125472.2824,Profit,20191.9443,13158.4818,8173.3532,23912.8189,51022.2843,4745.3126,4268.0873,0.0062,-8.5636
2013-11-26,226030.1019,40905.216,32884.5159,23354.6591,39375.3686,60810.2068,14569.9972,14130.1384,126030.1019,Profit,20905.216,12884.5159,8354.6591,24375.3686,50810.2068,4569.9972,4130.1384,0.0025,-8.3374
2013-11-27,231947.9557,42060.6453,33252.0573,23549.1127,40108.4165,64351.742,14519.3616,14106.6203,131947.9557,Profit,22060.6453,13252.0573,8549.1127,25108.4165,54351.742,4519.3616,4106.6203,0.0262,-5.9375
2013-11-29,234014.8145,42854.6708,33735.1561,23408.8107,40840.5149,64548.4102,14520.1494,14107.1023,134014.8145,Profit,22854.6708,13735.1561,8408.8107,25840.5149,54548.4102,4520.1494,4107.1023,0.0089,-5.0994
2013-12-02,233064.9511,42621.6704,34132.8963,23712.2279,40837.9678,63179.1825,14491.2145,14089.7917,133064.9511,Profit,22621.6704,14132.8963,8712.2279,25837.9678,53179.1825,4491.2145,4089.7917,-0.0041,-5.4846
2013-12-03,244055.6774,43901.9223,34097.0066,23758.7551,40148.0884,73818.9823,14318.8948,14012.028,144055.6774,Profit,23901.9223,14097.0066,8758.7551,25148.0884,63818.9823,4318.8948,4012.028,0.0472,-1.0275
2013-12-04,242594.4681,43941.5354,34770.2188,24166.6333,40412.2336,71111.6039,14231.7073,13960.5358,142594.4681,Profit,23941.5354,14770.2188,9166.6333,25412.2336,61111.6039,4231.7073,3960.5358,-0.006,-1.62
2013-12-05,240631.9543,43925.4067,33745.0709,23644.6285,40040.0113,71504.7681,14030.5135,13741.5553,140631.9543,Profit,23925.4067,13745.0709,8644.6285,25040.0113,61504.7681,4030.5135,3741.5553,-0.0081,-2.4159
2013-12-06,239529.3418,43418.42,34145.8923,23350.6968,40390.8891,70080.9869,14235.5961,13906.8606,139529.3418,Profit,23418.42,14145.8923,8350.6968,25390.8891,60080.9869,4235.5961,3906.8606,-0.0046,-2.863
2013-12-09,241734.9638,43822.9446,34385.5645,22900.4339,40092.9691,72095.2034,14387.7251,14050.1232,141734.9638,Profit,23822.9446,14385.5645,7900.4339,25092.9691,62095.2034,4387.7251,4050.1232,0.0092,-1.9686
2013-12-10,241778.7996,43682.7628,33794.0385,23400.0456,40325.6849,72273.1106,14300.9841,14002.1731,141778.7996,Profit,23682.7628,13794.0385,8400.0456,25325.6849,62273.1106,4300.9841,4002.1731,0.0002,-1.9508
2013-12-11,238287.4407,43291.9362,33298.0885,23140.8142,39684.5129,70875.1815,14120.4447,13876.4627,138287.4407,Profit,23291.9362,13298.0885,8140.8142,24684.5129,60875.1815,4120.4447,3876.4627,-0.0144,-3.3667
2013-12-12,241840.2683,43367.2887,33062.2865,22760.252,39713.8004,75083.8686,14038.5415,13814.2307,141840.2683,Profit,23367.2887,13062.2865,7760.252,24713.8004,65083.8686,4038.5415,3814.2307,0.0149,-1.9259
2013-12-13,240218.13,42713.703,32451.3224,22526.5955,39852.2359,74850.5395,14051.6467,13772.0869,140218.13,Profit,22713.703,12451.3224,7526.5955,24852.2359,64850.5395,4051.6467,3772.0869,-0.0067,-2.5837
2013-12-16,241200.1732,42872.9277,32564.2631,22515.6091,40274.2777,74870.1905,14193.8121,13909.093,141200.1732,Profit,22872.9277,12564.2631,7515.6091,25274.2777,64870.1905,4193.8121,3909.093,0.0041,-2.1855
2013-12-17,243625.0193,42813.7578,32342.9742,22693.9733,40262.8321,77398.3985,14162.3456,13950.738,143625.0193,Profit,22813.7578,12342.9742,7693.9733,25262.8321,67398.3985,4162.3456,3950.738,0.0101,-1.2021
2013-12-18,243322.512,42631.2927,32503.6768,23086.0022,41261.6071,75371.8588,14330.6012,14137.4731,143322.512,Profit,22631.2927,12503.6768,8086.0022,26261.6071,65371.8588,4330.6012,4137.4731,-0.0012,-1.3248
2013-12-19,239815.0852,42263.4695,32305.6372,23247.7967,41301.2947,71882.7886,14546.5517,14267.5469,139815.0852,Profit,22263.4695,12305.6372,8247.7967,26301.2947,61882.7886,4546.5517,4267.5469,-0.0144,-2.7472
2013-12-20,243276.8937,42636.3936,32808.5226,23717.6311,42049.6589,73197.4699,14517.3189,14349.8987,143276.8937,Profit,22636.3936,12808.5226,8717.6311,27049.6589,63197.4699,4517.3189,4349.8987,0.0144,-1.3433
2013-12-23,243659.1688,43952.5468,32411.5445,23689.4747,41821.2249,72827.0357,14565.045,14392.2972,143659.1688,Profit,23952.5468,12411.5445,8689.4747,26821.2249,62827.0357,4565.045,4392.2972,0.0016,-1.1883
2013-12-24,247975.7846,43832.5012,32868.6754,23786.9116,41497.6317,76930.5561,14643.7411,14415.7675,147975.7846,Profit,23832.5012,12868.6754,8786.9116,26497.6317,66930.5561,4643.7411,4415.7675,0.0177,0.0
2013-12-26,250418.7081,43536.0043,33187.7007,23558.6583,42037.1423,79008.9147,14643.7411,14446.5466,150418.7081,Profit,23536.0043,13187.7007,8558.6583,27037.1423,69008.9147,4643.7411,4446.5466,0.0099,0.0
2013-12-27,248935.6829,43561.6333,33299.1032,23867.4186,41685.1642,77347.4623,14672.7085,14502.1928,148935.6829,Profit,23561.6333,13299.1032,8867.4186,26685.1642,67347.4623,4672.7085,4502.1928,-0.0059,-0.5922
2013-12-30,247934.8868,42902.6088,33121.6652,24055.4484,40972.4583,77607.3181,14716.0358,14559.3522,147934.8868,Profit,22902.6088,13121.6652,9055.4484,25972.4583,67607.3181,4716.0358,4559.3522,-0.004,-0.9919
2013-12-31,248118.7273,43380.8529,33216.9296,24124.8489,41521.3764,76555.2343,14726.812,14592.6731,148118.7273,Profit,23380.8529,13216.9296,9124.8489,26521.3764,66555.2343,4726.812,4592.6731,0.0007,-0.9185
2014-01-02,246565.4103,42764.6114,32985.4982,23875.6434,41424.3122,76365.7504,14682.2021,14467.3926,146565.4103,Profit,22764.6114,12985.4982,8875.6434,26424.3122,66365.7504,4682.2021,4467.3926,-0.0063,-1.5387
2014-01-03,244292.8733,41747.0717,32704.0436,23547.5518,41191.3203,75954.8227,14662.5535,14485.5097,144292.8733,Profit,21747.0717,12704.0436,8547.5518,26191.3203,65954.8227,4662.5535,4485.5097,-0.0092,-2.4462
2014-01-06,243280.153,42155.1556,32148.2694,23966.0562,41072.753,74971.2017,14558.9342,14407.7829,143280.153,Profit,22155.1556,12148.2694,8966.0562,26072.753,64971.2017,4558.9342,4407.7829,-0.0041,-2.8506
2014-01-07,246927.9924,42178.6917,32651.05,24542.3928,41855.266,76767.9578,14581.3383,14351.2959,146927.9924,Profit,22178.6917,12651.05,9542.3928,26855.266,66767.9578,4581.3383,4351.2959,0.015,-1.394
2014-01-08,249712.9464,42693.3791,32249.1449,25019.9717,42508.2615,78203.3444,14625.3352,14413.5096,149712.9464,Profit,22693.3791,12249.1449,10019.9717,27508.2615,68203.3444,4625.3352,4413.5096,0.0113,-0.2818
2014-01-09,246955.5195,42329.4226,32182.1127,24196.1105,42596.5213,76596.8043,14643.4893,14411.0588,146955.5195,Profit,22329.4226,12182.1127,9196.1105,27596.5213,66596.8043,4643.4893,4411.0588,-0.011,-1.383
2014-01-10,247134.647,42303.0733,32842.0213,24310.5974,42497.5971,76117.2847,14688.4219,14375.6514,147134.647,Profit,22303.0733,12842.0213,9310.5974,27497.5971,66117.2847,4688.4219,4375.6514,0.0007,-1.3114
2014-01-13,240853.8081,42339.709,31737.0089,23635.4431,41599.9958,72464.6041,14682.187,14394.8602,140853.8081,Profit,22339.709,11737.0089,8635.4431,26599.9958,62464.6041,4682.187,4394.8602,-0.0254,-3.8196
2014-01-14,256418.5194,43442.0875,32656.6241,24520.7801,42550.9308,84370.7614,14594.8245,14282.5108,156418.5194,Profit,23442.0875,12656.6241,9520.7801,27550.9308,74370.7614,4594.8245,4282.5108,0.0646,0.0
2014-01-15,259811.2475,44308.2465,33549.4753,24782.1128,42368.3066,85859.4312,14622.1763,14321.4989,159811.2475,Profit,24308.2465,13549.4753,9782.1128,27368.3066,75859.4312,4622.1763,4321.4989,0.0132,0.0
2014-01-16,263325.6718,44030.4404,33647.3785,24844.9094,42333.6918,89380.2963,14691.5127,14397.4426,163325.6718,Profit,24030.4404,13647.3785,9844.9094,27333.6918,79380.2963,4691.5127,4397.4426,0.0135,0.0
2014-01-17,262418.8837,43089.0063,33288.9098,24813.9914,42878.1148,89163.1301,14788.0386,14397.6927,162418.8837,Profit,23089.0063,13288.9098,9813.9914,27878.1148,79163.1301,4788.0386,4397.6927,-0.0034,-0.3444
2014-01-21,267921.0711,43806.9989,33127.475,24935.0221,43720.258,92754.525,15036.0014,14540.7907,167921.0711,Profit,23806.9989,13127.475,9935.0221,28720.258,82754.525,5036.0014,4540.7907,0.021,0.0
2014-01-22,270722.213,44387.7708,33197.9111,25123.5922,43834.798,94569.9704,15046.0866,14562.084,170722.213,Profit,24387.7708,13197.9111,10123.5922,28834.798,84569.9704,5046.0866,4562.084,0.0105,0.0
2014-01-23,273373.3247,45009.2234,33502.5841,25163.2153,43567.5517,96656.8124,14908.6519,14565.2858,173373.3247,Profit,25009.2234,13502.5841,10163.2153,28567.5517,86656.8124,4908.6519,4565.2858,0.0098,0.0
2014-01-24,265655.2339,43922.3565,33990.518,24367.0303,41972.6684,92414.1703,14614.8891,14373.6013,165655.2339,Profit,23922.3565,13990.518,9367.0303,26972.6684,82414.1703,4614.8891,4373.6013,-0.0282,-2.8233
2014-01-27,262776.9753,44422.2995,33378.8818,24289.9453,41965.8571,90070.4724,14415.8535,14233.6657,162776.9753,Profit,24422.2995,13378.8818,9289.9453,26965.8571,80070.4724,4415.8535,4233.6657,-0.0108,-3.8761
2014-01-28,266370.036,41057.7677,33753.5085,24636.7078,43044.3401,95148.9079,14455.4462,14273.3579,166370.036,Profit,21057.7677,13753.5085,9636.7078,28044.3401,85148.9079,4455.4462,4273.3579,0.0137,-2.5618
2014-01-29,262905.296,40590.6054,34114.3702,24399.3892,41927.9355,93468.68,14276.4818,14127.834,162905.296,Profit,20590.6054,14114.3702,9399.3892,26927.9355,83468.68,4276.4818,4127.834,-0.013,-3.8292
2014-01-30,270408.993,40594.6692,34373.5333,24859.4979,44071.4197,97728.8416,14498.1252,14282.906,170408.993,Profit,20594.6692,14373.5333,9859.4979,29071.4197,87728.8416,4498.1252,4282.906,0.0285,-1.0844
2014-01-31,264300.1613,40469.8817,35122.4961,24713.7328,39042.1897,96513.4058,14315.1445,14123.3106,164300.1613,Profit,20469.8817,15122.4961,9713.7328,24042.1897,86513.4058,4315.1445,4123.3106,-0.0226,-3.319
2014-02-03,258017.7019,40389.5198,33728.9897,24288.2643,37531.5449,93861.0619,14204.2293,14014.0921,158017.7019,Profit,20389.5198,13728.9897,9288.2643,22531.5449,83861.0619,4204.2293,4014.0921,-0.0238,-5.6171
2014-02-04,259104.0119,40893.4515,33545.2415,24382.8196,37655.1811,94540.013,14127.7102,13959.5951,159104.0119,Profit,20893.4515,13545.2415,9382.8196,22655.1811,84540.013,4127.7102,3959.5951,0.0042,-5.2197
2014-02-05,257603.5646,41372.2611,33194.2097,24266.5317,37648.8592,92644.3773,14386.9777,14090.3481,157603.5646,Profit,21372.2611,13194.2097,9266.5317,22648.8592,82644.3773,4386.9777,4090.3481,-0.0058,-5.7686
2014-02-06,261110.534,41481.9921,33421.2335,24503.8502,38411.9464,94449.0282,14555.8352,14286.6483,161110.534,Profit,21481.9921,13421.2335,9503.8502,23411.9464,84449.0282,4555.8352,4286.6483,0.0136,-4.4857
2014-02-07,266347.7623,41880.1089,33624.225,24756.7179,38945.3271,98335.648,14549.5879,14256.1476,166347.7623,Profit,21880.1089,13624.225,9756.7179,23945.3271,88335.648,4549.5879,4256.1476,0.0201,-2.57
2014-02-10,273350.8267,42750.036,33939.0036,24900.3218,39028.657,103905.7253,14550.3971,14276.6859,173350.8267,Profit,22750.036,13939.0036,9900.3218,24028.657,93905.7253,4550.3971,4276.6859,0.0263,-0.0082
2014-02-11,274441.6648,43219.2749,34209.2621,25358.7495,39046.6986,103721.0644,14605.3625,14281.2528,174441.6648,Profit,23219.2749,14209.2621,10358.7495,24046.6986,93721.0644,4605.3625,4281.2528,0.004,0.0
2014-02-12,272974.8605,43088.6732,34385.5535,26190.5353,37583.8958,102735.9649,14679.4068,14310.8311,172974.8605,Profit,23088.6732,14385.5535,11190.5353,22583.8958,92735.9649,4679.4068,4310.8311,-0.0053,-0.5345
2014-02-13,277662.3975,43724.8115,34469.0305,26984.2588,38393.9636,104879.3342,14812.4155,14398.5834,177662.3975,Profit,23724.8115,14469.0305,11984.2588,23393.9636,94879.3342,4812.4155,4398.5834,0.0172,0.0
2014-02-14,277871.0368,43695.5574,34481.9316,27837.2369,38413.5851,104152.7771,14809.5302,14480.4185,177871.0368,Profit,23695.5574,14481.9316,12837.2369,23413.5851,94152.7771,4809.5302,4480.4185,0.0008,0.0
2014-02-18,279993.3671,43745.7877,34471.7871,27751.0866,37918.915,106754.1561,14869.996,14481.6384,179993.3671,Profit,23745.7877,14471.7871,12751.0866,22918.915,96754.1561,4869.996,4481.6384,0.0076,0.0
2014-02-19,276013.0648,43411.9653,34845.7236,28362.3036,37559.4892,102334.0948,15001.0858,14498.4024,176013.0648,Profit,23411.9653,14845.7236,13362.3036,22559.4892,92334.0948,5001.0858,4498.4024,-0.0142,-1.4216
2014-02-20,287271.6541,43140.5037,35253.7791,29521.5206,38023.1783,111557.1398,15129.7217,14645.8109,187271.6541,Profit,23140.5037,15253.7791,14521.5206,23023.1783,101557.1398,5129.7217,4645.8109,0.0408,0.0
2014-02-21,286718.7916,42751.7559,35545.9265,29367.1704,37774.1987,111600.985,15079.6883,14599.0667,186718.7916,Profit,22751.7559,15545.9265,14367.1704,22774.1987,101600.985,5079.6883,4599.0667,-0.0019,-0.1925
2014-02-24,290135.775,42668.3413,35054.9434,29603.4684,38079.9951,115158.4822,15069.6761,14500.8684,190135.775,Profit,22668.3413,15054.9434,14603.4684,23079.9951,105158.4822,5069.6761,4500.8684,0.0119,0.0
2014-02-25,306916.5159,42327.5901,34994.558,29541.5122,38879.1459,131524.9072,15125.3765,14523.426,206916.5159,Profit,22327.5901,14994.558,14541.5122,23879.1459,121524.9072,5125.3765,4523.426,0.0578,0.0
2014-02-26,309920.6902,42067.3042,35036.9007,29580.1148,39155.9642,134576.6308,14990.9708,14512.8047,209920.6902,Profit,22067.3042,15036.9007,14580.1148,24155.9642,124576.6308,4990.9708,4512.8047,0.0098,0.0
2014-02-27,311378.9475,42994.679,35472.4392,29309.5368,39272.9613,134609.6026,15081.8215,14637.9071,211378.9475,Profit,22994.679,15472.4392,14309.5368,24272.9613,124609.6026,5081.8215,4637.9071,0.0047,0.0
2014-02-28,305985.5605,42632.3345,35682.476,28944.7037,39257.3906,129728.2157,14986.9486,14753.4914,205985.5605,Profit,22632.3345,15682.476,13944.7037,24257.3906,119728.2157,4986.9486,4753.4914,-0.0173,-1.7321
2014-03-03,308614.148,42817.2304,35241.4932,28855.9719,39065.7387,132978.7607,14966.1137,14688.8395,208614.148,Profit,22817.2304,15241.4932,13855.9719,24065.7387,122978.7607,4966.1137,4688.8395,0.0086,-0.8879
2014-03-04,313118.1221,43186.9189,35903.8149,29207.8374,39591.4681,135518.2583,14970.2185,14739.6061,213118.1221,Profit,23186.9189,15903.8149,14207.8374,24591.4681,125518.2583,4970.2185,4739.6061,0.0146,0.0
2014-03-05,311487.6102,43033.1237,35421.9306,29290.0254,40283.3347,133597.6247,15056.2085,14805.3627,211487.6102,Profit,23033.1237,15421.9306,14290.0254,25283.3347,123597.6247,5056.2085,4805.3627,-0.0052,-0.5207
2014-03-06,308821.221,42570.9074,35186.8267,28659.8373,39950.9487,132717.2254,14950.4446,14785.0309,208821.221,Profit,22570.9074,15186.8267,13659.8373,24950.9487,122717.2254,4950.4446,4785.0309,-0.0086,-1.3723
2014-03-07,308084.2514,43022.9054,35347.81,28952.6884,40388.2029,130634.7614,14916.5678,14821.3155,208084.2514,Profit,23022.9054,15347.81,13952.6884,25388.2029,120634.7614,4916.5678,4821.3155,-0.0024,-1.6077
2014-03-10,304117.7397,43123.5444,35320.8403,28566.3027,40280.1512,126907.4744,14933.1728,14986.2539,204117.7397,Profit,23123.5444,15320.8403,13566.3027,25280.1512,116907.4744,4933.1728,4986.2539,-0.0129,-2.8744
2014-03-11,302207.7074,43462.0267,35445.3297,28804.4618,40022.048,124328.7536,15030.5684,15114.5192,202207.7074,Profit,23462.0267,15445.3297,13804.4618,25022.048,114328.7536,5030.5684,5114.5192,-0.0063,-3.4844
2014-03-12,307855.6436,43689.6611,35830.3236,28998.1349,40390.0727,128626.9971,15082.8285,15237.6257,207855.6436,Profit,23689.6611,15830.3236,13998.1349,25390.0727,118626.9971,5082.8285,5237.6257,0.0187,-1.6807
2014-03-13,302117.064,42916.3935,35236.1968,27895.2308,40212.1199,125803.4279,14930.614,15123.081,202117.064,Profit,22916.3935,15236.1968,12895.2308,25212.1199,115803.4279,4930.614,5123.081,-0.0186,-3.5134
2014-03-14,298720.2317,42553.141,35155.6242,28090.6449,40563.2542,122526.5788,14790.8679,15040.1208,198720.2317,Profit,22553.141,15155.6242,13090.6449,25563.2542,112526.5788,4790.8679,5040.1208,-0.0112,-4.5982
2014-03-17,300228.9593,42584.7696,35366.7427,28001.9131,40575.849,123731.7656,14858.9725,15108.9469,200228.9593,Profit,22584.7696,15366.7427,13001.9131,25575.849,113731.7656,4858.9725,5108.9469,0.0051,-4.1164
2014-03-18,307168.4827,43090.8599,36873.8688,28758.7151,41105.4687,127326.871,14886.6837,15126.0155,207168.4827,Profit,23090.8599,16873.8688,13758.7151,26105.4687,117326.871,4886.6837,5126.0155,0.0231,-1.9001
2014-03-19,306776.5166,43442.118,36918.252,29506.4518,40844.0371,126148.4765,14850.9307,15066.2505,206776.5166,Profit,23442.118,16918.252,14506.4518,25844.0371,116148.4765,4850.9307,5066.2505,-0.0013,-2.0253
2014-03-20,308754.7353,43509.669,38161.4159,29708.6499,40637.907,126460.3093,15037.5161,15239.2683,208754.7353,Profit,23509.669,18161.4159,14708.6499,25637.907,116460.3093,5037.5161,5239.2683,0.0064,-1.3935
2014-03-21,303201.9332,43631.472,37809.5461,29515.2769,39517.0268,122594.7402,14991.7499,15142.1214,203201.9332,Profit,23631.472,17809.5461,14515.2769,24517.0268,112594.7402,4991.7499,5142.1214,-0.018,-3.1669
2014-03-24,299005.5506,44240.1277,38205.9629,29429.3668,38635.2234,118166.8199,15097.6701,15230.3798,199005.5506,Profit,24240.1277,18205.9629,14429.3668,23635.2234,108166.8199,5097.6701,5230.3798,-0.0138,-4.5071
2014-03-25,298862.4984,44552.2653,37914.6185,29321.7839,38806.9032,117879.2818,15158.2682,15229.3774,198862.4984,Profit,24552.2653,17914.6185,14321.7839,23806.9032,107879.2818,5158.2682,5229.3774,-0.0005,-4.5528
2014-03-26,291265.0107,43994.5462,37288.4941,28569.2444,37459.6938,113542.8558,15182.8609,15227.3154,191265.0107,Profit,23994.5462,17288.4941,13569.2444,22459.6938,103542.8558,5182.8609,5227.3154,-0.0254,-6.9792
2014-03-27,284555.3708,43466.3956,36602.8143,27968.2334,36635.8819,109682.6983,15064.3828,15134.9645,184555.3708,Profit,23466.3956,16602.8143,12968.2334,21635.8819,99682.6983,5064.3828,5134.9645,-0.023,-9.122
2014-03-28,288383.3214,43445.6258,37501.3974,28160.4057,36639.5803,112425.8044,15077.8528,15132.655,188383.3214,Profit,23445.6258,17501.3974,13160.4057,21639.5803,102425.8044,5077.8528,5132.655,0.0135,-7.8995
2014-03-31,286700.8661,43389.7244,38103.2926,28147.0179,36394.3245,110241.1665,15175.3725,15249.9678,186700.8661,Profit,23389.7244,18103.2926,13147.0179,21394.3245,100241.1665,5175.3725,5249.9678,-0.0058,-8.4368
2014-04-01,293388.5309,43688.4316,38413.8893,29241.6371,37024.3974,114477.134,15226.5753,15316.4662,193388.5309,Profit,23688.4316,18413.8893,14241.6371,22024.3974,104477.134,5226.5753,5316.4662,0.0233,-6.301
2014-04-02,300223.4704,43778.8218,38359.1848,29068.9162,36926.6029,121549.0511,15209.3026,15331.5909,200223.4704,Profit,23778.8218,18359.1848,14068.9162,21926.6029,111549.0511,5209.3026,5331.5909,0.0233,-4.1181
2014-04-03,296455.1519,43487.102,38058.5439,29395.0267,36039.0708,119011.2114,15160.4327,15303.7644,196455.1519,Profit,23487.102,18058.5439,14395.0267,21039.0708,109011.2114,5160.4327,5303.7644,-0.0126,-5.3216
2014-04-04,284473.7484,42704.0385,36812.3287,28335.7081,34711.6219,111478.6505,15161.1629,15270.2378,184473.7484,Profit,22704.0385,16812.3287,13335.7081,19711.6219,101478.6505,5161.1629,5270.2378,-0.0404,-9.1481
2014-04-07,280608.673,42011.9025,36723.8779,28412.4329,34126.7244,108935.1121,15176.7456,15221.8777,180608.673,Profit,22011.9025,16723.8779,13412.4329,19126.7244,98935.1121,5176.7456,5221.8777,-0.0136,-10.3825
2014-04-08,285799.3756,41821.7015,36578.6202,29293.0872,34969.7114,112597.6971,15209.5108,15329.0474,185799.3756,Profit,21821.7015,16578.6202,14293.0872,19969.7114,102597.6971,5209.5108,5329.0474,0.0185,-8.7247
2014-04-09,287890.1755,42293.5917,37113.0417,29212.7002,35413.7202,113168.6967,15275.4124,15413.0126,187890.1755,Profit,22293.5917,17113.0417,14212.7002,20413.7202,103168.6967,5275.4124,5413.0126,0.0073,-8.057
2014-04-10,277194.797,41785.9715,36122.8106,28518.6949,33873.7644,106610.6418,15159.1958,15123.7179,177194.797,Profit,21785.9715,16122.8106,13518.6949,18873.7644,96610.6418,5159.1958,5123.7179,-0.0372,-11.4728
2014-04-11,276578.9675,41654.504,36141.7023,28241.2729,33445.5477,106864.0741,15118.8379,15113.0285,176578.9675,Profit,21654.504,16141.7023,13241.2729,18445.5477,96864.0741,5118.8379,5113.0285,-0.0022,-11.6694
2014-04-14,274877.4283,41859.5573,36151.0128,28576.0884,33924.9465,103975.2216,15176.9814,15213.6201,174877.4283,Profit,21859.5573,16151.0128,13576.0884,18924.9465,93975.2216,5176.9814,5213.6201,-0.0062,-12.2129
2014-04-15,273380.7825,41602.9152,36710.1908,28810.1651,33977.2367,101882.9823,15177.9424,15219.3499,173380.7825,Profit,21602.9152,16710.1908,13810.1651,18977.2367,91882.9823,5177.9424,5219.3499,-0.0054,-12.6908
2014-04-16,278946.4294,41862.2298,37468.5919,28998.315,34943.1278,105063.1697,15267.9881,15343.0072,178946.4294,Profit,21862.2298,17468.5919,13998.315,19943.1278,95063.1697,5267.9881,5343.0072,0.0204,-10.9134
2014-04-17,278096.5047,42229.3538,37010.3284,29028.6928,34980.4953,104256.3936,15243.9473,15347.2936,178096.5047,Profit,22229.3538,17010.3284,14028.6928,19980.4953,94256.3936,5243.9473,5347.2936,-0.003,-11.1848
2014-04-21,283319.6862,42820.6255,37021.2429,29324.7256,35696.6568,107775.2419,15305.4417,15375.7518,183319.6862,Profit,22820.6255,17021.2429,14324.7256,20696.6568,97775.2419,5305.4417,5375.7518,0.0188,-9.5167
2014-04-22,291060.9892,42880.6682,37086.2737,29587.1989,35545.552,115347.5283,15231.0404,15382.7277,191060.9892,Profit,22880.6682,17086.2737,14587.1989,20545.552,105347.5283,5231.0404,5382.7277,0.0273,-7.0443
2014-04-23,284463.2435,42349.5518,36825.7052,29951.1315,35052.9983,109788.633,15165.4171,15329.8065,184463.2435,Profit,22349.5518,16825.7052,14951.1315,20052.9983,99788.633,5165.4171,5329.8065,-0.0227,-9.1515
2014-04-24,289602.7481,45796.0505,36966.1769,30207.3011,36393.9916,109670.0234,15200.1998,15369.0049,189602.7481,Profit,25796.0505,16966.1769,15207.3011,21393.9916,99670.0234,5200.1998,5369.0049,0.0181,-7.5101
2014-04-25,281706.5071,46191.009,37060.5754,29413.6376,32841.845,105587.2522,15235.5458,15376.6421,181706.5071,Profit,26191.009,17060.5754,14413.6376,17841.845,95587.2522,5235.5458,5376.6421,-0.0273,-10.0319
2014-04-28,282593.8401,47943.97,37922.279,29257.5464,32032.0435,104794.0625,15251.4454,15392.4933,182593.8401,Profit,27943.97,17922.279,14257.5464,17032.0435,94794.0625,5251.4454,5392.4933,0.0031,-9.7485
2014-04-29,285575.1099,47499.0814,37350.3448,29137.5363,32236.6269,108540.9503,15319.9754,15490.5948,185575.1099,Profit,27499.0814,17350.3448,14137.5363,17236.6269,98540.9503,5319.9754,5490.5948,0.0105,-8.7964
2014-04-30,285942.6917,47291.839,37227.3626,28778.8268,32621.2111,108989.558,15392.4267,15641.4676,185942.6917,Profit,27291.839,17227.3626,13778.8268,17621.2111,98989.558,5392.4267,5641.4676,0.0013,-8.679
2014-05-01,286177.9844,47436.4812,36889.8591,28953.4688,33048.6232,108985.7182,15340.9046,15522.9294,186177.9844,Profit,27436.4812,16889.8591,13953.4688,18048.6232,98985.7182,5340.9046,5522.9294,0.0008,-8.6038
2014-05-02,287671.5119,47560.431,36628.7593,28758.3549,33085.6265,110734.8324,15369.2532,15534.2547,187671.5119,Profit,27560.431,16628.7593,13758.3549,18085.6265,100734.8324,5369.2532,5534.2547,0.0052,-8.1268
2014-05-05,291159.5342,48153.0331,36328.1792,29019.1472,33250.125,113540.9611,15367.011,15501.0776,191159.5342,Profit,28153.0331,16328.1792,14019.1472,18250.125,103540.9611,5367.011,5501.0776,0.0121,-7.0129
2014-05-06,281876.3802,47347.8601,35772.7377,28266.4276,31702.1557,108005.779,15361.9482,15419.4718,181876.3802,Profit,27347.8601,15772.7377,13266.4276,16702.1557,98005.779,5361.9482,5419.4718,-0.0319,-9.9776
2014-05-07,278685.0899,47208.7928,36124.148,28313.375,31221.5038,104973.1754,15376.8455,15467.2493,178685.0899,Profit,27208.7928,16124.148,13313.375,16221.5038,94973.1754,5376.8455,5467.2493,-0.0113,-10.9968
2014-05-08,266149.2885,46961.353,36197.1629,28567.6235,30645.9981,92782.8389,15446.8932,15547.419,166149.2885,Profit,26961.353,16197.1629,13567.6235,15645.9981,82782.8389,5446.8932,5547.419,-0.045,-15.0004
2014-05-09,268279.7765,46947.6106,36249.9767,27977.659,31182.8148,95056.0428,15373.7891,15491.8836,168279.7765,Profit,26947.6106,16249.9767,12977.659,16182.8148,85056.0428,5373.7891,5491.8836,0.008,-14.3199
2014-05-12,272252.3074,47473.267,36600.9096,28763.8181,32277.4559,96197.5611,15457.3203,15481.9754,172252.3074,Profit,27473.267,16600.9096,13763.8181,17277.4559,86197.5611,5457.3203,5481.9754,0.0148,-13.0512
2014-05-13,275704.8531,47567.1392,37285.8814,28318.6581,32482.0707,99102.8923,15440.598,15507.6134,175704.8531,Profit,27567.1392,17285.8814,13318.6581,17482.0707,89102.8923,5440.598,5507.6134,0.0127,-11.9486
2014-05-14,274690.2673,47555.5202,37106.314,28020.464,31719.0011,99297.2854,15462.7647,15528.9181,174690.2673,Profit,27555.5202,17106.314,13020.464,16719.0011,89297.2854,5462.7647,5528.9181,-0.0037,-12.2726
2014-05-15,272045.7634,47149.3625,36513.5954,27867.3745,31460.0227,98240.0771,15406.8787,15408.4524,172045.7634,Profit,27149.3625,16513.5954,12867.3745,16460.0227,88240.0771,5406.8787,5408.4524,-0.0096,-13.1172
2014-05-16,274465.2018,47824.7551,36711.1546,27790.5297,31712.9552,99741.3786,15337.157,15347.2716,174465.2018,Profit,27824.7551,16711.1546,12790.5297,16712.9552,89741.3786,5337.157,5347.2716,0.0089,-12.3445
2014-05-19,278203.6207,48393.1148,36637.1389,28692.6165,31612.821,102100.048,15391.7386,15376.1428,178203.6207,Profit,28393.1148,16637.1389,13692.6165,16612.821,92100.048,5391.7386,5376.1428,0.0136,-11.1506
2014-05-20,278278.7853,48485.2836,36638.1777,28402.9473,32140.753,101866.0012,15443.3734,15302.2492,178278.7853,Profit,28485.2836,16638.1777,13402.9473,17140.753,91866.0012,5443.3734,5302.2492,0.0003,-11.1266
2014-05-21,282647.0603,48758.6949,37363.3378,28486.276,32643.9417,104336.2322,15633.9199,15424.6578,182647.0603,Profit,28758.6949,17363.3378,13486.276,17643.9417,94336.2322,5633.9199,5424.6578,0.0157,-9.7315
2014-05-22,285231.2721,48677.7816,37012.9731,28521.2764,32528.7693,106833.6574,15862.0392,15794.7751,185231.2721,Profit,28677.7816,17012.9731,13521.2764,17528.7693,96833.6574,5862.0392,5794.7751,0.0091,-8.9062
2014-05-23,287451.0699,49098.2589,36933.9447,28710.4469,33225.1722,107817.5655,15825.4768,15840.205,187451.0699,Profit,29098.2589,16933.9447,13710.4469,18225.1722,97817.5655,5825.4768,5840.205,0.0078,-8.1972
2014-05-27,291182.094,50016.6707,37000.4566,29221.3453,33071.0288,110023.0889,15842.2912,16007.2126,191182.094,Profit,30016.6707,17000.4566,14221.3453,18071.0288,100023.0889,5842.2912,6007.2126,0.013,-7.0057
2014-05-28,290245.6823,49877.939,36825.092,29467.9693,32994.7334,109316.4914,15789.3544,15974.1028,190245.6823,Profit,29877.939,16825.092,14467.9693,17994.7334,99316.4914,5789.3544,5974.1028,-0.0032,-7.3047
2014-05-29,290957.3487,50643.6724,37029.9562,29339.2541,33287.6765,109014.7067,15724.6434,15917.4394,190957.3487,Profit,30643.6724,17029.9562,14339.2541,18287.6765,99014.7067,5724.6434,5917.4394,0.0025,-7.0774
2014-05-30,290784.4776,50597.9916,37681.5501,29500.5083,33248.9796,108031.9326,15726.4674,15997.0479,190784.4776,Profit,30597.9916,17681.5501,14500.5083,18248.9796,98031.9326,5726.4674,5997.0479,-0.0006,-7.1327
2014-06-02,288870.1734,50377.6332,37639.6827,29481.237,32938.9641,106710.4186,15689.8264,16032.4114,188870.1734,Profit,30377.6332,17639.6827,14481.237,17938.9641,96710.4186,5689.8264,6032.4114,-0.0066,-7.744
2014-06-03,289528.8361,51180.7978,37248.5145,29409.8554,32823.1279,107031.6462,15689.364,16145.5304,189528.8361,Profit,31180.7978,17248.5145,14409.8554,17823.1279,97031.6462,5689.364,6145.5304,0.0023,-7.5337
2014-06-04,290291.4495,51873.4101,37352.648,29500.4483,32845.3887,106749.7063,15736.4725,16233.3758,190291.4495,Profit,31873.4101,17352.648,14500.4483,17845.3887,96749.7063,5736.4725,6233.3758,0.0026,-7.2901
2014-06-05,294611.1232,52065.9574,38164.609,29616.8562,34633.5077,108242.8403,15691.5097,16195.8429,194611.1232,Profit,32065.9574,18164.609,14616.8562,19633.5077,98242.8403,5691.5097,6195.8429,0.0149,-5.9105
2014-06-06,296308.7089,51929.4781,38421.2782,29735.1253,35292.8798,108927.4469,15714.0151,16288.4855,196308.7089,Profit,31929.4781,18421.2782,14735.1253,20292.8798,98927.4469,5714.0151,6288.4855,0.0058,-5.3684
2014-06-09,294837.2097,52629.5236,38134.9935,29695.8624,34977.2139,107175.2394,15827.6753,16396.7016,194837.2097,Profit,32629.5236,18134.9935,14695.8624,19977.2139,97175.2394,5827.6753,6396.7016,-0.005,-5.8383
2014-06-10,294190.89,52962.5013,38005.736,29866.5421,35517.8758,105652.8873,15840.3873,16344.9602,194190.89,Profit,32962.5013,18005.736,14866.5421,20517.8758,95652.8873,5840.3873,6344.9602,-0.0022,-6.0448
2014-06-11,294169.5509,52512.3523,37607.3107,30114.9071,35658.4807,106316.063,15736.4195,16224.0177,194169.5509,Profit,32512.3523,17607.3107,15114.9071,20658.4807,96316.063,5736.4195,6224.0177,-0.0001,-6.0516
2014-06-12,291229.2348,51565.0665,37292.7039,30257.9106,34619.1664,105666.5526,15699.194,16128.6408,191229.2348,Profit,31565.0665,17292.7039,15257.9106,19619.1664,95666.5526,5699.194,6128.6408,-0.01,-6.9906
2014-06-13,293360.4397,51073.1221,37951.2802,30336.6166,34711.7042,107339.8617,15843.0597,16104.7952,193360.4397,Profit,31073.1221,17951.2802,15336.6166,19711.7042,97339.8617,5843.0597,6104.7952,0.0073,-6.31
2014-06-16,303217.1055,51510.9248,38137.2327,30193.2529,34797.6009,116605.625,15819.6964,16152.7729,203217.1055,Profit,31510.9248,18137.2327,15193.2529,19797.6009,106605.625,5819.6964,6152.7729,0.0336,-3.1621
2014-06-17,307015.5811,51450.1453,38308.2517,30400.614,34591.549,120293.2296,15792.2094,16179.5821,207015.5811,Profit,31450.1453,18308.2517,15400.614,19591.549,110293.2296,5792.2094,6179.5821,0.0125,-1.949
2014-06-18,306256.8177,51593.8888,38344.2173,30420.3655,35581.0693,118125.7666,15873.8746,16317.6355,206256.8177,Profit,31593.8888,18344.2173,15420.3655,20581.0693,108125.7666,5873.8746,6317.6355,-0.0025,-2.1913
2014-06-19,303621.2373,51211.6145,38069.2047,29610.3725,34661.3248,118016.7314,15790.1639,16261.8256,203621.2373,Profit,31211.6145,18069.2047,14610.3725,19661.3248,108016.7314,5790.1639,6261.8256,-0.0086,-3.033
2014-06-20,302040.2127,50390.1814,38004.6663,29116.6441,34167.7628,118268.2115,15803.6318,16289.1147,202040.2127,Profit,30390.1814,18004.6663,14116.6441,19167.7628,108268.2115,5803.6318,6289.1147,-0.0052,-3.5379
2014-06-23,305271.2114,50180.2877,38162.7772,28684.2716,34376.031,121801.6294,15834.9143,16231.3003,205271.2114,Profit,30180.2877,18162.7772,13684.2716,19376.031,111801.6294,5834.9143,6231.3003,0.0107,-2.5061
2014-06-24,301617.7359,49922.4982,37968.3422,28264.8066,34081.0419,119477.9916,15787.6605,16115.3949,201617.7359,Profit,29922.4982,17968.3422,13264.8066,19081.0419,109477.9916,5787.6605,6115.3949,-0.012,-3.6729
2014-06-25,304273.1008,49876.6931,38163.7271,28503.2659,34364.9867,121518.8425,15748.0395,16097.546,204273.1008,Profit,29876.6931,18163.7271,13503.2659,19364.9867,111518.8425,5748.0395,6097.546,0.0088,-2.8248
2014-06-26,302858.6991,50106.9999,37833.0721,28083.6809,34136.6879,120699.2839,15863.0086,16135.9658,202858.6991,Profit,30106.9999,17833.0721,13083.6809,19136.6879,110699.2839,5863.0086,6135.9658,-0.0046,-3.2765
2014-06-27,305127.7974,50561.6094,38203.5749,28032.4109,33920.8018,122116.7492,16014.9363,16277.7149,205127.7974,Profit,30561.6094,18203.5749,13032.4109,18920.8018,112116.7492,6014.9363,6277.7149,0.0075,-2.5519
2014-06-30,305956.4943,51079.8819,37704.5537,28272.3711,33942.7473,122627.8268,16036.3557,16292.7579,205956.4943,Profit,31079.8819,17704.5537,13272.3711,18942.7473,112627.8268,6036.3557,6292.7579,0.0027,-2.2872
2014-07-01,307668.6544,51405.0253,37860.8708,28598.7217,34738.0685,122453.8958,16153.8408,16458.2316,207668.6544,Profit,31405.0253,17860.8708,13598.7217,19738.0685,112453.8958,6153.8408,6458.2316,0.0056,-1.7404
2014-07-02,302081.6132,51341.9159,37858.0393,28469.0459,34756.8189,117098.7454,16198.4499,16358.5979,202081.6132,Profit,31341.9159,17858.0393,13469.0459,19756.8189,107098.7454,6198.4499,6358.5979,-0.0182,-3.5247
2014-07-03,302234.9326,51479.0005,37648.6237,28636.7839,35132.3108,116644.8912,16271.6709,16421.6516,202234.9326,Profit,31479.0005,17648.6237,13636.7839,20132.3108,106644.8912,6271.6709,6421.6516,0.0005,-3.4757
2014-07-07,300234.4314,52685.2607,37917.391,28485.7957,34813.5867,113590.3829,16284.6125,16457.4018,200234.4314,Profit,32685.2607,17917.391,13485.7957,19813.5867,103590.3829,6284.6125,6457.4018,-0.0066,-4.1146
2014-07-08,296983.0362,52405.1999,37771.4771,28282.457,33835.0343,111884.9776,16352.7168,16451.1736,196983.0362,Profit,32405.1999,17771.4771,13282.457,18835.0343,101884.9776,6352.7168,6451.1736,-0.0108,-5.153
2014-07-09,300075.5007,52309.3591,37584.8604,29078.9421,34401.1697,113666.6186,16490.6721,16543.8787,200075.5007,Profit,32309.3591,17584.8604,14078.9421,19401.1697,103666.6186,6490.6721,6543.8787,0.0104,-4.1654
2014-07-10,297893.1449,52157.3471,37631.6157,28933.177,34213.1282,111916.1479,16494.262,16547.4669,197893.1449,Profit,32157.3471,17631.6157,13933.177,19213.1282,101916.1479,6494.262,6547.4669,-0.0073,-4.8624
2014-07-11,301083.8859,52559.3564,38217.8772,29178.7204,36330.4692,111884.7407,16445.3108,16467.4111,201083.8859,Profit,32559.3564,18217.8772,14178.7204,21330.4692,101884.7407,6445.3108,6467.4111,0.0107,-3.8434
2014-07-14,307764.6614,53242.879,38267.7357,29549.677,37294.4846,116301.9599,16561.0405,16546.8847,207764.6614,Profit,33242.879,18267.7357,14549.677,22294.4846,106301.9599,6561.0405,6546.8847,0.0222,-1.7097
2014-07-15,305054.451,52841.9795,38708.4319,29788.4364,37354.7864,113112.0331,16681.7373,16567.0464,205054.451,Profit,32841.9795,18708.4319,14788.4364,22354.7864,103112.0331,6681.7373,6567.0464,-0.0088,-2.5753
2014-07-16,304865.1116,52459.006,40131.5027,29715.2537,37452.9137,111698.666,16762.9064,16644.863,204865.1116,Profit,32459.006,20131.5027,14715.2537,22452.9137,101698.666,6762.9064,6644.863,-0.0006,-2.6357
2014-07-17,303017.7045,51538.1118,40557.1494,29649.3352,37100.2053,110824.5611,16765.6734,16582.6683,203017.7045,Profit,31538.1118,20557.1494,14649.3352,22100.2053,100824.5611,6765.6734,6582.6683,-0.0061,-3.2258
2014-07-18,305246.497,52200.3249,40641.2517,28287.74,37697.7173,113033.1419,16758.4519,16627.8693,205246.497,Profit,32200.3249,20641.2517,13287.74,22697.7173,103033.1419,6758.4519,6627.8693,0.0074,-2.5139
2014-07-21,305703.6975,51926.2284,40770.1506,28449.4145,37813.3361,113300.5409,16819.2928,16624.7343,205703.6975,Profit,31926.2284,20770.1506,13449.4145,22813.3361,103300.5409,6819.2928,6624.7343,0.0015,-2.3679
2014-07-22,305963.4957,52402.5884,40800.5281,28354.499,37955.1098,112891.4004,16863.8699,16695.5001,205963.4957,Profit,32402.5884,20800.5281,13354.499,22955.1098,102891.4004,6863.8699,6695.5001,0.0008,-2.285
2014-07-23,307869.7012,53746.0036,40823.1013,27743.3421,37657.086,114344.9165,16840.1518,16715.0999,207869.7012,Profit,33746.0036,20823.1013,12743.3421,22657.086,104344.9165,6840.1518,6715.0999,0.0062,-1.6762
2014-07-24,308044.2241,53661.5332,40392.8162,27792.2707,37710.0145,114895.2388,16839.1953,16753.1553,208044.2241,Profit,33661.5332,20392.8162,12792.2707,22710.0145,104895.2388,6839.1953,6753.1553,0.0006,-1.6204
2014-07-25,306513.9178,54379.4789,40758.6018,27478.7076,34299.9862,115680.871,16964.8006,16951.4718,206513.9178,Profit,34379.4789,20758.6018,12478.7076,19299.9862,105680.871,6964.8006,6951.4718,-0.005,-2.1092
2014-07-28,306654.586,55068.0531,40225.1292,27338.1655,33878.1109,116187.5489,16951.7599,17005.8185,206654.586,Profit,35068.0531,20225.1292,12338.1655,18878.1109,106187.5489,6951.7599,7005.8185,0.0005,-2.0642
2014-07-29,307633.8668,54965.7693,40327.5648,27557.7737,33991.3881,116824.3127,16947.3023,17019.7559,207633.8668,Profit,34965.7693,20327.5648,12557.7737,18991.3881,106824.3127,6947.3023,7019.7559,0.0032,-1.7515
2014-07-30,311828.3176,55131.3314,40267.4629,28177.2755,34441.1216,119489.1306,17133.4867,17188.5088,211828.3176,Profit,35131.3314,20267.4629,13177.2755,19441.1216,109489.1306,7133.4867,7188.5088,0.0136,-0.4119
2014-07-31,304470.9915,53605.6998,39808.6012,27225.8999,33366.2567,116353.176,17066.0503,17045.3075,204470.9915,Profit,33605.6998,19808.6012,12225.8999,18366.2567,106353.176,7066.0503,7045.3075,-0.0236,-2.7616
2014-08-01,309710.5273,54047.9441,39636.5196,27590.9731,32821.2621,121871.3123,16832.7926,16909.7236,209710.5273,Profit,34047.9441,19636.5196,12590.9731,17821.2621,111871.3123,6832.7926,6909.7236,0.0172,-1.0883
2014-08-04,313557.4381,53743.3264,40107.4204,27536.1011,33525.6589,124614.1673,16965.8456,17064.9184,213557.4381,Profit,33743.3264,20107.4204,12536.1011,18525.6589,114614.1673,6965.8456,7064.9184,0.0124,0.0
2014-08-05,313896.2584,53726.9185,40027.3053,27677.7238,33539.4226,125180.4658,16896.1797,16848.2427,213896.2584,Profit,33726.9185,20027.3053,12677.7238,18539.4226,115180.4658,6896.1797,6848.2427,0.0011,0.0
2014-08-06,318052.1714,53418.3637,39552.2585,27536.7615,33572.8215,130136.2366,16927.4167,16908.3128,218052.1714,Profit,33418.3637,19552.2585,12536.7615,18572.8215,120136.2366,6927.4167,6908.3128,0.0132,0.0
2014-08-07,319426.8226,53393.9384,39991.4655,27242.3495,33299.6507,131897.0208,16841.9249,16760.4727,219426.8226,Profit,33393.9384,19991.4655,12242.3495,18299.6507,121897.0208,6841.9249,6760.4727,0.0043,0.0
2014-08-08,321729.3184,53838.7707,40181.3242,29812.6906,34057.7357,130383.1234,16783.7528,16671.9211,221729.3184,Profit,33838.7707,20181.3242,14812.6906,19057.7357,120383.1234,6783.7528,6671.9211,0.0072,0.0
2014-08-11,327422.2876,54310.8486,40009.3585,29525.9031,34075.7577,135679.8877,16876.4982,16944.0338,227422.2876,Profit,34310.8486,20009.3585,14525.9031,19075.7577,125679.8877,6876.4982,6944.0338,0.0177,0.0
2014-08-12,328493.6205,54342.7094,40338.0678,29550.2173,34209.8644,136126.9523,16934.3026,16991.5067,228493.6205,Profit,34342.7094,20338.0678,14550.2173,19209.8644,126126.9523,6934.3026,6991.5067,0.0033,0.0
2014-08-13,330354.3308,54990.8493,40799.7391,29684.5758,34907.6045,136123.1412,16902.4004,16946.0205,230354.3308,Profit,34990.8493,20799.7391,14684.5758,19907.6045,126123.1412,6902.4004,6946.0205,0.0057,0.0
2014-08-14,331400.7933,55045.9483,40911.5891,29302.8128,35590.3084,136457.2949,17039.0395,17053.8004,231400.7933,Profit,35045.9483,20911.5891,14302.8128,20590.3084,126457.2949,7039.0395,7053.8004,0.0032,0.0
2014-08-15,332778.6782,55314.552,41387.5057,29678.8124,35631.9009,136773.6564,16988.9016,17003.3491,232778.6782,Profit,35314.552,21387.5057,14678.8124,20631.9009,126773.6564,6988.9016,7003.3491,0.0042,0.0
2014-08-18,332738.539,55866.9942,41603.2225,30024.3142,35659.2521,135431.8957,17080.2285,17072.6318,232738.539,Profit,35866.9942,21603.2225,15024.3142,20659.2521,125431.8957,7080.2285,7072.6318,-0.0001,-0.0121
2014-08-19,333998.8211,56853.0509,42219.9595,30375.6994,35854.4359,134266.4847,17300.6416,17128.5492,233998.8211,Profit,36853.0509,22219.9595,15375.6994,20854.4359,124266.4847,7300.6416,7128.5492,0.0038,0.0
2014-08-20,333459.5349,56953.1643,41925.5058,30228.5535,35973.2832,133900.9381,17278.89,17199.1999,233459.5349,Profit,36953.1643,21925.5058,15228.5535,20973.2832,123900.9381,7278.89,7199.1999,-0.0016,-0.1615
2014-08-21,332741.414,56979.1171,42190.6836,29963.4386,35678.8443,133232.4872,17352.0571,17344.786,232741.414,Profit,36979.1171,22190.6836,14963.4386,20678.8443,123232.4872,7352.0571,7344.786,-0.0022,-0.3765
2014-08-22,334038.2828,57405.7419,42132.3346,29983.1902,35543.8682,134535.477,17162.3213,17275.3497,234038.2828,Profit,37405.7419,22132.3346,14983.1902,20543.8682,124535.477,7162.3213,7275.3497,0.0039,0.0
2014-08-25,338425.2103,57688.9985,42265.8598,30112.7458,35902.4404,137934.9119,17188.9326,17331.3213,238425.2103,Profit,37688.9985,22265.8598,15112.7458,20902.4404,127934.9119,7188.9326,7331.3213,0.0131,0.0
2014-08-26,337918.6648,57168.6846,42011.276,30563.0688,36644.8645,137146.1791,17126.7093,17257.8825,237918.6648,Profit,37168.6846,22011.276,15563.0688,21644.8645,127146.1791,7126.7093,7257.8825,-0.0015,-0.1497
2014-08-27,337616.6932,57554.8702,41649.2617,30052.7108,36588.0184,137181.8998,17233.4664,17356.4659,237616.6932,Profit,37554.8702,21649.2617,15052.7108,21588.0184,127181.8998,7233.4664,7356.4659,-0.0009,-0.2389
2014-08-28,336725.0292,57438.1142,41527.48,30206.2204,36137.9461,137070.7832,17126.7798,17217.7054,236725.0292,Profit,37438.1142,21527.48,15206.2204,21137.9461,127070.7832,7126.7798,7217.7054,-0.0026,-0.5024
2014-08-29,340328.4249,57588.1131,42042.087,30303.4772,36037.1091,140117.2028,17121.9462,17118.4895,240328.4249,Profit,37588.1131,22042.087,15303.4772,21037.1091,130117.2028,7121.9462,7118.4895,0.0107,0.0
2014-09-02,350449.4913,58388.9782,41984.9665,30559.2266,36616.6832,148519.3901,17218.5805,17161.6662,250449.4913,Profit,38388.9782,21984.9665,15559.2266,21616.6832,138519.3901,7218.5805,7161.6662,0.0297,0.0
2014-09-03,344888.5314,55665.5098,41664.1534,30707.0329,36082.6349,146288.4166,17214.2862,17266.4976,244888.5314,Profit,35665.5098,21664.1534,15707.0329,21082.6349,136288.4166,7214.2862,7266.4976,-0.0159,-1.5868
2014-09-04,348221.6756,55153.7413,41903.476,31222.674,36788.5158,148674.4955,17196.1635,17282.6095,248221.6756,Profit,35153.7413,21903.476,16222.674,21788.5158,138674.4955,7196.1635,7282.6095,0.0097,-0.6357
2014-09-05,345482.0964,55769.9193,42608.8845,31207.5452,36925.7943,144537.3646,17183.3312,17249.2572,245482.0964,Profit,35769.9193,22608.8845,16207.5452,21925.7943,134537.3646,7183.3312,7249.2572,-0.0079,-1.4174
2014-09-08,348454.0662,55647.4125,43300.8296,31044.9102,36639.2141,147576.6789,17096.648,17148.3728,248454.0662,Profit,35647.4125,23300.8296,16044.9102,21639.2141,137576.6789,7096.648,7148.3728,0.0086,-0.5694
2014-09-09,347458.4529,55836.6069,43886.6946,30875.2511,35546.7717,146730.3997,17304.0147,17278.7141,247458.4529,Profit,35836.6069,23886.6946,15875.2511,20546.7717,136730.3997,7304.0147,7278.7141,-0.0029,-0.8535
2014-09-10,349246.3446,57245.8579,43730.9778,30822.4203,35532.2171,147344.4909,17274.9051,17295.4755,249246.3446,Profit,37245.8579,23730.9778,15822.4203,20532.2171,137344.4909,7274.9051,7295.4755,0.0051,-0.3433
2014-09-11,351070.6946,57899.3075,44189.0835,30726.1841,35694.4875,147962.8669,17357.2434,17241.5218,251070.6946,Profit,37899.3075,24189.0835,15726.1841,20694.4875,137962.8669,7357.2434,7241.5218,0.0052,0.0
2014-09-12,351298.0693,58262.5108,44074.6087,30393.3497,35909.4965,147964.7473,17413.3915,17279.9649,251298.0693,Profit,38262.5108,24074.6087,15393.3497,20909.4965,137964.7473,7413.3915,7279.9649,0.0006,0.0
2014-09-15,335506.3619,58115.7076,43548.0905,29908.6867,35038.7236,134232.142,17402.7839,17260.2275,235506.3619,Profit,38115.7076,23548.0905,14908.6867,20038.7236,124232.142,7402.7839,7260.2275,-0.045,-4.4952
2014-09-16,338466.644,57354.4885,43799.0168,30187.6096,35261.6639,137109.2814,17504.9021,17249.6817,238466.644,Profit,37354.4885,23799.0168,15187.6096,20261.6639,127109.2814,7504.9021,7249.6817,0.0088,-3.6526
2014-09-17,337323.8922,57564.7577,43420.9284,30099.6582,34736.6237,136970.0591,17426.2629,17105.6023,237323.8922,Profit,37564.7577,23420.9284,15099.6582,19736.6237,126970.0591,7426.2629,7105.6023,-0.0034,-3.9779
2014-09-18,339609.3674,57651.619,43546.5873,30532.6911,34824.7464,138173.2076,17639.5912,17240.9248,239609.3674,Profit,37651.619,23546.5873,15532.6911,19824.7464,128173.2076,7639.5912,7240.9248,0.0068,-3.3273
2014-09-19,337882.9003,57298.4252,44423.4872,30035.2406,35576.5506,136101.7533,17439.4009,17008.0425,237882.9003,Profit,37298.4252,24423.4872,15035.2406,20576.5506,126101.7533,7439.4009,7008.0425,-0.0051,-3.8187
2014-09-22,332479.3277,57557.423,44152.1011,29839.7664,34968.1197,131692.8166,17293.1861,16975.9148,232479.3277,Profit,37557.423,24152.1011,14839.7664,19968.1197,121692.8166,7293.1861,6975.9148,-0.016,-5.3569
2014-09-23,334353.4946,58743.8074,43887.994,29852.1336,35039.1093,132515.7413,17295.2463,17019.4626,234353.4946,Profit,38743.8074,23887.994,14852.1336,20039.1093,122515.7413,7295.2463,7019.4626,0.0056,-4.8234
2014-09-24,336636.0389,58387.1551,44498.2749,30112.5657,35631.3684,133792.9149,17285.5319,16928.2279,236636.0389,Profit,38387.1551,24498.2749,15112.5657,20631.3684,123792.9149,7285.5319,6928.2279,0.0068,-4.1737
2014-09-25,328887.8297,56242.3586,43578.5858,29497.6866,35000.0189,131227.9958,16923.7459,16417.438,228887.8297,Profit,36242.3586,23578.5858,14497.6866,20000.0189,121227.9958,6923.7459,6417.438,-0.023,-6.3793
2014-09-26,332787.1696,58205.9758,44155.8425,29709.9106,35322.69,131726.6282,17078.7184,16587.4041,232787.1696,Profit,38205.9758,24155.8425,14709.9106,20322.69,121726.6282,7078.7184,6587.4041,0.0119,-5.2693
2014-09-29,330689.6863,57732.7107,44113.4198,29601.2471,35110.9252,130788.137,16880.6067,16462.6398,230689.6863,Profit,37732.7107,24113.4198,14601.2471,20110.9252,120788.137,6880.6067,6462.6398,-0.0063,-5.8664
2014-09-30,331495.285,58435.3817,44283.8635,29669.1468,35377.4237,130143.8588,17002.4997,16583.1109,231495.285,Profit,38435.3817,24283.8635,14669.1468,20377.4237,120143.8588,7002.4997,6583.1109,0.0024,-5.637
2014-10-01,326827.0382,57326.6633,43698.6357,29285.3426,34716.0427,128409.7664,16943.7121,16446.8753,226827.0382,Profit,37326.6633,23698.6357,14285.3426,19716.0427,118409.7664,6943.7121,6446.8753,-0.0141,-6.9659
2014-10-02,332322.4822,57640.2979,43487.5322,29104.517,34757.5922,134144.6813,16891.9788,16295.8828,232322.4822,Profit,37640.2979,23487.5322,14104.517,19757.5922,124144.6813,6891.9788,6295.8828,0.0168,-5.4016
2014-10-03,338053.4127,58019.834,44215.5089,29442.6345,35561.9881,137449.2701,16994.5793,16369.5979,238053.4127,Profit,38019.834,24215.5089,14442.6345,20561.9881,127449.2701,6994.5793,6369.5979,0.0172,-3.7702
2014-10-06,338645.2295,57602.3131,43897.3265,29061.1717,35247.0055,139353.1451,17076.4247,16407.8429,238645.2295,Profit,37602.3131,23897.3265,14061.1717,20247.0055,129353.1451,7076.4247,6407.8429,0.0018,-3.6017
2014-10-07,336024.3768,57136.4882,43391.4298,28759.6757,34697.686,138878.6567,16923.4435,16236.997,236024.3768,Profit,37136.4882,23391.4298,13759.6757,19697.686,128878.6567,6923.4435,6236.997,-0.0077,-4.3478
2014-10-08,340041.2141,58320.8125,44580.3986,29298.0701,35323.8158,138722.9556,17313.1178,16482.0437,240041.2141,Profit,38320.8125,24580.3986,14298.0701,20323.8158,128722.9556,7313.1178,6482.0437,0.012,-3.2044
2014-10-09,335455.9452,58272.1706,43568.9258,28652.8132,34419.5716,137102.8938,17103.1613,16336.4089,235455.9452,Profit,38272.1706,23568.9258,13652.8132,19419.5716,127102.8938,7103.1613,6336.4089,-0.0135,-4.5096
2014-10-10,320862.2946,58263.5267,41939.2279,27008.2128,34070.5439,126697.8729,16837.0537,16045.8566,220862.2946,Profit,38263.5267,21939.2279,12008.2128,19070.5439,116697.8729,6837.0537,6045.8566,-0.0435,-8.6638
2014-10-13,312542.9853,57723.5553,41576.088,26920.3815,33530.0367,120109.4874,16745.0322,15938.4042,212542.9853,Profit,37723.5553,21576.088,11920.3815,18530.0367,110109.4874,6745.0322,5938.4042,-0.0259,-11.032
2014-10-14,315399.7732,57412.4101,41876.6921,27687.6296,33911.6175,122070.8801,16629.8612,15810.6826,215399.7732,Profit,37412.4101,21876.6921,12687.6296,18911.6175,112070.8801,6629.8612,5810.6826,0.0091,-10.2188
2014-10-15,316694.1661,56978.6502,41583.1933,28251.8991,33812.983,124072.6873,16446.7833,15547.9699,216694.1661,Profit,36978.6502,21583.1933,13251.8991,18812.983,114072.6873,6446.7833,5547.9699,0.0041,-9.8503
2014-10-16,312968.406,56108.1412,41035.6729,28209.8746,33401.1045,122014.3529,16434.5544,15764.7056,212968.406,Profit,36108.1412,21035.6729,13209.8746,18401.1045,112014.3529,6434.5544,5764.7056,-0.0118,-10.9109
2014-10-17,315481.6077,56846.927,41821.8817,28116.2199,33433.6244,122427.2901,16701.3961,16134.2686,215481.6077,Profit,36846.927,21821.8817,13116.2199,18433.6244,112427.2901,6701.3961,6134.2686,0.008,-10.1955
2014-10-20,320222.1691,58208.7821,42367.3925,28434.8259,33803.5344,124356.8162,16820.3152,16230.5027,220222.1691,Profit,38208.7821,22367.3925,13434.8259,18803.5344,114356.8162,6820.3152,6230.5027,0.015,-8.846
2014-10-21,326235.4449,59484.8645,42912.1123,29493.8444,34631.2836,126330.9197,16990.3916,16392.0289,226235.4449,Profit,39484.8645,22912.1123,14493.8444,19631.2836,116330.9197,6990.3916,6392.0289,0.0188,-7.1343
2014-10-22,322498.6214,59792.5887,42431.858,28799.0587,34372.0957,124055.4119,16821.5416,16226.0669,222498.6214,Profit,39792.5887,22431.858,13799.0587,19372.0957,114055.4119,6821.5416,6226.0669,-0.0115,-8.198
2014-10-23,327911.6658,60956.5984,43118.1081,29483.8786,34450.3431,126506.9895,16974.1863,16421.5619,227911.6658,Profit,40956.5984,23118.1081,14483.8786,19450.3431,116506.9895,6974.1863,6421.5619,0.0168,-6.6571
2014-10-24,325973.3911,61046.09,44083.6666,29730.8028,31509.6561,126210.2431,16993.8707,16399.0619,225973.3911,Profit,41046.09,24083.6666,14730.8028,16509.6561,116210.2431,6993.8707,6399.0619,-0.0059,-7.2089
2014-10-27,319611.4622,61168.388,44005.7048,29838.4457,31925.5893,119290.0724,16972.69,16410.5721,219611.4622,Profit,41168.388,24005.7048,14838.4457,16925.5893,109290.0724,6972.69,6410.5721,-0.0195,-9.0199
2014-10-28,332209.2026,61735.2062,44289.923,30367.5947,32344.6904,129843.6458,17063.499,16564.6434,232209.2026,Profit,41735.2062,24289.923,15367.5947,17344.6904,119843.6458,7063.499,6564.6434,0.0394,-5.4338
2014-10-29,328326.3226,61857.028,44245.1872,30048.6284,32062.9109,126866.9163,16887.6733,16357.9785,228326.3226,Profit,41857.028,24245.1872,15048.6284,17062.9109,116866.9163,6887.6733,6357.9785,-0.0117,-6.5391
2014-10-30,330136.4032,61949.8889,43930.6953,30018.5508,32769.4026,127816.7401,17083.7667,16567.3587,230136.4032,Profit,41949.8889,23930.6953,15018.5508,17769.4026,117816.7401,7083.7667,6567.3587,0.0055,-6.0238
2014-10-31,337858.5098,63005.8475,45115.1327,31612.6618,33714.7597,130392.6116,17219.8934,16797.6031,237858.5098,Profit,43005.8475,25115.1327,16612.6618,18714.7597,120392.6116,7219.8934,6797.6031,0.0234,-3.8257
2014-11-03,341208.9339,64080.6895,45768.9169,32272.6872,33878.1304,131395.6181,17116.6136,16696.2782,241208.9339,Profit,44080.6895,25768.9169,17272.6872,18878.1304,121395.6181,7116.6136,6696.2782,0.0099,-2.872
2014-11-04,341233.5007,64033.8942,46204.6581,32914.462,33783.9109,130293.5167,17215.8762,16787.1825,241233.5007,Profit,44033.8942,26204.6581,17914.462,18783.9109,120293.5167,7215.8762,6787.1825,0.0001,-2.865
2014-11-05,336426.8522,64067.8105,46409.9228,32856.7083,33024.0933,125731.477,17419.3381,16917.5022,236426.8522,Profit,44067.8105,26409.9228,17856.7083,18024.0933,115731.477,7419.3381,6917.5022,-0.0141,-4.2332
2014-11-06,344389.8288,64519.5785,47415.2902,33145.8972,33173.9412,131853.3838,17394.2164,16887.5215,244389.8288,Profit,44519.5785,27415.2902,18145.8972,18173.9412,121853.3838,7394.2164,6887.5215,0.0237,-1.9665
2014-11-07,341986.836,64354.3003,47128.6679,32257.4383,33346.1751,130560.2913,17429.8583,16910.1048,241986.836,Profit,44354.3003,27128.6679,17257.4383,18346.1751,120560.2913,7429.8583,6910.1048,-0.007,-2.6505
2014-11-10,343658.7264,64159.6554,47273.3423,32594.4151,33885.2041,131327.5356,17438.6276,16979.9461,243658.7264,Profit,44159.6554,27273.3423,17594.4151,18885.2041,121327.5356,7438.6276,6979.9461,0.0049,-2.1746
2014-11-11,349757.1237,64689.9084,47253.3999,32198.4839,34651.5101,136294.4454,17572.8733,17096.5027,249757.1237,Profit,44689.9084,27253.3999,17198.4839,19651.5101,126294.4454,7572.8733,7096.5027,0.0177,-0.4386
2014-11-12,347597.3947,65222.4114,46910.0676,31813.6592,34409.9644,134492.5864,17572.9549,17175.7508,247597.3947,Profit,45222.4114,26910.0676,16813.6592,19409.9644,124492.5864,7572.9549,7175.7508,-0.0062,-1.0534
2014-11-13,353045.0201,66550.3573,47985.107,31838.5137,35163.4347,136690.947,17592.6532,17224.0073,253045.0201,Profit,46550.3573,27985.107,16838.5137,20163.4347,126690.947,7592.6532,7224.0073,0.0157,0.0
2014-11-14,357755.5236,67016.7242,47721.9567,32053.7394,36243.6876,139788.188,17651.8451,17279.3826,257755.5236,Profit,47016.7242,27721.9567,17053.7394,21243.6876,129788.188,7651.8451,7279.3826,0.0133,0.0
2014-11-17,354773.0848,66991.2805,47668.6235,31952.4602,35760.5923,137418.7529,17666.0275,17315.3478,254773.0848,Profit,46991.2805,27668.6235,16952.4602,20760.5923,127418.7529,7666.0275,7315.3478,-0.0083,-0.8337
2014-11-18,358042.6764,67848.5774,47256.3863,32715.9261,35959.1593,139394.507,17632.3248,17235.7955,258042.6764,Profit,47848.5774,27256.3863,17715.9261,20959.1593,129394.507,7632.3248,7235.7955,0.0092,0.0
2014-11-19,353130.2307,67624.1176,46937.5467,32725.6518,36281.1804,134540.3862,17790.2811,17231.0669,253130.2307,Profit,47624.1176,26937.5467,17725.6518,21281.1804,124540.3862,7790.2811,7231.0669,-0.0137,-1.372
2014-11-20,355083.442,68374.445,47246.1039,33153.1614,36602.6533,134615.2295,17804.1211,17287.7278,255083.442,Profit,48374.445,27246.1039,18153.1614,21602.6533,124615.2295,7804.1211,7287.7278,0.0055,-0.8265
2014-11-21,349447.6649,68020.5027,46243.2685,33122.9638,36593.1342,130545.4418,17714.1932,17208.1607,249447.6649,Profit,48020.5027,26243.2685,18122.9638,21593.1342,120545.4418,7714.1932,7208.1607,-0.0159,-2.4006
2014-11-24,354143.6659,69546.064,46049.998,33455.498,37068.8367,133183.7185,17683.696,17155.8548,254143.6659,Profit,49546.064,26049.998,18455.498,22068.8367,123183.7185,7683.696,7155.8548,0.0134,-1.089
2014-11-25,353530.2551,68820.5302,45845.6252,33378.353,36933.6961,133673.7168,17687.655,17190.6787,253530.2551,Profit,48820.5302,25845.6252,18378.353,21933.6961,123673.7168,7687.655,7190.6787,-0.0017,-1.2603
2014-11-26,354662.6545,69495.5567,46013.7377,33860.6746,36690.0144,133565.6576,17771.392,17265.6213,254662.6545,Profit,49495.5567,26013.7377,18860.6746,21690.0144,123565.6576,7771.392,7265.6213,0.0032,-0.944
2014-11-28,358975.8077,70637.227,46853.7861,34527.9643,37880.8427,133692.3056,17937.2723,17446.4096,258975.8077,Profit,50637.227,26853.7861,19527.9643,22880.8427,123692.3056,7937.2723,7446.4096,0.0122,0.0
2014-12-01,345809.6093,67850.011,47303.619,33639.3854,36202.0343,125730.7163,17783.8838,17299.9595,245809.6093,Profit,47850.011,27303.619,18639.3854,21202.0343,115730.7163,7783.8838,7299.9595,-0.0367,-3.6677
2014-12-02,346434.0201,67903.2963,47380.2364,33855.3315,36415.342,126236.8416,17477.7687,17165.2036,246434.0201,Profit,47903.2963,27380.2364,18855.3315,21415.342,116236.8416,7477.7687,7165.2036,0.0018,-3.4938
2014-12-03,344395.6515,68428.6876,46841.728,34606.7904,35196.6398,124636.1437,17491.1836,17194.4785,244395.6515,Profit,48428.6876,26841.728,19606.7904,20196.6398,114636.1437,7491.1836,7194.4785,-0.0059,-4.0616
2014-12-04,343378.5344,68268.6981,47637.6418,34330.8092,35284.79,124223.7232,17299.0905,16333.7817,243378.5344,Profit,48268.6981,27637.6418,19330.8092,20284.79,114223.7232,7299.0905,6333.7817,-0.003,-4.3449
2014-12-05,341276.0103,68277.4945,47436.6957,34682.3745,34959.0783,122271.7828,17252.4667,16396.1177,241276.0103,Profit,48277.4945,27436.6957,19682.3745,19959.0783,112271.7828,7252.4667,6396.1177,-0.0061,-4.9306
2014-12-08,333475.7987,67009.1807,46917.3027,34383.3999,34436.3484,117664.2616,17122.6774,15942.628,233475.7987,Profit,47009.1807,26917.3027,19383.3999,19436.3484,107664.2616,7122.6774,5942.628,-0.0229,-7.1035
2014-12-09,334996.5103,67738.1988,46621.4398,34119.1856,34941.4832,118533.565,17111.7394,15930.8986,234996.5103,Profit,47738.1988,26621.4398,19119.1856,19941.4832,108533.565,7111.7394,5930.8986,0.0046,-6.6799
2014-12-10,328894.3514,66808.4236,46181.9422,33536.3652,34376.446,115283.0488,16856.7382,15851.3873,228894.3514,Profit,46808.4236,26181.9422,18536.3652,19376.446,105283.0488,6856.7382,5851.3873,-0.0182,-8.3798
2014-12-11,329975.9574,66920.5855,46665.1609,33673.2452,34706.7625,115285.3455,16845.6944,15879.1635,229975.9574,Profit,46920.5855,26665.1609,18673.2452,19706.7625,105285.3455,6845.6944,5879.1635,0.0033,-8.0785
2014-12-12,326146.063,65822.9301,46466.9754,32639.2013,34717.2879,114297.5258,16552.2878,15649.8546,226146.063,Profit,45822.9301,26466.9754,17639.2013,19717.2879,104297.5258,6552.2878,5649.8546,-0.0116,-9.1454
2014-12-15,325448.9097,65393.7572,46550.3605,32792.6509,34845.7346,113542.0592,16602.094,15722.2533,225448.9097,Profit,45393.7572,26550.3605,17792.6509,19845.7346,103542.0592,6602.094,5722.2533,-0.0021,-9.3396
2014-12-16,318237.0434,64488.4427,45027.6946,32403.6237,33577.816,110027.3808,16841.9879,15870.0977,218237.0434,Profit,44488.4427,25027.6946,17403.6237,18577.816,100027.3808,6841.9879,5870.0977,-0.0222,-11.3486
2014-12-17,327157.5099,66121.5692,45620.7857,33747.6286,34024.2369,114522.1706,17072.5491,16048.5698,227157.5099,Profit,46121.5692,25620.7857,18747.6286,19024.2369,104522.1706,7072.5491,6048.5698,0.028,-8.8636
2014-12-18,336910.4477,67876.5832,47251.1228,33779.5673,33791.3116,121079.0843,17001.3272,16131.4513,236910.4477,Profit,47876.5832,27251.1228,18779.5673,18791.3116,111079.0843,7001.3272,6131.4513,0.0298,-6.1468
2014-12-19,338973.277,67556.7895,47527.6815,34216.1422,34140.353,122017.1519,17164.5083,16350.6505,238973.277,Profit,47556.7895,27527.6815,19216.1422,19140.353,112017.1519,7164.5083,6350.6505,0.0061,-5.5721
2014-12-22,343563.4866,68337.7437,47909.8039,34860.3184,34938.2547,124008.2939,17050.452,16458.62,243563.4866,Profit,48337.7437,27909.8039,19860.3184,19938.2547,114008.2939,7050.452,6458.62,0.0135,-4.2934
2014-12-23,342577.7619,68000.4862,48313.3499,34599.2259,34861.787,122930.7958,17200.9958,16671.1213,242577.7619,Profit,48000.4862,28313.3499,19599.2259,19861.787,112930.7958,7200.9958,6671.1213,-0.0029,-4.568
2014-12-24,342153.501,67664.2892,47986.1966,34451.3596,34478.8689,123605.9143,17231.1076,16735.7647,242153.501,Profit,47664.2892,27986.1966,19451.3596,19478.8689,113605.9143,7231.1076,6735.7647,-0.0012,-4.6862
2014-12-26,346901.1283,68857.4146,47729.7611,34482.6979,35168.3783,126698.2892,17278.4466,16686.1407,246901.1283,Profit,48857.4146,27729.7611,19482.6979,20168.3783,116698.2892,7278.4466,6686.1407,0.0139,-3.3636
2014-12-29,346006.8021,68861.8797,47336.6332,34460.665,35531.522,125621.7671,17346.3846,16847.9504,246006.8021,Profit,48861.8797,27336.6332,19460.665,20531.522,115621.7671,7346.3846,6847.9504,-0.0026,-3.6128
2014-12-30,341239.2971,67826.1159,46775.7903,34046.5432,35233.1498,123334.0295,17259.5406,16764.1277,241239.2971,Profit,47826.1159,26775.7903,19046.5432,20233.1498,113334.0295,7259.5406,6764.1277,-0.0138,-4.9409
2014-12-31,338942.8883,66555.484,46215.7604,33512.6514,35244.9047,123455.2157,17195.7315,16763.1406,238942.8883,Profit,46555.484,26215.7604,18512.6514,20244.9047,113455.2157,7195.7315,6763.1406,-0.0067,-5.5806
2015-01-02,340232.1432,66633.5677,47034.0996,34018.807,35420.6432,123067.6927,17253.5039,16803.8292,240232.1432,Profit,46633.5677,27034.0996,19018.807,20420.6432,113067.6927,7253.5039,6803.8292,0.0038,-5.2214
2015-01-05,332372.7678,65084.8364,46833.9556,33611.1689,34868.4417,118486.6265,16973.0409,16514.6978,232372.7678,Profit,45084.8364,26833.9556,18611.1689,19868.4417,108486.6265,6973.0409,6514.6978,-0.0231,-7.4108
2015-01-06,330456.1687,65184.246,46211.3479,32635.8393,34121.4206,119329.3385,16782.2447,16191.7317,230456.1687,Profit,45184.246,26211.3479,17635.8393,19121.4206,109329.3385,6782.2447,6191.7317,-0.0058,-7.9447
2015-01-07,333324.0999,66372.247,46987.522,32678.2841,34620.3999,119617.3503,16846.6033,16201.6933,233324.0999,Profit,46372.247,26987.522,17678.2841,19620.3999,109617.3503,6846.6033,6201.6933,0.0087,-7.1458
2015-01-08,337604.4063,68690.5714,48213.3114,33803.6413,34742.3562,119037.1999,16885.2814,16232.0446,237604.4063,Profit,48690.5714,28213.3114,18803.6413,19742.3562,109037.1999,6885.2814,6232.0446,0.0128,-5.9534
2015-01-09,335449.7892,69026.5408,47987.3612,34072.5384,34464.9819,117244.0683,16610.9221,16043.3766,235449.7892,Profit,49026.5408,27987.3612,19072.5384,19464.9819,107244.0683,6610.9221,6043.3766,-0.0064,-6.5537
2015-01-12,330980.2645,67725.8242,47680.1293,33845.906,34032.5146,115426.3119,16423.0919,15846.4865,230980.2645,Profit,47725.8242,27680.1293,18845.906,19032.5146,105426.3119,6423.0919,5846.4865,-0.0133,-7.7987
2015-01-13,333305.6414,68452.8854,47490.7301,33838.2816,34473.3478,116766.7018,16442.9761,15840.7187,233305.6414,Profit,48452.8854,27490.7301,18838.2816,19473.3478,106766.7018,6442.9761,5840.7187,0.007,-7.1509
2015-01-14,325687.4238,68245.596,47132.8867,34012.8035,34330.1214,110249.9514,16252.0542,15464.0106,225687.4238,Profit,48245.596,27132.8867,19012.8035,19330.1214,100249.9514,6252.0542,5464.0106,-0.0229,-9.2732
2015-01-15,320814.7615,66237.687,46541.4405,33694.2574,33517.2695,109541.7965,16078.3659,15203.9446,220814.7615,Profit,46237.687,26541.4405,18694.2574,18517.2695,99541.7965,6078.3659,5203.9446,-0.015,-10.6305
2015-01-16,324432.8125,66009.8649,47534.51,34470.5708,34113.6518,110725.7461,16228.2204,15350.2484,224432.8125,Profit,46009.8649,27534.51,19470.5708,19113.6518,100725.7461,6228.2204,5350.2484,0.0113,-9.6227
2015-01-20,327949.2381,68266.9008,48081.504,34861.5792,34241.6246,110981.109,16146.1548,15370.3657,227949.2381,Profit,48266.9008,28081.504,19861.5792,19241.6246,100981.109,6146.1548,5370.3657,0.0108,-8.6431
2015-01-21,339887.3364,70457.7465,48731.7815,36193.6971,36006.5196,116382.8894,16505.9932,15608.709,239887.3364,Profit,50457.7465,28731.7815,21193.6971,21006.5196,106382.8894,6505.9932,5608.709,0.0364,-5.3175
2015-01-22,347982.3613,72260.3371,50004.8415,36813.1989,37580.6027,119343.2909,16193.1567,15786.9335,247982.3613,Profit,52260.3371,30004.8415,21813.1989,22580.6027,109343.2909,6193.1567,5786.9335,0.0238,-3.0624
2015-01-23,349790.0823,72826.7354,50186.3415,37032.507,37929.1428,119456.1587,16361.3331,15997.8637,249790.0823,Profit,52826.7354,30186.3415,22032.507,22929.1428,109456.1587,6361.3331,5997.8637,0.0052,-2.5589
2015-01-26,352369.9851,72943.0174,50039.7175,36867.4106,37621.927,122657.088,16286.1558,15954.6688,252369.9851,Profit,52943.0174,30039.7175,21867.4106,22621.927,112657.088,6286.1558,5954.6688,0.0074,-1.8402
2015-01-27,342567.6469,70345.6762,45380.5941,35082.9284,37247.3592,122249.6126,16312.1324,15949.3441,242567.6469,Profit,50345.6762,25380.5941,20082.9284,22247.3592,112249.6126,6312.1324,5949.3441,-0.0278,-4.5708
2015-01-28,340565.4595,74613.6947,43983.2904,34644.7325,37042.3372,118774.6167,15959.8484,15546.9395,240565.4595,Profit,54613.6947,23983.2904,19644.7325,22042.3372,108774.6167,5959.8484,5546.9395,-0.0058,-5.1286
2015-01-29,354417.3131,78140.3653,45554.3586,36036.8255,38590.6334,124143.0808,16136.3531,15815.6964,254417.3131,Profit,58140.3653,25554.3586,21036.8255,23590.6334,114143.0808,6136.3531,5815.6964,0.0407,-1.2699
2015-01-30,355810.0528,77437.6591,44066.8693,35179.0446,44135.3748,123885.9522,15632.8809,15472.272,255810.0528,Profit,57437.6591,24066.8693,20179.0446,29135.3748,113885.9522,5632.8809,5472.272,0.0039,-0.8819
2015-02-02,360999.1928,77535.046,44529.9069,35556.1848,44876.867,126949.8626,15857.2503,15694.0752,260999.1928,Profit,57535.046,24529.9069,20556.1848,29876.867,116949.8626,5857.2503,5694.0752,0.0146,0.0
2015-02-03,364338.4403,76797.6094,44439.6103,36093.0784,44329.4055,130140.1697,16326.82,16211.7471,264338.4403,Profit,56797.6094,24439.6103,21093.0784,29329.4055,120140.1697,6326.82,6211.7471,0.0093,0.0
2015-02-04,367624.8138,77961.0912,45033.1888,36458.0315,44811.3652,131236.6729,16086.7475,16037.7167,267624.8138,Profit,57961.0912,25033.1888,21458.0315,29811.3652,121236.6729,6086.7475,6037.7167,0.009,0.0
2015-02-05,369194.0909,77731.3873,45223.3761,36670.7357,45465.7683,131348.7082,16359.6033,16394.5119,269194.0909,Profit,57731.3873,25223.3761,21670.7357,30465.7683,121348.7082,6359.6033,6394.5119,0.0043,0.0
2015-02-06,369246.3611,77683.4752,45549.6754,36812.7186,45883.2483,130241.59,16517.744,16557.9096,269246.3611,Profit,57683.4752,25549.6754,21812.7186,30883.2483,120241.59,6517.744,6557.9096,0.0001,0.0
2015-02-09,367445.6156,77745.7117,45223.419,36557.1494,45155.1478,129533.0475,16589.2539,16641.8862,267445.6156,Profit,57745.7117,25223.419,21557.1494,30155.1478,119533.0475,6589.2539,6641.8862,-0.0049,-0.4877
2015-02-10,371892.6645,79750.6738,45769.4392,37817.2853,45743.3639,129651.5925,16542.8316,16617.4783,271892.6645,Profit,59750.6738,25769.4392,22817.2853,30743.3639,119651.5925,6542.8316,6617.4783,0.0121,0.0
2015-02-11,374628.7038,82311.0696,45923.7358,37888.0066,46399.9794,128649.6339,16657.6302,16798.6483,274628.7038,Profit,62311.0696,25923.7358,22888.0066,31399.9794,118649.6339,6657.6302,6798.6483,0.0074,0.0
2015-02-12,369013.7125,82225.2946,46054.5604,40045.2464,46012.3116,120972.4821,16791.7898,16912.0276,269013.7125,Profit,62225.2946,26054.5604,25045.2464,31012.3116,110972.4821,6791.7898,6912.0276,-0.015,-1.4988
2015-02-13,371086.2488,82532.6786,46837.3344,40022.9134,46532.2086,121377.0149,16837.0896,16947.0093,271086.2488,Profit,62532.6786,26837.3344,25022.9134,31532.2086,111377.0149,6837.0896,6947.0093,0.0056,-0.9456
2015-02-17,370202.8927,82727.6801,46683.716,39993.8564,45583.206,121272.128,16922.7238,17019.5824,270202.8927,Profit,62727.6801,26683.716,24993.8564,30583.206,111272.128,6922.7238,7019.5824,-0.0024,-1.1814
2015-02-18,370984.5502,83633.2739,46826.9432,39701.6057,45523.1509,121846.7162,16725.777,16727.0832,270984.5502,Profit,63633.2739,26826.9432,24701.6057,30523.1509,111846.7162,6725.777,6727.0832,0.0021,-0.9727
2015-02-19,376645.6689,83669.1729,46915.6847,39892.4572,46323.3805,126481.0225,16759.2821,16604.669,276645.6689,Profit,63669.1729,26915.6847,24892.4572,31323.3805,116481.0225,6759.2821,6604.669,0.0153,0.0
2015-02-20,381894.8658,84499.8013,47367.7998,40242.9419,46969.3022,129914.8862,16459.5309,16440.6036,281894.8658,Profit,64499.8013,27367.7998,25242.9419,31969.3022,119914.8862,6459.5309,6440.6036,0.0139,0.0
2015-02-23,379714.6439,87302.1183,47968.4765,40173.9016,46813.7433,124803.1272,16311.9203,16341.3567,279714.6439,Profit,67302.1183,27968.4765,25173.9016,31813.7433,114803.1272,6311.9203,6341.3567,-0.0057,-0.5709
2015-02-24,378226.149,86904.9143,47993.3658,40672.0725,46708.1037,123082.9298,16450.7067,16414.0562,278226.149,Profit,66904.9143,27993.3658,25672.0725,31708.1037,113082.9298,6450.7067,6414.0562,-0.0039,-0.9607
2015-02-25,371711.3792,83439.6192,47190.8431,39777.37,46850.4412,121078.2804,16897.3027,16477.5225,271711.3792,Profit,63439.6192,27190.8431,24777.37,31850.4412,111078.2804,6897.3027,6477.5225,-0.0172,-2.6666
2015-02-26,377026.9021,84987.48,47530.1195,40109.7241,47048.5951,123820.6115,16927.5712,16602.8009,277026.9021,Profit,64987.48,27530.1195,25109.7241,32048.5951,113820.6115,6927.5712,6602.8009,0.0143,-1.2747
2015-02-27,373122.5637,83822.4636,47375.3744,39915.5107,46548.259,121694.6181,17014.7038,16751.6341,273122.5637,Profit,63822.4636,27375.3744,24915.5107,31548.259,111694.6181,7014.7038,6751.6341,-0.0104,-2.297
2015-03-02,372194.0841,84412.8109,47508.0627,40955.3179,47322.4081,118346.9879,16974.4743,16674.0224,272194.0841,Profit,64412.8109,27508.0627,25955.3179,32322.4081,108346.9879,6974.4743,6674.0224,-0.0025,-2.5402
2015-03-03,369560.9505,84049.0422,46548.6496,39951.8319,46882.2935,118897.6546,16726.137,16505.3418,269560.9505,Profit,64049.0422,26548.6496,24951.8319,31882.2935,108897.6546,6726.137,6505.3418,-0.0071,-3.2297
2015-03-04,370475.4211,83423.6782,46264.74,40366.0738,46606.9514,120491.0677,16756.6748,16566.2353,270475.4211,Profit,63423.6782,26264.74,25366.0738,31606.9514,110491.0677,6756.6748,6566.2353,0.0025,-2.9902
2015-03-05,370524.7201,82320.354,46479.2832,41275.2447,47388.693,119822.8464,16723.7189,16514.5797,270524.7201,Profit,62320.354,26479.2832,26275.2447,32388.693,109822.8464,6723.7189,6514.5797,0.0001,-2.9773
2015-03-06,367940.5407,83329.3156,46157.4664,41148.8109,46941.5341,117034.5888,16747.2436,16581.5813,267940.5407,Profit,63329.3156,26157.4664,26148.8109,31941.5341,107034.5888,6747.2436,6581.5813,-0.007,-3.654
2015-03-09,366398.6149,83558.3343,46627.2466,41198.0397,46685.8723,115059.2581,16705.1705,16564.6934,266398.6149,Profit,63558.3343,26627.2466,26198.0397,31685.8723,105059.2581,6705.1705,6564.6934,-0.0042,-4.0577
2015-03-10,363232.2066,82056.4664,45860.9493,42030.4858,45696.3853,115040.7196,16368.351,16178.8493,263232.2066,Profit,62056.4664,25860.9493,27030.4858,30696.3853,105040.7196,6368.351,6178.8493,-0.0086,-4.8869
2015-03-11,366878.5186,81397.3551,46286.6659,42242.9499,45777.8984,118322.3415,16501.5564,16349.7514,266878.5186,Profit,61397.3551,26286.6659,27242.9499,30777.8984,108322.3415,6501.5564,6349.7514,0.01,-3.9321
2015-03-12,362184.4456,81372.8289,45161.2867,41616.2439,46493.8171,114573.3293,16539.767,16427.1727,262184.4456,Profit,61372.8289,25161.2867,26616.2439,31493.8171,104573.3293,6539.767,6427.1727,-0.0128,-5.1612
2015-03-13,365222.8323,82570.6962,45758.8103,42041.8324,46445.4191,115584.4603,16452.6232,16368.9907,265222.8323,Profit,62570.6962,25758.8103,27041.8324,31445.4191,105584.4603,6452.6232,6368.9907,0.0084,-4.3656
2015-03-16,370665.6151,83207.6769,45823.2868,42414.5901,46653.7048,119529.0427,16572.5286,16464.7851,270665.6151,Profit,63207.6769,25823.2868,27414.5901,31653.7048,109529.0427,6572.5286,6464.7851,0.0149,-2.9404
2015-03-17,372073.3329,84624.5113,45980.8653,42943.0187,46489.5745,118973.5529,16541.5634,16520.2468,272073.3329,Profit,64624.5113,25980.8653,27943.0187,31489.5745,108973.5529,6541.5634,6520.2468,0.0038,-2.5718
2015-03-18,377811.7559,85590.955,46885.0175,42248.5331,46899.4168,122646.6453,16780.7975,16760.3906,277811.7559,Profit,65590.955,26885.0175,27248.5331,31899.4168,112646.6453,6780.7975,6760.3906,0.0154,-1.0692
2015-03-19,372739.8091,84776.0846,46537.4385,42803.9775,46563.2307,119301.3046,16409.8596,16347.9137,272739.8091,Profit,64776.0846,26537.4385,27803.9775,31563.2307,109301.3046,6409.8596,6347.9137,-0.0134,-2.3973
2015-03-20,371376.2543,82743.1894,46648.2208,42760.212,46666.1254,119370.8727,16622.7283,16564.9058,271376.2543,Profit,62743.1894,26648.2208,27760.212,31666.1254,109370.8727,6622.7283,6564.9058,-0.0037,-2.7543
2015-03-23,369248.481,83062.9127,46323.7512,41117.4726,45959.295,119550.9761,16685.4191,16548.6543,269248.481,Profit,63062.9127,26323.7512,26117.4726,30959.295,109550.9761,6685.4191,6548.6543,-0.0057,-3.3115
2015-03-24,369566.9641,82692.7338,46357.6014,40541.7364,45816.0118,120754.0384,16754.4332,16650.4091,269566.9641,Profit,62692.7338,26357.6014,25541.7364,30816.0118,110754.0384,6754.4332,6650.4091,0.0009,-3.2281
2015-03-25,358300.2296,80557.1161,44811.1888,38085.5219,45439.9325,116330.5536,16580.9997,16494.9169,258300.2296,Profit,60557.1161,24811.1888,23085.5219,30439.9325,106330.5536,6580.9997,6494.9169,-0.0305,-6.1783
2015-03-26,354369.9697,80831.8626,44390.7416,37829.1722,44846.6985,113612.9263,16467.5648,16391.0036,254369.9697,Profit,60831.8626,24390.7416,22829.1722,29846.6985,103612.9263,6467.5648,6391.0036,-0.011,-7.2075
2015-03-27,353843.0909,80895.772,44516.1309,38911.6644,45633.9789,111355.548,16299.6797,16230.3169,253843.0909,Profit,60895.772,24516.1309,23911.6644,30633.9789,101355.548,6299.6797,6230.3169,-0.0015,-7.3454
2015-03-30,362867.4814,83655.7729,44891.9571,39412.2968,46529.9668,115702.7684,16358.9156,16315.8037,262867.4814,Profit,63655.7729,24891.9571,24412.2968,31529.9668,105702.7684,6358.9156,6315.8037,0.0255,-4.9824
2015-03-31,359238.1506,82331.837,44535.2982,38387.7384,46198.8143,114555.7237,16628.4887,16600.2502,259238.1506,Profit,62331.837,24535.2982,23387.7384,31198.8143,104555.7237,6628.4887,6600.2502,-0.01,-5.9327
2015-04-01,356564.3935,81754.3476,44359.8028,38330.0447,45713.0211,113202.0561,16552.5366,16652.5845,256564.3935,Profit,61754.3476,24359.8028,23330.0447,30713.0211,103202.0561,6552.5366,6652.5845,-0.0074,-6.6328
2015-04-02,358750.4122,82280.3349,43794.7381,38340.8511,45860.3199,115012.7861,16710.9451,16750.4371,258750.4122,Profit,62280.3349,23794.7381,23340.8511,30860.3199,105012.7861,6710.9451,6750.4371,0.0061,-6.0604
2015-04-06,366798.4214,82724.0691,44677.9282,39030.5939,45959.5417,121006.7817,16707.3813,16692.1255,266798.4214,Profit,62724.0691,24677.9282,24030.5939,30959.5417,111006.7817,6707.3813,6692.1255,0.0224,-3.953
2015-04-07,367324.1523,82097.9731,44797.3678,39489.4418,45770.903,121446.2528,16877.3092,16844.9046,267324.1523,Profit,62097.9731,24797.3678,24489.4418,30770.903,111446.2528,6877.3092,6844.9046,0.0014,-3.8154
2015-04-08,371359.5854,81970.3137,44749.434,39842.7482,46675.6014,124286.3295,16986.6697,16848.489,271359.5854,Profit,61970.3137,24749.434,24842.7482,31675.6014,114286.3295,6986.6697,6848.489,0.011,-2.7587
2015-04-09,377051.1568,83071.1672,45074.4968,40978.6715,47232.4489,126458.1131,17166.1182,17070.1412,277051.1568,Profit,63071.1672,25074.4968,25978.6715,32232.4489,116458.1131,7166.1182,7070.1412,0.0153,-1.2683
2015-04-10,379056.3139,83509.4766,45383.8571,41467.7171,47179.0348,127097.0372,17309.9366,17109.2545,279056.3139,Profit,63509.4766,25383.8571,26467.7171,32179.0348,117097.0372,7309.9366,7109.2545,0.0053,-0.7433
2015-04-13,378167.1301,83390.3039,45453.3852,41103.1843,47169.4805,126492.0395,17424.8293,17133.9074,278167.1301,Profit,63390.3039,25453.3852,26103.1843,32169.4805,116492.0395,7424.8293,7133.9074,-0.0023,-0.9761
2015-04-14,372907.5679,82224.586,44887.8661,40362.2315,47041.2591,123862.849,17439.3301,17089.446,272907.5679,Profit,62224.586,24887.8661,25362.2315,32041.2591,113862.849,7439.3301,7089.446,-0.0139,-2.3533
2015-04-15,372289.8991,81877.1947,45186.3877,40518.9831,46466.8752,123098.6908,17752.4179,17389.3497,272289.8991,Profit,61877.1947,25186.3877,25518.9831,31466.8752,113098.6908,7752.4179,7389.3497,-0.0017,-2.5151
2015-04-16,366363.6155,80351.176,44447.8591,39709.1101,46126.9593,120718.6909,17676.8857,17332.9343,266363.6155,Profit,60351.176,24447.8591,24709.1101,31126.9593,110718.6909,7676.8857,7332.9343,-0.0159,-4.0669
2015-04-17,363540.5844,79581.8127,43961.3445,39271.5746,44959.2885,120998.8222,17539.48,17228.2619,263540.5844,Profit,59581.8127,23961.3445,24271.5746,29959.2885,110998.8222,7539.48,7228.2619,-0.0077,-4.8061
2015-04-20,366813.9251,81248.0203,45220.0602,39000.9966,46533.955,119864.1796,17613.1076,17333.6058,266813.9251,Profit,61248.0203,25220.0602,24000.9966,31533.955,109864.1796,7613.1076,7333.6058,0.009,-3.949
2015-04-21,370521.9158,81259.0199,45199.4416,39168.7946,47001.5226,122983.0454,17627.5745,17282.5173,270521.9158,Profit,61259.0199,25199.4416,24168.7946,32001.5226,112983.0454,7627.5745,7282.5173,0.0101,-2.978
2015-04-22,377483.0361,82191.7749,45487.7738,39532.8472,46744.13,128620.9037,17609.7129,17295.8935,277483.0361,Profit,62191.7749,25487.7738,24532.8472,31744.13,118620.9037,7609.7129,7295.8935,0.0188,-1.1552
2015-04-23,375142.6223,82191.5567,45471.0854,39044.7021,46373.6913,127051.2326,17683.1788,17327.1754,275142.6223,Profit,62191.5567,25471.0854,24044.7021,31373.6913,117051.2326,7683.1788,7327.1754,-0.0062,-1.7681
2015-04-24,386974.1006,82703.7686,50301.2727,38771.6026,53009.6046,127151.2893,17698.9639,17337.599,286974.1006,Profit,62703.7686,30301.2727,23771.6026,38009.6046,117151.2893,7698.9639,7337.599,0.0315,0.0
2015-04-27,394042.2564,83777.3788,50216.9947,38873.362,51968.8337,134113.0946,17732.0547,17360.5378,294042.2564,Profit,63777.3788,30216.9947,23873.362,36968.8337,124113.0946,7732.0547,7360.5378,0.0183,0.0
2015-04-28,389883.5696,81869.8108,51036.3666,38788.7726,50519.7005,132566.4335,17765.7731,17336.7125,289883.5696,Profit,61869.8108,31036.3666,23788.7726,35519.7005,122566.4335,7765.7731,7336.7125,-0.0106,-1.0554
2015-04-29,387298.4892,80219.4973,50656.6352,38287.9602,50245.1455,132954.9182,17675.9371,17258.3958,287298.4892,Profit,60219.4973,30656.6352,23287.9602,35245.1455,122954.9182,7675.9371,7258.3958,-0.0066,-1.7114
2015-04-30,385054.8678,79126.1568,50913.4413,38901.5785,50038.2283,131078.6537,17706.0878,17290.7215,285054.8678,Profit,59126.1568,30913.4413,23901.5785,35038.2283,121078.6537,7706.0878,7290.7215,-0.0058,-2.2808
2015-05-01,390737.4348,82018.8875,51229.8648,40123.292,50469.7304,131856.8432,17685.3689,17353.4481,290737.4348,Profit,62018.8875,31229.8648,25123.292,35469.7304,121856.8432,7685.3689,7353.4481,0.0148,-0.8387
2015-05-04,390198.3008,81315.1302,50463.9689,39605.4896,50154.5793,133576.3301,17710.1242,17372.6785,290198.3008,Profit,61315.1302,30463.9689,24605.4896,35154.5793,123576.3301,7710.1242,7372.6785,-0.0014,-0.9755
2015-05-05,385354.8975,79036.9304,49501.0912,38370.0881,49642.5059,134199.1845,17453.5294,17151.5679,285354.8975,Profit,59036.9304,29501.0912,23370.0881,34642.5059,124199.1845,7453.5294,7151.5679,-0.0124,-2.2047
2015-05-06,380753.1416,78321.1692,48006.6594,38395.0627,49268.9915,132405.6582,17343.7258,17011.8749,280753.1416,Profit,58321.1692,28006.6594,23395.0627,34268.9915,122405.6582,7343.7258,7011.8749,-0.0119,-3.3725
2015-05-07,390852.9978,79670.3,48965.4752,39491.1228,50726.8488,137539.1065,17354.155,17105.9895,290852.9978,Profit,59670.3,28965.4752,24491.1228,35726.8488,127539.1065,7354.155,7105.9895,0.0265,-0.8094
2015-05-08,389859.2492,80818.6527,49853.9397,36421.0499,51319.5718,136851.0763,17406.1109,17188.8478,289859.2492,Profit,60818.6527,29853.9397,21421.0499,36319.5718,126851.0763,7406.1109,7188.8478,-0.0025,-1.0616
2015-05-11,390326.2475,80101.5423,49526.0464,36123.216,51292.205,138711.6229,17386.6117,17185.0031,290326.2475,Profit,60101.5423,29526.0464,21123.216,36292.205,128711.6229,7386.6117,7185.0031,0.0012,-0.943
2015-05-12,389458.2457,79044.5184,49020.0388,36116.7322,50577.4688,140370.5921,17262.7703,17066.1251,289458.2457,Profit,59044.5184,29020.0388,21116.7322,35577.4688,130370.5921,7262.7703,7066.1251,-0.0022,-1.1633
2015-05-13,387555.1575,78900.7843,49160.7222,36215.9701,49940.0578,139056.9729,17208.8376,17071.8126,287555.1575,Profit,58900.7843,29160.7222,21215.9701,34940.0578,129056.9729,7208.8376,7071.8126,-0.0049,-1.6463
2015-05-14,393714.8569,81026.836,50463.9779,36936.9312,50746.4801,140061.6302,17336.1892,17142.8124,293714.8569,Profit,61026.836,30463.9779,21936.9312,35746.4801,130061.6302,7336.1892,7142.8124,0.0159,-0.0831
2015-05-15,395602.6159,81032.0777,50094.4629,37010.354,50084.318,142995.7059,17291.2984,17094.3989,295602.6159,Profit,61032.0777,30094.4629,22010.354,35084.318,132995.7059,7291.2984,7094.3989,0.0048,0.0
2015-05-18,395767.8326,81900.5689,49804.299,36957.8834,49994.9657,142943.9874,17190.6458,16975.4824,295767.8326,Profit,61900.5689,29804.299,21957.8834,34994.9657,132943.9874,7190.6458,6975.4824,0.0004,0.0
2015-05-19,400727.3063,83195.049,50509.0373,37336.8247,50409.7203,144395.9317,17569.5406,17311.2027,300727.3063,Profit,63195.049,30509.0373,22336.8247,35409.7203,134395.9317,7569.5406,7311.2027,0.0125,0.0
2015-05-20,399292.3436,83196.1306,50513.1742,37339.8865,50670.8739,142777.5134,17503.9508,17290.8142,299292.3436,Profit,63196.1306,30513.1742,22339.8865,35670.8739,132777.5134,7503.9508,7290.8142,-0.0036,-0.3581
2015-05-21,401275.1693,83997.1975,50298.7768,37039.411,51553.2685,143390.607,17653.3989,17342.5095,301275.1693,Profit,63997.1975,30298.7768,22039.411,36553.2685,133390.607,7653.3989,7342.5095,0.005,0.0
2015-05-22,404773.6929,85335.3922,50104.7882,37247.5526,51439.7113,145653.0595,17640.0555,17353.1337,304773.6929,Profit,65335.3922,30104.7882,22247.5526,36439.7113,135653.0595,7640.0555,7353.1337,0.0087,0.0
2015-05-26,405851.5447,84426.971,50346.6158,37443.2669,51771.318,147175.6413,17479.675,17208.0566,305851.5447,Profit,64426.971,30346.6158,22443.2669,36771.318,137175.6413,7479.675,7208.0566,0.0027,0.0
2015-05-27,413155.3587,86372.4582,51672.949,39624.4607,52727.598,147808.9386,17601.6253,17347.3291,313155.3587,Profit,66372.4582,31672.949,24624.4607,37727.598,137808.9386,7601.6253,7347.3291,0.018,0.0
2015-05-28,414782.3002,86127.7026,51467.8681,40145.8652,52101.429,150114.1454,17641.1264,17184.1636,314782.3002,Profit,66127.7026,31467.8681,25145.8652,37101.429,140114.1454,7641.1264,7184.1636,0.0039,0.0
2015-05-29,412107.1644,85060.7044,50781.3203,40089.3122,52375.9018,149582.3976,17431.0747,16786.4534,312107.1644,Profit,65060.7044,30781.3203,25089.3122,37375.9018,139582.3976,7431.0747,6786.4534,-0.0064,-0.6449
2015-06-01,415031.9178,85814.4739,51531.7163,40814.7758,52940.6824,149791.755,17348.8455,16789.6689,315031.9178,Profit,65814.4739,31531.7163,25814.7758,37940.6824,139791.755,7348.8455,6789.6689,0.0071,0.0
2015-06-02,409120.1173,84573.8469,50677.9619,39601.8275,52413.4611,147622.3758,17404.9755,16825.6687,309120.1173,Profit,64573.8469,30677.9619,24601.8275,37413.4611,137622.3758,7404.9755,6825.6687,-0.0142,-1.4244
2015-06-03,410462.8612,84756.5982,50651.2528,39215.5619,53150.0469,148157.0805,17604.0612,16928.2596,310462.8612,Profit,64756.5982,30651.2528,24215.5619,38150.0469,138157.0805,7604.0612,6928.2596,0.0033,-1.1009
2015-06-04,408676.8259,84587.8264,50288.6253,40054.4918,52615.6403,146813.3604,17538.0261,16778.8555,308676.8259,Profit,64587.8264,30288.6253,25054.4918,37615.6403,136813.3604,7538.0261,6778.8555,-0.0044,-1.5312
2015-06-05,410177.7767,84177.4688,50097.2485,40400.8341,52197.9979,148878.1399,17553.4639,16872.6236,310177.7767,Profit,64177.4688,30097.2485,25400.8341,37197.9979,138878.1399,7553.4639,6872.6236,0.0037,-1.1696
2015-06-08,409941.0869,83253.0175,49432.6606,39303.2731,51552.3385,152488.8629,17325.6277,16585.3066,309941.0869,Profit,63253.0175,29432.6606,24303.2731,36552.3385,142488.8629,7325.6277,6585.3066,-0.0006,-1.2266
2015-06-09,406297.8882,82229.7808,48882.0161,39128.1508,51301.8768,150871.2269,17091.4621,16793.3747,306297.8882,Profit,62229.7808,28882.0161,24128.1508,36301.8768,140871.2269,7091.4621,6793.3747,-0.0089,-2.1044
2015-06-10,403764.5283,82842.918,49707.9619,38272.1109,51728.868,147147.3705,17199.7926,16865.5064,303764.5283,Profit,62842.918,29707.9619,23272.1109,36728.868,137147.3705,7199.7926,6865.5064,-0.0062,-2.7148
2015-06-11,405961.5844,82952.8743,49715.5305,38830.8572,52192.2614,148130.0729,17225.7029,16914.285,305961.5844,Profit,62952.8743,29715.5305,23830.8572,37192.2614,138130.0729,7225.7029,6914.285,0.0054,-2.1855
2015-06-12,402069.8671,81981.3227,49172.5446,37748.1249,51782.513,147585.9015,17124.2396,16675.2207,302069.8671,Profit,61981.3227,29172.5446,22748.1249,36782.513,137585.9015,7124.2396,6675.2207,-0.0096,-3.1231
2015-06-15,401104.4786,81941.3764,48713.4562,37734.617,51108.5216,147630.73,17204.8825,16770.895,301104.4786,Profit,61941.3764,28713.4562,22734.617,36108.5216,137630.73,7204.8825,6770.895,-0.0024,-3.3558
2015-06-16,404757.4167,82433.7383,49127.1966,38221.9216,51570.8715,149331.3768,17269.9255,16802.3863,304757.4167,Profit,62433.7383,29127.1966,23221.9216,36570.8715,139331.3768,7269.9255,6802.3863,0.0091,-2.4756
2015-06-17,408770.6148,82094.0336,49188.5299,38596.2402,51545.1219,153358.0801,17241.6697,16746.9394,308770.6148,Profit,62094.0336,29188.5299,23596.2402,36545.1219,143358.0801,7241.6697,6746.9394,0.0099,-1.5086
2015-06-18,409417.5381,81784.3385,49588.5353,38929.1946,52514.5233,152988.5216,17073.0838,16539.341,309417.5381,Profit,61784.3385,29588.5353,23929.1946,37514.5233,142988.5216,7073.0838,6539.341,0.0016,-1.3528
2015-06-19,409395.1976,81434.1597,49210.2331,39025.7911,52278.3089,154230.5343,16841.9439,16374.2266,309395.1976,Profit,61434.1597,29210.2331,24025.7911,37278.3089,144230.5343,6841.9439,6374.2266,-0.0001,-1.3581
2015-06-22,409154.033,82152.9407,49379.5851,38875.3432,52481.4259,152743.7593,16980.4806,16540.4983,309154.033,Profit,62152.9407,29379.5851,23875.3432,37481.4259,142743.7593,6980.4806,6540.4983,-0.0006,-1.4162
2015-06-23,414799.3897,82041.7268,49196.8716,38020.504,53818.5113,157876.899,17118.0385,16726.8386,314799.3897,Profit,62041.7268,29196.8716,23020.504,38818.5113,147876.899,7118.0385,6726.8386,0.0138,-0.056
2015-06-24,415563.7473,83318.9472,49247.8817,37904.7564,53576.8129,157518.5798,17197.3805,16799.3888,315563.7473,Profit,63318.9472,29247.8817,22904.7564,38576.8129,147518.5798,7197.3805,6799.3888,0.0018,0.0
2015-06-25,415435.9117,82484.2385,49001.0752,37989.706,53193.9184,158794.1242,17197.9218,16774.9275,315435.9117,Profit,62484.2385,29001.0752,22989.706,38193.9184,148794.1242,7197.9218,6774.9275,-0.0003,-0.0308
2015-06-26,412993.317,82066.2131,48624.444,37246.4119,53003.6468,157943.4527,17263.1116,16846.0369,312993.317,Profit,62066.2131,28624.444,22246.4119,38003.6468,147943.4527,7263.1116,6846.0369,-0.0059,-0.6185
2015-06-29,405268.2699,80782.3009,47762.9421,36202.2221,52103.5121,155233.67,16792.129,16391.4936,305268.2699,Profit,60782.3009,27762.9421,21202.2221,37103.5121,145233.67,6792.129,6391.4936,-0.0187,-2.4775
2015-06-30,412569.8237,81962.911,47880.6159,36454.0091,53007.1768,160111.4324,16763.4297,16390.2487,312569.8237,Profit,61962.911,27880.6159,21454.0091,38007.1768,150111.4324,6763.4297,6390.2487,0.018,-0.7204
2015-07-01,415164.1488,82727.3962,48189.7145,36977.5149,53410.1432,160642.3261,16795.8217,16421.2323,315164.1488,Profit,62727.3962,28189.7145,21977.5149,38410.1432,150642.3261,6795.8217,6421.2323,0.0063,-0.0962
2015-07-02,424447.8063,83238.4726,48504.5909,37285.6148,53843.425,168363.0503,16771.7598,16440.893,324447.8063,Profit,63238.4726,28504.5909,22285.6148,38843.425,158363.0503,6771.7598,6440.893,0.0224,0.0
2015-07-06,425162.629,83351.2257,48723.8324,37006.5118,53894.1058,168985.711,16759.7954,16441.4469,325162.629,Profit,63351.2257,28723.8324,22006.5118,38894.1058,158985.711,6759.7954,6441.4469,0.0017,0.0
2015-07-07,420718.2861,83895.7514,49063.3644,36636.6958,54465.5216,163294.3686,16832.9032,16529.6811,320718.2861,Profit,63895.7514,29063.3644,21636.6958,39465.5216,153294.3686,6832.9032,6529.6811,-0.0105,-1.0453
2015-07-08,408500.1897,81691.8906,48924.287,36325.4741,53514.3067,155198.4087,16582.008,16263.8148,308500.1897,Profit,61691.8906,28924.287,21325.4741,38514.3067,145198.4087,6582.008,6263.8148,-0.029,-3.9191
2015-07-09,409264.3746,80081.0424,49265.3521,35899.1051,54128.1608,157087.2117,16614.0626,16189.44,309264.3746,Profit,60081.0424,29265.3521,20899.1051,39128.1608,147087.2117,6614.0626,6189.44,0.0019,-3.7393
2015-07-10,414042.9578,82129.9489,49314.2857,36493.8724,55203.7951,157662.7472,16863.3024,16375.006,314042.9578,Profit,62129.9489,29314.2857,21493.8724,40203.7951,147662.7472,6863.3024,6375.006,0.0117,-2.6154
2015-07-13,421742.9378,84016.9701,50527.2359,36864.2287,56914.5125,160082.9248,16945.9738,16391.0921,321742.9378,Profit,64016.9701,30527.2359,21864.2287,41914.5125,150082.9248,6945.9738,6391.0921,0.0186,-0.8043
2015-07-14,424612.3199,83890.1061,50560.2961,36842.1358,58100.0095,162036.3867,16902.1914,16281.1943,324612.3199,Profit,63890.1061,30560.2961,21842.1358,43100.0095,152036.3867,6902.1914,6281.1943,0.0068,-0.1294
2015-07-15,429293.3347,85946.1361,51465.0775,37131.0846,58406.6928,162885.3214,17005.0365,16453.9858,329293.3347,Profit,65946.1361,31465.0775,22131.0846,43406.6928,152885.3214,7005.0365,6453.9858,0.011,0.0
2015-07-16,436555.8654,87104.2707,52484.2628,37962.7502,60225.738,165102.1201,17086.7138,16590.0098,336555.8654,Profit,67104.2707,32484.2628,22962.7502,45225.738,155102.1201,7086.7138,6590.0098,0.0169,0.0
2015-07-17,444704.6893,88284.937,52680.3538,37907.518,61458.4799,170817.915,16999.6616,16555.8239,344704.6893,Profit,68284.937,32680.3538,22907.518,46458.4799,160817.915,6999.6616,6555.8239,0.0187,0.0
2015-07-20,450658.166,89822.6335,52958.3278,37165.1845,62029.6843,175327.827,16923.9845,16430.5244,350658.166,Profit,69822.6335,32958.3278,22165.1845,47029.6843,165327.827,6923.9845,6430.5244,0.0134,0.0
2015-07-21,439917.8694,88776.5646,53271.2386,37272.227,61916.6557,165438.6566,16859.4762,16383.0507,339917.8694,Profit,68776.5646,33271.2386,22272.227,46916.6557,155438.6566,6859.4762,6383.0507,-0.0238,-2.3832
2015-07-22,436081.8461,85461.266,51572.463,36736.7142,62261.5993,166953.6162,16781.0614,16315.1259,336081.8461,Profit,65461.266,31572.463,21736.7142,47261.5993,156953.6162,6781.0614,6315.1259,-0.0087,-3.2345
2015-07-23,435999.2138,85444.7079,52231.4488,37204.9277,61503.9157,166586.8568,16772.005,16255.352,335999.2138,Profit,65444.7079,32231.4488,22204.9277,46503.9157,156586.8568,6772.005,6255.352,-0.0002,-3.2528
2015-07-24,440492.9855,85181.1746,52158.2641,36849.8803,67685.0382,165852.1608,16587.8606,16178.6068,340492.9855,Profit,65181.1746,32158.2641,21849.8803,52685.0382,155852.1608,6587.8606,6178.6068,0.0103,-2.2556
2015-07-27,428830.5611,83677.6572,51288.1738,36503.2379,67674.1467,157485.809,16326.5498,15874.9867,328830.5611,Profit,63677.6572,31288.1738,21503.2379,52674.1467,147485.809,6326.5498,5874.9867,-0.0265,-4.8435
2015-07-28,434547.0366,83613.1189,50979.8263,37083.7169,66602.806,163887.2369,16406.0832,15974.2483,334547.0366,Profit,63613.1189,30979.8263,22083.7169,51602.806,153887.2369,6406.0832,5974.2483,0.0133,-3.575
2015-07-29,434970.6431,83092.7511,51883.5461,37413.5495,66766.5311,162750.513,16722.3566,16341.3956,334970.6431,Profit,63092.7511,31883.5461,22413.5495,51766.5311,152750.513,6722.3566,6341.3956,0.001,-3.481
2015-07-30,442547.318,83511.9356,53088.5121,37897.8523,68444.7874,166280.493,16879.0841,16444.6534,342547.318,Profit,63511.9356,33088.5121,22897.8523,53444.7874,156280.493,6879.0841,6444.6534,0.0174,-1.7998
2015-07-31,441733.1461,82904.8261,52969.2533,37823.589,68477.2211,166148.7206,16954.0503,16455.4858,341733.1461,Profit,62904.8261,32969.2533,22823.589,53477.2211,156148.7206,6954.0503,6455.4858,-0.0018,-1.9804
2015-08-03,436200.4949,80933.9845,53093.6987,38467.405,68334.1748,162303.8503,16790.8215,16276.5601,336200.4949,Profit,60933.9845,33093.6987,23467.405,53334.1748,152303.8503,6790.8215,6276.5601,-0.0125,-3.2081
2015-08-04,440885.5959,78839.9344,54243.7855,38850.0084,68340.5495,167223.9723,16963.9945,16423.3513,340885.5959,Profit,58839.9344,34243.7855,23850.0084,53340.5495,157223.9723,6963.9945,6423.3513,0.0107,-2.1685
2015-08-05,447128.4711,79701.7996,54529.5748,39423.8235,69302.0021,170391.7431,17182.5233,16597.0047,347128.4711,Profit,59701.7996,34529.5748,24423.8235,54302.0021,160391.7431,7182.5233,6597.0047,0.0142,-0.7832
2015-08-06,428880.6704,79685.9571,53304.5096,39084.3252,68166.9901,154888.0472,17223.9738,16526.8673,328880.6704,Profit,59685.9571,33304.5096,24084.3252,53166.9901,144888.0472,7223.9738,6526.8673,-0.0408,-4.8324
2015-08-07,429640.8902,79776.9785,53316.9932,43816.2287,67132.8701,152261.2755,16987.6295,16348.9148,329640.8902,Profit,59776.9785,33316.9932,28816.2287,52132.8701,142261.2755,6987.6295,6348.9148,0.0018,-4.6637
2015-08-10,432711.5744,82279.1876,53720.2485,45115.8677,66971.5864,150639.9217,17293.9618,16690.8007,332711.5744,Profit,62279.1876,33720.2485,30115.8677,51971.5864,140639.9217,7293.9618,6690.8007,0.0071,-3.9823
2015-08-11,427684.8068,78533.2426,53048.3796,45207.6613,67888.8386,149330.0204,17101.9705,16574.6938,327684.8068,Profit,58533.2426,33048.3796,30207.6613,52888.8386,139330.0204,7101.9705,6574.6938,-0.0116,-5.0977
2015-08-12,424044.4751,78677.2161,52711.5803,44720.1766,66788.3944,147838.7022,16889.272,16419.1335,324044.4751,Profit,58677.2161,32711.5803,29720.1766,51788.3944,137838.7022,6889.272,6419.1335,-0.0085,-5.9055
2015-08-13,429689.7183,79243.7387,53129.4626,44696.3427,67809.0504,151750.7218,16798.2931,16262.1091,329689.7183,Profit,59243.7387,33129.4626,29696.3427,52809.0504,141750.7218,6798.2931,6262.1091,0.0133,-4.6528
2015-08-14,431258.8472,79804.9726,53434.1955,44734.7651,68047.1757,152151.5153,16903.2472,16182.9757,331258.8472,Profit,59804.9726,33434.1955,29734.7651,53047.1757,142151.5153,6903.2472,6182.9757,0.0037,-4.3047
2015-08-17,440314.7276,80712.711,53854.0614,44495.2252,68588.9751,159718.7132,16797.994,16147.0478,340314.7276,Profit,60712.711,33854.0614,29495.2252,53588.9751,149718.7132,6797.994,6147.0478,0.021,-2.2952
2015-08-18,443025.5963,80156.3504,54077.187,44030.4338,68469.0706,163083.2815,16858.6234,16350.6497,343025.5963,Profit,60156.3504,34077.187,29030.4338,53469.0706,153083.2815,6858.6234,6350.6497,0.0062,-1.6936
2015-08-19,440245.3106,79684.0988,53701.3009,44162.691,68680.2774,160785.9695,16940.3417,16290.6312,340245.3106,Profit,59684.0988,33701.3009,29162.691,53680.2774,150785.9695,6940.3417,6290.6312,-0.0063,-2.3106
2015-08-20,422084.1553,77541.2028,52263.3524,42299.2628,66042.1799,151567.3959,16482.7992,15887.9622,322084.1553,Profit,57541.2028,32263.3524,27299.2628,51042.1799,141567.3959,6482.7992,5887.9622,-0.0413,-6.3405
2015-08-21,404621.4062,73199.6665,49559.3543,41194.1974,63647.5702,145188.9923,16172.094,15659.5314,304621.4062,Profit,53199.6665,29559.3543,26194.1974,48647.5702,135188.9923,6172.094,5659.5314,-0.0414,-10.2155
2015-08-24,389108.7346,71712.8738,48190.5744,39930.9397,59934.7234,138371.7275,15697.5344,15270.3614,289108.7346,Profit,51712.8738,28190.5744,24930.9397,44934.7234,128371.7275,5697.5344,5270.3614,-0.0383,-13.6577
2015-08-25,391374.9866,72587.9418,47086.1853,39346.5584,60701.6891,139979.5451,16036.2246,15636.8422,291374.9866,Profit,52587.9418,27086.1853,24346.5584,45701.6891,129979.5451,6036.2246,5636.8422,0.0058,-13.1548
2015-08-26,409364.9376,76791.2602,49719.2679,42339.1861,65213.4323,143114.2509,16056.8502,16130.6901,309364.9376,Profit,56791.2602,29719.2679,27339.1861,50213.4323,133114.2509,6056.8502,6130.6901,0.046,-9.1629
2015-08-27,425965.9248,78415.9494,50700.7487,43580.2909,66967.5219,153434.6316,16469.823,16396.9593,325965.9248,Profit,58415.9494,30700.7487,28580.2909,51967.5219,143434.6316,6469.823,6396.9593,0.0406,-5.4792
2015-08-28,432206.2974,79103.4232,51009.6975,44011.3426,67286.1207,157757.2918,16476.6556,16561.7661,332206.2974,Profit,59103.4232,31009.6975,29011.3426,52286.1207,147757.2918,6476.6556,6561.7661,0.0146,-4.0944
2015-08-31,428950.3982,78463.0919,50357.0239,43376.5919,66390.1092,157577.6621,16361.0195,16424.8996,328950.3982,Profit,58463.0919,30357.0239,28376.5919,51390.1092,147577.6621,6361.0195,6424.8996,-0.0075,-4.8169
2015-09-01,410703.9425,74710.5608,48230.1825,41462.0138,64059.8403,150476.6416,15836.7904,15927.9129,310703.9425,Profit,54710.5608,28230.1825,26462.0138,49059.8403,140476.6416,5836.7904,5927.9129,-0.0425,-8.8657
2015-09-02,428653.1785,78695.4354,50508.9534,43146.0573,66527.0275,157754.1195,15934.1393,16087.4461,328653.1785,Profit,58695.4354,30508.9534,28146.0573,51527.0275,147754.1195,5934.1393,6087.4461,0.0437,-4.8829
2015-09-03,422268.45,76671.5642,50242.1597,42893.7299,65213.9785,155087.2634,16008.0613,16151.693,322268.45,Profit,56671.5642,30242.1597,27893.7299,50213.9785,145087.2634,6008.0613,6151.693,-0.0149,-6.2996
2015-09-04,418175.269,76315.9983,49496.1862,42126.9621,64836.3858,153645.6972,15792.3278,15961.7116,318175.269,Profit,56315.9983,29496.1862,27126.9621,49836.3858,143645.6972,5792.3278,5961.7116,-0.0097,-7.2079
2015-09-08,428146.3904,77988.5832,50680.1502,43669.3829,66850.1645,156682.4062,16073.686,16202.0174,328146.3904,Profit,57988.5832,30680.1502,28669.3829,51850.1645,146682.4062,6073.686,6202.0174,0.0238,-4.9953
2015-09-09,426054.0508,76658.643,49838.2641,42898.8329,66907.8819,157482.7587,16101.9391,16165.7311,326054.0508,Profit,56658.643,29838.2641,27898.8329,51907.8819,147482.7587,6101.9391,6165.7311,-0.0049,-5.4596
2015-09-10,429047.3507,78318.7032,50074.6993,43556.2168,67579.9546,157162.8301,16104.8335,16250.1131,329047.3507,Profit,58318.7032,30074.6993,28556.2168,52579.9546,147162.8301,6104.8335,6250.1131,0.007,-4.7954
2015-09-11,434315.3512,79799.3015,50512.3213,43881.6669,68807.0834,158959.1484,16151.2007,16204.629,334315.3512,Profit,59799.3015,30512.3213,28881.6669,53807.0834,148959.1484,6151.2007,6204.629,0.0123,-3.6264
2015-09-14,435257.9376,80524.197,49977.9028,43937.4995,67728.9665,160759.7371,16169.7256,16159.9091,335257.9376,Profit,60524.197,29977.9028,28937.4995,52728.9665,150759.7371,6169.7256,6159.9091,0.0022,-3.4173
2015-09-15,437920.0148,81167.9047,51040.8111,44394.4263,67821.7764,160916.7228,16315.4202,16262.9532,337920.0148,Profit,61167.9047,31040.8111,29394.4263,52821.7764,150916.7228,6315.4202,6262.9532,0.0061,-2.8266
2015-09-16,442823.7378,80730.5807,51087.889,44421.262,68034.712,165357.8634,16595.8139,16595.6168,342823.7378,Profit,60730.5807,31087.889,29421.262,53034.712,155357.8634,6595.8139,6595.6168,0.0112,-1.7384
2015-09-17,442817.9518,79064.0352,51062.4044,44851.1731,69557.8636,165344.679,16505.9071,16431.8894,342817.9518,Profit,59064.0352,31062.4044,29851.1731,54557.8636,155344.679,6505.9071,6431.8894,-0.0,-1.7397
2015-09-18,438780.9435,78497.0387,50021.505,44681.574,69531.0254,163944.1446,16049.7498,16055.9062,338780.9435,Profit,58497.0387,30021.505,29681.574,54531.0254,153944.1446,6049.7498,6055.9062,-0.0091,-2.6355
2015-09-21,448306.5959,80335.371,51146.1451,45498.0509,71130.2883,167497.5795,16288.4917,16410.6694,348306.5959,Profit,60335.371,31146.1451,30498.0509,56130.2883,157497.5795,6288.4917,6410.6694,0.0217,-0.5218
2015-09-22,442494.1069,79242.4412,51011.9377,44349.8803,69982.0844,165780.7123,16026.6751,16100.376,342494.1069,Profit,59242.4412,31011.9377,29349.8803,54982.0844,155780.7123,6026.6751,6100.376,-0.013,-1.8116
2015-09-23,443963.299,80110.8901,51117.7811,44685.8966,69873.3924,166319.1204,15932.2288,15923.9896,343963.299,Profit,60110.8901,31117.7811,29685.8966,54873.3924,156319.1204,5932.2288,5923.9896,0.0033,-1.4856
2015-09-24,447528.8474,80803.6409,51304.26,45665.3686,69759.0952,168084.4406,15936.6942,15975.3481,347528.8474,Profit,60803.6409,31304.26,30665.3686,54759.0952,158084.4406,5936.6942,5975.3481,0.008,-0.6944
2015-09-25,441907.9425,80439.6211,51236.6894,45912.0526,68384.049,163797.7953,16029.5348,16108.2002,341907.9425,Profit,60439.6211,31236.6894,30912.0526,53384.049,153797.7953,6029.5348,6108.2002,-0.0126,-1.9417
2015-09-28,431589.2285,79066.5904,50612.6075,45427.2695,65928.0686,158819.4452,15805.5432,15929.7041,331589.2285,Profit,59066.5904,30612.6075,30427.2695,50928.0686,148819.4452,5805.5432,5929.7041,-0.0234,-4.2314
2015-09-29,429848.025,76994.4434,50988.9671,46408.1223,65135.5451,158294.8674,16000.4385,16025.6411,329848.025,Profit,56994.4434,30988.9671,31408.1223,50135.5451,148294.8674,6000.4385,6025.6411,-0.004,-4.6177
2015-09-30,437087.4226,77758.1004,51879.6509,48181.1978,67117.5499,159192.4847,16479.3132,16479.1257,337087.4226,Profit,57758.1004,31879.6509,33181.1978,52117.5499,149192.4847,6479.3132,6479.1257,0.0168,-3.0113
2015-10-01,427041.6529,76358.0446,51693.8882,46707.217,67500.5012,151987.6467,16366.1386,16428.2166,327041.6529,Profit,56358.0446,31693.8882,31707.217,52500.5012,141987.6467,6366.1386,6428.2166,-0.023,-5.2404
2015-10-02,435153.9251,76764.5894,52693.3228,47822.7285,68886.7502,156528.6645,16080.8289,16377.0409,335153.9251,Profit,56764.5894,32693.3228,32822.7285,53886.7502,146528.6645,6080.8289,6377.0409,0.019,-3.4404
2015-10-05,434744.9111,76286.282,53397.8444,48538.6466,69641.1994,154111.2142,16167.0921,16602.6325,334744.9111,Profit,56286.282,33397.8444,33538.6466,54641.1994,144111.2142,6167.0921,6602.6325,-0.0009,-3.5311
2015-10-06,431555.566,76486.9593,53409.3772,49057.3495,68694.4425,150839.5111,16346.2439,16721.6827,331555.566,Profit,56486.9593,33409.3772,34057.3495,53694.4425,140839.5111,6346.2439,6721.6827,-0.0073,-4.2388
2015-10-07,426055.1344,76000.6086,53386.1508,49497.1063,69158.3645,144683.2043,16459.7116,16869.9883,326055.1344,Profit,56000.6086,33386.1508,34497.1063,54158.3645,134683.2043,6459.7116,6869.9883,-0.0127,-5.4594
2015-10-08,421437.1282,75005.9034,54054.0676,49709.6905,67943.9794,141219.8425,16570.6338,16933.0111,321437.1282,Profit,55005.9034,34054.0676,34709.6905,52943.9794,131219.8425,6570.6338,6933.0111,-0.0108,-6.4841
2015-10-09,417352.6116,76387.477,53371.3411,49246.1598,68409.6929,136703.5859,16461.0061,16773.3488,317352.6116,Profit,56387.477,33371.3411,34246.1598,53409.6929,126703.5859,6461.0061,6773.3488,-0.0097,-7.3904
2015-10-12,415348.9723,76036.3339,53245.9199,49778.4306,69726.4344,133537.961,16332.6585,16691.234,315348.9723,Profit,56036.3339,33245.9199,34778.4306,54726.4344,123537.961,6332.6585,6691.234,-0.0048,-7.835
2015-10-13,418784.5228,76387.6624,53287.8701,50027.396,69777.8827,136231.2291,16379.68,16692.8026,318784.5228,Profit,56387.6624,33287.8701,35027.396,54777.8827,126231.2291,6379.68,6692.8026,0.0083,-7.0727
2015-10-14,417151.5069,75306.5581,53029.1224,51828.2077,69239.1571,134717.1163,16412.5693,16618.7761,317151.5069,Profit,55306.5581,33029.1224,36828.2077,54239.1571,124717.1163,6412.5693,6618.7761,-0.0039,-7.435
2015-10-15,421376.1826,75955.5731,53084.7767,51646.0613,71047.6495,136642.5873,16422.8407,16576.694,321376.1826,Profit,55955.5731,33084.7767,36646.0613,56047.6495,126642.5873,6422.8407,6576.694,0.0101,-6.4976
2015-10-16,427782.9397,75578.5429,53769.1981,52580.7472,72260.666,140476.9072,16520.0594,16596.8189,327782.9397,Profit,55578.5429,33769.1981,37580.7472,57260.666,130476.9072,6520.0594,6596.8189,0.0152,-5.076
2015-10-19,431163.8902,76422.5665,54166.1413,52749.926,72927.9459,141861.1423,16360.2802,16675.888,331163.8902,Profit,56422.5665,34166.1413,37749.926,57927.9459,131861.1423,6360.2802,6675.888,0.0079,-4.3257
2015-10-20,421317.0853,77696.9807,54234.3221,52576.2445,71234.9314,132243.8063,16541.0467,16789.7535,321317.0853,Profit,57696.9807,34234.3221,37576.2445,56234.9314,122243.8063,6541.0467,6789.7535,-0.0228,-6.5107
2015-10-21,421786.3548,78538.1394,54172.7921,52459.8966,71358.4932,131846.1564,16595.5322,16815.3449,321786.3548,Profit,58538.1394,34172.7921,37459.8966,56358.4932,121846.1564,6595.5322,6815.3449,0.0011,-6.4066
2015-10-22,427485.3207,79554.9167,55007.469,54242.6977,72249.0658,132585.7544,16767.1368,17078.2802,327485.3207,Profit,59554.9167,35007.469,39242.6977,57249.0658,122585.7544,6767.1368,7078.2802,0.0135,-5.142
2015-10-23,441547.4304,82549.415,60942.5029,54950.8713,77241.2788,131778.5189,16892.606,17192.2375,341547.4304,Profit,62549.415,40942.5029,39950.8713,62241.2788,121778.5189,6892.606,7192.2375,0.0329,-2.0217
2015-10-26,444059.8791,79683.5216,62351.4522,54543.4734,78250.1641,135276.3956,16870.9752,17083.897,344059.8791,Profit,59683.5216,42351.4522,39543.4734,63250.1641,125276.3956,6870.9752,7083.897,0.0057,-1.4641
2015-10-27,443774.9622,79821.0004,62209.5563,54952.132,79198.738,133267.1026,17002.9548,17323.478,343774.9622,Profit,59821.0004,42209.5563,39952.132,64198.738,123267.1026,7002.9548,7323.478,-0.0006,-1.5274
2015-10-28,447581.5845,82538.1385,62110.106,55005.3831,79426.3124,133973.0326,17091.4744,17437.1374,347581.5845,Profit,62538.1385,42110.106,40005.3831,64426.3124,123973.0326,7091.4744,7437.1374,0.0086,-0.6827
2015-10-29,447072.6395,83534.3736,61498.4678,53198.628,80777.5492,133359.7309,17265.4396,17438.4504,347072.6395,Profit,63534.3736,41498.4678,38198.628,65777.5492,123359.7309,7265.4396,7438.4504,-0.0011,-0.7956
2015-10-30,440164.7925,82283.5799,60262.4671,54163.0912,80160.6898,129535.983,16790.8029,16968.1786,340164.7925,Profit,62283.5799,40262.4671,39163.0912,65160.6898,119535.983,6790.8029,6968.1786,-0.0155,-2.3285
2015-11-02,447807.8355,83508.1744,61006.2123,54839.9265,80548.2812,133953.6615,16841.3917,17110.1879,347807.8355,Profit,63508.1744,41006.2123,39839.9265,65548.2812,123953.6615,6841.3917,7110.1879,0.0174,-0.6325
2015-11-03,446410.746,84555.5924,62104.7766,54505.7113,80225.9175,130654.4914,17193.5007,17170.756,346410.746,Profit,64555.5924,42104.7766,39505.7113,65225.9175,120654.4914,7193.5007,7170.756,-0.0031,-0.9425
2015-11-04,463821.628,84514.975,62667.2914,53852.9501,82596.4123,145895.9916,17162.399,17131.6085,363821.628,Profit,64514.975,42667.2914,38852.9501,67596.4123,135895.9916,7162.399,7131.6085,0.039,0.0
2015-11-05,464960.6505,84158.2523,62659.4801,53245.6355,84509.9922,146017.1275,17276.659,17093.5039,364960.6505,Profit,64158.2523,42659.4801,38245.6355,69509.9922,136017.1275,7276.659,7093.5039,0.0025,0.0
2015-11-06,478856.1924,85163.136,63959.1672,61271.0023,85899.5989,147957.0893,17313.6552,17292.5435,378856.1924,Profit,65163.136,43959.1672,46271.0023,70899.5989,137957.0893,7313.6552,7292.5435,0.0299,0.0
2015-11-09,471010.4324,84585.6607,62914.757,60846.7345,85182.3782,143124.5788,17156.709,17199.6141,371010.4324,Profit,64585.6607,42914.757,45846.7345,70182.3782,133124.5788,7156.709,7199.6141,-0.0164,-1.6384
2015-11-10,461018.506,81831.2675,62084.6265,59611.2129,85623.554,137349.8953,17166.5463,17351.4035,361018.506,Profit,61831.2675,42084.6265,44611.2129,70623.554,127349.8953,7166.5463,7351.4035,-0.0212,-3.7251
2015-11-11,463470.5895,81375.8181,62248.9677,59029.5933,87384.8798,138986.6799,17148.1729,17296.4779,363470.5895,Profit,61375.8181,42248.9677,44029.5933,72384.8798,128986.6799,7148.1729,7296.4779,0.0053,-3.213
2015-11-12,458845.9439,81391.9069,62088.8922,59029.4132,86704.6977,135580.7641,16948.7245,17101.5453,358845.9439,Profit,61391.9069,42088.8922,44029.4132,71704.6977,125580.7641,6948.7245,7101.5453,-0.01,-4.1788
2015-11-13,448360.2658,79146.7905,61644.8212,57976.8785,83833.2285,132167.8505,16709.4702,16881.2264,348360.2658,Profit,59146.7905,41644.8212,42976.8785,68833.2285,122167.8505,6709.4702,6881.2264,-0.0229,-6.3685
2015-11-16,458324.2613,80578.8854,62817.7807,59233.4723,84678.9878,136924.434,17001.4001,17089.3009,358324.2613,Profit,60578.8854,42817.7807,44233.4723,69678.9878,126924.434,7001.4001,7089.3009,0.0222,-4.2877
2015-11-17,455935.0657,80072.1897,62177.1283,59104.8172,83906.8338,136430.0648,17052.1384,17191.8935,355935.0657,Profit,60072.1897,42177.1283,44104.8172,68906.8338,126430.0648,7052.1384,7191.8935,-0.0052,-4.7866
2015-11-18,469154.8426,82758.87,63346.8408,60695.206,86735.1461,141243.7783,17104.2169,17270.7844,369154.8426,Profit,62758.87,43346.8408,45695.206,71735.1461,131243.7783,7104.2169,7270.7844,0.029,-2.0259
2015-11-19,467904.4299,83297.626,63046.4505,60476.7985,85881.714,140797.819,17164.7542,17239.2678,367904.4299,Profit,63297.626,43046.4505,45476.7985,70881.714,130797.819,7164.7542,7239.2678,-0.0027,-2.2871
2015-11-20,471240.7483,84117.6983,63676.526,61328.9961,87278.8075,140408.3152,17175.1276,17255.2777,371240.7483,Profit,64117.6983,43676.526,46328.9961,72278.8075,130408.3152,7175.1276,7255.2777,0.0071,-1.5903
2015-11-23,469562.7133,83109.2834,63767.234,60497.2704,88781.292,139164.5943,17034.056,17208.9833,369562.7133,Profit,63109.2834,43767.234,45497.2704,73781.292,129164.5943,7034.056,7208.9833,-0.0036,-1.9408
2015-11-24,468611.0586,83622.1805,63604.6806,60763.4659,87434.2411,138972.1318,16992.3732,17221.9855,368611.0586,Profit,63622.1805,43604.6806,45763.4659,72434.2411,128972.1318,6992.3732,7221.9855,-0.002,-2.1395
2015-11-25,474801.698,82971.8139,62911.9096,60651.7406,87933.8175,146147.5579,17002.2677,17182.5908,374801.698,Profit,62971.8139,42911.9096,45651.7406,72933.8175,136147.5579,7002.2677,7182.5908,0.0132,-0.8467
2015-11-27,478378.3364,83170.8958,63476.389,61430.1552,88051.8386,148055.7822,17002.0219,17191.2537,378378.3364,Profit,63170.8958,43476.389,46430.1552,73051.8386,138055.7822,7002.0219,7191.2537,0.0075,-0.0998
2015-11-30,477149.6254,83371.3314,63839.7536,61948.618,86769.6904,146895.3306,17117.5586,17207.3428,377149.6254,Profit,63371.3314,43839.7536,46948.618,71769.6904,136895.3306,7117.5586,7207.3428,-0.0026,-0.3564
2015-12-01,487620.0636,82897.9631,65050.4575,64146.5016,88890.1582,151758.954,17390.5542,17485.4751,387620.0636,Profit,62897.9631,45050.4575,49146.5016,73890.1582,141758.954,7390.5542,7485.4751,0.0219,0.0
2015-12-02,482175.2275,82118.8883,64980.2052,63598.8617,88411.4954,148298.377,17369.0719,17398.3279,382175.2275,Profit,62118.8883,44980.2052,48598.8617,73411.4954,138298.377,7369.0719,7398.3279,-0.0112,-1.1166
2015-12-03,480155.2637,81560.118,63956.9839,63632.3013,87356.7905,149137.2134,17301.79,17210.0665,380155.2637,Profit,61560.118,43956.9839,48632.3013,72356.7905,139137.2134,7301.79,7210.0665,-0.0042,-1.5309
2015-12-04,485954.7192,84088.2213,65830.1313,66072.7265,88003.6755,147324.6318,17301.4101,17333.9227,385954.7192,Profit,64088.2213,45830.1313,51072.7265,73003.6755,137324.6318,7301.4101,7333.9227,0.0121,-0.3415
2015-12-07,488433.7228,84450.0777,66416.0323,65512.4193,88573.7032,149385.6863,17021.3307,17074.4733,388433.7228,Profit,64450.0777,46416.0323,50512.4193,73573.7032,139385.6863,7021.3307,7074.4733,0.0051,0.0
2015-12-08,489736.242,84940.6612,66809.7934,66819.4426,90129.0477,147457.4736,16775.9119,16803.9117,389736.242,Profit,64940.6612,46809.7934,51819.4426,75129.0477,137457.4736,6775.9119,6803.9117,0.0027,0.0
2015-12-09,482492.0022,83074.98,65850.0018,65136.5397,88473.4261,146047.7668,16871.8798,17037.408,382492.0022,Profit,63074.98,45850.0018,50136.5397,73473.4261,136047.7668,6871.8798,7037.408,-0.0148,-1.4792
2015-12-10,485081.4271,83503.3761,66217.2176,65696.2466,88170.6409,147749.9711,16709.4949,17034.4798,385081.4271,Profit,63503.3761,46217.2176,50696.2466,73170.6409,137749.9711,6709.4949,7034.4798,0.0054,-0.9505
2015-12-11,473620.5393,81939.4969,65226.5552,65179.4648,85827.1428,142217.8753,16433.7928,16796.2114,373620.5393,Profit,61939.4969,45226.5552,50179.4648,70827.1428,132217.8753,6433.7928,6796.2114,-0.0236,-3.2907
2015-12-14,479105.4462,81633.0585,66710.1813,65516.2615,88446.584,143627.1443,16350.5614,16821.6552,379105.4462,Profit,61633.0585,46710.1813,50516.2615,73446.584,133627.1443,6350.5614,6821.6552,0.0116,-2.1707
2015-12-15,480599.5041,80170.9352,66756.9166,66298.8185,88512.4852,145223.2201,16611.1432,17025.9853,380599.5041,Profit,60170.9352,46756.9166,51298.8185,73512.4852,135223.2201,6611.1432,7025.9853,0.0031,-1.8656
2015-12-16,497199.1175,81230.8615,68266.9332,67073.631,91323.9052,154902.5092,16973.1765,17428.1008,397199.1175,Profit,61230.8615,48266.9332,52073.631,76323.9052,144902.5092,6973.1765,7428.1008,0.0345,0.0
2015-12-17,497893.1996,80458.2697,68552.3879,66852.0416,91715.2361,156004.9551,16939.024,17371.2851,397893.1996,Profit,60458.2697,48552.3879,51852.0416,76715.2361,146004.9551,6939.024,7371.2851,0.0014,0.0
2015-12-18,486608.777,77806.5921,66199.1649,65354.1068,90252.8307,153076.4129,16706.1531,17213.5164,386608.777,Profit,57806.5921,46199.1649,50354.1068,75252.8307,143076.4129,6706.1531,7213.5164,-0.0227,-2.2664
2015-12-21,495236.2492,79356.6256,67577.9814,67419.7932,91005.6569,155673.0407,16852.2237,17350.9279,395236.2492,Profit,59356.6256,47577.9814,52419.7932,76005.6569,145673.0407,6852.2237,7350.9279,0.0177,-0.5336
2015-12-22,491775.3182,78946.5542,67921.7382,67185.9566,90423.4083,153254.7794,16787.7654,17255.116,391775.3182,Profit,58946.5542,47921.7382,52185.9566,75423.4083,143254.7794,6787.7654,7255.116,-0.007,-1.2288
2015-12-23,491506.1794,79566.8548,68160.3088,67120.6385,90050.1014,152329.4799,16934.0363,17344.7598,391506.1794,Profit,59566.8548,48160.3088,52120.6385,75050.1014,142329.4799,6934.0363,7344.7598,-0.0005,-1.2828
2015-12-24,491255.7481,79065.91,67898.6207,67268.0245,89829.3108,152740.953,17061.5614,17391.3677,391255.7481,Profit,59065.91,47898.6207,52268.0245,74829.3108,142740.953,7061.5614,7391.3677,-0.0005,-1.3331
2015-12-28,490996.2475,78151.4587,68242.9368,67207.3891,91511.2635,151667.7827,16946.7818,17268.6349,390996.2475,Profit,58151.4587,48242.9368,52207.3891,76511.2635,141667.7827,6946.7818,7268.6349,-0.0005,-1.3852
2015-12-29,502885.8403,79589.3914,68999.8967,68326.8029,94089.167,157183.7874,17171.1539,17525.6412,402885.8403,Profit,59589.3914,48999.8967,53326.8029,79089.167,147183.7874,7171.1539,7525.6412,0.0242,0.0
2015-12-30,501783.1134,78748.838,68875.3054,67907.0377,93654.1662,158167.5376,17047.3862,17382.8423,401783.1134,Profit,58748.838,48875.3054,52907.0377,78654.1662,148167.5376,7047.3862,7382.8423,-0.0022,-0.2193
2015-12-31,495866.9623,77008.1014,67642.9802,66818.9623,91571.6984,158937.7318,16746.6655,17140.8228,395866.9623,Profit,57008.1014,47642.9802,51818.9623,76571.6984,148937.7318,6746.6655,7140.8228,-0.0118,-1.3957
2016-01-04,481463.1491,77792.7417,67439.5692,66239.3238,87105.8041,149323.6542,16531.7692,17030.2869,381463.1491,Profit,57792.7417,47439.5692,51239.3238,72105.8041,139323.6542,6531.7692,7030.2869,-0.029,-4.26
2016-01-05,481026.9704,75962.3704,67861.2269,67412.4689,86817.1193,149593.2566,16454.9145,16925.6137,381026.9704,Profit,55962.3704,47861.2269,52412.4689,71817.1193,139593.2566,6454.9145,6925.6137,-0.0009,-4.3467
2016-01-06,474734.1785,74961.3817,67063.4144,65049.5489,87224.5398,147608.4162,16169.9775,16656.9001,374734.1785,Profit,54961.3817,47063.4144,50049.5489,72224.5398,137608.4162,6169.9775,6656.9001,-0.0131,-5.598
2016-01-07,459529.4876,71679.0092,64625.8774,62364.0606,83680.8511,145086.6174,15835.7096,16257.3623,359529.4876,Profit,51679.0092,44625.8774,47364.0606,68680.8511,135086.6174,5835.7096,6257.3623,-0.032,-8.6215
2016-01-08,458234.0258,72515.9868,65235.5591,61419.529,84093.176,142866.79,15813.0596,16289.9254,358234.0258,Profit,52515.9868,45235.5591,46419.529,69093.176,132866.79,5813.0596,6289.9254,-0.0028,-8.8791
2016-01-11,460586.5093,73976.2448,65447.6094,61758.7871,85900.5857,141270.9869,15866.6836,16365.6119,360586.5093,Profit,53976.2448,45447.6094,46758.7871,70900.5857,131270.9869,5866.6836,6365.6119,0.0051,-8.4113
2016-01-12,467955.1629,75499.8022,66448.3205,63176.8153,86441.6293,143575.5693,16056.3805,16756.6458,367955.1629,Profit,55499.8022,46448.3205,48176.8153,71441.6293,133575.5693,6056.3805,6756.6458,0.016,-6.946
2016-01-13,450213.0686,73570.7512,65030.2055,61265.5991,81411.1933,136998.904,15559.4758,16376.9397,350213.0686,Profit,53570.7512,45030.2055,46265.5991,66411.1933,126998.904,5559.4758,6376.9397,-0.0379,-10.4741
2016-01-14,460530.2939,75605.5515,67251.7819,60360.0903,83435.5776,141792.6077,15713.7512,16370.9337,360530.2939,Profit,55605.5515,47251.7819,45360.0903,68435.5776,131792.6077,5713.7512,6370.9337,0.0229,-8.4225
2016-01-15,452031.3861,74577.4345,65264.806,57689.4907,81089.9377,142494.8558,15128.3025,15786.559,352031.3861,Profit,54577.4345,45264.806,42689.4907,66089.9377,132494.8558,5128.3025,5786.559,-0.0185,-10.1125
2016-01-19,451863.3252,74148.6746,64646.8565,58098.5095,81622.7447,142170.0324,15172.4007,16004.1067,351863.3252,Profit,54148.6746,44646.8565,43098.5095,66622.7447,132170.0324,5172.4007,6004.1067,-0.0004,-10.1459
2016-01-20,449776.044,74632.1275,65278.0177,58722.4539,81657.4946,138702.7806,14911.5601,15871.6096,349776.044,Profit,54632.1275,45278.0177,43722.4539,66657.4946,128702.7806,4911.5601,5871.6096,-0.0046,-10.561
2016-01-21,441304.6978,72498.1828,63341.07,58002.2733,80174.0051,136278.0528,15043.7859,15967.3279,341304.6978,Profit,52498.1828,43341.07,43002.2733,65174.0051,126278.0528,5043.7859,5967.3279,-0.0188,-12.2456
2016-01-22,452085.5704,75851.8909,65184.6788,58969.7383,82615.0863,137144.6863,15836.037,16483.4528,352085.5704,Profit,55851.8909,45184.6788,43969.7383,67615.0863,127144.6863,5836.037,6483.4528,0.0244,-10.1017
2016-01-25,447683.5375,74906.5291,65021.7559,59330.7291,83225.663,133909.2349,15296.7696,15992.8559,347683.5375,Profit,54906.5291,45021.7559,44330.7291,68225.663,123909.2349,5296.7696,5992.8559,-0.0097,-10.9771
2016-01-26,442700.9131,74312.423,64630.4728,59117.1844,82765.8798,130233.7023,15428.1324,16213.1184,342700.9131,Profit,54312.423,44630.4728,44117.1844,67765.8798,120233.7023,5428.1324,6213.1184,-0.0111,-11.9679
2016-01-27,429639.8363,69343.0544,63369.3371,58335.2878,80193.331,126368.8652,15609.5007,16420.46,329639.8363,Profit,49343.0544,43369.3371,43335.2878,65193.331,116368.8652,5609.5007,6420.46,-0.0295,-14.5651
2016-01-28,440728.4374,69977.2476,64542.8629,57829.7926,87528.3784,127736.7436,16256.6365,16856.7758,340728.4374,Profit,49977.2476,44542.8629,42829.7926,72528.3784,117736.7436,6256.6365,6856.7758,0.0258,-12.3601
2016-01-29,444072.9908,72430.3174,68272.0369,60409.1389,80716.1237,128750.1929,16486.5567,17008.6243,344072.9908,Profit,52430.3174,48272.0369,45409.1389,65716.1237,118750.1929,6486.5567,7008.6243,0.0076,-11.6951
2016-02-01,442944.7493,71385.8182,67502.3717,60113.5263,78811.1368,131979.8523,16375.5213,16776.5228,342944.7493,Profit,51385.8182,47502.3717,45113.5263,63811.1368,121979.8523,6375.5213,6776.5228,-0.0025,-11.9194
2016-02-02,424628.3818,70104.3673,65557.0823,57714.4052,75881.169,122787.8126,16022.9429,16560.6025,324628.3818,Profit,50104.3673,45557.0823,42714.4052,60881.169,112787.8126,6022.9429,6560.6025,-0.0414,-15.5617
2016-02-03,411006.5583,70512.5029,63624.2994,57193.2409,71982.2227,114929.9331,16105.4899,16658.8693,311006.5583,Profit,50512.5029,43624.2994,42193.2409,56982.2227,104929.9331,6105.4899,6658.8693,-0.0321,-18.2704
2016-02-04,410227.9071,70454.0393,62879.0361,56718.1234,72055.736,115149.5251,16197.6287,16773.8185,310227.9071,Profit,50454.0393,42879.0361,41718.1234,57055.736,105149.5251,6197.6287,6773.8185,-0.0019,-18.4252
2016-02-05,393434.5542,69320.6469,61317.4442,53720.5128,68207.1045,107955.6825,16226.8302,16686.3332,293434.5542,Profit,49320.6469,41317.4442,38720.5128,53207.1045,97955.6825,6226.8302,6686.3332,-0.0409,-21.7646
2016-02-08,379686.6348,70288.8714,60595.7238,51431.0757,66516.3474,98600.9297,15825.9085,16427.7782,279686.6348,Profit,50288.8714,40595.7238,36431.0757,51516.3474,88600.9297,5825.9085,6427.7782,-0.0349,-24.4984
2016-02-09,375982.3263,69763.0225,59998.4589,51596.5924,65217.9745,98030.9637,15391.3922,15983.9221,275982.3263,Profit,49763.0225,39998.4589,36596.5924,50217.9745,88030.9637,5391.3922,5983.9221,-0.0098,-25.2351
2016-02-10,377335.5148,69969.3569,61170.8401,52034.4281,67066.3521,96019.8405,15165.0608,15909.6363,277335.5148,Profit,49969.3569,41170.8401,37034.4281,52066.3521,86019.8405,5165.0608,5909.6363,0.0036,-24.966
2016-02-11,381486.7712,69353.1272,60980.0765,51623.0078,68702.9963,100290.6099,14865.6427,15671.3107,281486.7712,Profit,49353.1272,40980.0765,36623.0078,53702.9963,90290.6099,4865.6427,5671.3107,0.011,-24.1405
2016-02-12,383150.4976,69096.6704,61550.6674,52144.2923,68675.9701,99983.9734,15511.375,16187.549,283150.4976,Profit,49096.6704,41550.6674,37144.2923,53675.9701,89983.9734,5511.375,6187.549,0.0044,-23.8096
2016-02-16,394778.5422,71171.1145,62832.7243,54793.5194,70702.2869,102904.1901,15840.8606,16533.8465,294778.5422,Profit,51171.1145,42832.7243,39793.5194,55702.2869,92904.1901,5840.8606,6533.8465,0.0303,-21.4974
2016-02-17,405352.4005,71354.1849,63647.5697,55444.4796,71545.9083,110442.4569,16169.8314,16747.9698,305352.4005,Profit,51354.1849,43647.5697,40444.4796,56545.9083,100442.4569,6169.8314,6747.9698,0.0268,-19.3947
2016-02-18,407053.3518,70185.6326,63540.2392,60372.5776,70517.0646,109487.4583,16191.7285,16758.6511,307053.3518,Profit,50185.6326,43540.2392,45372.5776,55517.0646,99487.4583,6191.7285,6758.6511,0.0042,-19.0565
2016-02-19,410781.8536,70436.1766,63459.4219,61533.6557,72265.7153,110000.0287,16320.3086,16766.5468,310781.8536,Profit,50436.1766,43459.4219,46533.6557,57265.7153,100000.0287,6320.3086,6766.5468,0.0092,-18.3151
2016-02-22,421685.693,70448.7718,63933.9213,63186.9612,74953.8692,116382.9683,16121.7896,16657.4116,321685.693,Profit,50448.7718,43933.9213,48186.9612,59953.8692,106382.9683,6121.7896,6657.4116,0.0265,-16.1468
2016-02-23,420107.1339,69399.6832,62637.4093,63839.9025,74654.2282,116943.518,15941.3834,16691.0093,320107.1339,Profit,49399.6832,42637.4093,48839.9025,59654.2282,106943.518,5941.3834,6691.0093,-0.0037,-16.4607
2016-02-24,421793.5735,70302.1211,62734.5005,64164.452,74661.7288,117901.7534,15575.3847,16453.6329,321793.5735,Profit,50302.1211,42734.5005,49164.452,59661.7288,107901.7534,5575.3847,6453.6329,0.004,-16.1254
2016-02-25,423593.7397,69798.7337,62754.0384,63413.9537,73773.3216,121741.449,15511.121,16601.1223,323593.7397,Profit,49798.7337,42754.0384,48413.9537,58773.3216,111741.449,5511.121,6601.1223,0.0043,-15.7674
2016-02-26,423682.5761,69759.977,61665.1671,62864.2127,73631.7652,123376.5828,15661.3853,16723.4861,323682.5761,Profit,49759.977,41665.1671,47864.2127,58631.7652,113376.5828,5661.3853,6723.4861,0.0002,-15.7498
2016-02-29,422644.8239,69478.3769,61051.8649,62344.8494,73142.5692,124186.804,15750.964,16689.3954,322644.8239,Profit,49478.3769,41051.8649,47344.8494,58142.5692,114186.804,5750.964,6689.3954,-0.0024,-15.9561
2016-03-01,427270.0294,71620.1232,62548.7857,64547.5358,75995.7541,119541.9974,16002.3686,17013.4646,327270.0294,Profit,51620.1232,42548.7857,49547.5358,60995.7541,109541.9974,6002.3686,7013.4646,0.0109,-15.0364
2016-03-02,431575.8006,72103.6723,63276.0592,65222.2698,76495.7789,121368.6033,16068.8073,17040.6099,331575.8006,Profit,52103.6723,43276.0592,50222.2698,61495.7789,111368.6033,6068.8073,7040.6099,0.0101,-14.1802
2016-03-03,433574.2685,72324.1387,62274.1466,64353.0822,75792.3258,125565.6275,16180.4,17084.5478,333574.2685,Profit,52324.1387,42274.1466,49353.0822,60792.3258,115565.6275,6180.4,7084.5478,0.0046,-13.7828
2016-03-04,435282.9604,73017.9969,61571.6325,63820.5112,75089.7889,128292.8291,16336.7835,17153.4183,335282.9604,Profit,53017.9969,41571.6325,48820.5112,60089.7889,118292.8291,6336.7835,7153.4183,0.0039,-13.443
2016-03-07,433279.223,72006.6702,60225.8952,63238.1711,73280.3509,130651.0104,16532.4991,17344.626,333279.223,Profit,52006.6702,40225.8952,48238.1711,58280.3509,120651.0104,6532.4991,7344.626,-0.0046,-13.8414
2016-03-08,432920.8654,71880.8433,61361.1762,62496.9182,73432.2643,129792.4225,16561.6545,17395.5864,332920.8654,Profit,51880.8433,41361.1762,47496.9182,58432.2643,119792.4225,6561.6545,7395.5864,-0.0008,-13.9127
2016-03-09,433809.5991,71127.1418,62058.231,61743.2381,72490.772,132185.1116,16708.3308,17496.7738,333809.5991,Profit,51127.1418,42058.231,46743.2381,57490.772,122185.1116,6708.3308,7496.7738,0.0021,-13.736
2016-03-10,434659.7496,71900.6862,61760.0021,62284.4541,73170.3981,131288.1762,16779.8317,17476.2012,334659.7496,Profit,51900.6862,41760.0021,47284.4541,58170.3981,121288.1762,6779.8317,7476.2012,0.002,-13.5669
2016-03-11,436032.8339,71808.067,62227.9676,62602.0996,73687.5188,131203.3423,16932.9427,17570.8959,336032.8339,Profit,51808.067,42227.9676,47602.0996,58687.5188,121203.3423,6932.9427,7570.8959,0.0032,-13.2939
2016-03-14,444309.2761,72416.237,62714.4852,63128.5471,74611.7331,136843.4542,16996.7669,17598.0526,344309.2761,Profit,52416.237,42714.4852,48128.5471,59611.7331,126843.4542,6996.7669,7598.0526,0.019,-11.6481
2016-03-15,450636.5184,74251.1813,63523.6736,63124.0444,75459.5091,139562.237,17043.7296,17672.1434,350636.5184,Profit,54251.1813,43523.6736,48124.0444,60459.5091,129562.237,7043.7296,7672.1434,0.0142,-10.3899
2016-03-16,457064.8966,75230.9803,64434.8921,65020.492,75116.7446,141888.4944,17356.6981,18016.5952,357064.8966,Profit,55230.9803,44434.8921,50020.492,60116.7446,131888.4944,7356.6981,8016.5952,0.0143,-9.1116
2016-03-17,445510.8028,72986.6874,62970.5182,62647.246,71106.8078,140639.4768,17312.0213,17848.0453,345510.8028,Profit,52986.6874,42970.5182,47647.246,56106.8078,130639.4768,7312.0213,7848.0453,-0.0253,-11.4092
2016-03-18,448658.5379,73061.9508,61613.391,64531.0261,70160.5168,144568.3771,17105.5629,17617.7133,348658.5379,Profit,53061.9508,41613.391,49531.0261,55160.5168,134568.3771,7105.5629,7617.7133,0.0071,-10.7832
2016-03-21,455998.3452,73542.689,62458.611,65155.4508,70873.7807,149026.5059,17193.5833,17747.7245,355998.3452,Profit,53542.689,42458.611,50155.4508,55873.7807,139026.5059,7193.5833,7747.7245,0.0164,-9.3237
2016-03-22,454297.3393,74006.069,62614.2539,64950.7312,71606.6016,146273.4594,17134.8719,17711.3523,354297.3393,Profit,54006.069,42614.2539,49950.7312,56606.6016,136273.4594,7134.8719,7711.3523,-0.0037,-9.6619
2016-03-23,453556.1947,74454.7329,63225.0811,66831.0293,73623.1898,140611.3639,17103.7873,17707.0105,353556.1947,Profit,54454.7329,43225.0811,51831.0293,58623.1898,130611.3639,7103.7873,7707.0105,-0.0016,-9.8093
2016-03-24,460544.8115,74505.9369,63828.4515,67263.8221,75721.4046,144596.0091,16934.7813,17694.406,360544.8115,Profit,54505.9369,43828.4515,52263.8221,60721.4046,134596.0091,6934.7813,7694.406,0.0154,-8.4196
2016-03-28,458805.6433,73697.3547,62632.4045,67513.3278,74838.8299,145253.7373,17079.1739,17790.8153,358805.6433,Profit,53697.3547,42632.4045,52513.3278,59838.8299,135253.7373,7079.1739,7790.8153,-0.0038,-8.7654
2016-03-29,464018.3607,75280.5536,63855.2954,68436.8471,76469.996,144841.08,17208.761,17925.8276,364018.3607,Profit,55280.5536,43855.2954,53436.8471,61469.996,134841.08,7208.761,7925.8276,0.0114,-7.7289
2016-03-30,458829.6549,75468.2135,63311.6243,68145.0767,75966.6859,140717.478,17254.0268,17966.5497,358829.6549,Profit,55468.2135,43311.6243,53145.0767,60966.6859,130717.478,7254.0268,7966.5497,-0.0112,-8.7607
2016-03-31,459532.843,75122.5327,63563.1229,67945.7603,75378.2016,142602.6063,17061.9582,17858.661,359532.843,Profit,55122.5327,43563.1229,52945.7603,60378.2016,132602.6063,7061.9582,7858.661,0.0015,-8.6208
2016-04-01,469832.1773,76253.926,64331.303,69338.6938,76440.5812,148319.6142,17197.7339,17950.3252,369832.1773,Profit,56253.926,44331.303,54338.6938,61440.5812,138319.6142,7197.7339,7950.3252,0.0224,-6.5728
2016-04-04,474371.6883,76970.2105,64116.529,68612.99,75698.5096,154058.0531,17037.4616,17877.9346,374371.6883,Profit,56970.2105,44116.529,53612.99,60698.5096,144058.0531,7037.4616,7877.9346,0.0097,-5.6701
2016-04-05,481225.2333,76860.6343,63758.4159,69219.5842,75567.7155,160985.0349,16956.0988,17877.7497,381225.2333,Profit,56860.6343,43758.4159,54219.5842,60567.7155,150985.0349,6956.0988,7877.7497,0.0144,-4.3073
2016-04-06,487572.8999,77103.6747,63958.6179,68828.756,77074.6365,166074.6165,16857.9513,17674.6471,387572.8999,Profit,57103.6747,43958.6179,53828.756,62074.6365,156074.6165,6857.9513,7674.6471,0.0132,-3.045
2016-04-07,480618.8892,75917.0181,63608.8365,68560.9396,76209.1968,161989.685,16848.3897,17484.8235,380618.8892,Profit,55917.0181,43608.8365,53560.9396,61209.1968,151989.685,6848.3897,7484.8235,-0.0143,-4.4278
2016-04-08,471735.6403,75037.424,62751.4376,68129.8879,75639.7956,155488.2865,17111.5746,17577.2341,371735.6403,Profit,55037.424,42751.4376,53129.8879,60639.7956,145488.2865,7111.5746,7577.2341,-0.0185,-6.1943
2016-04-11,469588.6835,74807.8305,62223.0157,68118.9014,75330.6219,154414.4631,17132.7857,17561.0651,369588.6835,Profit,54807.8305,42223.0157,53118.9014,60330.6219,144414.4631,7132.7857,7561.0651,-0.0046,-6.6212
2016-04-12,467107.4784,75114.0929,62063.1959,67440.8054,75572.6982,151765.1982,17367.8705,17783.6173,367107.4784,Profit,55114.0929,42063.1959,52440.8054,60572.6982,141765.1982,7367.8705,7783.6173,-0.0053,-7.1146
2016-04-13,476157.8726,76147.2241,62825.4672,69096.2722,76990.2258,155789.777,17524.46,17784.4462,376157.8726,Profit,56147.2241,42825.4672,54096.2722,61990.2258,145789.777,7524.46,7784.4462,0.0194,-5.3149
2016-04-14,477307.3989,76447.6934,63051.6931,69520.2999,78000.1782,154685.8024,17655.5782,17946.1539,377307.3989,Profit,56447.6934,43051.6931,54520.2999,63000.1782,144685.8024,7655.5782,7946.1539,0.0024,-5.0863
2016-04-15,479782.8844,75069.9583,63487.1057,70182.5466,78780.8371,156580.6485,17753.3527,17928.4354,379782.8844,Profit,55069.9583,43487.1057,55182.5466,63780.8371,146580.6485,7753.3527,7928.4354,0.0052,-4.5941
2016-04-18,478085.736,73204.8426,64199.9171,69644.5124,79704.1253,155670.7153,17799.4888,17862.1346,378085.736,Profit,53204.8426,44199.9171,54644.5124,64704.1253,145670.7153,7799.4888,7862.1346,-0.0035,-4.9316
2016-04-19,466294.3104,71900.4328,63322.9743,67560.5153,77792.2096,149797.0589,17890.4765,18030.643,366294.3104,Profit,51900.4328,43322.9743,52560.5153,62792.2096,139797.0589,7890.4765,8030.643,-0.0247,-7.2763
2016-04-20,467212.5442,71889.4449,62282.4633,67666.7174,78243.1257,151025.27,17956.0663,18149.4567,367212.5442,Profit,51889.4449,42282.4633,52666.7174,63243.1257,141025.27,7956.0663,8149.4567,0.002,-7.0937
2016-04-21,467972.3804,71560.0781,62906.5212,68037.0136,78509.8356,150996.3102,17855.0464,18107.5752,367972.3804,Profit,51560.0781,42906.5212,53037.0136,63509.8356,140996.3102,7855.0464,8107.5752,0.0016,-6.9426
2016-04-22,463895.5397,71173.9089,58230.3149,67579.8466,76984.7399,153879.6866,17923.0227,18124.0201,363895.5397,Profit,51173.9089,38230.3149,52579.8466,61984.7399,143879.6866,7923.0227,8124.0201,-0.0087,-7.7533
2016-04-25,463677.0293,70804.7694,58627.5547,67950.7432,77728.7126,152781.2814,17844.6832,17939.2847,363677.0293,Profit,50804.7694,38627.5547,52950.7432,62728.7126,142781.2814,7844.6832,7939.2847,-0.0005,-7.7968
2016-04-26,460363.0688,69945.5134,57571.9064,67652.2489,76173.284,153144.8614,17958.7835,17916.4711,360363.0688,Profit,49945.5134,37571.9064,52652.2489,61173.284,143144.8614,7958.7835,7916.4711,-0.0071,-8.4558
2016-04-27,455148.4488,65672.286,57109.4691,69300.2714,75024.8843,152027.7813,18022.9761,17990.7807,355148.4488,Profit,45672.286,37109.4691,54300.2714,60024.8843,142027.7813,8022.9761,7990.7807,-0.0113,-9.4927
2016-04-28,443972.5813,63212.0223,55541.52,66757.1262,73923.3594,148675.7946,17945.3946,17917.3644,343972.5813,Profit,43212.0223,35541.52,51757.1262,58923.3594,138675.7946,7945.3946,7917.3644,-0.0246,-11.715
2016-04-29,445189.3339,62506.7093,55541.9754,65549.4009,81027.4823,144562.2908,17995.8325,18005.6426,345189.3339,Profit,42506.7093,35541.9754,50549.4009,66027.4823,134562.2908,7995.8325,8005.6426,0.0027,-11.4731
2016-05-02,450295.4452,62432.2437,56350.1591,66411.5043,84001.0122,145174.882,17951.1168,17974.5271,350295.4452,Profit,42432.2437,36350.1591,51411.5043,69001.0122,135174.882,7951.1168,7974.5271,0.0115,-10.4577
2016-05-03,446450.7677,64163.9304,56034.3049,66340.2427,83368.7817,141017.167,17545.4477,17980.8932,346450.7677,Profit,44163.9304,36034.3049,51340.2427,68368.7817,131017.167,7545.4477,7980.8932,-0.0085,-11.2222
2016-05-04,444640.326,64482.4853,57011.8196,65841.8316,84627.099,137201.0771,17488.9182,17987.0952,344640.326,Profit,44482.4853,37011.8196,50841.8316,69627.099,127201.0771,7488.9182,7987.0952,-0.0041,-11.5823
2016-05-05,435450.3895,64064.6641,56957.5725,66054.8961,82922.4313,130087.9775,17444.5929,17918.2551,335450.3895,Profit,44064.6641,36957.5725,51054.8961,67922.4313,120087.9775,7444.5929,7918.2551,-0.0207,-13.4097
2016-05-06,442570.8691,64052.8362,57771.8886,67108.3913,85245.7949,132878.539,17583.3606,17930.0586,342570.8691,Profit,44052.8362,37771.8886,52108.3913,70245.7949,122878.539,7583.3606,7930.0586,0.0164,-11.9938
2016-05-09,441330.6005,64463.4988,57729.449,67392.4772,86465.1784,129892.3428,17503.2648,17884.3896,341330.6005,Profit,44463.4988,37729.449,52392.4772,71465.1784,119892.3428,7503.2648,7884.3896,-0.0028,-12.2404
2016-05-10,446334.9479,64721.6308,58664.7907,68509.1894,89190.6273,129400.1698,17752.4619,18096.0781,346334.9479,Profit,44721.6308,38664.7907,53509.1894,74190.6273,119400.1698,7752.4619,8096.0781,0.0113,-11.2453
2016-05-11,443386.9445,63489.6149,58143.2303,68049.5609,89662.1947,128337.8011,17655.1917,18049.3508,343386.9445,Profit,43489.6149,38143.2303,53049.5609,74662.1947,118337.8011,7655.1917,8049.3508,-0.0066,-11.8315
2016-05-12,441900.0297,62097.5156,58766.9726,67239.748,90365.9219,127474.3471,17801.1899,18154.3346,341900.0297,Profit,42097.5156,38766.9726,52239.748,75365.9219,117474.3471,7801.1899,8154.3346,-0.0034,-12.1272
2016-05-13,453512.9088,62615.2837,58649.3438,77965.0116,89927.5674,128541.7685,17735.2435,18078.6904,353512.9088,Profit,42615.2837,38649.3438,62965.0116,74927.5674,118541.7685,7735.2435,8078.6904,0.0263,-9.8179
2016-05-16,457870.9174,64682.8553,59269.3027,79931.8802,89652.5934,128434.2692,17778.9521,18121.0644,357870.9174,Profit,44682.8553,39269.3027,64931.8802,74652.5934,118434.2692,7778.9521,8121.0644,0.0096,-8.9513
2016-05-17,452287.2427,64399.8169,58153.8752,80088.1515,87697.4719,126176.3813,17707.7606,18063.7854,352287.2427,Profit,44399.8169,38153.8752,65088.1515,72697.4719,116176.3813,7707.7606,8063.7854,-0.0122,-10.0616
2016-05-18,461364.1355,65358.5083,58694.8946,82411.3883,88266.0273,130624.376,17906.8637,18102.0773,361364.1355,Profit,45358.5083,38694.8946,67411.3883,73266.0273,120624.376,7906.8637,8102.0773,0.0201,-8.2567
2016-05-19,469814.632,66055.9892,58973.7504,83971.2192,89686.983,135058.9997,17916.4862,18151.2042,369814.632,Profit,46055.9892,38973.7504,68971.2192,74686.983,125058.9997,7916.4862,8151.2042,0.0183,-6.5763
2016-05-20,476971.5097,66878.5532,59411.0897,85619.7219,90374.1136,138451.5733,17994.933,18241.525,376971.5097,Profit,46878.5532,39411.0897,70619.7219,75374.1136,128451.5733,7994.933,8241.525,0.0152,-5.1531
2016-05-23,473920.9115,67719.6721,58721.6436,85753.8402,89596.1349,135900.384,18012.7801,18216.4565,373920.9115,Profit,47719.6721,38721.6436,70753.8402,74596.1349,125900.384,8012.7801,8216.4565,-0.0064,-5.7597
2016-05-24,480451.8054,68659.52,60467.0496,87702.038,90430.0572,136774.288,18091.4757,18327.3769,380451.8054,Profit,48659.52,40467.0496,72702.038,75430.0572,126774.288,8091.4757,8327.3769,0.0138,-4.4611
2016-05-25,483136.4143,69700.9666,60981.7415,87148.6348,90768.8218,137528.9365,18400.0706,18607.2425,383136.4143,Profit,49700.9666,40981.7415,72148.6348,75768.8218,127528.9365,8400.0706,8607.2425,0.0056,-3.9272
2016-05-26,484951.1943,69684.3429,60190.5339,87339.4262,90846.6012,139824.3824,18498.5335,18567.3743,384951.1943,Profit,49684.3429,40190.5339,72339.4262,75846.6012,129824.3824,8498.5335,8567.3743,0.0038,-3.5663
2016-05-27,485034.9563,69761.8658,60778.2566,87970.6349,90660.7035,138766.9444,18566.7056,18529.8457,385034.9563,Profit,49761.8658,40778.2566,72970.6349,75660.7035,128766.9444,8566.7056,8529.8457,0.0002,-3.5497
2016-05-31,491420.8458,69937.4068,62039.1865,90207.6613,92689.9374,139921.5251,18208.8777,18416.251,391420.8458,Profit,49937.4068,42039.1865,75207.6613,77689.9374,129921.5251,8208.8777,8416.251,0.0132,-2.2798
2016-06-01,487633.2677,68912.9008,61831.8204,90325.6902,92196.9511,137526.2881,18305.2908,18534.3263,387633.2677,Profit,48912.9008,41831.8204,75325.6902,77196.9511,127526.2881,8305.2908,8534.3263,-0.0077,-3.033
2016-06-02,487715.792,68340.937,61334.648,90883.4759,93246.2621,137035.2204,18353.2305,18522.018,387715.792,Profit,48340.937,41334.648,75883.4759,78246.2621,127035.2204,8353.2305,8522.018,0.0002,-3.0166
2016-06-03,480809.6342,67784.9307,59917.38,88686.7931,91963.0175,135670.8875,18317.4058,18469.2195,380809.6342,Profit,47784.9307,39917.38,73686.7931,76963.0175,125670.8875,8317.4058,8469.2195,-0.0142,-4.3899
2016-06-06,479441.5483,67794.3724,59879.291,87624.4727,91459.3492,135746.7715,18370.827,18566.4645,379441.5483,Profit,47794.3724,39879.291,72624.4727,76459.3492,125746.7715,8370.827,8566.4645,-0.0028,-4.662
2016-06-07,484499.9451,67709.0221,59534.5254,87336.7246,90608.3702,142174.0444,18494.7646,18642.4938,384499.9451,Profit,47709.0221,39534.5254,72336.7246,75608.3702,132174.0444,8494.7646,8642.4938,0.0106,-3.6561
2016-06-08,482911.0447,67149.996,59027.4602,86412.7851,90302.7892,143060.6663,18399.2883,18558.0597,382911.0447,Profit,47149.996,39027.4602,71412.7851,75302.7892,133060.6663,8399.2883,8558.0597,-0.0033,-3.972
2016-06-09,482651.7018,67824.3304,58718.1509,88907.9622,90684.74,139714.6079,18335.7569,18466.1535,382651.7018,Profit,47824.3304,38718.1509,73907.9622,75684.74,129714.6079,8335.7569,8466.1535,-0.0005,-4.0236
2016-06-10,471838.1413,67299.0305,58584.6256,86730.0704,89519.7279,133327.9505,18102.7812,18273.9552,371838.1413,Profit,47299.0305,38584.6256,71730.0704,74519.7279,123327.9505,8102.7812,8273.9552,-0.0224,-6.1739
2016-06-13,471328.1544,66570.2542,57309.9676,88216.5385,89565.2205,133351.391,18100.4519,18214.3307,371328.1544,Profit,46570.2542,37309.9676,73216.5385,74565.2205,123351.391,8100.4519,8214.3307,-0.0011,-6.2753
2016-06-14,470856.6202,66879.8578,57143.1635,88690.3352,90376.4121,132006.0991,17774.9928,17985.7598,370856.6202,Profit,46879.8578,37143.1635,73690.3352,75376.4121,122006.0991,7774.9928,7985.7598,-0.001,-6.3691
2016-06-15,475047.4761,67068.4937,57337.2679,90154.8905,90295.5334,134517.5341,17765.1604,17908.5961,375047.4761,Profit,47068.4937,37337.2679,75154.8905,75295.5334,124517.5341,7765.1604,7908.5961,0.0089,-5.5357
2016-06-16,481762.4515,68013.5506,58716.8904,91401.6986,91598.4269,135984.5576,17946.3896,18100.9378,381762.4515,Profit,48013.5506,38716.8904,76401.6986,76598.4269,125984.5576,7946.3896,8100.9378,0.0141,-4.2004
2016-06-17,469667.5102,65636.6264,57682.397,88678.9285,89051.6807,132774.6139,17876.7513,17966.5124,369667.5102,Profit,45636.6264,37682.397,73678.9285,74051.6807,122774.6139,7876.7513,7966.5124,-0.0251,-6.6055
2016-06-20,472387.3495,65121.8006,57295.8171,89776.9698,89516.0394,134629.1603,18020.4023,18027.1601,372387.3495,Profit,45121.8006,37295.8171,74776.9698,74516.0394,124629.1603,8020.4023,8027.1601,0.0058,-6.0647
2016-06-21,474525.9747,65723.6003,58627.9372,89307.7357,89820.0424,134689.5919,18169.4455,18187.6217,374525.9747,Profit,45723.6003,38627.9372,74307.7357,74820.0424,124689.5919,8169.4455,8187.6217,0.0045,-5.6394
2016-06-22,459155.9804,65500.4357,58420.9506,89253.1638,89178.9565,120632.9168,18089.0545,18080.5023,359155.9804,Profit,45500.4357,38420.9506,74253.1638,74178.9565,110632.9168,8089.0545,8080.5023,-0.0324,-8.6958
2016-06-23,462422.7297,65514.1477,59150.736,91151.4725,90139.0092,119833.8059,18378.41,18255.1484,362422.7297,Profit,45514.1477,39150.736,76151.4725,75139.0092,109833.8059,8378.41,8255.1484,0.0071,-8.0462
2016-06-24,453447.754,64671.7782,57664.0637,87284.254,88621.3416,119699.7799,17757.7771,17748.7595,353447.754,Profit,44671.7782,37664.0637,72284.254,73621.3416,109699.7799,7757.7771,7748.7595,-0.0194,-9.8309
2016-06-27,455848.5868,64358.2656,56593.4728,87207.7093,88510.4882,124243.3025,17360.1757,17575.1726,355848.5868,Profit,44358.2656,36593.4728,72207.7093,73510.4882,114243.3025,7360.1757,7575.1726,0.0053,-9.3535
2016-06-28,464603.2656,65497.2072,57825.1868,88543.4894,90717.5673,126386.6,17717.5584,17915.6566,364603.2656,Profit,45497.2072,37825.1868,73543.4894,75717.5673,116386.6,7717.5584,7915.6566,0.0192,-7.6126
2016-06-29,470816.7315,65569.1059,58665.1113,89262.1091,90986.5287,130633.4336,17769.0603,17931.3826,370816.7315,Profit,45569.1059,38665.1113,74262.1091,75986.5287,120633.4336,7769.0603,7931.3826,0.0134,-6.377
2016-06-30,475131.2443,66492.3324,59477.7705,90141.0224,91132.9738,132133.7232,17746.4969,18006.9252,375131.2443,Profit,46492.3324,39477.7705,75141.0224,76132.9738,122133.7232,7746.4969,8006.9252,0.0092,-5.5191
2016-07-01,478591.0618,66687.9862,59466.0769,89463.8869,92406.4566,134760.1505,17779.1021,18027.4026,378591.0618,Profit,46687.9862,39466.0769,74463.8869,77406.4566,124760.1505,7779.1021,8027.4026,0.0073,-4.8311
2016-07-05,475886.0845,65801.9233,59203.448,90375.9395,92294.6262,132577.271,17667.6892,17965.1872,375886.0845,Profit,45801.9233,39203.448,75375.9395,77294.6262,122577.271,7667.6892,7965.1872,-0.0057,-5.369
2016-07-06,480487.5543,66421.2338,59706.5332,91360.1543,93899.3868,133437.1723,17756.0058,17907.0681,380487.5543,Profit,46421.2338,39706.5332,76360.1543,78899.3868,123437.1723,7756.0058,7907.0681,0.0097,-4.454
2016-07-07,483071.2368,66594.8649,59610.1211,93571.3657,93620.6577,134153.5809,17688.259,17832.3875,383071.2368,Profit,46594.8649,39610.1211,78571.3657,78620.6577,124153.5809,7688.259,7832.3875,0.0054,-3.9402
2016-07-08,493584.7152,67572.4888,61095.2644,97982.3817,95444.8774,135598.585,17914.8128,17976.3051,393584.7152,Profit,47572.4888,41095.2644,82982.3817,80444.8774,125598.585,7914.8128,7976.3051,0.0218,-1.8496
2016-07-11,504588.5418,68063.5134,61684.0508,100652.8012,96863.2978,141183.1458,18049.2371,18092.4958,404588.5418,Profit,48063.5134,41684.0508,85652.8012,81863.2978,131183.1458,8049.2371,8092.4958,0.0223,0.0
2016-07-12,502756.7751,67793.3775,61882.6577,101300.4595,95334.5252,139908.9866,18227.3158,18309.4528,402756.7751,Profit,47793.3775,41882.6577,86300.4595,80334.5252,129908.9866,8227.3158,8309.4528,-0.0036,-0.363
2016-07-13,498917.0134,67145.3644,61989.1613,100864.6049,94252.7805,138045.0309,18269.5128,18350.5586,398917.0134,Profit,47145.3644,41989.1613,85864.6049,79252.7805,128045.0309,8269.5128,8350.5586,-0.0076,-1.124
2016-07-14,499173.4186,68200.652,62013.6261,101495.9937,93708.4985,136895.3234,18458.5989,18400.726,399173.4186,Profit,48200.652,42013.6261,86495.9937,78708.4985,126895.3234,8458.5989,8400.726,0.0005,-1.0732
2016-07-15,498848.2303,68517.4964,62257.4072,100795.2044,93410.9662,136810.5326,18547.7926,18508.8309,398848.2303,Profit,48517.4964,42257.4072,85795.2044,78410.9662,126810.5326,8547.7926,8508.8309,-0.0007,-1.1376
2016-07-18,504393.4148,69297.092,62598.0768,101378.0248,93557.1059,140558.4037,18539.5758,18465.1358,404393.4148,Profit,49297.092,42598.0768,86378.0248,78557.1059,130558.4037,8539.5758,8465.1358,0.0111,-0.0387
2016-07-19,505893.0572,69567.5282,61804.7049,102783.0253,94376.2287,140428.3753,18462.3355,18470.8592,405893.0572,Profit,49567.5282,41804.7049,87783.0253,79376.2287,130428.3753,8462.3355,8470.8592,0.003,0.0
2016-07-20,513898.9272,69686.5367,65143.9941,104222.546,95192.4578,142481.4417,18631.479,18540.472,413898.9272,Profit,49686.5367,45143.9941,89222.546,80192.4578,132481.4417,8631.479,8540.472,0.0158,0.0
2016-07-21,506867.4186,69410.0586,65097.4685,102425.3964,95151.6739,137756.6817,18519.3976,18506.7418,406867.4186,Profit,49410.0586,45097.4685,87425.3964,80151.6739,127756.6817,8519.3976,8506.7418,-0.0137,-1.3683
2016-07-22,515809.7525,69510.9487,66611.1295,106187.8537,96088.9196,140149.3278,18618.2906,18643.2825,415809.7525,Profit,49510.9487,46611.1295,91187.8537,81088.9196,130149.3278,8618.2906,8643.2825,0.0176,0.0
2016-07-25,522947.9529,68823.611,67038.2465,108548.3122,95751.9464,145546.9382,18631.5868,18607.3119,422947.9529,Profit,48823.611,47038.2465,93548.3122,80751.9464,135546.9382,8631.5868,8607.3119,0.0138,0.0
2016-07-26,523148.9106,68266.157,66990.9149,110261.5327,95116.2936,145055.16,18767.2978,18691.5546,423148.9106,Profit,48266.157,46990.9149,95261.5327,80116.2936,135055.16,8767.2978,8691.5546,0.0004,0.0
2016-07-27,525407.5831,72757.7273,66371.8608,109245.3793,95335.2692,144530.7544,18550.4285,18616.1635,425407.5831,Profit,52757.7273,46371.8608,94245.3793,80335.2692,134530.7544,8550.4285,8616.1635,0.0043,0.0
2016-07-28,528203.6227,73467.9887,66145.5621,109068.6361,97029.7502,145319.7312,18603.8536,18568.1008,428203.6227,Profit,53467.9887,46145.5621,94068.6361,82029.7502,135319.7312,8603.8536,8568.1008,0.0053,0.0
2016-07-29,528886.1916,72661.1639,66045.8861,109763.4218,96870.8472,146504.8794,18539.7614,18500.2318,428886.1916,Profit,52661.1639,46045.8861,94763.4218,81870.8472,136504.8794,8539.7614,8500.2318,0.0013,0.0
2016-08-01,527166.2606,73937.1243,65930.3546,109054.8881,98010.8654,143521.9344,18332.3718,18378.7219,427166.2606,Profit,53937.1243,45930.3546,94054.8881,83010.8654,133521.9344,8332.3718,8378.7219,-0.0033,-0.3252
2016-08-02,523743.1498,73112.2609,66173.0252,108123.5642,97454.1922,142290.6731,18314.4813,18274.953,423743.1498,Profit,53112.2609,46173.0252,93123.5642,82454.1922,132290.6731,8314.4813,8274.953,-0.0065,-0.9724
2016-08-03,523394.5824,73977.7793,66580.3186,108338.97,96615.0817,141178.9615,18390.6636,18312.8078,423394.5824,Profit,53977.7793,46580.3186,93338.97,81615.0817,131178.9615,8390.6636,8312.8078,-0.0007,-1.0383
2016-08-04,528158.3647,74125.1268,66790.662,109878.9893,97001.9056,143719.7797,18380.1934,18261.7079,428158.3647,Profit,54125.1268,46790.662,94878.9893,82001.9056,133719.7797,8380.1934,8261.7079,0.0091,-0.1376
2016-08-05,538416.8874,76136.2902,68256.7038,113059.4667,98828.4533,145063.9879,18536.7441,18535.2415,438416.8874,Profit,56136.2902,48256.7038,98059.4667,83828.4533,135063.9879,8536.7441,8535.2415,0.0194,0.0
2016-08-08,537407.4977,76686.6254,68293.2247,113971.7595,98783.2211,142450.3072,18632.6945,18589.6653,437407.4977,Profit,56686.6254,48293.2247,98971.7595,83783.2211,132450.3072,8632.6945,8589.6653,-0.0019,-0.1875
2016-08-09,538572.6159,76723.9814,68212.1068,113856.192,98655.2404,143774.6634,18700.4798,18649.952,438572.6159,Profit,56723.9814,48212.1068,98856.192,83655.2404,133774.6634,8700.4798,8649.952,0.0022,0.0
2016-08-10,532759.0036,75828.2774,67708.0319,112633.8181,98258.4961,141006.2075,18702.8205,18621.352,432759.0036,Profit,55828.2774,47708.0319,97633.8181,83258.4961,131006.2075,8702.8205,8621.352,-0.0108,-1.0794
2016-08-11,533367.3863,75466.2262,67755.4354,114453.0006,98200.9843,139973.746,18815.3534,18702.6405,433367.3863,Profit,55466.2262,47755.4354,99453.0006,83200.9843,129973.746,8815.3534,8702.6405,0.0011,-0.9665
2016-08-12,537443.6402,75279.3288,67015.7652,120278.5627,97900.1667,139740.4169,18653.4845,18575.9154,437443.6402,Profit,55279.3288,47015.7652,105278.5627,82900.1667,129740.4169,8653.4845,8575.9154,0.0076,-0.2096
2016-08-15,537079.3562,76035.1467,67103.45,119948.4899,97211.3818,139479.1472,18692.3961,18609.3446,437079.3562,Profit,56035.1467,47103.45,104948.4899,82211.3818,129479.1472,8692.3961,8609.3446,-0.0007,-0.2773
2016-08-16,531730.6277,75622.9473,66424.0874,118666.4412,96199.7084,137612.9881,18659.1504,18545.305,431730.6277,Profit,55622.9473,46424.0874,103666.4412,81199.7084,127612.9881,8659.1504,8545.305,-0.01,-1.2704
2016-08-17,529896.2823,75636.3401,66683.5272,116137.9446,96446.1546,137631.5769,18771.5848,18589.1541,429896.2823,Profit,55636.3401,46683.5272,101137.9446,81446.1546,127631.5769,8771.5848,8589.1541,-0.0034,-1.611
2016-08-18,527390.2572,74905.7993,66158.0107,116922.7229,95601.5269,136621.6444,18692.4175,18488.1356,427390.2572,Profit,54905.7993,46158.0107,101922.7229,80601.5269,126621.6444,8692.4175,8488.1356,-0.0047,-2.0763
2016-08-19,532117.0867,75702.5162,66715.2121,118174.694,95470.956,138640.9782,18895.5775,18517.1528,432117.0867,Profit,55702.5162,46715.2121,103174.694,80470.956,128640.9782,8895.5775,8517.1528,0.009,-1.1986
2016-08-22,533514.6494,75491.1489,67106.2276,119258.507,96220.3422,138048.1457,18881.371,18508.907,433514.6494,Profit,55491.1489,47106.2276,104258.507,81220.3422,128048.1457,8881.371,8508.907,0.0026,-0.9391
2016-08-23,535323.8259,75495.7689,67151.7754,119848.0513,96298.0668,138800.275,19135.9712,18593.9174,435323.8259,Profit,55495.7689,47151.7754,104848.0513,81298.0668,128800.275,9135.9712,8593.9174,0.0034,-0.6032
2016-08-24,532572.6645,75143.3798,67420.1222,118355.9999,95922.9919,137834.5682,19126.2972,18769.3052,432572.6645,Profit,55143.3798,47420.1222,103355.9999,80922.9919,127834.5682,9126.2972,8769.3052,-0.0051,-1.114
2016-08-25,530661.7872,74792.0584,67660.7153,117545.6467,96150.2414,136775.6876,18995.4755,18741.9624,430661.7872,Profit,54792.0584,47660.7153,102545.6467,81150.2414,126775.6876,8995.4755,8741.9624,-0.0036,-1.4689
2016-08-26,531843.1652,74412.1234,67560.1714,118582.4522,97464.0931,136280.1987,18949.7826,18594.3439,431843.1652,Profit,54412.1234,47560.1714,103582.4522,82464.0931,126280.1987,8949.7826,8594.3439,0.0022,-1.2495
2016-08-29,532267.0152,74759.9582,68008.3083,119163.7716,98297.9565,134054.5578,19064.0284,18918.4343,432267.0152,Profit,54759.9582,48008.3083,104163.7716,83297.9565,124054.5578,9064.0284,8918.4343,0.0008,-1.1708
2016-08-30,530172.0876,74500.0453,68057.4038,118996.9942,98253.4292,132225.8204,19047.1657,19091.2291,430172.0876,Profit,54500.0453,48057.4038,103996.9942,83253.4292,122225.8204,9047.1657,9091.2291,-0.0039,-1.5598
2016-08-31,531554.6947,74857.8989,67799.9595,118874.4627,98817.0919,133132.244,19012.9081,19060.1296,431554.6947,Profit,54857.8989,47799.9595,103874.4627,83817.0919,123132.244,9012.9081,9060.1296,0.0026,-1.3031
2016-09-01,528247.4831,75204.0889,67853.1239,122224.4191,98876.4206,125911.0565,19037.004,19141.3702,428247.4831,Profit,55204.0889,47853.1239,107224.4191,83876.4206,115911.0565,9037.004,9141.3702,-0.0062,-1.9171
2016-09-02,522183.5474,75269.7511,67401.7808,120016.2695,98293.2871,123013.2469,19028.9466,19160.2655,422183.5474,Profit,55269.7511,47401.7808,105016.2695,83293.2871,113013.2469,9028.9466,9160.2655,-0.0115,-3.0431
2016-09-06,522495.0768,74343.2421,66522.7326,119700.9053,99178.0526,124634.0982,19022.3098,19093.7362,422495.0768,Profit,54343.2421,46522.7326,104700.9053,84178.0526,114634.0982,9022.3098,9093.7362,0.0006,-2.9852
2016-09-07,521874.6325,75113.5204,66851.3211,118430.5634,99026.7168,124448.3105,18975.294,19028.9062,421874.6325,Profit,55113.5204,46851.3211,103430.5634,84026.7168,114448.3105,8975.294,9028.9062,-0.0012,-3.1004
2016-09-08,518064.2153,73218.7235,66654.1774,119402.351,99081.1548,121902.1381,18878.57,18927.1006,418064.2153,Profit,53218.7235,46654.1774,104402.351,84081.1548,111902.1381,8878.57,8927.1006,-0.0073,-3.8079
2016-09-09,508803.2315,72247.7983,65867.9117,114549.5369,97199.2744,121271.518,18796.4664,18870.7257,408803.2315,Profit,52247.7983,45867.9117,99549.5369,82199.2744,111271.518,8796.4664,8870.7257,-0.0179,-5.5275
2016-09-12,519116.1276,74123.1253,67076.3814,117329.2203,98761.4792,124077.0654,18843.6936,18905.1625,419116.1276,Profit,54123.1253,47076.3814,102329.2203,83761.4792,114077.0654,8843.6936,8905.1625,0.0203,-3.6126
2016-09-13,518712.8561,76409.9901,66920.1981,116437.9398,98090.3658,123513.4798,18691.3219,18649.5606,418712.8561,Profit,56409.9901,46920.1981,101437.9398,83090.3658,113513.4798,8691.3219,8649.5606,-0.0008,-3.6875
2016-09-14,523007.3796,79245.726,66711.5187,117630.176,98264.5889,123947.037,18668.0803,18540.2528,423007.3796,Profit,59245.726,46711.5187,102630.176,83264.5889,113947.037,8668.0803,8540.2528,0.0083,-2.8901
2016-09-15,533604.973,81648.0446,67594.5589,121689.2065,99050.9471,125939.4421,18959.4376,18723.3362,433604.973,Profit,61648.0446,47594.5589,106689.2065,84050.9471,115939.4421,8959.4376,8723.3362,0.0203,-0.9224
2016-09-16,540243.6411,81626.4231,68009.9283,122602.0996,100697.8896,129855.8398,18830.3384,18621.1223,440243.6411,Profit,61626.4231,48009.9283,107602.0996,85697.8896,119855.8398,8830.3384,8621.1223,0.0124,0.0
2016-09-19,539383.2743,80469.6893,67467.258,123917.888,100012.7247,130134.5069,18781.2001,18600.0072,439383.2743,Profit,60469.6893,47467.258,108917.888,85012.7247,120134.5069,8781.2001,8600.0072,-0.0016,-0.1593
2016-09-20,539801.324,80750.4142,67561.7075,123233.6685,101032.343,129522.8703,18916.1115,18784.209,439801.324,Profit,60750.4142,47561.7075,108233.6685,86032.343,119522.8703,8916.1115,8784.209,0.0008,-0.0819
2016-09-21,544749.2985,80476.0808,68474.3922,126289.0928,101940.407,129476.9222,19136.1748,18956.2286,444749.2985,Profit,60476.0808,48474.3922,111289.0928,86940.407,119476.9222,9136.1748,8956.2286,0.0092,0.0
2016-09-22,542784.8194,80322.6563,67782.2623,125192.7326,102713.4793,128788.7055,19048.3005,18936.683,442784.8194,Profit,60322.6563,47782.2623,110192.7326,87713.4793,118788.7055,9048.3005,8936.683,-0.0036,-0.3606
2016-09-23,546414.1869,79758.8531,67976.0042,126261.0565,103849.0844,130675.7429,18967.4065,18926.0393,446414.1869,Profit,59758.8531,47976.0042,111261.0565,88849.0844,120675.7429,8967.4065,8926.0393,0.0067,0.0
2016-09-26,545760.9378,80065.742,67513.0395,125373.9784,103242.4058,131966.1152,18807.5363,18792.1204,445760.9378,Profit,60065.742,47513.0395,110373.9784,88242.4058,121966.1152,8807.5363,8792.1204,-0.0012,-0.1196
2016-09-27,553862.9475,80527.4702,69024.8669,130170.8398,105839.5961,130460.3423,18907.5961,18932.2362,453862.9475,Profit,60527.4702,49024.8669,115170.8398,90839.5961,120460.3423,8907.5961,8932.2362,0.0148,0.0
2016-09-28,557293.2264,81116.4425,69089.3593,130580.1588,107426.2857,130692.0781,19196.3422,19192.5599,457293.2264,Profit,61116.4425,49089.3593,115580.1588,92426.2857,120692.0781,9196.3422,9192.5599,0.0062,0.0
2016-09-29,546898.3831,79007.4674,67608.5177,130383.6641,106324.7392,125809.2271,18863.9905,18900.7771,446898.3831,Profit,59007.4674,47608.5177,115383.6641,91324.7392,115809.2271,8863.9905,8900.7771,-0.0187,-1.8652
2016-09-30,553843.1934,79701.6447,67929.1291,132728.1532,107515.221,128052.8396,18953.2159,18962.99,453843.1934,Profit,59701.6447,47929.1291,117728.1532,92515.221,118052.8396,8953.2159,8962.99,0.0127,-0.6191
2016-10-03,559938.2859,79463.4565,67818.5715,132788.5485,107605.8517,134326.7225,18918.1615,19016.9736,459938.2859,Profit,59463.4565,47818.5715,117788.5485,92605.8517,124326.7225,8918.1615,9016.9736,0.011,0.0
2016-10-04,559199.2077,79983.822,67778.2073,132821.6879,107526.7723,133220.7813,18882.8832,18985.0537,459199.2077,Profit,59983.822,47778.2073,117821.6879,92526.7723,123220.7813,8882.8832,8985.0537,-0.0013,-0.132
2016-10-05,559648.7244,80072.2929,68292.5436,132767.8965,108924.6842,131441.3078,19031.6307,19118.3688,459648.7244,Profit,60072.2929,48292.5436,117767.8965,93924.6842,121441.3078,9031.6307,9118.3688,0.0008,-0.0517
2016-10-06,554964.4875,80883.5359,68574.3508,131349.5081,108840.0327,127045.577,19149.9533,19121.5296,454964.4875,Profit,60883.5359,48574.3508,116349.5081,93840.0327,117045.577,9149.9533,9121.5296,-0.0084,-0.8883
2016-10-07,554820.3383,81581.7653,69136.3253,131334.4993,109324.0932,125154.7716,19117.8132,19171.0703,454820.3383,Profit,61581.7653,49136.3253,116334.4993,94324.0932,115154.7716,9117.8132,9171.0703,-0.0003,-0.914
2016-10-10,560236.9465,82990.526,69423.0725,131796.9494,109621.0303,127918.103,19229.6707,19257.5947,460236.9465,Profit,62990.526,49423.0725,116796.9494,94621.0303,117918.103,9229.6707,9257.5947,0.0098,0.0
2016-10-11,552731.5639,82768.328,68072.7498,129273.3156,107697.436,126754.3714,19126.387,19038.976,452731.5639,Profit,62768.328,48072.7498,114273.3156,92697.436,116754.3714,9126.387,9038.976,-0.0134,-1.3397
2016-10-12,556824.0815,83754.8,68174.9177,130232.6158,108408.1743,128013.9323,19177.366,19062.2753,456824.0815,Profit,63754.8,48174.9177,115232.6158,93408.1743,118013.9323,9177.366,9062.2753,0.0074,-0.6092
2016-10-13,550801.654,83123.7321,67648.6911,127563.8173,107335.4572,126651.121,19305.4035,19173.4319,450801.654,Profit,63123.7321,47648.6911,112563.8173,92335.4572,116651.121,9305.4035,9173.4319,-0.0108,-1.6842
2016-10-14,547960.8186,83267.7173,67978.606,128311.2538,106083.4657,123813.0037,19310.1391,19196.633,447960.8186,Profit,63267.7173,47978.606,113311.2538,91083.4657,113813.0037,9310.1391,9196.633,-0.0052,-2.1912
2016-10-17,542935.8841,83023.1424,67590.8215,127286.9356,104554.3858,121927.94,19318.1514,19234.5074,442935.8841,Profit,63023.1424,47590.8215,112286.9356,89554.3858,111927.94,9318.1514,9234.5074,-0.0092,-3.0882
2016-10-18,548104.1707,82747.4081,67934.836,128888.9111,104886.715,124834.5273,19454.8767,19356.8966,448104.1707,Profit,62747.4081,47934.836,113888.9111,89886.715,114834.5273,9454.8767,9356.8966,0.0095,-2.1657
2016-10-19,550422.3136,82525.2454,67796.9642,128651.6526,104915.8595,127660.7735,19480.6523,19391.1662,450422.3136,Profit,62525.2454,47796.9642,113651.6526,89915.8595,117660.7735,9480.6523,9391.1662,0.0042,-1.7519
2016-10-20,552402.2155,83052.9948,67932.7206,131997.1663,104692.0832,125730.0129,19537.6189,19459.6187,452402.2155,Profit,63052.9948,47932.7206,116997.1663,89692.0832,115730.0129,9537.6189,9459.6187,0.0036,-1.3985
2016-10-21,561671.0625,83511.0721,71468.0808,132882.2032,106822.4127,127561.492,19703.6721,19722.1296,461671.0625,Profit,63511.0721,51468.0808,117882.2032,91822.4127,117561.492,9703.6721,9722.1296,0.0168,0.0
2016-10-24,577123.0762,84670.5089,73424.5055,139788.0962,109838.7353,129884.5771,19740.2391,19776.4141,477123.0762,Profit,64670.5089,53424.5055,124788.0962,94838.7353,119884.5771,9740.2391,9776.4141,0.0275,0.0
2016-10-25,576933.0416,84742.9074,73115.1652,141526.5315,109015.8631,129092.7367,19642.1402,19797.6976,476933.0416,Profit,64742.9074,53115.1652,126526.5315,94015.8631,119092.7367,9642.1402,9797.6976,-0.0003,-0.0329
2016-10-26,574622.7723,82992.8441,72827.8048,142363.1201,107581.8583,129281.1655,19677.6636,19898.3158,474622.7723,Profit,62992.8441,52827.8048,127363.1201,92581.8583,119281.1655,9677.6636,9898.3158,-0.004,-0.4332
2016-10-27,572014.7876,82377.6375,72328.3342,139710.9512,107236.9304,130666.4269,19728.5802,19965.9271,472014.7876,Profit,62377.6375,52328.3342,124710.9512,92236.9304,120666.4269,9728.5802,9965.9271,-0.0045,-0.8851
2016-10-28,562750.9391,81822.511,72051.2831,139469.0699,101720.4583,128068.6437,19720.0097,19898.9632,462750.9391,Profit,61822.511,52051.2831,124469.0699,86720.4583,118068.6437,9720.0097,9898.9632,-0.0162,-2.4903
2016-10-31,564993.6973,81794.1743,72209.6207,140837.8693,103628.521,126804.6761,19727.5521,19991.2838,464993.6973,Profit,61794.1743,52209.6207,125837.8693,88628.521,116804.6761,9727.5521,9991.2838,0.004,-2.1017
2016-11-01,553053.6535,80183.9175,71930.1236,136421.0299,102865.3809,122134.6203,19579.7388,19938.8424,453053.6535,Profit,60183.9175,51930.1236,121421.0299,87865.3809,112134.6203,9579.7388,9938.8424,-0.0211,-4.1706
2016-11-02,547957.2964,80321.7905,71550.2115,135956.0583,100348.0572,120460.9954,19453.1647,19867.0188,447957.2964,Profit,60321.7905,51550.2115,120956.0583,85348.0572,110460.9954,9453.1647,9867.0188,-0.0092,-5.0536
2016-11-03,544890.1334,79430.3052,71259.9766,134326.6468,100510.7075,120040.716,19491.227,19830.5543,444890.1334,Profit,59430.3052,51259.9766,119326.6468,85510.7075,110040.716,9491.227,9830.5543,-0.0056,-5.5851
2016-11-04,543868.1035,78863.0013,70795.323,133816.1686,99133.0378,122288.5989,19336.3209,19635.653,443868.1035,Profit,58863.0013,50795.323,118816.1686,84133.0378,112288.5989,9336.3209,9635.653,-0.0019,-5.7622
2016-11-07,559387.8355,79830.1371,72703.6291,140844.6533,102834.0358,123721.4161,19587.9309,19866.0333,459387.8355,Profit,59830.1371,52703.6291,125844.6533,87834.0358,113721.4161,9587.9309,9866.0333,0.0285,-3.073
2016-11-08,559600.9356,80034.5287,72512.3431,140144.3443,102847.9698,124399.8289,19719.3611,19942.5597,459600.9356,Profit,60034.5287,52512.3431,125144.3443,87847.9698,114399.8289,9719.3611,9942.5597,0.0004,-3.0361
2016-11-09,554486.5718,80327.5226,72532.1078,138519.0151,101312.4799,121931.6793,19917.2782,19946.489,454486.5718,Profit,60327.5226,52532.1078,123519.0151,86312.4799,111931.6793,9917.2782,9946.489,-0.0091,-3.9223
2016-11-10,542401.0298,78476.8508,71117.2368,134848.4115,97927.3925,119504.2098,20204.9136,20322.0148,442401.0298,Profit,58476.8508,51117.2368,119848.4115,82927.3925,109504.2098,10204.9136,10322.0148,-0.0218,-6.0164
2016-11-11,584861.1524,78951.1038,71503.8966,175034.9204,97482.8571,121573.8482,20148.8547,20165.6717,484861.1524,Profit,58951.1038,51503.8966,160034.9204,82482.8571,111573.8482,10148.8547,10165.6717,0.0783,0.0
2016-11-14,570972.4382,77586.2806,70970.4549,167736.7583,95605.7597,117918.67,20442.6837,20711.831,470972.4382,Profit,57586.2806,50970.4549,152736.7583,80605.7597,107918.67,10442.6837,10711.831,-0.0237,-2.3747
2016-11-15,578375.4418,77930.1595,71766.3148,171408.2024,97989.9066,118423.3168,20303.3132,20554.2285,478375.4418,Profit,57930.1595,51766.3148,156408.2024,82989.9066,108423.3168,10303.3132,10554.2285,0.013,-1.1089
2016-11-16,590482.1424,79717.2361,72435.495,181529.5132,98038.3967,118069.1102,20230.8631,20461.5281,490482.1424,Profit,59717.2361,52435.495,166529.5132,83038.3967,108069.1102,10230.8631,10461.5281,0.0209,0.0
2016-11-17,598216.0236,79762.9732,73708.2443,183210.615,99434.848,121222.4406,20355.4866,20521.4158,498216.0236,Profit,59762.9732,53708.2443,168210.615,84434.848,111222.4406,10355.4866,10521.4158,0.0131,0.0
2016-11-18,602256.4999,80376.8378,73847.3886,186375.7835,100600.1753,119680.9686,20557.3127,20818.0334,502256.4999,Profit,60376.8378,53847.3886,171375.7835,85600.1753,109680.9686,10557.3127,10818.0334,0.0068,0.0
2016-11-21,602860.843,81115.7363,74019.3554,184495.9056,102599.6969,118748.657,21008.7546,20872.7373,502860.843,Profit,61115.7363,54019.3554,169495.9056,87599.6969,108748.657,11008.7546,10872.7373,0.001,0.0
2016-11-22,609726.2641,81213.8271,74365.0009,185914.0538,103354.6101,122973.0835,21008.1973,20897.4913,509726.2641,Profit,61213.8271,54365.0009,170914.0538,88354.6101,112973.0835,11008.1973,10897.4913,0.0114,0.0
2016-11-23,611271.3808,80955.9157,73642.8231,187203.6069,102867.4954,124480.2632,21130.3066,20990.97,511271.3808,Profit,60955.9157,53642.8231,172203.6069,87867.4954,114480.2632,11130.3066,10990.97,0.0025,0.0
2016-11-25,616614.6263,81627.493,74041.7028,188188.302,103236.5871,127156.4927,21180.1953,21183.8533,516614.6263,Profit,61627.493,54041.7028,173188.302,88236.5871,117156.4927,11180.1953,11183.8533,0.0087,0.0
2016-11-28,609116.5418,80785.5318,73520.6968,186518.1866,100589.229,125753.7262,20990.8204,20958.351,509116.5418,Profit,60785.5318,53520.6968,171518.1866,85589.229,115753.7262,10990.8204,10958.351,-0.0122,-1.216
2016-11-29,604919.6503,80906.0138,74289.0516,185274.2001,100285.4824,121861.903,21221.266,21081.7333,504919.6503,Profit,60906.0138,54289.0516,170274.2001,85285.4824,111861.903,11221.266,11081.7333,-0.0069,-1.8966
2016-11-30,598198.5454,80168.854,73230.6267,183064.9099,98647.7086,121671.3785,20501.0731,20913.9946,498198.5454,Profit,60168.854,53230.6267,168064.9099,83647.7086,111671.3785,10501.0731,10913.9946,-0.0111,-2.9866
2016-12-01,577432.9414,78858.7168,71431.5988,172773.0995,97046.6327,116013.1299,20557.0088,20752.7549,477432.9414,Profit,58858.7168,51431.5988,157773.0995,82046.6327,106013.1299,10557.0088,10752.7549,-0.0347,-6.3543
2016-12-02,577576.389,78944.947,71316.7995,173938.8603,96375.5134,115465.3914,20698.4488,20836.4285,477576.389,Profit,58944.947,51316.7995,158938.8603,81375.5134,105465.3914,10698.4488,10836.4285,0.0002,-6.3311
2016-12-05,589824.9218,78232.8672,72344.2566,180337.9974,98658.2144,118624.0545,20722.9499,20904.5819,489824.9218,Profit,58232.8672,52344.2566,165337.9974,83658.2144,108624.0545,10722.9499,10904.5819,0.0212,-4.3446
2016-12-06,593673.8148,78883.9118,72069.2589,183429.5629,99421.9752,118101.1203,20737.0025,21030.9833,493673.8148,Profit,58883.9118,52069.2589,168429.5629,84421.9752,108101.1203,10737.0025,11030.9833,0.0065,-3.7204
2016-12-07,603967.1521,79503.3067,73616.115,186325.8943,99944.3233,122465.6591,20837.9537,21273.8999,503967.1521,Profit,59503.3067,53616.115,171325.8943,84944.3233,112465.6591,10837.9537,11273.8999,0.0173,-2.0511
2016-12-08,599396.7987,80088.8158,73011.4532,182751.647,99310.6088,121641.1627,21116.9526,21476.1587,499396.7987,Profit,60088.8158,53011.4532,167751.647,84310.6088,111641.1627,11116.9526,11476.1587,-0.0076,-2.7923
2016-12-09,596588.9202,81050.3627,73841.1913,178751.9912,99053.8389,121047.756,21252.3876,21591.3926,496588.9202,Profit,61050.3627,53841.1913,163751.9912,84053.8389,111047.756,11252.3876,11591.3926,-0.0047,-3.2477
2016-12-12,590067.7888,80445.9914,73944.7645,174093.6907,97774.743,120984.5612,21284.5756,21539.4624,490067.7888,Profit,60445.9914,53944.7645,159093.6907,82774.743,110984.5612,11284.5756,11539.4624,-0.0109,-4.3053
2016-12-13,600330.5295,81643.2534,74791.0221,176896.6076,99452.267,124390.8933,21468.2157,21688.2703,500330.5295,Profit,61643.2534,54791.0221,161896.6076,84452.267,114390.8933,11468.2157,11688.2703,0.0174,-2.6409
2016-12-14,609332.3051,81661.9208,74467.3466,187186.8571,98765.8844,124758.4064,21114.5625,21377.3273,509332.3051,Profit,61661.9208,54467.3466,172186.8571,83765.8844,114758.4064,11114.5625,11377.3273,0.015,-1.181
2016-12-15,625350.5256,83832.5059,75885.0281,195594.4071,99802.4889,126651.7526,21636.8639,21947.479,525350.5256,Profit,63832.5059,55885.0281,180594.4071,84802.4889,116651.7526,11636.8639,11947.479,0.0263,0.0
2016-12-16,628443.6886,83580.3547,75213.6636,198073.7351,98941.2234,129227.1862,21565.5636,21841.9621,528443.6886,Profit,63580.3547,55213.6636,183073.7351,83941.2234,119227.1862,11565.5636,11841.9621,0.0049,0.0
2016-12-19,636873.8693,84443.8951,77151.625,201374.8229,100458.2215,129952.6595,21592.9543,21899.691,536873.8693,Profit,64443.8951,57151.625,186374.8229,85458.2215,119952.6595,11592.9543,11899.691,0.0134,0.0
2016-12-20,647932.7786,84539.7781,76941.3276,208083.0805,100999.363,133647.4054,21686.2559,22035.5681,547932.7786,Profit,64539.7781,56941.3276,193083.0805,85999.363,123647.4054,11686.2559,12035.5681,0.0174,0.0
2016-12-21,649494.1299,84761.8447,77086.7241,209726.4202,101091.6697,133178.9026,21660.6835,21987.885,549494.1299,Profit,64761.8447,57086.7241,194726.4202,86091.6697,123178.9026,11660.6835,11987.885,0.0024,0.0
2016-12-22,654487.4624,84627.5569,77472.1295,213325.1619,101024.8973,134328.0574,21641.4202,22068.2391,554487.4624,Profit,64627.5569,57472.1295,198325.1619,86024.8973,124328.0574,11641.4202,12068.2391,0.0077,0.0
2016-12-23,664938.7608,85220.051,77477.399,219644.5724,100776.2114,138163.1524,21608.9002,22048.4743,564938.7608,Profit,65220.051,57477.399,204644.5724,85776.2114,128163.1524,11608.9002,12048.4743,0.016,0.0
2016-12-27,686256.3201,85749.769,77530.2558,234864.9011,102208.5089,142171.2669,21650.041,22081.5773,586256.3201,Profit,65749.769,57530.2558,219864.9011,87208.5089,132171.2669,11650.041,12081.5773,0.0321,0.0
2016-12-28,670494.1834,85524.0305,77289.4539,219008.7411,102463.9612,142528.0573,21623.6421,22056.2973,570494.1834,Profit,65524.0305,57289.4539,204008.7411,87463.9612,132528.0573,11623.6421,12056.2973,-0.023,-2.2968
2016-12-29,667112.9633,85085.843,76793.8466,222260.9604,101028.3588,138528.4979,21505.5837,21909.873,567112.9633,Profit,65085.843,56793.8466,207260.9604,86028.3588,128528.4979,11505.5837,11909.873,-0.005,-2.7895
2016-12-30,650546.5299,84020.2339,75524.4411,211959.9646,98563.0473,137285.2436,21417.8696,21775.7298,550546.5299,Profit,64020.2339,55524.4411,196959.9646,83563.0473,127285.2436,11417.8696,11775.7298,-0.0248,-5.2036
2017-01-03,645273.8404,84315.2268,76100.2725,202695.3541,99121.5433,139488.3913,21566.1737,21986.8788,545273.8404,Profit,64315.2268,56100.2725,187695.3541,84121.5433,129488.3913,11566.1737,11986.8788,-0.0081,-5.9719
2017-01-04,651559.9724,83470.2834,75083.9656,205561.9682,98693.7063,144613.7295,21885.1246,22251.1948,551559.9724,Profit,63470.2834,55083.9656,190561.9682,83693.7063,134613.7295,11885.1246,12251.1948,0.0097,-5.0559
2017-01-05,646458.3984,83454.9572,74683.5927,199280.9801,101184.3661,143690.5113,21865.7351,22298.2559,546458.3984,Profit,63454.9572,54683.5927,184280.9801,86184.3661,133690.5113,11865.7351,12298.2559,-0.0078,-5.7993
2017-01-06,652644.2005,84178.6889,75160.4492,201460.1928,102965.3428,144793.3017,21812.7025,22273.5226,552644.2005,Profit,64178.6889,55160.4492,186460.1928,87965.3428,134793.3017,11812.7025,12273.5226,0.0096,-4.8979
2017-01-09,664062.4432,85115.6743,75070.5742,210030.9181,103288.476,146516.8868,21814.2205,22225.6935,564062.4432,Profit,65115.6743,55070.5742,195030.9181,88288.476,136516.8868,11814.2205,12225.6935,0.0175,-3.2341
2017-01-10,660348.4689,85032.9379,74891.7508,208050.2413,102945.9112,145326.6787,21885.5247,22215.4243,560348.4689,Profit,65032.9379,54891.7508,193050.2413,87945.9112,135326.6787,11885.5247,12215.4243,-0.0056,-3.7752
2017-01-11,661573.4059,85728.3704,75786.7074,206068.2439,103638.8741,145644.2388,22252.5617,22454.4095,561573.4059,Profit,65728.3704,55786.7074,191068.2439,88638.8741,135644.2388,12252.5617,12454.4095,0.0019,-3.5967
2017-01-12,651821.7786,84453.4987,74273.7525,200473.7567,104388.2486,143973.9154,22048.2301,22210.3767,551821.7786,Profit,64453.4987,54273.7525,185473.7567,89388.2486,133973.9154,12048.2301,12210.3767,-0.0147,-5.0177
2017-01-13,659255.0742,84518.0863,74581.0383,200985.4355,105130.1265,149489.1306,22277.7304,22273.5268,559255.0742,Profit,64518.0863,54581.0383,185985.4355,90130.1265,139489.1306,12277.7304,12273.5268,0.0114,-3.9346
2017-01-17,648543.6164,84653.9672,73900.7328,195270.2178,103496.9203,147177.5505,22038.6044,22005.6234,548543.6164,Profit,64653.9672,53900.7328,180270.2178,88496.9203,137177.5505,12038.6044,12005.6234,-0.0162,-5.4954
2017-01-18,654901.9726,84920.4311,74102.5997,199408.8548,103542.6028,149393.9831,21712.168,21821.3332,554901.9726,Profit,64920.4311,54102.5997,184408.8548,88542.6028,139393.9831,11712.168,11821.3332,0.0098,-4.5689
2017-01-19,672540.7073,86095.9426,75016.2971,206892.5252,105358.2981,155157.7932,21952.9647,22066.8864,572540.7073,Profit,66095.9426,55016.2971,191892.5252,90358.2981,145157.7932,11952.9647,12066.8864,0.0269,-1.9986
2017-01-20,674587.7401,86592.5092,75845.6806,205441.2377,105685.2216,156395.1982,22229.5699,22398.3228,574587.7401,Profit,66592.5092,55845.6806,190441.2377,90685.2216,146395.1982,12229.5699,12398.3228,0.003,-1.7003
2017-01-23,677835.4008,86239.069,75743.7784,206570.257,106413.42,158299.3029,22205.346,22364.2275,577835.4008,Profit,66239.069,55743.7784,191570.257,91413.42,148299.3029,12205.346,12364.2275,0.0048,-1.2271
2017-01-24,681425.5028,85388.417,75737.5291,209086.8067,106064.7428,160492.1514,22230.2917,22425.5641,581425.5028,Profit,65388.417,55737.5291,194086.8067,91064.7428,150492.1514,12230.2917,12425.5641,0.0053,-0.7039
2017-01-25,681758.2429,86187.4098,75438.4072,208625.4373,107176.3036,159357.0926,22386.3968,22587.1957,581758.2429,Profit,66187.4098,55438.4072,193625.4373,92176.3036,149357.0926,12386.3968,12587.1957,0.0005,-0.6555
2017-01-26,686050.0935,86325.2335,76225.2752,212461.0773,107636.4823,158310.5997,22430.6058,22660.8198,586050.0935,Profit,66325.2335,56225.2752,197461.0773,92636.4823,148310.5997,12430.6058,12660.8198,0.0063,-0.0301
2017-01-27,692702.4028,86465.9268,78137.7821,216906.5534,107363.9967,158834.7971,22424.5986,22568.7481,592702.4028,Profit,66465.9268,58137.7821,201906.5534,92363.9967,148834.7971,12424.5986,12568.7481,0.0097,0.0
2017-01-30,685525.9246,86168.1604,77311.4218,213347.1948,106600.9858,157257.5757,22346.5242,22494.0619,585525.9246,Profit,66168.1604,57311.4218,198347.1948,91600.9858,147257.5757,12346.5242,12494.0619,-0.0104,-1.036
2017-01-31,678768.0691,85435.8411,76247.8943,210369.9961,105038.0449,157066.6994,22256.4165,22353.1768,578768.0691,Profit,65435.8411,56247.8943,195369.9961,90038.0449,147066.6994,12256.4165,12353.1768,-0.0099,-2.0116
2017-02-01,693661.2897,90941.4083,75242.8026,220353.1662,106527.962,155914.6379,22300.3402,22380.9724,593661.2897,Profit,70941.4083,55242.8026,205353.1662,91527.962,145914.6379,12300.3402,12380.9724,0.0219,0.0
2017-02-02,695185.9064,90400.2308,74423.7164,222154.3381,107023.7422,156655.054,22281.6731,22247.1517,595185.9064,Profit,70400.2308,54423.7164,207154.3381,92023.7422,146655.054,12281.6731,12247.1517,0.0022,0.0
2017-02-03,690571.1047,90759.6846,75023.4044,220210.9432,103233.0923,156524.2649,22464.1193,22355.5959,590571.1047,Profit,70759.6846,55023.4044,205210.9432,88233.0923,146524.2649,12464.1193,12355.5959,-0.0066,-0.6638
2017-02-06,705022.1937,92227.899,75459.4223,227299.2828,103563.1191,161559.3288,22544.7441,22368.3976,605022.1937,Profit,72227.899,55459.4223,212299.2828,88563.1191,151559.3288,12544.7441,12368.3976,0.0209,0.0
2017-02-07,713146.4613,93562.1354,75595.4994,232008.7331,104727.1699,162214.6886,22646.984,22391.2509,613146.4613,Profit,73562.1354,55595.4994,217008.7331,89727.1699,152214.6886,12646.984,12391.2509,0.0115,0.0
2017-02-08,715810.2429,93842.079,75432.8291,230829.4044,105576.2576,164987.6445,22679.4865,22462.5418,615810.2429,Profit,73842.079,55432.8291,215829.4044,90576.2576,154987.6445,12679.4865,12462.5418,0.0037,0.0
2017-02-09,716475.3176,94338.3593,76115.262,225974.9093,105547.5594,169083.8083,22836.5704,22578.8488,616475.3176,Profit,74338.3593,56115.262,210974.9093,90547.5594,159083.8083,12836.5704,12578.8488,0.0009,0.0
2017-02-10,709629.7962,93809.8356,75794.32,219870.5444,105983.1201,168548.7231,23005.0361,22618.2168,609629.7962,Profit,73809.8356,55794.32,204870.5444,90983.1201,158548.7231,13005.0361,12618.2168,-0.0096,-0.9554
2017-02-13,709466.591,94632.2355,76635.4131,209642.6713,107128.4499,175639.9325,23094.5253,22693.3634,609466.591,Profit,74632.2355,56635.4131,194642.6713,92128.4499,165639.9325,13094.5253,12693.3634,-0.0002,-0.9782
2017-02-14,711457.6901,95754.6142,76851.9109,210231.9154,107012.2692,175716.1466,23166.3006,22724.5331,611457.6901,Profit,75754.6142,56851.9109,195231.9154,92012.2692,165716.1466,13166.3006,12724.5331,0.0028,-0.7003
2017-02-15,713647.8858,96243.0155,76909.1233,210961.4615,107968.0949,175194.4541,23428.7764,22942.9601,613647.8858,Profit,76243.0155,56909.1233,195961.4615,92968.0949,165194.4541,13428.7764,12942.9601,0.0031,-0.3946
2017-02-16,701836.0317,95887.6256,76705.0352,207017.8184,107897.7866,167999.9297,23412.4527,22915.3837,601836.0317,Profit,75887.6256,56705.0352,192017.8184,92897.7866,157999.9297,13412.4527,12915.3837,-0.0166,-2.0432
2017-02-17,706963.7126,96498.752,77096.0786,207747.4245,108387.5601,170661.3025,23549.709,23022.886,606963.7126,Profit,76498.752,57096.0786,192747.4245,93387.5601,160661.3025,13549.709,13022.886,0.0073,-1.3276
2017-02-21,722124.016,97536.9114,77217.0543,215950.2549,110231.5208,174506.6392,23547.4307,23134.2046,622124.016,Profit,77536.9114,57217.0543,200950.2549,95231.5208,164506.6392,13547.4307,13134.2046,0.0214,0.0
2017-02-22,721317.9229,98073.9781,77252.4886,216152.0328,110401.0921,172497.2745,23500.3146,23440.7423,621317.9229,Profit,78073.9781,57252.4886,201152.0328,95401.0921,162497.2745,13500.3146,13440.7423,-0.0011,-0.1116
2017-02-23,685891.7047,97107.9779,77143.1535,195105.0013,109367.4987,160578.1193,23330.8392,23259.1149,585891.7047,Profit,77107.9779,57143.1535,180105.0013,94367.4987,150578.1193,13330.8392,13259.1149,-0.0491,-5.0175
2017-02-24,686084.0161,97116.3918,77054.8884,196646.7017,108351.4437,161026.9064,22959.0503,22928.6339,586084.0161,Profit,77116.3918,57054.8884,181646.7017,93351.4437,151026.9064,12959.0503,12928.6339,0.0003,-4.9908
2017-02-27,686591.258,97471.0263,76728.3883,202818.3059,108978.3645,154549.7811,23123.2237,22922.1683,586591.258,Profit,77471.0263,56728.3883,187818.3059,93978.3645,144549.7811,13123.2237,12922.1683,0.0007,-4.9206
2017-02-28,688414.2434,98487.9208,77194.7668,199118.4051,109599.7407,158477.0593,22882.6544,22653.6962,588414.2434,Profit,78487.9208,57194.7668,184118.4051,94599.7407,148477.0593,12882.6544,12653.6962,0.0027,-4.6681
2017-03-01,700170.8318,101184.9649,78840.0594,202967.1328,111385.7491,159560.7729,23179.2501,23052.9026,600170.8318,Profit,81184.9649,58840.0594,187967.1328,96385.7491,149560.7729,13179.2501,13052.9026,0.0171,-3.0401
2017-03-02,692989.3194,100934.4514,78032.9125,196249.6898,111248.4765,160441.9257,23241.0945,22840.769,592989.3194,Profit,80934.4514,58032.9125,181249.6898,96248.4765,150441.9257,13241.0945,12840.769,-0.0103,-4.0346
2017-03-03,694932.6898,101686.9515,78430.5068,195381.2226,111525.3476,161356.1366,23408.8362,23143.6884,594932.6898,Profit,81686.9515,58430.5068,180381.2226,96525.3476,151356.1366,13408.8362,13143.6884,0.0028,-3.7655
2017-03-06,692651.0624,101346.6227,78449.6912,193853.8106,111087.9544,161113.2116,23538.3628,23261.4091,592651.0624,Profit,81346.6227,58449.6912,178853.8106,96087.9544,151113.2116,13538.3628,13261.4091,-0.0033,-4.0814
2017-03-07,693831.3015,101580.9113,78685.5091,196175.6066,111118.2032,159588.1465,23461.8028,23221.122,593831.3015,Profit,81580.9113,58685.5091,181175.6066,96118.2032,149588.1465,13461.8028,13221.122,0.0017,-3.918
2017-03-08,695910.4726,101628.9313,79748.5074,196652.2849,112189.5106,159142.625,23329.8553,23218.758,595910.4726,Profit,81628.9313,59748.5074,181652.2849,97189.5106,149142.625,13329.8553,13218.758,0.003,-3.6301
2017-03-09,696239.0861,101679.0021,79652.9982,197174.4099,112836.5934,158344.1888,23370.1228,23181.7709,596239.0861,Profit,81679.0021,59652.9982,182174.4099,97836.5934,148344.1888,13370.1228,13181.7709,0.0005,-3.5846
2017-03-10,693237.6688,101651.7987,79611.3286,197579.7666,112321.9904,156990.1766,23212.2903,21870.3175,593237.6688,Profit,81651.7987,59611.3286,182579.7666,97321.9904,146990.1766,13212.2903,11870.3175,-0.0043,-4.0002
2017-03-13,699903.7067,101572.6709,79239.2458,202819.8668,112494.7804,158387.2875,23176.622,22213.2333,599903.7067,Profit,81572.6709,59239.2458,187819.8668,97494.7804,148387.2875,13176.622,12213.2333,0.0096,-3.0771
2017-03-14,708127.2636,101687.6343,79091.5021,203232.2476,112532.3985,166455.8738,23121.4168,22006.1904,608127.2636,Profit,81687.6343,59091.5021,188232.2476,97532.3985,156455.8738,13121.4168,12006.1904,0.0117,-1.9383
2017-03-15,707113.6138,102354.1858,79178.2481,203917.4278,112122.8811,164306.4183,23181.1305,22053.3222,607113.6138,Profit,82354.1858,59178.2481,188917.4278,97122.8811,154306.4183,13181.1305,12053.3222,-0.0014,-2.0786
2017-03-16,708108.2726,101682.0946,78399.1775,204728.1412,111271.4107,166999.995,23088.0527,21939.4009,608108.2726,Profit,81682.0946,58399.1775,189728.1412,96271.4107,156999.995,13088.0527,11939.4009,0.0014,-1.9409
2017-03-17,712602.4307,101309.4356,78787.5263,209468.6897,111276.8672,166874.3877,23008.6866,21876.8376,612602.4307,Profit,81309.4356,58787.5263,194468.6897,96276.8672,156874.3877,13008.6866,11876.8376,0.0063,-1.3186
2017-03-20,722096.7794,102540.5505,78984.5611,216467.517,112061.4438,167405.59,22889.184,21747.9329,622096.7794,Profit,82540.5505,58984.5611,201467.517,97061.4438,157405.59,12889.184,11747.9329,0.0133,-0.0038
2017-03-21,701459.518,101056.5898,77868.9478,208834.7795,109922.3883,159730.0962,22613.8106,21432.9058,601459.518,Profit,81056.5898,57868.9478,193834.7795,94922.3883,149730.0962,12613.8106,11432.9058,-0.0286,-2.8616
2017-03-22,713567.1124,102524.5556,79113.5429,213801.7802,110912.9345,163014.1081,22689.2042,21510.9869,613567.1124,Profit,82524.5556,59113.5429,198801.7802,95912.9345,153014.1081,12689.2042,11510.9869,0.0173,-1.185
2017-03-23,710015.4473,101973.9646,78781.6185,211457.7713,110624.9153,162573.869,22950.2755,21653.033,610015.4473,Profit,81973.9646,58781.6185,196457.7713,95624.9153,152573.869,12950.2755,11653.033,-0.005,-1.6768
2017-03-24,717642.3493,102070.9175,79137.807,212823.0286,110708.4039,168399.9193,22928.8481,21573.4248,617642.3493,Profit,82070.9175,59137.807,197823.0286,95708.4039,158399.9193,12928.8481,11573.4248,0.0107,-0.6206
2017-03-27,724187.0283,102226.137,79279.2115,214330.1488,110858.5278,172905.1016,23007.2623,21580.6394,624187.0283,Profit,82226.137,59279.2115,199330.1488,95858.5278,162905.1016,13007.2623,11580.6394,0.0091,0.0
2017-03-28,731804.7932,104359.1408,79514.7558,213263.8661,112068.6761,177544.6185,23231.5386,21822.1973,631804.7932,Profit,84359.1408,59514.7558,198263.8661,97068.6761,167544.6185,13231.5386,11822.1973,0.0105,0.0
2017-03-29,733681.1719,104505.6202,79674.3339,212399.1811,114381.5652,177366.7832,23388.8505,21964.8379,633681.1719,Profit,84505.6202,59674.3339,197399.1811,99381.5652,167366.7832,13388.8505,11964.8379,0.0026,0.0
2017-03-30,735152.4949,103904.3812,79612.67,215496.57,114131.1073,176914.2065,23201.4418,21892.118,635152.4949,Profit,83904.3812,59612.67,200496.57,99131.1073,166914.2065,13201.4418,11892.118,0.002,0.0
2017-03-31,736156.3323,103751.6841,79826.4432,214674.8701,115511.5865,177235.6782,23063.8306,22092.2396,636156.3323,Profit,83751.6841,59826.4432,199674.8701,100511.5865,167235.6782,13063.8306,12092.2396,0.0014,0.0
2017-04-03,752178.3167,104359.9198,79890.3523,214769.9657,116804.965,191169.8106,23003.6889,22179.6145,652178.3167,Profit,84359.9198,59890.3523,199769.9657,101804.965,181169.8106,13003.6889,12179.6145,0.0218,0.0
2017-04-04,745827.7338,105464.8958,80358.7373,200371.577,119176.145,195069.9808,23068.1719,22318.226,645827.7338,Profit,85464.8958,60358.7373,185371.577,104176.145,185069.9808,13068.1719,12318.226,-0.0084,-0.8443
2017-04-05,737240.4522,104795.8524,80052.5701,198621.7351,119355.7072,189269.1438,23017.7352,22127.7084,637240.4522,Profit,84795.8524,60052.5701,183621.7351,104355.7072,179269.1438,13017.7352,12127.7084,-0.0115,-1.9859
2017-04-06,740336.029,104593.5467,80316.838,200226.8325,117990.9436,191771.0116,23250.9754,22185.8811,640336.029,Profit,84593.5467,60316.838,185226.8325,102990.9436,181771.0116,13250.9754,12185.8811,0.0042,-1.5744
2017-04-07,739792.3879,104177.2858,80119.096,199024.7505,117342.8624,193903.4214,23108.7469,22116.2248,639792.3879,Profit,84177.2858,60119.096,184024.7505,102342.8624,183903.4214,13108.7469,12116.2248,-0.0007,-1.6467
2017-04-10,740041.3892,103696.7493,79657.9681,193258.7431,118528.9213,199529.2293,23131.4107,22238.3673,640041.3892,Profit,83696.7493,59657.9681,178258.7431,103528.9213,189529.2293,13131.4107,12238.3673,0.0003,-1.6136
2017-04-11,735479.8534,102453.5766,79496.7371,193708.946,117767.187,196927.9579,23007.1294,22118.3194,635479.8534,Profit,82453.5766,59496.7371,178708.946,102767.187,186927.9579,13007.1294,12118.3194,-0.0062,-2.22
2017-04-12,723429.5884,102339.0426,79003.5906,191640.6782,116686.4094,188900.8915,22885.1969,21973.7792,623429.5884,Profit,82339.0426,59003.5906,176640.6782,101686.4094,178900.8915,12885.1969,11973.7792,-0.0164,-3.8221
2017-04-13,719891.3476,101605.9537,78516.9921,187709.2822,114964.8259,193094.3199,22397.5635,21602.4103,619891.3476,Profit,81605.9537,58516.9921,172709.2822,99964.8259,183094.3199,12397.5635,11602.4103,-0.0049,-4.2925
2017-04-17,730651.7343,102276.2265,79240.3345,195266.1955,117339.2169,191669.8713,22758.421,22101.4687,630651.7343,Profit,82276.2265,59240.3345,180266.1955,102339.2169,181669.8713,12758.421,12101.4687,0.0149,-2.8619
2017-04-18,734072.4967,102494.3113,79657.9142,196679.721,118350.6396,192177.7694,22678.2204,22033.9209,634072.4967,Profit,82494.3113,59657.9142,181679.721,103350.6396,182177.7694,12678.2204,12033.9209,0.0047,-2.4071
2017-04-19,740963.7947,102749.3814,79718.7501,198683.0909,118481.4925,196763.8811,22587.3622,21979.8365,640963.7947,Profit,82749.3814,59718.7501,183683.0909,103481.4925,186763.8811,12587.3622,11979.8365,0.0094,-1.4909
2017-04-20,745850.0168,104211.4414,80415.9407,202167.7059,119052.6067,195143.4676,22779.427,22079.4274,645850.0168,Profit,84211.4414,60415.9407,187167.7059,104052.6067,185143.4676,12779.427,12079.4274,0.0066,-0.8413
2017-04-21,750211.853,104278.7507,81668.7277,203361.0829,118797.824,197487.7038,22675.3372,21942.4268,650211.853,Profit,84278.7507,61668.7277,188361.0829,103797.824,187487.7038,12675.3372,11942.4268,0.0058,-0.2614
2017-04-24,757765.9289,105155.1819,82972.4389,205658.0243,119847.5208,198851.7065,23023.6878,22257.3688,657765.9289,Profit,85155.1819,62972.4389,190658.0243,104847.5208,188851.7065,13023.6878,12257.3688,0.0101,0.0
2017-04-25,772019.2126,106601.4206,84070.0144,210815.9965,120765.0784,204071.5461,23312.217,22382.9396,672019.2126,Profit,86601.4206,64070.0144,195815.9965,105765.0784,194071.5461,13312.217,12382.9396,0.0188,0.0
2017-04-26,766848.9228,105973.6211,83962.0237,209364.2287,120994.8515,201732.456,22860.713,21961.0288,666848.9228,Profit,85973.6211,63962.0237,194364.2287,105994.8515,191732.456,12860.713,11961.0288,-0.0067,-0.6697
2017-04-27,771680.0621,106300.6533,84701.1965,213094.5672,122483.1122,201188.3133,22452.111,21460.1086,671680.0621,Profit,86300.6533,64701.1965,198094.5672,107483.1122,191188.3133,12452.111,11460.1086,0.0063,-0.0439
2017-04-28,775628.5735,106489.4394,85173.7783,211000.3042,123708.7667,205305.8937,22438.9242,21511.4671,675628.5735,Profit,86489.4394,65173.7783,196000.3042,108708.7667,195305.8937,12438.9242,11511.4671,0.0051,0.0
2017-05-01,792300.7955,108654.276,86341.4433,215702.9105,126798.3344,211001.3629,22343.3388,21459.1295,692300.7955,Profit,88654.276,66341.4433,200702.9105,111798.3344,201001.3629,12343.3388,11459.1295,0.0215,0.0
2017-05-02,786687.1431,109829.7664,86584.3426,210219.8484,127182.0238,209341.3459,22224.9039,21304.9121,686687.1431,Profit,89829.7664,66584.3426,195219.8484,112182.0238,199341.3459,12224.9039,11304.9121,-0.0071,-0.7085
2017-05-03,781323.1289,109452.5578,86272.3985,211705.416,126332.989,204086.2952,22251.1685,21222.304,681323.1289,Profit,89452.5578,66272.3985,196705.416,111332.989,194086.2952,12251.1685,11222.304,-0.0068,-1.3855
2017-05-04,770505.0103,109272.8778,86115.3873,211328.0356,126129.2689,194285.4036,22226.4743,21147.5628,670505.0103,Profit,89272.8778,66115.3873,196328.0356,111129.2689,184285.4036,12226.4743,11147.5628,-0.0138,-2.7509
2017-05-05,779672.6269,110838.0499,86158.0626,210867.8068,125391.062,202304.7762,22587.4264,21525.443,679672.6269,Profit,90838.0499,66158.0626,195867.8068,110391.062,192304.7762,12587.4264,11525.443,0.0119,-1.5939
2017-05-08,781180.1699,113789.3873,86039.479,208535.3847,127324.7158,201440.1738,22591.6668,21459.3626,681180.1699,Profit,93789.3873,66039.479,193535.3847,112324.7158,191440.1738,12591.6668,11459.3626,0.0019,-1.4036
2017-05-09,792896.5556,114722.1587,86309.328,209230.6507,128046.3769,211020.1455,22297.7869,21270.1089,692896.5556,Profit,94722.1587,66309.328,194230.6507,113046.3769,201020.1455,12297.7869,11270.1089,0.015,0.0
2017-05-10,829067.6178,113694.3983,86293.5764,245535.5328,127006.0876,212749.867,22402.506,21385.6496,729067.6178,Profit,93694.3983,66293.5764,230535.5328,112006.0876,202749.867,12402.506,11385.6496,0.0456,0.0
2017-05-11,839727.0221,114969.9083,85454.3241,256756.5058,127152.7598,211904.4348,22260.0438,21229.0454,739727.0221,Profit,94969.9083,65454.3241,241756.5058,112152.7598,201904.4348,12260.0438,11229.0454,0.0129,0.0
2017-05-12,847221.5647,116645.5481,85394.5519,259697.6234,129060.9439,213134.7273,22185.2325,21102.9377,747221.5647,Profit,96645.5481,65394.5519,244697.6234,114060.9439,203134.7273,12185.2325,11102.9377,0.0089,0.0
2017-05-15,849837.3341,115722.819,85005.2543,271302.7608,127922.5997,206172.0104,22437.4722,21274.4178,749837.3341,Profit,95722.819,65005.2543,256302.7608,112922.5997,196172.0104,12437.4722,11274.4178,0.0031,0.0
2017-05-16,855340.1332,115178.0516,86433.2371,275485.5836,128578.6651,206226.65,22317.7039,21120.2419,755340.1332,Profit,95178.0516,66433.2371,260485.5836,113578.6651,196226.65,12317.7039,11120.2419,0.0065,0.0
2017-05-17,821049.7889,111453.6155,84138.5119,257460.657,125908.8915,199327.7883,21938.6904,20821.6343,721049.7889,Profit,91453.6155,64138.5119,242460.657,110908.8915,189327.7883,11938.6904,10821.6343,-0.0401,-4.009
2017-05-18,840398.2901,113133.4788,84402.7308,268176.2549,127710.551,203882.0479,22176.4289,20916.7979,740398.2901,Profit,93133.4788,64402.7308,253176.2549,112710.551,193882.0479,12176.4289,10916.7979,0.0236,-1.7469
2017-05-19,842160.5819,112953.475,83963.4509,273074.0352,127260.8879,201432.9679,22352.6278,21123.1371,742160.5819,Profit,92953.475,63963.4509,258074.0352,112260.8879,191432.9679,12352.6278,11123.1371,0.0021,-1.5409
2017-05-22,850711.1339,113633.2223,84908.198,278839.8625,128696.788,201121.9032,22371.8044,21139.3556,750711.1339,Profit,93633.2223,64908.198,263839.8625,113696.788,191121.9032,12371.8044,11139.3556,0.0102,-0.5412
2017-05-23,839990.7378,113065.9043,84855.3043,274022.9494,128298.5635,196130.6413,22405.2136,21212.1613,739990.7378,Profit,93065.9043,64855.3043,259022.9494,113298.5635,186130.6413,12405.2136,11212.1613,-0.0126,-1.7945
2017-05-24,846148.5927,112467.061,84776.8331,276441.4018,129174.0782,199790.499,22359.361,21139.3585,746148.5927,Profit,92467.061,64776.8331,261441.4018,114174.0782,189790.499,12359.361,11139.3585,0.0073,-1.0746
2017-05-25,852854.5252,112802.5048,85777.4254,275676.5551,130822.8826,203941.7402,22470.4076,21363.0096,752854.5252,Profit,92802.5048,65777.4254,260676.5551,115822.8826,193941.7402,12470.4076,11363.0096,0.0079,-0.2906
2017-05-26,866272.48,112635.0703,86216.4016,282916.4232,131168.1923,209337.5133,22523.4941,21475.3852,766272.48,Profit,92635.0703,66216.4016,267916.4232,116168.1923,199337.5133,12523.4941,11475.3852,0.0157,0.0
2017-05-30,880276.2389,112790.027,86854.3384,289245.4393,131416.2204,215958.5764,22449.0509,21562.5866,780276.2389,Profit,92790.027,66854.3384,274245.4393,116416.2204,205958.5764,12449.0509,11562.5866,0.0162,0.0
2017-05-31,883189.4819,112357.1962,86350.8138,288860.0142,131443.8026,220273.1479,22374.0369,21530.4703,783189.4819,Profit,92357.1962,66350.8138,273860.0142,116443.8026,210273.1479,12374.0369,11530.4703,0.0033,0.0
2017-06-01,883781.7883,112677.119,86672.3919,288876.2237,131619.5684,219859.4212,22464.8496,21612.2144,783781.7883,Profit,92677.119,66672.3919,273876.2237,116619.5684,209859.4212,12464.8496,11612.2144,0.0007,0.0
2017-06-02,887542.5634,114389.4883,88741.2718,287521.1724,133083.6184,219589.2231,22516.9459,21700.8435,787542.5634,Profit,94389.4883,68741.2718,272521.1724,118083.6184,209589.2231,12516.9459,11700.8435,0.0043,0.0
2017-06-05,899782.0866,113085.3719,89255.4483,295826.6628,133485.1262,224066.8594,22449.7206,21612.8974,799782.0866,Profit,93085.3719,69255.4483,280826.6628,118485.1262,214066.8594,12449.7206,11612.8974,0.0138,0.0
2017-06-06,899870.4478,113277.6517,89405.3194,294012.1631,132168.3339,227230.4747,22293.1398,21483.3652,799870.4478,Profit,93277.6517,69405.3194,279012.1631,117168.3339,217230.4747,12293.1398,11483.3652,0.0001,0.0
2017-06-07,911282.8586,114225.7916,89449.5108,298248.357,133406.4912,232176.1904,22311.8425,21464.6751,811282.8586,Profit,94225.7916,69449.5108,283248.357,118406.4912,222176.1904,12311.8425,11464.6751,0.0127,0.0
2017-06-08,940029.3436,114030.2902,88978.2644,320135.1589,133541.6943,239052.48,22536.7969,21754.6587,840029.3436,Profit,94030.2902,68978.2644,305135.1589,118541.6943,229052.48,12536.7969,11754.6587,0.0315,0.0
2017-06-09,897828.3842,109196.8073,86640.9847,298354.6191,128838.2425,230004.6077,22844.7544,21948.3685,797828.3842,Profit,89196.8073,66640.9847,283354.6191,113838.2425,220004.6077,12844.7544,11948.3685,-0.0449,-4.4893
2017-06-12,892137.2281,106288.1262,85735.3073,298250.3982,126714.5952,230440.0166,22747.3706,21961.4139,792137.2281,Profit,86288.1262,65735.3073,283250.3982,111714.5952,220440.0166,12747.3706,11961.4139,-0.0063,-5.0947
2017-06-13,898078.2095,105754.5109,85660.3808,297115.0752,127100.5891,238129.1542,22523.4468,21795.0525,798078.2095,Profit,85754.5109,65660.3808,282115.0752,112100.5891,228129.1542,12523.4468,11795.0525,0.0067,-4.4627
2017-06-14,897381.64,104464.747,85010.1902,297098.6256,126263.5519,240584.306,22357.9533,21602.266,797381.64,Profit,84464.747,65010.1902,282098.6256,111263.5519,230584.306,12357.9533,11602.266,-0.0008,-4.5368
2017-06-15,897691.3414,104440.3686,85036.5666,300037.3418,125371.5364,238551.5653,22491.0506,21762.9121,797691.3414,Profit,84440.3686,65036.5666,285037.3418,110371.5364,228551.5653,12491.0506,11762.9121,0.0003,-4.5039
2017-06-16,892284.0057,102571.1726,84830.2003,297409.3671,127939.3393,235140.8408,22536.6366,21856.4491,792284.0057,Profit,82571.1726,64830.2003,282409.3671,112939.3393,225140.8408,12536.6366,11856.4491,-0.006,-5.0791
2017-06-19,906707.0998,105419.0202,85808.2443,308251.759,128788.7383,233915.2063,22626.1949,21897.9366,806707.0998,Profit,85419.0202,65808.2443,293251.759,113788.7383,223915.2063,12626.1949,11897.9366,0.0162,-3.5448
2017-06-20,908128.6433,104821.6527,84946.0623,308910.4037,128911.5366,236296.0387,22484.3021,21758.6473,808128.6433,Profit,84821.6527,64946.0623,293910.4037,113911.5366,226296.0387,12484.3021,11758.6473,0.0016,-3.3936
2017-06-21,920449.1828,105789.4244,85660.204,314618.8974,130585.3974,239710.8901,22361.5878,21722.7816,820449.1828,Profit,85789.4244,65660.204,299618.8974,115585.3974,229710.8901,12361.5878,11722.7816,0.0136,-2.0829
2017-06-22,917678.9407,105071.3732,85204.3656,310806.6111,129787.8854,242402.5648,22569.9549,21836.1858,817678.9407,Profit,85071.3732,65204.3656,295806.6111,114787.8854,232402.5648,12569.9549,11836.1858,-0.003,-2.3776
2017-06-23,913090.0703,105755.7076,86533.1208,302563.6772,130369.4565,243430.1172,22603.4275,21834.5635,813090.0703,Profit,85755.7076,66533.1208,287563.6772,115369.4565,233430.1172,12603.4275,11834.5635,-0.005,-2.8658
2017-06-26,901504.3604,105180.1962,85513.2234,298575.8483,128809.8811,239104.9163,22529.6679,21790.6273,801504.3604,Profit,85180.1962,65513.2234,283575.8483,113809.8811,229104.9163,12529.6679,11790.6273,-0.0127,-4.0983
2017-06-27,872641.5266,103280.6245,83595.0096,286545.8428,126102.836,228660.8661,22597.1308,21859.2169,772641.5266,Profit,83280.6245,63595.0096,271545.8428,111102.836,218660.8661,12597.1308,11859.2169,-0.032,-7.1687
2017-06-28,884537.991,103772.0573,83490.7632,293802.1605,126611.2424,231984.0007,22856.8086,22020.9584,784537.991,Profit,83772.0573,63490.7632,278802.1605,111611.2424,221984.0007,12856.8086,12020.9584,0.0136,-5.9032
2017-06-29,860129.8312,101887.0094,81641.5193,282982.2817,124340.3257,224652.4645,22718.9274,21907.3032,760129.8312,Profit,81887.0094,61641.5193,267982.2817,109340.3257,214652.4645,12718.9274,11907.3032,-0.0276,-8.4997
2017-06-30,853767.3519,101837.3774,81925.7375,278072.9146,122969.9,224530.2233,22570.6171,21860.5819,753767.3519,Profit,81837.3774,61925.7375,263072.9146,107969.9,214530.2233,12570.6171,11860.5819,-0.0074,-9.1765
2017-07-03,835472.2622,101461.3397,81022.0967,268000.2321,121148.2176,218873.9628,22841.7654,22124.6478,735472.2622,Profit,81461.3397,61022.0967,253000.2321,106148.2176,208873.9628,12841.7654,12124.6478,-0.0214,-11.1227
2017-07-05,830836.0055,101925.0482,82133.3823,275301.0358,123449.3655,203174.6609,22801.134,22051.3787,730836.0055,Profit,81925.0482,62133.3823,260301.0358,108449.3655,193174.6609,12801.134,12051.3787,-0.0055,-11.6159
2017-07-06,815649.1799,100673.1142,81300.624,275352.9061,122313.6918,191300.6572,22766.2185,21941.9681,715649.1799,Profit,80673.1142,61300.624,260352.9061,107313.6918,181300.6572,12766.2185,11941.9681,-0.0183,-13.2315
2017-07-07,824976.5525,101247.5135,81983.734,280353.1662,123474.4788,193135.1364,22810.3363,21972.1874,724976.5525,Profit,81247.5135,61983.734,265353.1662,108474.4788,183135.1364,12810.3363,11972.1874,0.0114,-12.2393
2017-07-10,843515.7528,101866.5118,82599.8477,293643.6079,125718.4202,194895.5833,22756.975,22034.8069,743515.7528,Profit,81866.5118,62599.8477,278643.6079,110718.4202,184895.5833,12756.975,12034.8069,0.0225,-10.2671
2017-07-11,856534.8915,102448.959,82817.4551,298506.1476,125734.6136,202285.0031,22775.7642,21966.9489,756534.8915,Profit,82448.959,62817.4551,283506.1476,110734.6136,192285.0031,12775.7642,11966.9489,0.0154,-8.8821
2017-07-12,865911.0779,101597.8377,83371.5683,308188.6021,126058.9254,201719.9247,22876.434,22097.7857,765911.0779,Profit,81597.8377,63371.5683,293188.6021,111058.9254,191719.9247,12876.434,12097.7857,0.0109,-7.8847
2017-07-13,856638.6479,102597.5149,83763.7933,303353.7986,124822.9256,197190.7205,22852.1531,22057.7419,756638.6479,Profit,82597.5149,63763.7933,288353.7986,109822.9256,187190.7205,12852.1531,12057.7419,-0.0107,-8.8711
2017-07-14,865275.4235,102904.1808,84467.9304,309960.4769,124273.8313,198741.3722,22885.6557,22041.9762,765275.4235,Profit,82904.1808,64467.9304,294960.4769,109273.8313,188741.3722,12885.6557,12041.9762,0.0101,-7.9523
2017-07-17,860459.0969,103247.2291,85109.0721,308465.5439,125265.094,193717.8706,22792.3436,21861.9436,760459.0969,Profit,83247.2291,65109.0721,293465.5439,110265.094,183717.8706,12792.3436,11861.9436,-0.0056,-8.4647
2017-07-18,868325.6001,103268.3531,84775.8733,310624.1045,126641.0486,198329.5474,22715.9951,21970.6781,768325.6001,Profit,83268.3531,64775.8733,295624.1045,111641.0486,188329.5474,12715.9951,11970.6781,0.0091,-7.6278
2017-07-19,864508.9882,103645.0877,85200.5413,308250.9185,126608.4798,196015.0892,22770.7249,22018.1467,764508.9882,Profit,83645.0877,65200.5413,293250.9185,111608.4798,186015.0892,12770.7249,12018.1467,-0.0044,-8.0338
2017-07-20,871442.0911,103089.7478,85546.6821,312479.7882,126733.4102,198665.8399,22831.0097,22095.6133,771442.0911,Profit,83089.7478,65546.6821,297479.7882,111733.4102,188665.8399,12831.0097,12095.6133,0.008,-7.2963
2017-07-21,868230.2058,102743.3278,84808.7777,312683.6072,125998.6608,197184.2754,22745.3246,22066.2322,768230.2058,Profit,82743.3278,64808.7777,297683.6072,110998.6608,187184.2754,12745.3246,12066.2322,-0.0037,-7.638
2017-07-24,873139.313,103690.1374,84339.9083,308131.2687,127253.7359,205056.7102,22695.9766,21971.576,773139.313,Profit,83690.1374,64339.9083,293131.2687,112253.7359,195056.7102,12695.9766,11971.576,0.0057,-7.1157
2017-07-25,870879.13,104083.897,84980.8754,306568.7962,127347.3563,203227.0469,22735.2466,21935.9117,770879.13,Profit,84083.897,64980.8754,291568.7962,112347.3563,193227.0469,12735.2466,11935.9117,-0.0026,-7.3562
2017-07-26,878618.2303,104573.9689,84810.2919,310043.6855,128877.9829,205737.1757,22668.1729,21906.9525,778618.2303,Profit,84573.9689,64810.2919,295043.6855,113877.9829,195737.1757,12668.1729,11906.9525,0.0089,-6.5329
2017-07-27,859402.0177,102707.7081,83889.2754,300146.7257,128199.1576,200358.8574,22495.4678,21604.8256,759402.0177,Profit,82707.7081,63889.2754,285146.7257,113199.1576,190358.8574,12495.4678,11604.8256,-0.0219,-8.5771
2017-07-28,855947.6016,101400.6353,83262.8994,303321.86,124288.5288,199554.2201,22482.2301,21637.2279,755947.6016,Profit,81400.6353,63262.8994,288321.86,109288.5288,189554.2201,12482.2301,11637.2279,-0.004,-8.9446
2017-07-31,843246.3029,101167.3885,83130.1642,300745.2752,120725.199,193234.1595,22532.0616,21712.055,743246.3029,Profit,81167.3885,63130.1642,285745.2752,105725.199,183234.1595,12532.0616,11712.055,-0.0148,-10.2957
2017-08-01,848223.2536,102312.895,83184.0238,305142.3631,122035.8652,191347.8183,22581.4584,21618.8298,748223.2536,Profit,82312.895,63184.0238,290142.3631,107035.8652,181347.8183,12581.4584,11618.8298,0.0059,-9.7663
2017-08-02,859548.8931,107535.0273,83123.4984,306075.5481,122447.5695,195848.9957,22767.873,21750.3812,759548.8931,Profit,87535.0273,63123.4984,291075.5481,107447.5695,185848.9957,12767.873,11750.3812,0.0134,-8.5615
2017-08-03,874847.4846,106617.256,83116.3712,310375.1391,121518.5839,208879.0945,22742.9456,21598.0943,774847.4846,Profit,86617.256,63116.3712,295375.1391,106518.5839,198879.0945,12742.9456,11598.0943,0.0178,-6.934
2017-08-04,887563.845,107702.8911,84126.5576,313242.5937,122158.8768,215823.0072,22863.7701,21646.1485,787563.845,Profit,87702.8911,64126.5576,298242.5937,107158.8768,205823.0072,12863.7701,11646.1485,0.0145,-5.5813
2017-08-07,897952.1236,109369.9832,83798.6273,322848.8037,122760.1381,214770.8301,22793.2612,21610.48,797952.1236,Profit,89369.9832,63798.6273,307848.8037,107760.1381,204770.8301,12793.2612,11610.48,0.0117,-4.4762
2017-08-08,903799.4075,110506.8459,84480.2072,319886.914,122788.9596,221442.2049,22925.2804,21768.9955,803799.4075,Profit,90506.8459,64480.2072,304886.914,107788.9596,211442.2049,12925.2804,11768.9955,0.0065,-3.8541
2017-08-09,907632.7941,111499.9345,84327.1411,324103.4764,122134.8873,220991.2145,22827.8689,21748.2715,807632.7941,Profit,91499.9345,64327.1411,309103.4764,107134.8873,210991.2145,12827.8689,11748.2715,0.0042,-3.4463
2017-08-10,880672.9711,107996.9408,83131.7083,310426.0488,119070.5915,216150.9814,22426.8231,21469.8772,780672.9711,Profit,87996.9408,63131.7083,295426.0488,104070.5915,206150.9814,12426.8231,11469.8772,-0.0297,-6.3143
2017-08-11,867960.112,109279.6775,84227.9685,293212.9764,120201.6702,217208.3117,22380.9496,21448.5582,767960.112,Profit,89279.6775,64227.9685,278212.9764,105201.6702,207208.3117,12380.9496,11448.5582,-0.0144,-7.6667
2017-08-14,901498.6797,111084.6778,85629.8285,317140.43,122295.3271,221155.3487,22603.2799,21589.7876,801498.6797,Profit,91084.6778,65629.8285,302140.43,107295.3271,211155.3487,12603.2799,11589.7876,0.0386,-4.0989
2017-08-15,902543.4998,112740.1955,85989.3698,315706.0723,122706.6947,221128.5564,22606.8171,21665.794,802543.4998,Profit,92740.1955,65989.3698,300706.0723,107706.6947,211128.5564,12606.8171,11665.794,0.0012,-3.9877
2017-08-16,895240.7812,111804.2354,86116.0015,310895.3429,121601.0877,220510.4316,22626.729,21686.9531,795240.7812,Profit,91804.2354,66116.0015,295895.3429,106601.0877,210510.4316,12626.729,11686.9531,-0.0081,-4.7646
2017-08-17,871858.1465,109214.928,84308.7398,302676.5431,118922.956,212956.8058,22335.163,21443.0108,771858.1465,Profit,89214.928,64308.7398,287676.5431,103922.956,202956.8058,12335.163,11443.0108,-0.0261,-7.252
2017-08-18,864903.6435,108438.3217,84006.305,301277.1258,118090.6216,209244.0955,22337.0087,21510.1651,764903.6435,Profit,88438.3217,64006.305,286277.1258,103090.6216,199244.0955,12337.0087,11510.1651,-0.008,-7.9918
2017-08-21,853006.2017,108134.9452,83536.8833,296641.1584,117349.756,203285.0527,22317.4867,21740.9194,753006.2017,Profit,88134.9452,63536.8833,281641.1584,102349.756,193285.0527,12317.4867,11740.9194,-0.0138,-9.2575
2017-08-22,864686.9997,109697.1679,84550.867,302705.8402,118807.443,205009.5779,22251.8622,21664.2415,764686.9997,Profit,89697.1679,64550.867,287705.8402,103807.443,195009.5779,12251.8622,11664.2415,0.0137,-8.0149
2017-08-23,877402.3299,109946.4895,84126.7474,309034.7363,117826.3962,212070.4925,22571.9516,21825.5164,777402.3299,Profit,89946.4895,64126.7474,294034.7363,102826.3962,202070.4925,12571.9516,11825.5164,0.0147,-6.6622
2017-08-24,872878.1227,109153.684,83857.1041,307085.4579,116817.458,211575.9367,22511.6388,21876.8431,772878.1227,Profit,89153.684,63857.1041,292085.4579,101817.458,201575.9367,12511.6388,11876.8431,-0.0052,-7.1435
2017-08-25,864706.0699,109230.8362,83755.5624,303594.239,115593.2347,208033.6838,22605.5079,21893.0058,764706.0699,Profit,89230.8362,63755.5624,288594.239,100593.2347,198033.6838,12605.5079,11893.0058,-0.0094,-8.0129
2017-08-28,865769.6631,110235.7996,83700.4834,305522.8654,115593.5636,206440.0626,22493.5202,21783.3683,765769.6631,Profit,90235.7996,63700.4834,290522.8654,100593.5636,196440.0626,12493.5202,11783.3683,0.0012,-7.8997
2017-08-29,870687.2767,111544.1301,84176.1374,305819.6787,116884.1717,208003.5326,22444.0324,21815.5937,770687.2767,Profit,91544.1301,64176.1374,290819.6787,101884.1717,198003.5326,12444.0324,11815.5937,0.0057,-7.3766
2017-08-30,884969.1737,112645.0,85896.6532,309831.3415,119394.2416,213009.5219,22343.1991,21849.2164,784969.1737,Profit,92645.0,65896.6532,294831.3415,104394.2416,203009.5219,12343.1991,11849.2164,0.0164,-5.8573
2017-08-31,892890.6601,112452.8164,86336.4475,315138.9812,120337.2355,213475.6059,22473.5361,22676.0375,792890.6601,Profit,92452.8164,66336.4475,300138.9812,105337.2355,203475.6059,12473.5361,12676.0375,0.009,-5.0146
2017-09-01,883290.7304,111171.3397,84351.5979,313347.655,118650.7054,210692.3652,22291.8978,22785.1694,783290.7304,Profit,91171.3397,64351.5979,298347.655,103650.7054,200692.3652,12291.8978,12785.1694,-0.0108,-6.0358
2017-09-05,866368.8712,109673.7656,83847.0006,304495.5454,116896.8409,206930.4915,21955.4374,22569.7898,766368.8712,Profit,89673.7656,63847.0006,289495.5454,101896.8409,196930.4915,11955.4374,12569.7898,-0.0192,-7.836
2017-09-06,856113.3114,108612.0818,82883.9131,301670.4155,116189.5093,202171.7621,22053.9692,22531.6603,756113.3114,Profit,88612.0818,62883.9131,286670.4155,101189.5093,192171.7621,12053.9692,12531.6603,-0.0118,-8.927
2017-09-07,855149.7837,107162.3471,83150.9116,300223.8707,116478.3155,203793.2307,21936.0539,22405.0541,755149.7837,Profit,87162.3471,63150.9116,285223.8707,101478.3155,193793.2307,11936.0539,12405.0541,-0.0011,-9.0295
2017-09-08,840791.9825,105289.9202,82638.8665,294626.6219,114713.2874,199339.2143,21886.4031,22297.669,740791.9825,Profit,85289.9202,62638.8665,279626.6219,99713.2874,189339.2143,11886.4031,12297.669,-0.0168,-10.5568
2017-09-11,866359.1538,107131.3309,83478.9138,304105.4976,116107.2758,211047.9929,22058.137,22430.0058,766359.1538,Profit,87131.3309,63478.9138,289105.4976,101107.2758,201047.9929,12058.137,12430.0058,0.0304,-7.837
2017-09-12,869200.2764,106988.0708,83606.9199,305975.5897,116953.9612,211040.2774,22164.7371,22470.7202,769200.2764,Profit,86988.0708,63606.9199,290975.5897,101953.9612,201040.2774,12164.7371,12470.7202,0.0033,-7.5348
2017-09-13,876614.1432,106415.4899,84394.0525,308045.4786,119253.7972,213555.5235,22313.2153,22636.5862,776614.1432,Profit,86415.4899,64394.0525,293045.4786,104253.7972,203555.5235,12313.2153,12636.5862,0.0085,-6.7461
2017-09-14,880109.7824,105624.0172,83972.7964,306568.9162,118479.0021,220407.9707,22324.7564,22732.3235,780109.7824,Profit,85624.0172,63972.7964,291568.9162,103479.0021,210407.9707,12324.7564,12732.3235,0.004,-6.3742
2017-09-15,900627.1643,106534.4702,84472.0942,325540.8959,117677.2454,221384.0054,22263.4726,22754.9805,800627.1643,Profit,86534.4702,64472.0942,310540.8959,102677.2454,211384.0054,12263.4726,12754.9805,0.0233,-4.1916
2017-09-18,918489.9989,106238.0014,84688.7978,340535.4327,116708.7113,225440.7451,22208.3587,22669.9519,818489.9989,Profit,86238.0014,64688.7978,325535.4327,101708.7113,215440.7451,12208.3587,12669.9519,0.0198,-2.2913
2017-09-19,915483.112,106604.2127,85279.5767,341252.1312,116560.2476,220343.6706,22521.4899,22921.7832,815483.112,Profit,86604.2127,65279.5767,326252.1312,101560.2476,210343.6706,12521.4899,12921.7832,-0.0033,-2.6112
2017-09-20,909913.8287,104781.2136,84685.1103,338367.6267,116924.752,219572.4788,22563.0663,23019.5809,809913.8287,Profit,84781.2136,64685.1103,323367.6267,101924.752,209572.4788,12563.0663,13019.5809,-0.0061,-3.2037
2017-09-21,897739.5148,103523.3575,84307.799,330905.3287,116519.5752,216366.9489,22821.3032,23295.2023,797739.5148,Profit,83523.3575,64307.799,315905.3287,101519.5752,206366.9489,12821.3032,13295.2023,-0.0134,-4.4988
2017-09-22,882033.668,102340.5794,84388.1408,327118.6773,115160.3426,206911.2352,22816.5682,23298.1245,782033.668,Profit,82340.5794,64388.1408,312118.6773,100160.3426,196911.2352,12816.5682,13298.1245,-0.0175,-6.1696
2017-09-25,861401.8273,101639.457,83242.5885,313070.8934,113535.148,203712.1361,22794.7404,23406.8641,761401.8273,Profit,81639.457,63242.5885,298070.8934,98535.148,193712.1361,12794.7404,13406.8641,-0.0234,-8.3644
2017-09-26,866927.795,103638.9051,83438.1991,315557.6657,113657.8424,204345.3185,22893.5816,23396.2826,766927.795,Profit,83638.9051,63438.1991,300557.6657,98657.8424,194345.3185,12893.5816,13396.2826,0.0064,-7.7765
2017-09-27,877309.6147,104710.7039,84397.1177,323600.0224,115534.6011,202496.7147,22971.3126,23599.1423,777309.6147,Profit,84710.7039,64397.1177,308600.0224,100534.6011,192496.7147,12971.3126,13599.1423,0.012,-6.6721
2017-09-28,879414.0554,104392.4189,84680.0006,324501.0286,116562.2916,202300.8503,23259.1341,23718.3313,779414.0554,Profit,84392.4189,64680.0006,309501.0286,101562.2916,192300.8503,13259.1341,13718.3313,0.0024,-6.4482
2017-09-29,889969.1822,105206.1842,85594.9056,331021.3765,117447.9049,203636.5607,23366.3479,23695.9024,789969.1822,Profit,85206.1842,65594.9056,316021.3765,102447.9049,193636.5607,13366.3479,13695.9024,0.012,-5.3254
2017-10-02,892502.2529,105204.2133,85905.754,332111.6732,117418.7623,204349.6319,23481.7921,24030.4261,792502.2529,Profit,85204.2133,65905.754,317111.6732,102418.7623,194349.6319,13481.7921,14030.4261,0.0028,-5.0559
2017-10-03,897018.2011,105617.0439,85467.7785,332675.2824,117116.0691,208220.7418,23706.2467,24215.0387,797018.2011,Profit,85617.0439,65467.7785,317675.2824,102116.0691,198220.7418,13706.2467,14215.0387,0.0051,-4.5755
2017-10-04,903146.5152,104752.701,85819.3726,334862.1195,117939.3504,211972.9479,23681.5324,24118.4915,803146.5152,Profit,84752.701,65819.3726,319862.1195,102939.3504,201972.9479,13681.5324,14118.4915,0.0068,-3.9236
2017-10-05,912402.7962,106660.9119,87771.6035,336525.3308,120483.1364,213223.3579,23724.7394,24013.7163,812402.7962,Profit,86660.9119,67771.6035,321525.3308,105483.1364,203223.3579,13724.7394,14013.7163,0.0102,-2.9389
2017-10-06,915522.7383,106602.8683,87810.4335,337545.8668,121556.5779,214258.0946,23768.1007,23980.7965,815522.7383,Profit,86602.8683,67810.4335,322545.8668,106556.5779,204258.0946,13768.1007,13980.7965,0.0034,-2.607
2017-10-09,915502.877,106987.4091,88151.9721,345188.1499,121738.3896,205915.2766,23626.6396,23895.0402,815502.877,Profit,86987.4091,68151.9721,330188.1499,106738.3896,195915.2766,13626.6396,13895.0402,-0.0,-2.6091
2017-10-10,926271.4775,106621.2987,87814.7902,350388.1467,120808.9361,212693.8709,23783.4234,24161.0115,826271.4775,Profit,86621.2987,67814.7902,335388.1467,105808.9361,202693.8709,13783.4234,14161.0115,0.0118,-1.4636
2017-10-11,931034.9249,107018.8641,87937.3909,354012.1031,121734.2429,212050.8056,24010.8068,24270.7116,831034.9249,Profit,87018.8641,67937.3909,339012.1031,106734.2429,202050.8056,14010.8068,14270.7116,0.0051,-0.9568
2017-10-12,930945.6786,106434.5328,88560.1474,353447.1131,122204.9979,212254.1629,23876.1698,24168.5548,830945.6786,Profit,86434.5328,68560.1474,338447.1131,107204.9979,202254.1629,13876.1698,14168.5548,-0.0001,-0.9663
2017-10-13,939983.5884,107221.1745,89095.3069,360474.4571,122597.6719,212444.02,23969.3985,24181.5595,839983.5884,Profit,87221.1745,69095.3069,345474.4571,107597.6719,202444.02,13969.3985,14181.5595,0.0097,-0.0049
2017-10-16,948924.5364,109569.0674,89577.0514,367928.4702,123427.0362,210178.5459,24050.0196,24194.3455,848924.5364,Profit,89569.0674,69577.0514,352928.4702,108427.0362,200178.5459,14050.0196,14194.3455,0.0095,0.0
2017-10-17,953950.1868,110150.9444,89642.9611,368155.763,123956.9221,213589.8949,24183.1091,24270.5923,853950.1868,Profit,90150.9444,69642.9611,353155.763,108956.9221,203589.8949,14183.1091,14270.5923,0.0053,0.0
2017-10-18,949694.6715,109106.5978,89223.4778,366014.3724,121861.8163,214864.5062,24266.283,24357.618,849694.6715,Profit,89106.5978,69223.4778,351014.3724,106861.8163,204864.5062,14266.283,14357.618,-0.0045,-0.4461
2017-10-19,941597.642,106479.8804,89509.4069,366191.836,120514.5971,210045.7184,24386.9979,24469.2053,841597.642,Profit,86479.8804,69509.4069,351191.836,105514.5971,200045.7184,14386.9979,14469.2053,-0.0085,-1.2949
2017-10-20,945382.6443,107686.1899,91436.7035,368100.1705,121246.1414,208070.8686,24479.3821,24363.1882,845382.6443,Profit,87686.1899,71436.7035,353100.1705,106246.1414,198070.8686,14479.3821,14363.1882,0.004,-0.8981
2017-10-23,940976.9564,108009.4585,91772.2135,368826.4146,119603.9781,203892.304,24543.1096,24329.478,840976.9564,Profit,88009.4585,71772.2135,353826.4146,104603.9781,193892.304,14543.1096,14329.478,-0.0047,-1.3599
2017-10-24,948681.5262,108836.6378,91967.5674,373318.8382,121002.3931,204440.6956,24673.267,24442.127,848681.5262,Profit,88836.6378,71967.5674,358318.8382,106002.3931,194440.6956,14673.267,14442.127,0.0082,-0.5523
2017-10-25,938316.6312,109256.4464,92462.3648,366928.7064,121631.6869,199108.8852,24436.182,24492.3595,838316.6312,Profit,89256.4464,72462.3648,351928.7064,106631.6869,189108.8852,14436.182,14492.3595,-0.0109,-1.6388
2017-10-26,947646.0275,110484.4619,93044.1409,372489.5139,122142.8401,200246.9298,24625.935,24612.2061,847646.0275,Profit,90484.4619,73044.1409,357489.5139,107142.8401,190246.9298,14625.935,14612.2061,0.0099,-0.6608
2017-10-27,985793.5461,114847.1457,99342.9598,385537.5339,138749.1278,197652.6418,24808.3671,24855.77,885793.5461,Profit,94847.1457,79342.9598,370537.5339,123749.1278,187652.6418,14808.3671,14855.77,0.0403,0.0
2017-10-30,990129.0271,117068.2286,99156.5549,388215.0376,139594.4388,196599.9622,24684.3976,24810.4074,890129.0271,Profit,97068.2286,79156.5549,373215.0376,124594.4388,186599.9622,14684.3976,14810.4074,0.0044,0.0
2017-10-31,1007176.3079,119229.4378,98745.0197,395628.6471,139500.3994,204520.8069,24609.8435,24942.1535,907176.3079,Profit,99229.4378,78745.0197,380628.6471,124500.3994,194520.8069,14609.8435,14942.1535,0.0172,0.0
2017-11-01,999157.7177,117615.4127,98683.7493,396118.0529,139212.0259,197950.9887,24643.2872,24934.201,899157.7177,Profit,97615.4127,78683.7493,381118.0529,124212.0259,187950.9887,14643.2872,14934.201,-0.008,-0.7961
2017-11-02,979644.9902,117913.3996,99228.3013,391781.9006,137343.964,183597.1151,24770.9683,25009.3412,879644.9902,Profit,97913.3996,79228.3013,376781.9006,122343.964,173597.1151,14770.9683,15009.3412,-0.0195,-2.7335
2017-11-03,990077.458,120433.8819,98885.2557,395228.8737,138894.3218,186937.5753,24757.968,24939.5816,890077.458,Profit,100433.8819,78885.2557,380228.8737,123894.3218,176937.5753,14757.968,14939.5816,0.0106,-1.6977
2017-11-06,991350.8818,121497.0861,99134.8436,396426.8733,139828.901,184654.9909,24826.1115,24982.0754,891350.8818,Profit,101497.0861,79134.8436,381426.8733,124828.901,174654.9909,14826.1115,14982.0754,0.0013,-1.5713
2017-11-07,1001100.6632,122248.3145,99188.6632,402101.6274,140570.8865,187220.3621,24764.7696,25006.0399,901100.6632,Profit,102248.3145,79188.6632,387101.6274,125570.8865,177220.3621,14764.7696,15006.0399,0.0098,-0.6032
2017-11-08,992992.6135,122717.558,99108.1426,395022.4131,141165.1054,185340.5593,24690.0794,24948.7557,892992.6135,Profit,102717.558,79108.1426,380022.4131,126165.1054,175340.5593,14690.0794,14948.7557,-0.0081,-1.4083
2017-11-09,980800.2119,122112.4875,98269.0191,386645.4209,140288.8545,184000.2124,24621.6762,24862.5411,880800.2119,Profit,102112.4875,78269.0191,371645.4209,125288.8545,174000.2124,14621.6762,14862.5411,-0.0123,-2.6188
2017-11-10,998993.9163,121611.0617,97943.328,406716.5224,139720.0602,183869.7319,24391.2876,24741.9245,898993.9163,Profit,101611.0617,77943.328,391716.5224,124720.0602,173869.7319,14391.2876,14741.9245,0.0185,-0.8124
2017-11-13,999855.9035,121138.7937,98013.885,400095.916,140194.3413,191401.3741,24338.5235,24673.07,899855.9035,Profit,101138.7937,78013.885,385095.916,125194.3413,181401.3741,14338.5235,14673.07,0.0009,-0.7268
2017-11-14,1001912.3827,119768.832,98539.5383,404633.8462,141703.0655,188073.6892,24397.2656,24796.1459,901912.3827,Profit,99768.832,78539.5383,389633.8462,126703.0655,178073.6892,14397.2656,14796.1459,0.0021,-0.5226
2017-11-15,994929.401,118554.2846,98079.0665,397918.4444,140879.0813,190253.217,24426.7722,24818.5351,894929.401,Profit,98554.2846,78079.0665,382918.4444,125879.0813,180253.217,14426.7722,14818.5351,-0.007,-1.216
2017-11-16,999858.4531,119726.5042,98126.0346,400124.3726,141892.7536,190567.9421,24531.601,24889.245,899858.4531,Profit,99726.5042,78126.0346,385124.3726,126892.7536,180567.9421,14531.601,14889.245,0.005,-0.7266
2017-11-17,1001536.0602,119402.9305,97472.2943,400834.6474,141388.5586,192695.8016,24674.5211,25067.3066,901536.0602,Profit,99402.9305,77472.2943,385834.6474,126388.5586,182695.8016,14674.5211,15067.3066,0.0017,-0.56
2017-11-20,1003207.735,119370.8678,97699.5728,406341.6035,141052.0807,188984.7134,24662.4532,25096.4436,903207.735,Profit,99370.8678,77699.5728,391341.6035,126052.0807,178984.7134,14662.4532,15096.4436,0.0017,-0.394
2017-11-21,1016783.3962,121460.0257,98993.7158,409594.183,142535.3411,194307.8896,24638.8483,25253.3927,916783.3962,Profit,101460.0257,78993.7158,394594.183,127535.3411,184307.8896,14638.8483,15253.3927,0.0135,0.0
2017-11-22,1011030.1813,122254.9265,97893.6404,406207.7853,144065.9619,190389.9129,24806.1523,25411.802,911030.1813,Profit,102254.9265,77893.6404,391207.7853,129065.9619,180389.9129,14806.1523,15411.802,-0.0057,-0.5658
2017-11-24,1018714.4584,122061.8794,97911.9877,409369.832,147540.4328,191869.8553,24715.3453,25245.1258,918714.4584,Profit,102061.8794,77911.9877,394369.832,132540.4328,181869.8553,14715.3453,15245.1258,0.0076,0.0
2017-11-27,1017342.5324,121705.3796,98836.8764,404903.0434,149079.3705,193045.2785,24608.9151,25163.669,917342.5324,Profit,101705.3796,78836.8764,389903.0434,134079.3705,183045.2785,14608.9151,15163.669,-0.0013,-0.1347
2017-11-28,1016984.707,121689.1055,100592.6726,400628.427,149642.6456,194626.6268,24520.5356,25284.694,916984.707,Profit,101689.1055,80592.6726,385628.427,134642.6456,184626.6268,14520.5356,15284.694,-0.0004,-0.1698
2017-11-29,978939.8373,119589.3444,99119.2938,374692.2603,146104.7834,189133.0794,24767.8998,25533.1761,878939.8373,Profit,99589.3444,79119.2938,359692.2603,131104.7834,179133.0794,14767.8998,15533.1761,-0.0374,-3.9044
2017-11-30,994597.3227,121580.2895,100383.9622,384034.0759,148463.2257,190517.6016,24646.6955,24971.4724,894597.3227,Profit,101580.2895,80383.9622,369034.0759,133463.2257,180517.6016,14646.6955,14971.4724,0.016,-2.3674
2017-12-01,973757.0133,119537.9714,99248.6242,373596.1401,144837.2819,186692.6551,24813.2846,25031.0559,873757.0133,Profit,99537.9714,79248.6242,358596.1401,129837.2819,176692.6551,14813.2846,15031.0559,-0.021,-4.4132
2017-12-04,941423.6718,118343.8418,95249.4554,351806.9553,140921.0165,185386.7227,24743.6413,24972.039,841423.6718,Profit,98343.8418,75249.4554,336806.9553,125921.0165,175386.7227,14743.6413,14972.039,-0.0332,-7.5871
2017-12-05,942437.4268,118097.7981,95734.2901,353428.3221,141700.3617,184257.6137,24608.5195,24610.5215,842437.4268,Profit,98097.7981,75734.2901,338428.3221,126700.3617,174257.6137,14608.5195,14610.5215,0.0011,-7.4876
2017-12-06,958971.3762,118385.1256,97722.152,358419.7571,143980.7465,191217.9836,24674.4088,24571.2026,858971.3762,Profit,98385.1256,77722.152,343419.7571,128980.7465,181217.9836,14674.4088,14571.2026,0.0175,-5.8646
2017-12-07,970141.3337,119379.0776,98034.9869,366055.1362,145812.5823,191271.8984,24886.9436,24700.7086,870141.3337,Profit,99379.0776,78034.9869,351055.1362,130812.5823,181271.8984,14886.9436,14700.7086,0.0116,-4.7681
2017-12-08,975288.0085,119574.8159,100154.4404,365576.1165,146283.8072,193906.3712,25013.2894,24779.1679,875288.0085,Profit,99574.8159,80154.4404,350576.1165,131283.8072,183906.3712,15013.2894,14779.1679,0.0053,-4.2629
2017-12-11,993682.9789,121845.552,101378.0474,371461.7737,147115.2468,202284.917,24863.8834,24733.5586,893682.9789,Profit,101845.552,81378.0474,356461.7737,132115.2468,192284.917,14863.8834,14733.5586,0.0189,-2.4572
2017-12-12,994409.4479,121309.9917,101927.7311,364631.6449,146797.0044,210022.0626,24944.6136,24776.3997,894409.4479,Profit,101309.9917,81927.7311,349631.6449,131797.0044,200022.0626,14944.6136,14776.3997,0.0007,-2.3859
2017-12-13,982910.6967,121545.247,101507.7074,355256.5698,146460.7849,208482.4565,24983.6361,24674.295,882910.6967,Profit,101545.247,81507.7074,340256.5698,131460.7849,198482.4565,14983.6361,14674.295,-0.0116,-3.5146
2017-12-14,979488.9584,121062.5965,100350.5943,354493.9445,147194.9822,207021.5695,24878.3066,24486.9649,879488.9584,Profit,101062.5965,80350.5943,339493.9445,132194.9822,197021.5695,14878.3066,14486.9649,-0.0035,-3.8505
2017-12-15,998965.8686,122581.0342,103145.9857,365044.2659,148121.3403,210892.098,24816.846,24364.2985,898965.8686,Profit,102581.0342,83145.9857,350044.2659,133121.3403,200892.098,14816.846,14364.2985,0.0199,-1.9386
2017-12-18,1013597.2968,124603.4389,102834.0087,377995.5694,149940.0076,208557.6085,25002.0866,24664.5771,913597.2968,Profit,104603.4389,82834.0087,362995.5694,134940.0076,198557.6085,15002.0866,14664.5771,0.0146,-0.5023
2017-12-19,1004647.1857,123457.1486,102349.3528,375168.4584,149787.407,204076.8213,25098.7974,24709.2001,904647.1857,Profit,103457.1486,82349.3528,360168.4584,134787.407,194076.8213,15098.7974,14709.2001,-0.0088,-1.3809
2017-12-20,999580.9399,122916.8792,101627.9161,375117.1284,148042.6994,202144.9195,25041.1437,24690.2537,899580.9399,Profit,102916.8792,81627.9161,360117.1284,133042.6994,192144.9195,15041.1437,14690.2537,-0.005,-1.8782
2017-12-21,991831.7622,122340.8939,100748.1797,370330.2329,146441.1575,202078.1075,25108.2445,24784.9463,891831.7622,Profit,102340.8939,80748.1797,355330.2329,131441.1575,192078.1075,15108.2445,14784.9463,-0.0078,-2.6389
2017-12-22,987890.5205,122581.0788,100958.7169,369886.8739,145929.2916,198530.7803,25096.1557,24907.6232,887890.5205,Profit,102581.0788,80958.7169,354886.8739,130929.2916,188530.7803,15096.1557,14907.6232,-0.004,-3.0258
2017-12-26,984868.5279,119470.6363,100831.7935,374017.046,146978.4597,193702.1239,25051.7618,24816.7067,884868.5279,Profit,99470.6363,80831.7935,359017.046,131978.4597,183702.1239,15051.7618,14816.7067,-0.0031,-3.3224
2017-12-27,973285.5354,118385.8975,100260.3507,369951.6518,146299.7499,188493.0357,24958.8018,24936.048,873285.5354,Profit,98385.8975,80260.3507,354951.6518,131299.7499,178493.0357,14958.8018,14936.048,-0.0118,-4.4594
2017-12-28,973235.4034,118234.221,99852.4351,368928.7744,146159.5503,189943.3149,25103.0709,25014.0368,873235.4034,Profit,98234.221,79852.4351,353928.7744,131159.5503,179943.3149,15103.0709,15014.0368,-0.0001,-4.4644
2017-12-29,956758.5773,116545.5097,99300.7229,360382.6635,143618.0119,186887.7803,25017.3201,25006.5688,856758.5773,Profit,96545.5097,79300.7229,345382.6635,128618.0119,176887.7803,15017.3201,15006.5688,-0.0169,-6.0818
2018-01-02,976293.6311,118368.5323,99554.2721,370450.423,145690.5104,191968.6416,25169.3996,25091.8521,876293.6311,Profit,98368.5323,79554.2721,355450.423,130690.5104,181968.6416,15169.3996,15091.8521,0.0204,-4.1642
2018-01-03,1002573.2681,118499.5493,100144.6775,395349.0038,147741.6077,190246.7934,25357.616,25234.0205,902573.2681,Profit,98499.5493,80144.6775,380349.0038,132741.6077,180246.7934,15357.616,15234.0205,0.0269,-1.5845
2018-01-04,1004378.817,118888.7499,100882.444,396881.1586,148195.8873,188398.9791,25651.723,25479.875,904378.817,Profit,98888.7499,80882.444,381881.1586,133195.8873,178398.9791,15651.723,15479.875,0.0018,-1.4072
2018-01-05,1005204.4607,119152.1073,101218.6401,396681.6621,149237.2554,187875.5281,25567.467,25471.8006,905204.4607,Profit,99152.1073,81218.6401,381681.6621,134237.2554,177875.5281,15567.467,15471.8006,0.0008,-1.3262
2018-01-08,1032312.3038,118925.7141,101476.5469,409398.1685,151621.8741,199949.559,25494.4825,25445.9587,932312.3038,Profit,98925.7141,81476.5469,394398.1685,136621.8741,189949.559,15494.4825,15445.9587,0.027,0.0
2018-01-09,1033699.3471,119186.4905,101670.0431,410333.1546,152723.2287,198844.1059,25587.6961,25354.6283,933699.3471,Profit,99186.4905,81670.0431,395333.1546,137723.2287,188844.1059,15587.6961,15354.6283,0.0013,0.0
2018-01-10,1040534.8829,119559.7032,101550.8841,414982.5698,153437.6654,200178.3665,25546.0366,25279.6573,940534.8829,Profit,99559.7032,81550.8841,399982.5698,138437.6654,190178.3665,15546.0366,15279.6573,0.0066,0.0
2018-01-11,1050142.251,120622.2504,102168.5439,417029.5252,156659.0726,202692.3996,25679.4246,25291.0347,950142.251,Profit,100622.2504,82168.5439,402029.5252,141659.0726,192692.3996,15679.4246,15291.0347,0.0092,0.0
2018-01-12,1051076.9286,121544.719,103677.3889,413930.0952,159762.6252,201156.3893,25760.1861,25245.5248,951076.9286,Profit,101544.719,83677.3889,398930.0952,144762.6252,191156.3893,15760.1861,15245.5248,0.0009,0.0
2018-01-16,1039141.8757,120126.3736,101532.1672,405806.9913,158635.2528,202070.7652,25837.192,25133.1335,939141.8757,Profit,100126.3736,81532.1672,390806.9913,143635.2528,192070.7652,15837.192,15133.1335,-0.0114,-1.1355
2018-01-17,1055419.1968,122166.8286,103640.4835,414538.7907,157512.6085,206389.0976,25958.1846,25213.2033,955419.1968,Profit,102166.8286,83640.4835,399538.7907,142512.6085,196389.0976,15958.1846,15213.2033,0.0157,0.0
2018-01-18,1055286.4391,122485.1536,103769.6571,414741.0488,157574.1418,205195.2507,26175.0517,25346.1355,955286.4391,Profit,102485.1536,83769.6571,399741.0488,142574.1418,195195.2507,16175.0517,15346.1355,-0.0001,-0.0126
2018-01-19,1069533.7359,122068.1864,103762.3201,425621.2628,157892.4038,208659.1077,26209.0352,25321.4199,969533.7359,Profit,102068.1864,83762.3201,410621.2628,142892.4038,198659.1077,16209.0352,15321.4199,0.0135,0.0
2018-01-22,1082217.9181,121051.9793,105607.573,432212.1519,161871.2988,209559.7322,26395.4795,25519.7033,982217.9181,Profit,101051.9793,85607.573,417212.1519,146871.2988,199559.7322,16395.4795,15519.7033,0.0119,0.0
2018-01-23,1096892.0556,121038.5348,105911.3741,441717.6231,166114.3997,210225.3983,26283.419,25601.3066,996892.0556,Profit,101038.5348,85911.3741,426717.6231,151114.3997,200225.3983,16283.419,15601.3066,0.0136,0.0
2018-01-24,1074697.3262,118028.3325,104861.4068,432023.4017,163999.5099,204243.5752,26133.7551,25407.3451,974697.3262,Profit,98028.3325,84861.4068,417023.4017,148999.5099,194243.5752,16133.7551,15407.3451,-0.0202,-2.0234
2018-01-25,1070142.4199,115768.0188,105286.682,432403.8438,166226.0421,199081.2532,25937.8287,25438.7513,970142.4199,Profit,95768.0188,85286.682,417403.8438,151226.0421,189081.2532,15937.8287,15438.7513,-0.0042,-2.4387
2018-01-26,1091070.7319,116004.7875,107244.3082,445134.8187,169105.8439,202120.9909,26051.4274,25408.5553,991070.7319,Profit,96004.7875,87244.3082,430134.8187,154105.8439,192120.9909,16051.4274,15408.5553,0.0196,-0.5307
2018-01-29,1101914.8637,113739.042,107203.5455,452109.1517,171185.3221,206292.9023,25901.9603,25482.9397,1001914.8637,Profit,93739.042,87203.5455,437109.1517,156185.3221,196292.9023,15901.9603,15482.9397,0.0099,0.0
2018-01-30,1092155.1557,113002.5533,105797.0412,444263.4699,173518.7079,203987.7242,25981.8138,25603.8454,992155.1557,Profit,93002.5533,85797.0412,429263.4699,158518.7079,193987.7242,15981.8138,15603.8454,-0.0089,-0.8857
2018-01-31,1104291.1226,112996.1267,108081.0406,448630.9605,174598.9099,208402.338,25941.0457,25640.7013,1004291.1226,Profit,92996.1267,88081.0406,433630.9605,159598.9099,198402.338,15941.0457,15640.7013,0.0111,0.0
2018-02-01,1083081.095,113176.2079,107179.9446,438747.6286,167203.4218,205341.9445,25805.7833,25626.1643,983081.095,Profit,93176.2079,87179.9446,423747.6286,152203.4218,195341.9445,15805.7833,15626.1643,-0.0192,-1.9207
2018-02-02,1071014.4257,109080.8115,105144.1958,429186.4449,173296.8445,203621.9839,25417.0474,25267.0977,971014.4257,Profit,89080.8115,85144.1958,414186.4449,158296.8445,193621.9839,15417.0474,15267.0977,-0.0111,-3.0134
2018-02-05,1023085.3376,107229.5908,101652.3249,396068.7041,169856.7964,198972.95,24816.6646,24488.3067,923085.3376,Profit,87229.5908,81652.3249,381068.7041,154856.7964,188972.95,14816.6646,14488.3067,-0.0448,-7.3537
2018-02-06,1064492.7268,112144.9819,105896.2987,419611.8733,176977.6414,200225.7141,25008.4694,24627.748,964492.7268,Profit,92144.9819,85896.2987,404611.8733,161977.6414,190225.7141,15008.4694,14627.748,0.0405,-3.604
2018-02-07,1070384.0534,109852.8519,104036.7854,426186.8531,173802.8603,207102.3626,24846.0264,24556.3136,970384.0534,Profit,89852.8519,84036.7854,411186.8531,158802.8603,197102.3626,14846.0264,14556.3136,0.0055,-3.0705
2018-02-08,1017522.5411,107198.6567,99003.4518,406434.3577,166378.4098,189819.466,24372.1343,24316.0649,917522.5411,Profit,87198.6567,79003.4518,391434.3577,151378.4098,179819.466,14372.1343,14316.0649,-0.0494,-7.8574
2018-02-09,1047422.1876,108718.4342,102888.5604,434450.1989,165350.2826,187280.1334,24418.6126,24315.9655,947422.1876,Profit,88718.4342,82888.5604,419450.1989,150350.2826,177280.1334,14418.6126,14315.9655,0.0294,-5.1498
2018-02-12,1054274.4179,113024.5572,103968.4447,426704.4754,171160.2343,190393.0781,24555.7828,24467.8454,954274.4179,Profit,93024.5572,83968.4447,411704.4754,156160.2343,180393.0781,14555.7828,14467.8454,0.0065,-4.5293
2018-02-13,1072772.5315,114146.5042,104738.6573,435174.1617,174471.9943,195127.9937,24593.7783,24519.4421,972772.5315,Profit,94146.5042,84738.6573,420174.1617,159471.9943,185127.9937,14593.7783,14519.4421,0.0175,-2.8542
2018-02-14,1094223.9394,115896.4267,106057.5896,450263.9141,178439.2225,193728.0765,24902.9158,24935.7941,994223.9394,Profit,95896.4267,86057.5896,435263.9141,163439.2225,183728.0765,14902.9158,14935.7941,0.02,-0.9116
2018-02-15,1113492.4369,119266.7281,107743.0417,457760.9124,178969.2357,199914.7355,24830.8073,25006.9763,1013492.4369,Profit,99266.7281,87743.0417,442760.9124,163969.2357,189914.7355,14830.8073,15006.9763,0.0176,0.0
2018-02-16,1109159.3899,119189.2075,107256.6889,454007.4604,177837.0137,201297.2265,24704.6083,24867.1847,1009159.3899,Profit,99189.2075,87256.6889,439007.4604,162837.0137,191297.2265,14704.6083,14867.1847,-0.0039,-0.3891
2018-02-20,1128241.4372,119561.6788,108805.2009,466736.274,181430.326,202172.3506,24701.9302,24833.6767,1028241.4372,Profit,99561.6788,88805.2009,451736.274,166430.326,192172.3506,14701.9302,14833.6767,0.0172,0.0
2018-02-21,1117926.7223,119474.9254,107776.5284,454344.3171,183940.6739,202072.3442,25209.8449,25108.0884,1017926.7223,Profit,99474.9254,87776.5284,439344.3171,168940.6739,192072.3442,15209.8449,15108.0884,-0.0091,-0.9142
2018-02-22,1132122.6049,120845.3047,108387.6322,457186.3168,184793.3817,210595.7607,25200.3013,25113.9074,1032122.6049,Profit,100845.3047,88387.6322,442186.3168,169793.3817,200595.7607,15200.3013,15113.9074,0.0127,0.0
2018-02-23,1146342.9259,122558.378,110782.7765,462848.1633,186015.2164,213389.5161,25359.043,25389.8326,1046342.9259,Profit,102558.378,90782.7765,447848.1633,171015.2164,203389.5161,15359.043,15389.8326,0.0126,0.0
2018-02-26,1159235.0235,125151.2753,112541.3424,464745.6915,189005.4154,216909.4911,25273.0129,25608.7949,1059235.0235,Profit,105151.2753,92541.3424,449745.6915,174005.4154,206909.4911,15273.0129,15608.7949,0.0112,0.0
2018-02-27,1156131.6108,125281.6517,111572.2403,465731.227,188566.5401,213955.8792,25258.7766,25765.2959,1056131.6108,Profit,105281.6517,91572.2403,450731.227,173566.5401,203955.8792,15258.7766,15765.2959,-0.0027,-0.2677
2018-02-28,1148203.3882,125777.4487,111664.5324,460499.1115,189646.7519,210255.1405,24890.2453,25470.158,1048203.3882,Profit,105777.4487,91664.5324,445499.1115,174646.7519,200255.1405,14890.2453,15470.158,-0.0069,-0.9516
2018-03-01,1120139.68,123970.6229,110936.2202,443303.8094,187878.3641,203485.6252,24817.509,25747.5291,1020139.68,Profit,103970.6229,90936.2202,428303.8094,172878.3641,193485.6252,14817.509,15747.5291,-0.0244,-3.3725
2018-03-02,1135958.2711,125208.5423,111518.9371,452992.3275,189321.2673,206703.0979,24615.5793,25598.5198,1035958.2711,Profit,105208.5423,91518.9371,437992.3275,174321.2673,196703.0979,14615.5793,15598.5198,0.0141,-2.0079
2018-03-05,1144936.5371,126468.2989,112975.6414,454287.9442,193551.8282,206983.0497,24842.9328,25826.8419,1044936.5371,Profit,106468.2989,92975.6414,439287.9442,178551.8282,196983.0497,14842.9328,15826.8419,0.0079,-1.2334
2018-03-06,1148996.2578,125588.5429,111904.2506,464008.521,194144.9957,202545.0456,24847.7769,25957.1252,1048996.2578,Profit,105588.5429,91904.2506,449008.521,179144.9957,192545.0456,14847.7769,15957.1252,0.0035,-0.8832
2018-03-07,1155740.6666,124917.6741,112979.6814,465172.7809,195815.3755,205854.0986,24878.7563,26122.2997,1055740.6666,Profit,104917.6741,92979.6814,450172.7809,180815.3755,195854.0986,14878.7563,16122.2997,0.0059,-0.3014
2018-03-08,1153823.4104,126069.8889,113489.9587,463168.2703,196380.9902,203557.124,25066.1512,26091.0271,1053823.4104,Profit,106069.8889,93489.9587,448168.2703,181380.9902,193557.124,15066.1512,16091.0271,-0.0017,-0.4668
2018-03-09,1161266.1324,127379.118,115245.2116,468001.633,198456.8327,201001.1333,25109.2664,26072.9375,1061266.1324,Profit,107379.118,95245.2116,453001.633,183456.8327,191001.1333,15109.2664,16072.9375,0.0065,0.0
2018-03-12,1183863.4706,128509.9412,115429.5522,476042.9091,200751.3924,212103.5576,25070.7723,25955.3459,1083863.4706,Profit,108509.9412,95429.5522,461042.9091,185751.3924,202103.5576,15070.7723,15955.3459,0.0195,0.0
2018-03-13,1179333.2085,128087.3358,113335.8299,475185.4883,200743.9192,211191.5,24953.592,25835.5433,1079333.2085,Profit,108087.3358,93335.8299,460185.4883,185743.9192,201191.5,14953.592,15835.5433,-0.0038,-0.3827
2018-03-14,1173446.0173,127320.5324,112941.092,478316.797,201598.7532,202294.7353,25000.5394,25973.5679,1073446.0173,Profit,107320.5324,92941.092,463316.797,186598.7532,192294.7353,15000.5394,15973.5679,-0.005,-0.88
2018-03-15,1181238.2324,128336.8708,114107.992,482716.4064,201861.988,203028.405,25134.7414,26051.8288,1081238.2324,Profit,108336.8708,94107.992,467716.4064,186861.988,193028.405,15134.7414,16051.8288,0.0066,-0.2218
2018-03-16,1184414.0864,128441.5338,115111.6595,487029.2651,201366.198,201238.74,25175.1697,26051.5203,1084414.0864,Profit,108441.5338,95111.6595,472029.2651,186366.198,191238.74,15175.1697,16051.5203,0.0027,0.0
2018-03-19,1152772.542,126383.981,112951.3244,468269.6295,197802.8309,196225.6955,25154.7849,25984.2958,1052772.542,Profit,106383.981,92951.3244,453269.6295,182802.8309,186225.6955,15154.7849,15984.2958,-0.0267,-2.6715
2018-03-20,1173254.4423,126328.7553,113226.355,484854.2549,203095.4034,194312.0021,25260.1391,26177.5324,1073254.4423,Profit,106328.7553,93226.355,469854.2549,188095.4034,184312.0021,15260.1391,16177.5324,0.0178,-0.9422
2018-03-21,1160732.9653,122324.2536,111413.3973,478484.8351,200657.398,196251.7485,25297.9409,26303.3918,1060732.9653,Profit,102324.2536,91413.3973,463484.8351,185657.398,186251.7485,15297.9409,16303.3918,-0.0107,-1.9994
2018-03-22,1128203.7551,120146.2119,107754.155,463787.0516,195215.4162,190905.8925,24746.6923,25648.3355,1028203.7551,Profit,100146.2119,87754.155,448787.0516,180215.4162,180905.8925,14746.6923,15648.3355,-0.028,-4.7458
2018-03-23,1089214.5201,116897.3239,104201.7069,444940.4252,188217.0073,185486.4492,24402.3139,25069.2937,989214.5201,Profit,96897.3239,84201.7069,429940.4252,173217.0073,175486.4492,14402.3139,15069.2937,-0.0346,-8.0377
2018-03-26,1136790.3413,122720.6271,112348.0189,468032.0107,196262.7146,187547.0229,24645.9372,25234.0099,1036790.3413,Profit,102720.6271,92348.0189,453032.0107,181262.7146,177547.0229,14645.9372,15234.0099,0.0437,-4.0209
2018-03-27,1067212.0735,119406.6729,107046.4653,431119.0335,188595.0386,171905.5042,24300.1032,24839.2558,967212.0735,Profit,99406.6729,87046.4653,416119.0335,173595.0386,161905.5042,14300.1032,14839.2558,-0.0612,-9.8954
2018-03-28,1038874.0983,118399.952,107225.3496,424242.5577,180789.5299,159135.1392,24255.1043,24826.4655,938874.0983,Profit,98399.952,87225.3496,409242.5577,165789.5299,149135.1392,14255.1043,14826.4655,-0.0266,-12.2879
2018-03-29,1068846.5693,119258.9547,109414.2064,443606.6263,182686.893,164188.2896,24548.2055,25143.3938,968846.5693,Profit,99258.9547,89414.2064,428606.6263,167686.893,154188.2896,14548.2055,15143.3938,0.0289,-9.7574
2018-04-02,1027212.1767,118595.2398,106229.0211,423866.438,173364.0574,155936.0832,24319.6955,24901.6417,927212.1767,Profit,98595.2398,86229.0211,408866.438,158364.0574,145936.0832,14319.6955,14901.6417,-0.039,-13.2725
2018-04-03,1042120.3978,118916.2701,106857.0451,428901.8187,174590.6262,164002.0498,24199.3036,24653.2844,942120.3978,Profit,98916.2701,86857.0451,413901.8187,159590.6262,154002.0498,14199.3036,14653.2844,0.0145,-12.0138
2018-04-04,1063068.3763,121165.3307,109954.9751,430491.6071,176871.9763,175859.6609,24098.0189,24626.8073,963068.3763,Profit,101165.3307,89954.9751,415491.6071,161871.9763,165859.6609,14098.0189,14626.8073,0.0201,-10.2452
2018-04-05,1069134.4286,121694.0187,109730.2664,420160.8339,181566.5727,186886.8401,24268.9379,24826.9589,969134.4286,Profit,101694.0187,89730.2664,405160.8339,166566.5727,176886.8401,14268.9379,14826.9589,0.0057,-9.7331
2018-04-06,1038628.276,118461.7662,107075.7622,406275.685,175583.3652,182790.4323,23979.8295,24461.4356,938628.276,Profit,98461.7662,87075.7622,391275.685,160583.3652,172790.4323,13979.8295,14461.4356,-0.0285,-12.3087
2018-04-09,1034526.8355,119312.4793,107419.2153,407351.8135,175207.8165,176418.5455,24193.1557,24623.8098,934526.8355,Profit,99312.4793,87419.2153,392351.8135,160207.8165,166418.5455,14193.1557,14623.8098,-0.0039,-12.655
2018-04-10,1066768.7468,120509.6709,108957.7407,427212.312,177402.8744,183959.8051,24177.6402,24548.7034,966768.7468,Profit,100509.6709,88957.7407,412212.312,162402.8744,173959.8051,14177.6402,14548.7034,0.0312,-9.9328
2018-04-11,1055256.8219,119615.9777,107472.4027,422929.711,175795.2182,181194.4426,23901.6041,24347.4656,955256.8219,Profit,99615.9777,87472.4027,407929.711,160795.2182,171194.4426,13901.6041,14347.4656,-0.0108,-10.9047
2018-04-12,1073536.5727,120898.6252,109591.2859,438999.2356,178607.7541,177238.506,23853.4012,24347.7648,973536.5727,Profit,100898.6252,89591.2859,423999.2356,163607.7541,167238.506,13853.4012,14347.7648,0.0173,-9.3614
2018-04-13,1068855.1806,121335.3204,109011.2996,433222.2418,176438.023,181026.3107,23641.9502,24180.035,968855.1806,Profit,101335.3204,89011.2996,418222.2418,161438.023,171026.3107,13641.9502,14180.035,-0.0044,-9.7566
2018-04-16,1065330.1178,121911.3151,110130.4755,432588.0914,177504.7256,175272.2185,23755.8785,24167.4132,965330.1178,Profit,101911.3151,90130.4755,417588.0914,162504.7256,165272.2185,13755.8785,14167.4132,-0.0033,-10.0543
2018-04-17,1083915.434,123332.1875,112111.5487,442959.9286,184782.498,172781.6475,23723.4163,24224.2073,983915.434,Profit,103332.1875,92111.5487,427959.9286,169782.498,162781.6475,13723.4163,14224.2073,0.0174,-8.4851
2018-04-18,1093500.6147,123659.6209,113101.0986,442940.4772,188660.0137,177051.7925,23887.4883,24200.1235,993500.6147,Profit,103659.6209,93101.0986,427940.4772,173660.0137,167051.7925,13887.4883,14200.1235,0.0088,-7.6758
2018-04-19,1084692.199,120331.9149,112880.5707,429800.5435,192539.1994,181385.8859,23749.3981,24004.6865,984692.199,Profit,100331.9149,92880.5707,414800.5435,177539.1994,171385.8859,13749.3981,14004.6865,-0.0081,-8.4195
2018-04-20,1076378.7459,116264.1302,112415.995,432445.8084,190321.4344,176757.2997,23918.2159,24255.8624,976378.7459,Profit,96264.1302,92415.995,417445.8084,175321.4344,166757.2997,13918.2159,14255.8624,-0.0077,-9.1214
2018-04-23,1070738.3936,116895.651,113761.3428,426821.2436,190681.7236,173997.0832,24125.3879,24455.9615,970738.3936,Profit,96895.651,93761.3428,411821.2436,175681.7236,163997.0832,14125.3879,14455.9615,-0.0052,-9.5976
2018-04-24,1053734.8094,115196.4797,111058.1047,421524.3502,183352.8807,173984.5304,24016.7887,24601.675,953734.8094,Profit,95196.4797,91058.1047,406524.3502,168352.8807,163984.5304,14016.7887,14601.675,-0.0159,-11.0332
2018-04-25,1046355.2409,116082.8078,110444.9634,414225.5277,183948.9791,172835.5981,24074.1658,24743.1989,946355.2409,Profit,96082.8078,90444.9634,399225.5277,168948.9791,162835.5981,14074.1658,14743.1989,-0.007,-11.6563
2018-04-26,1075365.6941,116431.3019,112712.4812,430320.8074,191125.2175,175689.1175,24143.7948,24942.974,975365.6941,Profit,96431.3019,92712.4812,415320.8074,176125.2175,165689.1175,14143.7948,14942.974,0.0277,-9.2069
2018-04-27,1090152.619,115041.807,114534.7414,432281.6125,197930.4435,180908.2681,24460.7213,24995.0252,990152.619,Profit,95041.807,94534.7414,417281.6125,182930.4435,170908.2681,14460.7213,14995.0252,0.0138,-7.9585
2018-04-30,1083936.9039,116934.7245,111605.4293,428866.0378,196791.6529,180504.9985,24279.8615,24954.1994,983936.9039,Profit,96934.7245,91605.4293,413866.0378,181791.6529,170504.9985,14279.8615,14954.1994,-0.0057,-8.4833
2018-05-01,1101082.7933,119941.8062,113643.668,434176.6792,199298.6274,184647.7922,24320.2814,25053.9388,1001082.7933,Profit,99941.8062,93643.668,419176.6792,184298.6274,174647.7922,14320.2814,15053.9388,0.0158,-7.0357
2018-05-02,1100856.1749,125062.7574,111723.5286,432033.5476,197468.2169,185174.5016,24249.4677,25144.1551,1000856.1749,Profit,105062.7574,91723.5286,417033.5476,182468.2169,175174.5016,14249.4677,15144.1551,-0.0002,-7.0548
2018-05-03,1105507.0722,125400.6719,112490.2424,445186.689,197939.4261,175054.9303,24288.0479,25147.0646,1005507.0722,Profit,105400.6719,92490.2424,430186.689,182939.4261,165054.9303,14288.0479,15147.0646,0.0042,-6.6621
2018-05-04,1130448.3504,130329.8642,113782.8383,456723.6866,199040.765,180973.7883,24353.6895,25243.7184,1030448.3504,Profit,110329.8642,93782.8383,441723.6866,184040.765,170973.7883,14353.6895,15243.7184,0.0226,-4.5563
2018-05-07,1159332.408,131292.9268,115076.4639,475236.9984,201503.7682,186358.9536,24516.2015,25347.0956,1059332.408,Profit,111292.9268,95076.4639,460236.9984,186503.7682,176358.9536,14516.2015,15347.0956,0.0256,-2.1176
2018-05-08,1170105.5062,132947.8485,115470.0941,482222.0777,202071.0608,187296.3323,24617.6365,25480.4563,1070105.5062,Profit,112947.8485,95470.0941,467222.0777,187071.0608,177296.3323,14617.6365,15480.4563,0.0093,-1.2081
2018-05-09,1178592.1101,132765.0502,115866.474,488482.1136,202367.6396,188752.791,24727.7878,25630.254,1078592.1101,Profit,112765.0502,95866.474,473482.1136,187367.6396,178752.791,14727.7878,15630.254,0.0073,-0.4915
2018-05-10,1182112.3123,133814.2468,116286.8242,493653.7138,201227.6724,186444.943,24911.2673,25773.6448,1082112.3123,Profit,113814.2468,96286.8242,478653.7138,186227.6724,176444.943,14911.2673,15773.6448,0.003,-0.1943
2018-05-11,1168053.0186,133355.4163,116075.2453,483191.1636,200570.121,184082.0032,24948.0936,25830.9755,1068053.0186,Profit,113355.4163,96075.2453,468191.1636,185570.121,174082.0032,14948.0936,15830.9755,-0.0119,-1.3814
2018-05-14,1163783.055,132999.2426,116430.2383,484623.6602,200284.7391,178468.0807,25048.849,25928.2451,1063783.055,Profit,112999.2426,96430.2383,469623.6602,185284.7391,168468.0807,15048.849,15928.2451,-0.0037,-1.7419
2018-05-15,1144111.2266,132826.5758,116505.3186,469737.4267,198664.1062,175079.1317,25169.7361,26128.9315,1044111.2266,Profit,112826.5758,96505.3186,454737.4267,183664.1062,165079.1317,15169.7361,16128.9315,-0.0169,-3.4028
2018-05-16,1143757.1452,133376.9556,116195.3761,468153.6417,199029.7188,175578.3526,25220.973,26202.1274,1043757.1452,Profit,113376.9556,96195.3761,453153.6417,184029.7188,165578.3526,15220.973,16202.1274,-0.0003,-3.4327
2018-05-17,1142314.8625,132450.8595,114962.5465,471100.5227,198213.6894,174279.8342,25131.1806,26176.2296,1042314.8625,Profit,112450.8595,94962.5465,456100.5227,183213.6894,164279.8342,15131.1806,16176.2296,-0.0013,-3.5544
2018-05-18,1139554.2034,132781.4089,115889.6863,470617.1204,198505.172,170598.3373,24998.1797,26164.2988,1039554.2034,Profit,112781.4089,95889.6863,455617.1204,183505.172,160598.3373,14998.1797,16164.2988,-0.0024,-3.7875
2018-05-21,1145147.915,133727.3197,117378.3233,467350.1325,199903.4598,175324.8772,25215.192,26248.6105,1045147.915,Profit,113727.3197,97378.3233,452350.1325,184903.4598,165324.8772,15215.192,16248.6105,0.0049,-3.3152
2018-05-22,1127452.8609,132422.2554,116403.1717,461013.2517,197936.366,168245.6537,25228.8786,26203.2838,1027452.8609,Profit,112422.2554,96403.1717,446013.2517,182936.366,158245.6537,15228.8786,16203.2838,-0.0155,-4.8092
2018-05-23,1151988.5464,134205.1227,118620.81,473821.972,201908.5378,171931.5501,25256.3901,26244.1637,1051988.5464,Profit,114205.1227,98620.81,458821.972,186908.5378,161931.5501,15256.3901,16244.1637,0.0218,-2.7377
2018-05-24,1151800.6798,134206.9059,118333.7333,474667.2657,202296.4464,171378.7231,24660.4324,26257.1732,1051800.6798,Profit,114206.9059,98333.7333,459667.2657,187296.4464,161378.7231,14660.4324,16257.1732,-0.0002,-2.7535
2018-05-25,1163909.4173,135384.2522,119156.2802,480747.1363,204498.1511,173103.2483,24535.5402,26484.8089,1063909.4173,Profit,115384.2522,99156.2802,465747.1363,189498.1511,163103.2483,14535.5402,16484.8089,0.0105,-1.7312
2018-05-29,1168211.7592,135364.1723,119154.6961,481125.1771,205569.8913,176775.5009,24103.8541,26118.4673,1068211.7592,Profit,115364.1723,99154.6961,466125.1771,190569.8913,166775.5009,14103.8541,16118.4673,0.0037,-1.368
2018-05-30,1173523.348,133809.4086,119161.29,485008.7251,205145.4199,180017.8567,24132.6456,26248.002,1073523.348,Profit,113809.4086,99161.29,470008.7251,190145.4199,170017.8567,14132.6456,16248.002,0.0045,-0.9195
2018-05-31,1172245.0519,133882.2342,119496.0699,485389.8877,206556.1811,176399.1959,24344.6243,26176.8588,1072245.0519,Profit,113882.2342,99496.0699,470389.8877,191556.1811,166399.1959,14344.6243,16176.8588,-0.0011,-1.0274
2018-06-01,1194680.9217,136471.6753,122000.9198,496456.9308,208324.1656,181015.3871,24413.7222,25998.121,1094680.9217,Profit,116471.6753,102000.9198,481456.9308,193324.1656,171015.3871,14413.7222,15998.121,0.0191,0.0
2018-06-04,1213859.0596,137232.3313,122727.7658,508996.7541,210748.8243,183556.112,24595.8003,26001.4718,1113859.0596,Profit,117232.3313,102727.7658,493996.7541,195748.8243,173556.112,14595.8003,16001.4718,0.0161,0.0
2018-06-05,1222488.5209,138978.6521,123988.9994,511984.0987,215761.5536,180991.3508,24723.3001,26060.5662,1122488.5209,Profit,118978.6521,103988.9994,496984.0987,200761.5536,170991.3508,14723.3001,16060.5662,0.0071,0.0
2018-06-06,1233575.9799,138607.1029,123592.1142,508986.7883,214357.2297,197405.2455,24606.4738,26021.0255,1133575.9799,Profit,118607.1029,103592.1142,493986.7883,199357.2297,187405.2455,14606.4738,16021.0255,0.0091,0.0
2018-06-07,1229552.6104,138863.9022,122185.1654,506948.8982,214517.5756,196190.9868,24693.2666,26152.8156,1129552.6104,Profit,118863.9022,102185.1654,491948.8982,199517.5756,186190.9868,14693.2666,16152.8156,-0.0033,-0.3262
2018-06-08,1227531.7199,137503.5254,123000.0438,505348.0633,213678.4299,197012.8421,24887.3145,26101.5011,1127531.7199,Profit,117503.5254,103000.0438,490348.0633,198678.4299,187012.8421,14887.3145,16101.5011,-0.0016,-0.49
2018-06-11,1235659.4824,137485.4492,122589.6912,503346.7945,214841.9579,206461.4576,24865.5388,26068.5931,1135659.4824,Profit,117485.4492,102589.6912,488346.7945,199841.9579,196461.4576,14865.5388,16068.5931,0.0066,0.0
2018-06-12,1249513.5359,138341.4509,123013.1107,507577.2851,216249.7373,213274.9329,24866.6507,26190.3684,1149513.5359,Profit,118341.4509,103013.1107,492577.2851,201249.7373,203274.9329,14866.6507,16190.3684,0.0112,0.0
2018-06-13,1248117.0597,137061.6706,122300.4591,506594.8714,216760.5068,214261.6257,24853.2705,26284.6556,1148117.0597,Profit,117061.6706,102300.4591,491594.8714,201760.5068,204261.6257,14853.2705,16284.6556,-0.0011,-0.1118
2018-06-14,1273983.2564,137809.3326,123603.3992,517846.0421,220256.238,223398.8679,24773.1672,26296.2094,1173983.2564,Profit,117809.3326,103603.3992,502846.0421,205256.238,213398.8679,14773.1672,16296.2094,0.0207,0.0
2018-06-15,1278752.3075,137693.9469,123202.3392,519590.5409,221347.8934,225822.0957,24913.2076,26182.2839,1178752.3075,Profit,117693.9469,103202.3392,504590.5409,206347.8934,215822.0957,14913.2076,16182.2839,0.0037,0.0
2018-06-18,1291426.162,137948.4656,124383.944,520495.7495,222879.732,234354.1248,25005.36,26358.7862,1191426.162,Profit,117948.4656,104383.944,505495.7495,207879.732,224354.1248,15005.36,16358.7862,0.0099,0.0
2018-06-19,1275399.2644,136408.7184,125024.3207,513419.1168,225455.4857,223948.4293,24855.5416,26287.6519,1175399.2644,Profit,116408.7184,105024.3207,498419.1168,210455.4857,213948.4293,14855.5416,16287.6519,-0.0124,-1.241
2018-06-20,1292326.129,137256.9913,126519.4007,518628.479,227872.2034,230524.6639,24970.6646,26553.726,1192326.129,Profit,117256.9913,106519.4007,503628.479,212872.2034,220524.6639,14970.6646,16553.726,0.0133,0.0
2018-06-21,1269442.0383,136599.1024,125694.9292,508686.613,225438.7363,221312.2268,25051.5542,26658.8765,1169442.0383,Profit,116599.1024,105694.9292,493686.613,210438.7363,211312.2268,15051.5542,16658.8765,-0.0177,-1.7708
2018-06-22,1245304.6165,136176.3984,124778.8586,496427.0334,223509.3566,212441.1133,25256.3383,26715.5179,1145304.6165,Profit,116176.3984,104778.8586,481427.0334,208509.3566,202441.1133,15256.3383,16715.5179,-0.019,-3.6385
2018-06-25,1208923.911,134095.4339,122215.7606,472842.6201,216585.8941,211966.9693,24816.564,26400.669,1108923.911,Profit,114095.4339,102215.7606,457842.6201,201585.8941,201966.9693,14816.564,16400.669,-0.0292,-6.4537
2018-06-26,1226802.2132,135789.0936,123099.8366,478646.4495,220274.0819,217738.0355,24773.0976,26481.6185,1126802.2132,Profit,115789.0936,103099.8366,463646.4495,205274.0819,207738.0355,14773.0976,16481.6185,0.0148,-5.0702
2018-06-27,1209426.3912,135593.855,121196.9699,466270.1618,216307.118,219346.4919,24513.8322,26197.9624,1109426.3912,Profit,115593.855,101196.9699,451270.1618,201307.118,209346.4919,14513.8322,16197.9624,-0.0142,-6.4148
2018-06-28,1227299.3723,136185.8142,122183.6952,475016.5497,220973.9502,222134.0821,24571.7152,26233.5658,1127299.3723,Profit,116185.8142,102183.6952,460016.5497,205973.9502,212134.0821,14571.7152,16233.5658,0.0148,-5.0318
2018-06-29,1206096.4887,134881.0056,121246.5627,463735.7217,219112.3218,216078.0544,24663.4578,26379.3648,1106096.4887,Profit,114881.0056,101246.5627,448735.7217,204112.3218,206078.0544,14663.4578,16379.3648,-0.0173,-6.6724
2018-07-02,1216261.8242,136394.0092,122972.9952,474171.6162,220914.41,211113.5131,24516.1693,26179.1112,1116261.8242,Profit,116394.0092,102972.9952,459171.6162,205914.41,201113.5131,14516.1693,16179.1112,0.0084,-5.8858
2018-07-03,1183363.7075,133862.3067,121658.9318,463116.3399,218127.3613,195651.581,24686.9271,26260.2595,1083363.7075,Profit,113862.3067,101658.9318,448116.3399,203127.3613,185651.581,14686.9271,16260.2595,-0.027,-8.4315
2018-07-05,1194346.4679,134699.3172,122296.1734,473735.1613,218454.3749,194212.1178,24753.0839,26196.2394,1094346.4679,Profit,114699.3172,102296.1734,458735.1613,203454.3749,184212.1178,14753.0839,16196.2394,0.0093,-7.5817
2018-07-06,1206293.0005,136302.3121,123783.0655,481840.6149,219453.3771,193693.4396,24917.0711,26303.1202,1106293.0005,Profit,116302.3121,103783.0655,466840.6149,204453.3771,183693.4396,14917.0711,16303.1202,0.01,-6.6572
2018-07-09,1221976.9106,138121.9043,124553.4408,485241.9613,222959.2852,199597.7208,25032.0993,26470.4988,1121976.9106,Profit,118121.9043,104553.4408,470241.9613,207959.2852,189597.7208,15032.0993,16470.4988,0.013,-5.4436
2018-07-10,1235817.6953,138244.4299,125161.4695,494084.8856,223956.308,202511.3202,25222.3403,26636.9418,1135817.6953,Profit,118244.4299,105161.4695,479084.8856,208956.308,192511.3202,15222.3403,16636.9418,0.0113,-4.3726
2018-07-11,1223860.6637,136710.7035,125228.5427,483925.8727,225935.8028,200703.8342,24915.2754,26440.6323,1123860.6637,Profit,116710.7035,105228.5427,468925.8727,210935.8028,190703.8342,14915.2754,16440.6323,-0.0097,-5.2978
2018-07-12,1241983.314,139188.7758,128091.8023,491683.3631,231557.7069,199515.3415,25258.3744,26687.95,1141983.314,Profit,119188.7758,108091.8023,476683.3631,216557.7069,189515.3415,15258.3744,16687.95,0.0148,-3.8955
2018-07-13,1243769.6311,139447.7619,129682.712,488125.9856,233761.4537,200952.3502,25257.8885,26541.4791,1143769.6311,Profit,119447.7619,109682.712,473125.9856,218761.4537,190952.3502,15257.8885,16541.4791,0.0014,-3.7573
2018-07-16,1233393.3707,138791.8791,128707.2568,484686.0366,234374.5835,194920.6889,25343.0717,26569.854,1133393.3707,Profit,118791.8791,108707.2568,469686.0366,219374.5835,184920.6889,15343.0717,16569.854,-0.0083,-4.5602
2018-07-17,1260992.437,139708.7471,130431.484,497273.1075,238034.3296,203607.0698,25354.7147,26582.9844,1160992.437,Profit,119708.7471,110431.484,482273.1075,223034.3296,193607.0698,15354.7147,16582.9844,0.0224,-2.4246
2018-07-18,1257551.2613,139112.778,129632.9694,494036.2572,238210.6397,204602.1025,25315.6832,26640.8313,1157551.2613,Profit,119112.778,109632.9694,479036.2572,223210.6397,194602.1025,15315.6832,16640.8313,-0.0027,-2.6909
2018-07-19,1256738.6292,140739.8628,129229.3395,496596.1522,235244.5164,203096.8104,25199.1575,26632.7904,1156738.6292,Profit,120739.8628,109229.3395,481596.1522,220244.5164,193096.8104,15199.1575,16632.7904,-0.0006,-2.7538
2018-07-20,1242093.3155,139223.0557,130371.1105,490125.0931,233332.9511,197183.1486,25274.7647,26583.1917,1142093.3155,Profit,119223.0557,110371.1105,475125.0931,218332.9511,187183.1486,15274.7647,16583.1917,-0.0117,-3.887
2018-07-23,1234691.8196,139501.0143,132655.3257,487743.8624,232074.7063,190859.1621,25308.3083,26549.4405,1134691.8196,Profit,119501.0143,112655.3257,472743.8624,217074.7063,180859.1621,15308.3083,16549.4405,-0.006,-4.4597
2018-07-24,1234062.6169,140505.0392,132279.07,486400.9982,235600.7783,187241.9079,25421.2898,26613.5334,1134062.6169,Profit,120505.0392,112279.07,471400.9982,220600.7783,177241.9079,15421.2898,16613.5334,-0.0005,-4.5084
2018-07-25,1251080.5401,141085.2832,135453.3178,490025.2547,238768.7441,193342.6062,25432.3938,26972.9402,1151080.5401,Profit,121085.2832,115453.3178,475025.2547,223768.7441,183342.6062,15432.3938,16972.9402,0.0138,-3.1916
2018-07-26,1244114.0488,140409.7123,133734.2303,494928.3782,231236.8253,191695.6875,25375.342,26733.8733,1144114.0488,Profit,120409.7123,113734.2303,479928.3782,216236.8253,181695.6875,15375.342,16733.8733,-0.0056,-3.7306
2018-07-27,1229059.2928,138050.6883,131347.4327,489349.8003,232369.0571,185733.3646,25389.1898,26819.76,1129059.2928,Profit,118050.6883,111347.4327,474349.8003,217369.0571,175733.3646,15389.1898,16819.76,-0.0121,-4.8956
2018-07-30,1197333.8942,136828.215,128142.9861,472544.486,226789.607,180783.2853,25420.1514,26825.1635,1097333.8942,Profit,116828.215,108142.9861,457544.486,211789.607,170783.2853,15420.1514,16825.1635,-0.0258,-7.3505
2018-07-31,1204364.9348,137059.8405,128901.62,473829.4764,226493.1182,185691.4142,25480.3386,26909.127,1104364.9348,Profit,117059.8405,108901.62,458829.4764,211493.1182,175691.4142,15480.3386,16909.127,0.0059,-6.8064
2018-08-01,1218802.1379,144980.1688,128995.1405,476400.2978,228743.3521,187157.1458,25562.2536,26963.7792,1118802.1379,Profit,124980.1688,108995.1405,461400.2978,213743.3521,177157.1458,15562.2536,16963.7792,0.012,-5.6893
2018-08-02,1268658.1342,149347.9864,130726.9814,484836.5445,233688.5474,217655.1682,25468.7029,26934.2035,1168658.1342,Profit,129347.9864,110726.9814,469836.5445,218688.5474,207655.1682,15468.7029,16934.2035,0.0409,-1.8314
2018-08-03,1267290.2058,149422.6678,130997.8012,486530.4338,231728.774,216285.029,25459.7402,26865.7599,1167290.2058,Profit,129422.6678,110997.8012,471530.4338,216728.774,206285.029,15459.7402,16865.7599,-0.0011,-1.9373
2018-08-06,1271153.335,150203.1152,131109.3175,490242.1014,234837.4875,212445.9722,25427.5519,26887.7893,1171153.335,Profit,130203.1152,111109.3175,475242.1014,219837.4875,202445.9722,15427.5519,16887.7893,0.003,-1.6383
2018-08-07,1304847.3146,149241.9602,132379.5221,497405.2447,237438.8694,236517.9849,25165.0496,26698.6838,1204847.3146,Profit,129241.9602,112379.5221,482405.2447,222438.8694,226517.9849,15165.0496,16698.6838,0.0265,0.0
2018-08-08,1309287.6558,149675.6614,133439.517,501368.219,241039.1772,231279.8363,25463.7245,27021.5204,1209287.6558,Profit,129675.6614,113439.517,486368.219,226039.1772,221279.8363,15463.7245,17021.5204,0.0034,0.0
2018-08-09,1296345.9663,150721.5121,133543.4487,497100.2065,242349.3873,219905.6564,25581.5344,27144.221,1196345.9663,Profit,130721.5121,113543.4487,482100.2065,227349.3873,209905.6564,15581.5344,17144.221,-0.0099,-0.9885
2018-08-10,1298781.6638,151118.5307,133437.1319,496644.3603,242137.4599,223043.4698,25389.2877,27011.4234,1198781.6638,Profit,131118.5307,113437.1319,481644.3603,227137.4599,213043.4698,15389.2877,17011.4234,0.0019,-0.8024
2018-08-13,1305568.3286,152338.4396,132758.0399,500082.4481,243835.2222,224013.5619,25449.6885,27090.9283,1205568.3286,Profit,132338.4396,112758.0399,485082.4481,228835.2222,214013.5619,15449.6885,17090.9283,0.0052,-0.2841
2018-08-14,1311469.9688,152430.0687,133886.2277,508557.3575,245929.8894,217686.0084,25647.8755,27332.5416,1211469.9688,Profit,132430.0687,113886.2277,493557.3575,230929.8894,207686.0084,15647.8755,17332.5416,0.0045,0.0
2018-08-15,1299599.9785,153375.1982,132599.7962,505947.9336,242125.8088,212907.8433,25471.0171,27172.3813,1199599.9785,Profit,133375.1982,112599.7962,490947.9336,227125.8088,202907.8433,15471.0171,17172.3813,-0.0091,-0.9051
2018-08-16,1298693.6846,155785.7876,132716.1386,503293.2433,242885.9377,211095.8142,25573.7941,27342.969,1198693.6846,Profit,135785.7876,112716.1386,488293.2433,227885.9377,201095.8142,15573.7941,17342.969,-0.0007,-0.9742
2018-08-17,1251687.3335,158033.9824,131925.2117,476080.551,241024.1096,191211.2945,25859.5895,27552.5947,1151687.3335,Profit,138033.9824,111925.2117,461080.551,226024.1096,181211.2945,15859.5895,17552.5947,-0.0362,-4.5584
2018-08-20,1254810.5514,156306.4065,130867.3881,481362.9159,240024.5925,192815.3011,25883.1001,27550.8472,1154810.5514,Profit,136306.4065,110867.3881,466362.9159,225024.5925,182815.3011,15883.1001,17550.8472,0.0025,-4.3203
2018-08-21,1270288.3083,155660.3197,129470.8625,490874.6308,240348.0977,200782.5676,25684.8627,27466.9674,1170288.3083,Profit,135660.3197,109470.8625,475874.6308,225348.0977,190782.5676,15684.8627,17466.9674,0.0123,-3.1401
2018-08-22,1291315.9053,155427.6102,130620.9722,508512.1511,242716.2646,200312.9093,26142.0566,27583.9413,1191315.9053,Profit,135427.6102,110620.9722,493512.1511,227716.2646,190312.9093,16142.0566,17583.9413,0.0166,-1.5368
2018-08-23,1303019.3201,156303.6284,131717.5829,518149.1591,243336.9458,200073.3648,26010.5734,27428.0657,1203019.3201,Profit,136303.6284,111717.5829,503149.1591,228336.9458,190073.3648,16010.5734,17428.0657,0.0091,-0.6444
2018-08-24,1314409.8436,156473.3177,132436.1522,527517.5703,243151.745,201356.1007,26038.7699,27436.1879,1214409.8436,Profit,136473.3177,112436.1522,512517.5703,228151.745,191356.1007,16038.7699,17436.1879,0.0087,0.0
2018-08-27,1320376.9445,157146.4789,133421.0348,532618.3291,245052.7027,198378.6176,26153.8619,27605.9196,1220376.9445,Profit,137146.4789,113421.0348,517618.3291,230052.7027,188378.6176,16153.8619,17605.9196,0.0045,0.0
2018-08-28,1308691.8634,157578.9577,133508.1103,526876.4559,244400.5785,192744.8143,26031.6668,27551.28,1208691.8634,Profit,137578.9577,113508.1103,511876.4559,229400.5785,182744.8143,16031.6668,17551.28,-0.0088,-0.885
2018-08-29,1327144.3541,160098.708,135796.7131,535586.3424,252928.919,188715.1899,26276.5843,27741.8975,1227144.3541,Profit,140098.708,115796.7131,520586.3424,237928.919,178715.1899,16276.5843,17741.8975,0.0141,0.0
2018-08-30,1331291.59,162187.0329,136223.1378,536292.7149,254431.1901,188275.1231,26314.4915,27567.8997,1231291.59,Profit,142187.0329,116223.1378,521292.7149,239431.1901,178275.1231,16314.4915,17567.8997,0.0031,0.0
2018-08-31,1346726.7653,165011.3703,137441.8399,544964.7794,257222.7614,188432.5825,26063.6252,27589.8064,1246726.7653,Profit,145011.3703,117441.8399,529964.7794,242222.7614,178432.5825,16063.6252,17589.8064,0.0116,0.0
2018-09-04,1360457.9433,167166.5377,138035.0189,556231.6793,263183.3636,182248.4858,26071.7237,27521.1343,1260457.9433,Profit,147166.5377,118035.0189,541231.6793,248183.3636,172248.4858,16071.7237,17521.1343,0.0102,0.0
2018-09-05,1334542.4381,166099.2228,134064.4498,545972.1677,257473.7772,177110.8245,26072.2156,27749.7805,1234542.4381,Profit,146099.2228,114064.4498,530972.1677,242473.7772,167110.8245,16072.2156,17749.7805,-0.019,-1.9049
2018-09-06,1316930.8025,163371.5989,134403.1728,534949.4305,252818.8996,177283.6359,26209.6892,27894.3757,1216930.8025,Profit,143371.5989,114403.1728,519949.4305,237818.8996,167283.6359,16209.6892,17894.3757,-0.0132,-3.1994
2018-09-07,1298715.0043,161771.1591,133528.8028,532295.7607,251554.6892,165805.7605,25980.1678,27778.664,1198715.0043,Profit,141771.1591,113528.8028,517295.7607,236554.6892,155805.7605,15980.1678,17778.664,-0.0138,-4.5384
2018-09-10,1315885.9975,159582.7278,134959.5462,537905.5568,249852.7234,179812.9276,26028.7124,27743.8033,1215885.9975,Profit,139582.7278,114959.5462,522905.5568,234852.7234,169812.9276,16028.7124,17743.8033,0.0132,-3.2762
2018-09-11,1318704.1112,163352.0727,137015.0716,533199.9488,255627.8841,175702.0723,26105.7912,27701.2706,1218704.1112,Profit,143352.0727,117015.0716,518199.9488,240627.8841,165702.0723,16105.7912,17701.2706,0.0021,-3.0691
2018-09-12,1303034.4421,159762.3233,136275.8108,519114.3428,253520.4732,180915.8687,25952.2108,27493.4124,1203034.4421,Profit,139762.3233,116275.8108,504114.3428,238520.4732,170915.8687,15952.2108,17493.4124,-0.0119,-4.2209
2018-09-13,1311954.4573,163396.3434,137542.5786,524530.1656,253172.7632,180007.9164,25842.3527,27462.3374,1211954.4573,Profit,143396.3434,117542.5786,509530.1656,238172.7632,170007.9164,15842.3527,17462.3374,0.0068,-3.5652
2018-09-14,1325256.6435,162000.382,138494.9972,535874.6308,251363.1803,184086.2808,25875.4954,27561.677,1225256.6435,Profit,142000.382,118494.9972,520874.6308,236363.1803,174086.2808,15875.4954,17561.677,0.0101,-2.5875
2018-09-17,1305233.7557,157504.5812,136859.9889,530458.5678,243171.114,183664.2788,25952.5338,27622.6911,1205233.7557,Profit,137504.5812,116859.9889,515458.5678,228171.114,173664.2788,15952.5338,17622.6911,-0.0151,-4.0592
2018-09-18,1297004.0475,157443.7501,137868.5643,523705.1638,246866.3481,177141.2987,26123.3639,27855.5586,1197004.0475,Profit,137443.7501,117868.5643,508705.1638,231866.3481,167141.2987,16123.3639,17855.5586,-0.0063,-4.6642
2018-09-19,1299620.2826,156993.8029,135561.2906,523752.8317,244157.0593,185238.2993,26162.7987,27754.2002,1199620.2826,Profit,136993.8029,115561.2906,508752.8317,229157.0593,175238.2993,16162.7987,17754.2002,0.002,-4.4719
2018-09-20,1290085.2973,157660.8729,137373.2545,511086.3945,245623.7993,184211.3283,26262.2379,27867.4098,1190085.2973,Profit,137660.8729,117373.2545,496086.3945,230623.7993,174211.3283,16262.2379,17867.4098,-0.0073,-5.1727
2018-09-21,1281428.3339,156099.9853,138336.5947,506084.8135,242129.7989,184843.9006,26132.5275,27800.7134,1181428.3339,Profit,136099.9853,118336.5947,491084.8135,227129.7989,174843.9006,16132.5275,17800.7134,-0.0067,-5.809
2018-09-24,1293044.8306,158584.3036,139019.3911,511157.0557,244936.1539,185475.0878,26158.812,27714.0265,1193044.8306,Profit,138584.3036,119019.3911,496157.0557,229936.1539,175475.0878,16158.812,17714.0265,0.0091,-4.9552
2018-09-25,1306075.0246,159745.3265,138890.1226,516885.9014,250276.4489,186472.776,26224.0298,27580.4195,1206075.0246,Profit,139745.3265,118890.1226,501885.9014,235276.4489,176472.776,16224.0298,17580.4195,0.0101,-3.9974
2018-09-26,1309297.4506,158806.1941,138636.7633,515101.8395,250836.4465,192194.8007,26128.6592,27592.7472,1209297.4506,Profit,138806.1941,118636.7633,500101.8395,235836.4465,182194.8007,16128.6592,17592.7472,0.0025,-3.7605
2018-09-27,1324631.0745,162948.1019,139882.4121,518802.5807,257058.9326,191945.2728,26279.2117,27714.5627,1224631.0745,Profit,142948.1019,119882.4121,503802.5807,242058.9326,181945.2728,16279.2117,17714.5627,0.0117,-2.6334
2018-09-28,1313449.1438,162268.7839,138773.9041,541032.7831,253823.6951,163995.0305,26061.3827,27493.5643,1213449.1438,Profit,142268.7839,118773.9041,526032.7831,238823.6951,153995.0305,16061.3827,17493.5643,-0.0084,-3.4554
2018-10-01,1346187.5973,161558.2058,138747.7304,550991.6391,251209.8298,190332.5101,26000.2815,27347.4006,1246187.5973,Profit,141558.2058,118747.7304,535991.6391,236209.8298,180332.5101,16000.2815,17347.4006,0.0249,-1.0489
2018-10-02,1332447.4356,163178.3712,138337.4766,546108.5674,247337.7844,184604.5571,25817.2792,27063.3997,1232447.4356,Profit,143178.3712,118337.4766,531108.5674,232337.7844,174604.5571,15817.2792,17063.3997,-0.0102,-2.0589
2018-10-03,1330271.7246,165363.1071,138525.0082,547224.5591,245297.0814,181001.3342,25837.2884,27023.3462,1230271.7246,Profit,145363.1071,118525.0082,532224.5591,230297.0814,171001.3342,15837.2884,17023.3462,-0.0016,-2.2188
2018-10-04,1303387.4641,163319.4798,136364.03,535817.9577,241123.9423,173955.5849,25896.5237,26909.9457,1203387.4641,Profit,143319.4798,116364.03,520817.9577,226123.9423,163955.5849,15896.5237,16909.9457,-0.0202,-4.1949
2018-10-05,1270419.1196,161131.276,135974.5456,519198.7521,239293.2988,162135.5534,25812.6427,26873.051,1170419.1196,Profit,141131.276,115974.5456,504198.7521,224293.2988,152135.5534,15812.6427,16873.051,-0.0253,-6.6183
2018-10-08,1250108.4434,160743.3752,134399.5902,511328.5759,236098.3323,155085.9356,25702.3592,26750.275,1150108.4434,Profit,140743.3752,114399.5902,496328.5759,221098.3323,145085.9356,15702.3592,16750.275,-0.016,-8.1112
2018-10-09,1264913.2361,163327.753,136417.9285,512047.5558,237376.4317,163026.6322,25724.0075,26992.9276,1164913.2361,Profit,143327.753,116417.9285,497047.5558,222376.4317,153026.6322,15724.0075,16992.9276,0.0118,-7.023
2018-10-10,1194767.8633,156088.4507,129263.2787,474764.0422,223235.9586,159685.7414,25161.5054,26568.8863,1094767.8633,Profit,136088.4507,109263.2787,459764.0422,208235.9586,149685.7414,15161.5054,16568.8863,-0.0555,-12.179
2018-10-11,1168356.0043,155249.1902,129404.0,455953.737,219445.6377,157350.2829,24801.2287,26151.9279,1068356.0043,Profit,135249.1902,109404.0,440953.737,204445.6377,147350.2829,14801.2287,16151.9279,-0.0221,-14.1204
2018-10-12,1212884.4653,160709.7124,133846.9332,477853.9867,228161.6028,161350.0575,24791.3673,26170.8054,1112884.4653,Profit,140709.7124,113846.9332,462853.9867,213161.6028,151350.0575,14791.3673,16170.8054,0.0381,-10.8473
2018-10-15,1178924.1018,156821.7625,131061.0681,454863.6804,223978.1341,161383.1083,24712.1841,26104.1643,1078924.1018,Profit,136821.7625,111061.0681,439863.6804,208978.1341,151383.1083,14712.1841,16104.1643,-0.028,-13.3436
2018-10-16,1220330.1804,159592.2023,134606.4469,473069.6127,230503.8302,171223.5531,24972.542,26361.9932,1120330.1804,Profit,139592.2023,114606.4469,458069.6127,215503.8302,161223.5531,14972.542,16361.9932,0.0351,-10.3
2018-10-17,1217623.5698,159606.7402,134834.7702,469760.3,232998.6895,168974.7587,25063.7605,26384.5507,1117623.5698,Profit,139606.7402,114834.7702,454760.3,217998.6895,158974.7587,15063.7605,16384.5507,-0.0022,-10.499
2018-10-18,1196721.1538,156626.1228,132775.9938,465155.4308,226330.1723,164876.9442,24811.9218,26144.5682,1096721.1538,Profit,136626.1228,112775.9938,450155.4308,211330.1723,154876.9442,14811.9218,16144.5682,-0.0172,-12.0354
2018-10-19,1179812.2268,159582.289,133445.0162,446610.8407,226286.6904,163018.5651,24825.0472,26043.7781,1079812.2268,Profit,139582.289,113445.0162,431610.8407,211286.6904,153018.5651,14825.0472,16043.7781,-0.0141,-13.2783
2018-10-22,1189689.151,160562.745,134682.9345,450677.0754,229545.796,163627.3237,24680.0421,25913.2342,1089689.151,Profit,140562.745,114682.9345,435677.0754,214545.796,153627.3237,14680.0421,15913.2342,0.0084,-12.5523
2018-10-23,1187190.8383,161985.6282,132745.5204,430632.3893,226781.8637,184339.7562,24731.4115,25974.2691,1087190.8383,Profit,141985.6282,112745.5204,415632.3893,211781.8637,174339.7562,14731.4115,15974.2691,-0.0021,-12.7359
2018-10-24,1108501.9174,155612.5014,124969.1318,386384.0883,212258.827,179852.646,23947.8963,25476.8267,1008501.9174,Profit,135612.5014,104969.1318,371384.0883,197258.827,169852.646,13947.8963,15476.8267,-0.0663,-18.5199
2018-10-25,1171257.5249,159587.6856,132726.2891,404247.5806,228125.1672,196994.3466,24034.2842,25542.1716,1071257.5249,Profit,139587.6856,112726.2891,389247.5806,213125.1672,186994.3466,14034.2842,15542.1716,0.0566,-13.9071
2018-10-26,1143218.9146,157443.6516,131413.3114,386550.9858,210801.1263,207536.2069,23979.7725,25493.8601,1043218.9146,Profit,137443.6516,111413.3114,371550.9858,195801.1263,197536.2069,13979.7725,15493.8601,-0.0239,-15.9681
2018-10-29,1101641.7959,154621.0528,127711.192,362188.0978,197630.8084,210189.5198,23823.3966,25477.7284,1001641.7959,Profit,134621.0528,107711.192,347188.0978,182630.8084,200189.5198,13823.3966,15477.7284,-0.0364,-19.0242
2018-10-30,1133754.4433,155551.4873,127693.7505,396514.5845,196754.074,207303.33,24228.1881,25709.0289,1033754.4433,Profit,135551.4873,107693.7505,381514.5845,181754.074,197303.33,14228.1881,15709.0289,0.0291,-16.6638
2018-10-31,1171029.9299,159718.5102,131563.8526,412091.7616,205584.3794,212111.5099,24274.6424,25685.2739,1071029.9299,Profit,139718.5102,111563.8526,397091.7616,190584.3794,202111.5099,14274.6424,15685.2739,0.0329,-13.9238
2018-11-01,1194874.3839,161496.828,129913.3285,424584.9976,213390.4127,215598.5132,24298.1093,25592.1947,1094874.3839,Profit,141496.828,109913.3285,409584.9976,198390.4127,205598.5132,14298.1093,15592.1947,0.0204,-12.1712
2018-11-02,1181157.9293,150993.1285,130387.5672,418937.6196,213667.5853,217214.1539,24266.2279,25691.6468,1081157.9293,Profit,130993.1285,110387.5672,403937.6196,198667.5853,207214.1539,14266.2279,15691.6468,-0.0115,-13.1794
2018-11-05,1163682.3854,146604.4685,131984.931,412480.4286,208683.8635,213925.649,24232.9539,25770.0909,1063682.3854,Profit,126604.4685,111984.931,397480.4286,193683.8635,203925.649,14232.9539,15770.0909,-0.0148,-14.4639
2018-11-06,1168815.2346,148559.958,132593.8026,412163.9838,211154.9272,214267.1306,24242.8261,25832.6063,1068815.2346,Profit,128559.958,112593.8026,397163.9838,196154.9272,204267.1306,14242.8261,15832.6063,0.0044,-14.0866
2018-11-07,1199924.44,152670.7111,137453.6204,416435.1181,225053.7136,218161.8677,24309.8841,25839.5251,1099924.44,Profit,132670.7111,117453.6204,401435.1181,210053.7136,208161.8677,14309.8841,15839.5251,0.0266,-11.8
2018-11-08,1187552.3493,152349.1553,137374.0396,401803.9735,225288.585,220494.7352,24416.8172,25825.0435,1087552.3493,Profit,132349.1553,117374.0396,386803.9735,210288.585,210494.7352,14416.8172,15825.0435,-0.0103,-12.7094
2018-11-09,1183086.1767,150469.9686,135644.433,403989.3098,221377.3982,221478.5931,24316.116,25810.3581,1083086.1767,Profit,130469.9686,115644.433,388989.3098,206377.3982,211478.5931,14316.116,15810.3581,-0.0038,-13.0377
2018-11-12,1117987.506,142886.8367,132279.7342,372269.2452,211606.6616,209327.616,24114.6162,25502.796,1017987.506,Profit,122886.8367,112279.7342,357269.2452,196606.6616,199327.616,14114.6162,15502.796,-0.055,-17.8227
2018-11-13,1143072.5148,141835.4792,132721.567,392488.2732,211431.2462,214602.6695,24250.0473,25743.2325,1043072.5148,Profit,121835.4792,112721.567,377488.2732,196431.2462,204602.6695,14250.0473,15743.2325,0.0224,-15.9788
2018-11-14,1131497.218,137758.1332,130752.2502,388169.1708,207168.7685,217842.4128,24144.5265,25661.956,1031497.218,Profit,117758.1332,110752.2502,373169.1708,192168.7685,207842.4128,14144.5265,15661.956,-0.0101,-16.8297
2018-11-15,1150981.9837,140797.2635,133347.2688,397394.6985,209292.5392,220103.9251,24285.3659,25760.9227,1050981.9837,Profit,120797.2635,113347.2688,382394.6985,194292.5392,210103.9251,14285.3659,15760.9227,0.0172,-15.3975
2018-11-16,1075545.5783,141847.6708,134082.9439,321695.0499,205179.7684,222998.8064,24162.911,25578.4279,975545.5783,Profit,121847.6708,114082.9439,306695.0499,190179.7684,212998.8064,14162.911,15578.4279,-0.0655,-20.9424
2018-11-19,1017484.8425,136523.5551,129842.6287,283712.9083,195148.6477,222943.6788,24037.7525,25275.6714,917484.8425,Profit,116523.5551,109842.6287,268712.9083,180148.6477,212943.6788,14037.7525,15275.6714,-0.054,-25.2101
2018-11-20,1014655.8244,130758.3636,126968.4855,293996.4339,194104.1099,220451.8517,23649.9652,24726.6144,914655.8244,Profit,110758.3636,106968.4855,278996.4339,179104.1099,210451.8517,13649.9652,14726.6144,-0.0028,-25.4181
2018-11-21,1006384.9864,130725.7988,128805.94,285622.8037,197028.1865,214729.8198,24360.7236,25111.7138,906384.9864,Profit,110725.7988,108805.94,270622.8037,182028.1865,204729.8198,14360.7236,15111.7138,-0.0082,-26.026
2018-11-23,990368.4584,126986.0881,128351.4958,285289.7892,194504.9344,206227.1955,23981.0869,25027.8684,890368.4584,Profit,106986.0881,108351.4958,270289.7892,179504.9344,196227.1955,13981.0869,15027.8684,-0.0159,-27.2033
2018-11-26,1035379.2856,128714.7715,132599.4157,301173.7455,204800.7367,219026.793,23826.6076,25237.2156,935379.2856,Profit,108714.7715,112599.4157,286173.7455,189800.7367,209026.793,13826.6076,15237.2156,0.0454,-23.8948
2018-11-27,1040885.0761,129021.8786,134046.8355,303853.9507,205725.7654,218680.675,24206.2082,25349.7626,940885.0761,Profit,109021.8786,114046.8355,288853.9507,190725.7654,208680.675,14206.2082,15349.7626,0.0053,-23.4901
2018-11-28,1080772.0673,134115.9409,139145.4546,316677.0194,218470.7739,221408.336,24947.7773,26006.7653,980772.0673,Profit,114115.9409,119145.4546,301677.0194,203470.7739,211408.336,14947.7773,16006.7653,0.0383,-20.5582
2018-11-29,1066331.0513,132809.6165,137710.8459,310991.0388,217484.1297,216703.873,24785.9253,25845.6221,966331.0513,Profit,112809.6165,117710.8459,295991.0388,202484.1297,206703.873,14785.9253,15845.6221,-0.0134,-21.6197
2018-11-30,1088564.5047,132354.1201,138840.0754,323613.9505,220071.5189,223052.7571,24710.4567,25921.6259,988564.5047,Profit,112354.1201,118840.0754,308613.9505,205071.5189,213052.7571,14710.4567,15921.6259,0.0209,-19.9854
2018-12-03,1114435.0816,135848.2658,139183.2409,333937.8797,228864.7035,226263.677,24667.2358,25670.079,1014435.0816,Profit,115848.2658,119183.2409,318937.8797,213864.7035,216263.677,14667.2358,15670.079,0.0238,-18.0838
2018-12-04,1067497.3934,130162.906,135042.5707,309179.9611,215897.6632,227509.5941,24460.5541,25244.1441,967497.3934,Profit,110162.906,115042.5707,294179.9611,200897.6632,217509.5941,14460.5541,15244.1441,-0.0421,-21.534
2018-12-06,1089248.32,130484.3586,137795.9849,315876.0316,222959.2637,232848.5313,24347.644,24936.5059,989248.32,Profit,110484.3586,117795.9849,300876.0316,207959.2637,222848.5313,14347.644,14936.5059,0.0204,-19.9352
2018-12-07,1036779.0291,124860.2593,131227.5237,292268.5648,212091.8029,227782.1176,23948.109,24600.6518,936779.0291,Profit,104860.2593,111227.5237,277268.5648,197091.8029,217782.1176,13948.109,14600.6518,-0.0482,-23.7919
2018-12-10,1061418.6403,126436.6398,135527.9218,302478.9077,214926.1865,233751.84,23813.5072,24483.6373,961418.6403,Profit,106436.6398,115527.9218,287478.9077,199926.1865,223751.84,13813.5072,14483.6373,0.0238,-21.9808
2018-12-11,1057605.5106,125935.4673,137005.759,295690.023,215585.6096,235186.7458,23708.8998,24493.0061,957605.5106,Profit,105935.4673,117005.759,280690.023,200585.6096,225186.7458,13708.8998,14493.0061,-0.0036,-22.2611
2018-12-12,1058593.0467,125755.8953,137055.7733,295869.4077,217336.9288,234101.5322,23914.221,24559.2883,958593.0467,Profit,105755.8953,117055.7733,280869.4077,202336.9288,224101.5322,13914.221,14559.2883,0.0009,-22.1885
2018-12-13,1067228.7959,127256.6182,137634.9156,296133.562,216873.8349,240842.6618,23903.9924,24583.2109,967228.7959,Profit,107256.6182,117634.9156,281133.562,201873.8349,230842.6618,13903.9924,14583.2109,0.0082,-21.5537
2018-12-14,1039649.1433,123365.597,133531.5624,291723.1463,208492.9243,234110.9702,23908.5844,24516.3587,939649.1433,Profit,103365.597,113531.5624,276723.1463,193492.9243,224110.9702,13908.5844,14516.3587,-0.0258,-23.5809
2018-12-17,1009386.6066,122399.6789,129787.3579,286409.323,199491.8044,223375.8077,23696.0847,24226.5498,909386.6066,Profit,102399.6789,109787.3579,271409.323,184491.8044,213375.8077,13696.0847,14226.5498,-0.0291,-25.8054
2018-12-18,1019704.3202,124506.0519,131694.6203,294343.8568,204336.8831,216960.8149,23729.0313,24133.0619,919704.3202,Profit,104506.0519,111694.6203,279343.8568,189336.8831,206960.8149,13729.0313,14133.0619,0.0102,-25.047
2018-12-19,987566.1166,120573.8056,131300.8232,277364.8611,196850.2063,214283.1715,23431.828,23761.4208,887566.1166,Profit,100573.8056,111300.8232,262364.8611,181850.2063,204283.1715,13431.828,13761.4208,-0.0315,-27.4093
2018-12-20,962043.2028,117923.5569,128973.1457,271438.8003,192984.1871,203641.8431,23393.956,23687.7138,862043.2028,Profit,97923.5569,108973.1457,256438.8003,177984.1871,193641.8431,13393.956,13687.7138,-0.0258,-29.2853
2018-12-21,937889.1396,113934.3017,125448.4433,261679.801,182926.5807,207563.1284,23025.4438,23311.4407,837889.1396,Profit,93934.3017,105448.4433,246679.801,167926.5807,197563.1284,13025.4438,13311.4407,-0.0251,-31.0608
2018-12-24,905532.6328,111186.1357,120414.2338,257085.7981,178781.6738,192063.4374,22867.1673,23134.1868,805532.6328,Profit,91186.1357,100414.2338,242085.7981,163781.6738,182063.4374,12867.1673,13134.1868,-0.0345,-33.4391
2018-12-26,971899.3382,119007.6857,128638.3399,269259.4075,195667.9984,212023.9846,23583.7618,23718.1604,871899.3382,Profit,99007.6857,108638.3399,254259.4075,180667.9984,202023.9846,13583.7618,13718.1604,0.0733,-28.5609
2018-12-27,963902.0764,118684.0486,129934.5533,266346.5664,195180.2122,206334.5298,23564.1249,23858.0413,863902.0764,Profit,98684.0486,109934.5533,251346.5664,180180.2122,196334.5298,13564.1249,13858.0413,-0.0082,-29.1487
2018-12-28,981514.1374,118720.9846,128881.3919,271349.5281,197324.1114,217865.6452,23572.2538,23800.2223,881514.1374,Profit,98720.9846,108881.3919,256349.5281,182324.1114,207865.6452,13572.2538,13800.2223,0.0183,-27.8541
2018-12-31,986910.0587,119911.6394,130452.571,271126.9181,200580.386,217231.4437,23704.3055,23902.795,886910.0587,Profit,99911.6394,110452.571,256126.9181,185580.386,207231.4437,13704.3055,13902.795,0.0055,-27.4575
2019-01-02,979522.5725,119673.9345,129465.7768,275810.7935,204910.1021,201804.1342,23769.4353,24088.3961,879522.5725,Profit,99673.9345,109465.7768,260810.7935,189910.1021,191804.1342,13769.4353,14088.3961,-0.0075,-28.0005
2019-01-03,927600.2712,106969.5113,123792.4889,257252.7556,198283.8822,194029.9187,23496.8033,23774.9114,827600.2712,Profit,86969.5113,103792.4889,242252.7556,183283.8822,184029.9187,13496.8033,13774.9114,-0.053,-31.8171
2019-01-04,969921.4245,110781.2639,128689.0303,271901.9708,206807.3751,203841.3606,23912.96,23987.4639,869921.4245,Profit,90781.2639,108689.0303,256901.9708,191807.3751,193841.3606,13912.96,13987.4639,0.0456,-28.7063
2019-01-07,995326.1025,109727.858,127921.851,284220.1446,212364.5978,213368.4511,23838.6063,23884.5937,895326.1025,Profit,89727.858,107921.851,269220.1446,197364.5978,203368.4511,13838.6063,13884.5937,0.0262,-26.8389
2019-01-08,993657.2235,111650.5505,128644.1687,276756.766,215568.1416,213295.9619,23799.2699,23942.3649,893657.2235,Profit,91650.5505,108644.1687,261756.766,200568.1416,203295.9619,13799.2699,13942.3649,-0.0017,-26.9616
2019-01-09,1000900.3025,112938.3928,129799.8705,280686.0607,214768.1039,214152.3178,24285.9849,24269.5721,900900.3025,Profit,92938.3928,109799.8705,265686.0607,199768.1039,204152.3178,14285.9849,14269.5721,0.0073,-26.4292
2019-01-10,1010590.0381,113412.7443,129089.1026,286134.2424,214564.7187,218440.4846,24482.0512,24466.6944,910590.0381,Profit,93412.7443,109089.1026,271134.2424,199564.7187,208440.4846,14482.0512,14466.6944,0.0097,-25.7169
2019-01-11,1016822.1244,112519.1613,128315.1307,293798.2582,212937.4487,220306.2561,24474.6968,24471.1725,916822.1244,Profit,92519.1613,108315.1307,278798.2582,197937.4487,210306.2561,14474.6968,14471.1725,0.0062,-25.2588
2019-01-14,1006918.2562,110917.2082,127486.2096,297206.2084,210065.0339,212307.0872,24523.295,24413.2139,906918.2562,Profit,90917.2082,107486.2096,282206.2084,195065.0339,202307.0872,14523.295,14413.2139,-0.0097,-25.9868
2019-01-15,1025721.977,113161.5644,131110.8447,296010.4901,217465.2482,218625.9134,24665.3358,24682.5805,925721.977,Profit,93161.5644,111110.8447,281010.4901,202465.2482,208625.9134,14665.3358,14682.5805,0.0187,-24.6047
2019-01-16,1026999.9052,114386.607,131397.6427,293569.5846,218365.9017,219356.1667,24803.9176,25120.0848,926999.9052,Profit,94386.607,111397.6427,278569.5846,203365.9017,209356.1667,14803.9176,15120.0848,0.0012,-24.5107
2019-01-17,1040252.8024,115456.9089,132800.0471,300285.8269,220352.621,220919.2922,25007.7031,25430.4032,940252.8024,Profit,95456.9089,112800.0471,285285.8269,205352.621,210919.2922,15007.7031,15430.4032,0.0129,-23.5366
2019-01-18,1022799.4555,115863.829,134476.0898,309796.6412,220175.8801,191772.1743,24990.7208,25724.1202,922799.4555,Profit,95863.829,114476.0898,294796.6412,205175.8801,181772.1743,14990.7208,15724.1202,-0.0168,-24.8195
2019-01-22,997129.3508,113948.673,132700.5069,295472.9362,213142.6587,190796.9721,25340.2966,25727.3073,897129.3508,Profit,93948.673,112700.5069,280472.9362,198142.6587,180796.9721,15340.2966,15727.3073,-0.0251,-26.7063
2019-01-23,994179.1053,114468.6255,134095.3776,296680.6615,214296.2153,183675.5757,25268.0354,25694.6143,894179.1053,Profit,94468.6255,114095.3776,281680.6615,199296.2153,173675.5757,15268.0354,15694.6143,-0.003,-26.9232
2019-01-24,1014495.5908,113600.9368,133460.1225,313731.6993,216293.0586,186220.6858,25331.5903,25857.4975,914495.5908,Profit,93600.9368,113460.1225,298731.6993,201293.0586,176220.6858,15331.5903,15857.4975,0.0204,-25.4298
2019-01-25,1022933.2851,116533.6725,133752.3569,316059.4387,216783.5546,188403.4433,25425.2048,25975.6142,922933.2851,Profit,96533.6725,113752.3569,301059.4387,201783.5546,178403.4433,15425.2048,15975.6142,0.0083,-24.8096
2019-01-28,971248.4352,115482.3924,131140.6749,272453.2127,212606.9286,188041.5499,25470.4258,26053.251,871248.4352,Profit,95482.3924,111140.6749,257453.2127,197606.9286,178041.5499,15470.4258,16053.251,-0.0505,-28.6087
2019-01-29,950402.5409,114346.548,128553.5295,259875.9275,206987.8104,188812.1676,25553.206,26273.3519,850402.5409,Profit,94346.548,108553.5295,244875.9275,191987.8104,178812.1676,15553.206,16273.3519,-0.0215,-30.141
2019-01-30,986049.1732,121466.1074,132101.2914,269830.8212,215718.8431,194897.8799,25705.7,26328.5301,886049.1732,Profit,101466.1074,112101.2914,254830.8212,200718.8431,184897.8799,15705.7,16328.5301,0.0375,-27.5208
2019-01-31,998664.4707,121907.1011,129237.1489,281297.878,221148.6882,193087.8246,25644.7555,26341.0745,898664.4707,Profit,101907.1011,109237.1489,266297.878,206148.6882,183087.8246,15644.7555,16341.0745,0.0128,-26.5935
2019-02-01,986407.7552,121503.6417,126702.1103,282170.6076,208466.6696,195619.8796,25670.4968,26274.3496,886407.7552,Profit,101503.6417,106702.1103,267170.6076,193466.6696,185619.8796,15670.4968,16274.3496,-0.0123,-27.4944
2019-02-04,1006147.6199,125269.9083,130659.1601,291565.2541,209885.9005,196524.7027,25796.3804,26446.3138,906147.6199,Profit,105269.9083,110659.1601,276565.2541,194885.9005,186524.7027,15796.3804,16446.3138,0.02,-26.0435
2019-02-05,1020969.4334,127471.695,132583.0369,293222.0417,213276.4071,201946.0264,25935.2834,26534.9429,920969.4334,Profit,107471.695,112583.0369,278222.0417,198276.4071,191946.0264,15935.2834,16534.9429,0.0147,-24.954
2019-02-06,1024691.0223,128060.6955,131645.2132,300469.0539,211790.5839,200200.9027,25951.336,26573.237,924691.0223,Profit,108060.6955,111645.2132,285469.0539,196790.5839,190200.9027,15951.336,16573.237,0.0036,-24.6804
2019-02-07,1007641.1594,126542.3492,131621.1859,291586.0863,209948.9922,195470.9322,25957.4748,26514.1388,907641.1594,Profit,106542.3492,111621.1859,276586.0863,194948.9922,185470.9322,15957.4748,16514.1388,-0.0166,-25.9337
2019-02-08,1004189.019,126552.0373,131991.0554,292737.8589,206314.9702,194164.483,25849.8543,26578.7598,904189.019,Profit,106552.0373,111991.0554,277737.8589,191314.9702,184164.483,15849.8543,16578.7598,-0.0034,-26.1874
2019-02-11,1005670.9385,126044.159,131684.1961,289869.7439,207049.8938,198993.3762,25710.6637,26318.9058,905670.9385,Profit,106044.159,111684.1961,274869.7439,192049.8938,188993.3762,15710.6637,16318.9058,0.0015,-26.0785
2019-02-12,1020641.4211,126690.6845,133322.3216,298165.8689,212430.0859,197651.6011,25817.5744,26563.2847,920641.4211,Profit,106690.6845,113322.3216,283165.8689,197430.0859,187651.6011,15817.5744,16563.2847,0.0149,-24.9781
2019-02-13,1020785.0984,126091.9679,133137.3459,301369.5798,212559.7307,195226.9307,25795.3234,26604.2201,920785.0984,Profit,106091.9679,113137.3459,286369.5798,197559.7307,185226.9307,15795.3234,16604.2201,0.0001,-24.9675
2019-02-14,1023777.6847,127103.6231,133838.7823,305924.68,211232.3053,193281.8947,25813.382,26583.0174,923777.6847,Profit,107103.6231,113838.7823,290924.68,196232.3053,183281.8947,15813.382,16583.0174,0.0029,-24.7476
2019-02-15,1029519.1573,126523.2266,135131.8475,310732.4077,208815.0003,195425.5941,26022.9372,26868.1438,929519.1573,Profit,106523.2266,115131.8475,295732.4077,193815.0003,185425.5941,16022.9372,16868.1438,0.0056,-24.3255
2019-02-19,1027736.3478,126622.3874,134783.1668,308711.2073,210918.1136,193594.6031,26130.9183,26975.9512,927736.3478,Profit,106622.3874,114783.1668,293711.2073,195918.1136,183594.6031,16130.9183,16975.9512,-0.0017,-24.4566
2019-02-20,1024263.1273,126783.3812,133426.9485,310851.1571,209112.2996,190645.1252,26314.1505,27130.0653,924263.1273,Profit,106783.3812,113426.9485,295851.1571,194112.2996,180645.1252,16314.1505,17130.0653,-0.0034,-24.7119
2019-02-21,1015192.3572,126317.2559,136506.4752,306029.2611,209197.421,183881.6316,26125.491,27134.8214,915192.3572,Profit,106317.2559,116506.4752,291029.2611,194197.421,173881.6316,16125.491,17134.8214,-0.0089,-25.3786
2019-02-22,1027381.7918,127507.7441,138209.173,312208.5498,210395.7184,185754.5659,26109.8767,27196.1639,927381.7918,Profit,107507.7441,118209.173,297208.5498,195395.7184,175754.5659,16109.8767,17196.1639,0.012,-24.4826
2019-02-25,1030991.2851,128442.5779,138977.5528,311246.0077,210597.3984,188328.1837,26179.4845,27220.0801,930991.2851,Profit,108442.5779,118977.5528,296246.0077,195597.3984,178328.1837,16179.4845,17220.0801,0.0035,-24.2173
2019-02-26,1030621.1153,128723.4835,140165.0903,308594.8594,211372.2758,188053.543,26339.63,27372.2333,930621.1153,Profit,108723.4835,120165.0903,293594.8594,196372.2758,178053.543,16339.63,17372.2333,-0.0004,-24.2445
2019-02-27,1035204.6067,128634.8131,139401.5815,304137.0761,211174.8268,197958.3812,26418.6106,27479.3176,935204.6067,Profit,108634.8131,119401.5815,289137.0761,196174.8268,187958.3812,16418.6106,17479.3176,0.0044,-23.9076
2019-02-28,1036044.3454,127608.3807,139477.2221,302743.5422,211397.955,201557.9293,26367.7464,26891.5697,936044.3454,Profit,107608.3807,119477.2221,287743.5422,196397.955,191557.9293,16367.7464,16891.5697,0.0008,-23.8459
2019-03-01,1037176.8641,129833.9217,141063.4846,309160.5698,216999.5425,187032.7587,26425.1223,26661.4645,937176.8641,Profit,109833.9217,121063.4846,294160.5698,201999.5425,177032.7587,16425.1223,16661.4645,0.0011,-23.7627
2019-03-04,1039763.0502,131056.9488,141344.0014,311152.2929,221118.4257,181827.7542,26515.1656,26748.4614,939763.0502,Profit,111056.9488,121344.0014,296152.2929,206118.4257,171827.7542,16515.1656,16748.4614,0.0025,-23.5726
2019-03-05,1034266.387,131092.9698,140910.783,311286.5914,221094.7612,176578.2514,26574.0514,26728.9788,934266.387,Profit,111092.9698,120910.783,296286.5914,206094.7612,166578.2514,16574.0514,16728.9788,-0.0053,-23.9766
2019-03-06,1026754.6001,131057.3266,141767.0504,304114.0226,219252.725,177378.001,26544.8319,26640.6426,926754.6001,Profit,111057.3266,121767.0504,289114.0226,204252.725,167378.001,16544.8319,16640.6426,-0.0073,-24.5288
2019-03-07,1013493.9306,129726.605,140229.8613,298923.0911,213890.2476,177840.6329,26388.1074,26495.3853,913493.9306,Profit,109726.605,120229.8613,283923.0911,198890.2476,167840.6329,16388.1074,16495.3853,-0.0129,-25.5035
2019-03-08,1019913.0244,129875.1046,140218.3995,301341.4834,212958.9126,182478.2263,26372.9426,26667.9554,919913.0244,Profit,109875.1046,120218.3995,286341.4834,197958.9126,172478.2263,16372.9426,16667.9554,0.0063,-25.0316
2019-03-11,1058812.9179,134294.3468,143094.3244,322126.5219,219373.9902,186721.0623,26426.0809,26776.5913,958812.9179,Profit,114294.3468,123094.3244,307126.5219,204373.9902,176721.0623,16426.0809,16776.5913,0.0381,-22.1723
2019-03-12,1056775.3439,135445.3273,143687.019,324004.7788,219110.0252,181380.7398,26352.3788,26795.0749,956775.3439,Profit,115445.3273,123687.019,309004.7788,204110.0252,171380.7398,16352.3788,16795.0749,-0.0019,-22.3221
2019-03-13,1072686.5277,135508.242,144258.4938,334878.5691,220568.6441,184246.0585,26396.9963,26829.5239,972686.5277,Profit,115508.242,124258.4938,319878.5691,205568.6441,174246.0585,16396.9963,16829.5239,0.0151,-21.1525
2019-03-14,1068139.7405,137024.9786,144387.7833,328825.4741,219986.3799,184897.8728,26319.9272,26697.3247,968139.7405,Profit,117024.9786,124387.7833,313825.4741,204986.3799,174897.8728,16319.9272,16697.3247,-0.0042,-21.4868
2019-03-15,1075696.4811,138963.5792,146190.6724,337664.436,223648.078,175829.9475,26530.2967,26869.4712,975696.4811,Profit,118963.5792,126190.6724,322664.436,208648.078,165829.9475,16530.2967,16869.4712,0.0071,-20.9313
2019-03-18,1078214.0471,140414.5059,148330.7884,336012.9916,227590.0558,172076.6362,26665.8317,27123.2375,978214.0471,Profit,120414.5059,128330.7884,321012.9916,212590.0558,162076.6362,16665.8317,17123.2375,0.0023,-20.7462
2019-03-19,1087551.5375,138746.2594,147846.5659,348105.4336,229249.5128,170108.2099,26523.0089,26972.5471,987551.5375,Profit,118746.2594,127846.5659,333105.4336,214249.5128,160108.2099,16523.0089,16972.5471,0.0087,-20.0599
2019-03-20,1096275.3861,140228.0028,147955.7232,346139.4654,234298.1628,174334.4307,26409.4168,26910.1844,996275.3861,Profit,120228.0028,127955.7232,331139.4654,219298.1628,164334.4307,16409.4168,16910.1844,0.008,-19.4186
2019-03-21,1130442.3442,145912.912,151928.2859,366427.4136,238037.5032,175244.5003,26239.2322,26652.4969,1030442.3442,Profit,125912.912,131928.2859,351427.4136,223037.5032,165244.5003,16239.2322,16652.4969,0.0312,-16.9072
2019-03-22,1100401.9229,143378.0115,148410.7337,354766.1434,231685.2745,169744.594,26115.0675,26302.0983,1000401.9229,Profit,123378.0115,128410.7337,339766.1434,216685.2745,159744.594,16115.0675,16302.0983,-0.0266,-19.1153
2019-03-25,1091399.4225,141756.8864,149283.7104,347571.902,233087.4741,167219.4148,26160.2857,26319.7491,991399.4225,Profit,121756.8864,129283.7104,332571.902,218087.4741,157219.4148,16160.2857,16319.7491,-0.0082,-19.7771
2019-03-26,1099781.8459,139927.2167,149204.9726,352868.7954,233741.8087,171503.3471,26305.3513,26230.3542,999781.8459,Profit,119927.2167,129204.9726,337868.7954,218741.8087,161503.3471,16305.3513,16230.3542,0.0077,-19.1609
2019-03-27,1102818.2542,141487.0414,148091.5796,352860.3905,231859.2235,176393.7197,26151.7821,25974.5175,1002818.2542,Profit,121487.0414,128091.5796,337860.3905,216859.2235,166393.7197,16151.7821,15974.5175,0.0028,-18.9377
2019-03-28,1109237.4181,141836.5163,148454.3439,354742.4296,233133.3661,179026.5418,26060.1476,25984.0728,1009237.4181,Profit,121836.5163,128454.3439,339742.4296,218133.3661,169026.5418,16060.1476,15984.0728,0.0058,-18.4659
2019-03-29,1112228.9863,142040.5419,148987.3112,357621.531,232946.4404,178938.8729,25856.7505,25837.5384,1012228.9863,Profit,122040.5419,128987.3112,342621.531,217946.4404,168938.8729,15856.7505,15837.5384,0.0027,-18.246
2019-04-01,1129170.0772,142734.264,150065.4527,362330.3809,236859.1015,184538.8574,26284.9951,26357.0255,1029170.0772,Profit,122734.264,130065.4527,347330.3809,221859.1015,174538.8574,16284.9951,16357.0255,0.0152,-17.0007
2019-04-02,1131523.0504,144889.382,150364.1202,363962.4941,236955.9876,182528.7319,26394.5035,26427.8311,1031523.0504,Profit,124889.382,130364.1202,348962.4941,221955.9876,172528.7319,16394.5035,16427.8311,0.0021,-16.8278
2019-04-03,1147725.8291,145653.5528,151142.145,374510.1139,237477.3392,186035.3503,26419.7668,26487.561,1047725.8291,Profit,125653.5528,131142.145,359510.1139,222477.3392,176035.3503,16419.7668,16487.561,0.0143,-15.6368
2019-04-04,1133815.9146,146263.1377,150733.3945,374740.8286,237824.9181,171138.5039,26495.5023,26619.6295,1033815.9146,Profit,126263.1377,130733.3945,359740.8286,222824.9181,161138.5039,16495.5023,16619.6295,-0.0121,-16.6592
2019-04-05,1150272.9641,147573.8192,151739.8295,380905.829,240755.0052,176109.1027,26521.4129,26667.9656,1050272.9641,Profit,127573.8192,131739.8295,365905.829,225755.0052,166109.1027,16521.4129,16667.9656,0.0145,-15.4496
2019-04-08,1149862.1002,149223.3702,151100.2547,380847.595,241298.8408,174183.8111,26500.0249,26708.2036,1049862.1002,Profit,129223.3702,131100.2547,365847.595,226298.8408,164183.8111,16500.0249,16708.2036,-0.0004,-15.4798
2019-04-09,1140163.3154,148666.1086,150166.9744,375561.9282,239308.3057,173499.4269,26386.2535,26574.3181,1040163.3154,Profit,128666.1086,130166.9744,360561.9282,224308.3057,163499.4269,16386.2535,16574.3181,-0.0084,-16.1927
2019-04-10,1152661.6347,149606.6487,151435.0166,381500.1761,240986.9085,176020.7879,26498.481,26613.6159,1052661.6347,Profit,129606.6487,131435.0166,366500.1761,225986.9085,166020.7879,16498.481,16613.6159,0.011,-15.274
2019-04-11,1149538.773,148941.7701,152198.3017,381865.2493,241500.3426,171817.5626,26608.9748,26606.5719,1049538.773,Profit,128941.7701,132198.3017,366865.2493,226500.3426,161817.5626,16608.9748,16606.5719,-0.0027,-15.5035
2019-04-12,1143013.0367,148334.9398,152406.314,377415.3906,240484.0076,170729.0476,26797.8469,26845.4902,1043013.0367,Profit,128334.9398,132406.314,362415.3906,225484.0076,160729.0476,16797.8469,16845.4902,-0.0057,-15.9832
2019-04-15,1134472.8362,148889.8269,152810.8727,367588.0114,241171.6746,170205.8478,26852.0514,26954.5514,1034472.8362,Profit,128889.8269,132810.8727,352588.0114,226171.6746,160205.8478,16852.0514,16954.5514,-0.0075,-16.611
2019-04-16,1149016.292,148983.2345,152552.0232,374748.8133,243674.6218,174757.0069,27077.8405,27222.7518,1049016.292,Profit,128983.2345,132552.0232,359748.8133,228674.6218,164757.0069,17077.8405,17222.7518,0.0128,-15.5419
2019-04-17,1148032.1168,151548.6984,153495.2092,372121.7391,243378.0352,173018.9599,27237.8327,27231.6424,1048032.1168,Profit,131548.6984,133495.2092,357121.7391,228378.0352,163018.9599,17237.8327,17231.6424,-0.0009,-15.6143
2019-04-18,1153857.636,152659.3197,156066.3443,371565.8745,243880.7657,174967.3332,27422.5054,27295.4932,1053857.636,Profit,132659.3197,136066.3443,356565.8745,228880.7657,164967.3332,17422.5054,17295.4932,0.0051,-15.1861
2019-04-22,1153336.2786,152832.2891,156224.2535,375052.7108,246701.1918,167873.863,27420.6009,27231.3695,1053336.2786,Profit,132832.2891,136224.2535,360052.7108,231701.1918,157873.863,17420.6009,17231.3695,-0.0005,-15.2244
2019-04-23,1173322.7145,155823.3993,159191.3459,381339.4022,252747.6829,169466.6015,27588.3393,27165.9433,1073322.7145,Profit,135823.3993,139191.3459,366339.4022,237747.6829,159466.6015,17588.3393,17165.9433,0.0173,-13.7553
2019-04-24,1171279.3182,156208.1748,159266.607,383891.3726,250859.9642,166770.3047,27321.9884,26960.9065,1071279.3182,Profit,136208.1748,139266.607,368891.3726,235859.9642,156770.3047,17321.9884,16960.9065,-0.0017,-13.9055
2019-04-25,1161183.6502,155006.7434,164748.617,375886.4777,251261.1079,159833.605,27358.4851,27088.6141,1061183.6502,Profit,135006.7434,144748.617,360886.4777,236261.1079,149833.605,17358.4851,17088.6141,-0.0086,-14.6476
2019-04-26,1139589.998,153889.5782,165288.0723,357256.6979,257021.3007,151437.0876,27480.2845,27216.9768,1039589.998,Profit,133889.5782,145288.0723,342256.6979,242021.3007,141437.0876,17480.2845,17216.9768,-0.0186,-16.2348
2019-04-29,1144773.8736,154072.4281,165081.7109,359650.716,255337.8855,155467.5805,27674.1893,27489.3633,1044773.8736,Profit,134072.4281,145081.7109,344650.716,240337.8855,145467.5805,17674.1893,17489.3633,0.0045,-15.8538
2019-04-30,1140365.5457,150734.6891,165765.4631,362092.0418,253146.7003,153301.1438,27748.8993,27576.6083,1040365.5457,Profit,130734.6891,145765.4631,347092.0418,238146.7003,143301.1438,17748.8993,17576.6083,-0.0039,-16.1778
2019-05-01,1137336.4998,158060.4397,162195.1571,360850.5167,251044.699,150216.9939,27561.0463,27407.6471,1037336.4998,Profit,138060.4397,142195.1571,345850.5167,236044.699,140216.9939,17561.0463,17407.6471,-0.0027,-16.4005
2019-05-02,1148527.5006,157563.5118,160641.6971,367568.9202,250495.3893,157230.6255,27588.7942,27438.5625,1048527.5006,Profit,137563.5118,140641.6971,352568.9202,235495.3893,147230.6255,17588.7942,17438.5625,0.0098,-15.5779
2019-05-03,1166251.072,159128.6181,163638.5758,366305.1222,257984.5193,163868.5548,27736.747,27588.9348,1066251.072,Profit,139128.6181,143638.5758,351305.1222,242984.5193,153868.5548,17736.747,17588.9348,0.0154,-14.2751
2019-05-06,1157389.5885,156979.6052,163021.4494,360675.0943,256934.382,164397.9341,27803.6207,27577.5028,1057389.5885,Profit,136979.6052,143021.4494,345675.0943,241934.382,154397.9341,17803.6207,17577.5028,-0.0076,-14.9265
2019-05-07,1128144.7541,152987.6517,159936.5903,347672.8209,253418.0386,159303.3788,27582.5322,27243.7416,1028144.7541,Profit,132987.6517,139936.5903,332672.8209,238418.0386,149303.3788,17582.5322,17243.7416,-0.0253,-17.0761
2019-05-08,1126799.8448,152894.9809,159804.4583,349045.4025,252804.2021,157754.787,27457.1607,27038.8534,1026799.8448,Profit,132894.9809,139804.4583,334045.4025,237804.2021,147754.787,17457.1607,17038.8534,-0.0012,-17.175
2019-05-09,1114816.1246,151448.6413,160006.2023,341976.7544,250760.76,156108.5501,27543.8947,26971.3217,1014816.1246,Profit,131448.6413,140006.2023,326976.7544,235760.76,146108.5501,17543.8947,16971.3217,-0.0106,-18.0558
2019-05-10,1103658.7621,148630.8783,161251.7503,337593.2945,248252.7987,153776.594,27356.0953,26797.3509,1003658.7621,Profit,128630.8783,141251.7503,322593.2945,233252.7987,143776.594,17356.0953,16797.3509,-0.01,-18.8759
2019-05-13,1054973.1733,140400.0665,156915.4874,317770.498,240108.6684,146168.5438,27050.8117,26559.0974,954973.1733,Profit,120400.0665,136915.4874,302770.498,225108.6684,136168.5438,17050.8117,16559.0974,-0.0441,-22.4546
2019-05-14,1073030.0103,142758.0018,158831.1304,325256.2096,242622.2664,149714.1988,27162.7786,26685.4247,973030.0103,Profit,122758.0018,138831.1304,310256.2096,227622.2664,139714.1988,17162.7786,16685.4247,0.0171,-21.1273
2019-05-15,1074592.5221,144266.7562,160859.7301,319885.8934,246383.9048,149282.4287,27199.9019,26713.9071,974592.5221,Profit,124266.7562,140859.7301,304885.8934,231383.9048,139282.4287,17199.9019,16713.9071,0.0015,-21.0124
2019-05-16,1080556.0506,143491.6374,164415.4461,320809.1125,250955.4289,146821.8223,27276.7668,26785.8365,980556.0506,Profit,123491.6374,144415.4461,305809.1125,235955.4289,136821.8223,17276.7668,16785.8365,0.0055,-20.5741
2019-05-17,1057329.866,142995.1506,163653.7711,314171.8764,246411.8374,135990.6367,27272.4162,26834.1776,957329.866,Profit,122995.1506,143653.7711,299171.8764,231411.8374,125990.6367,17272.4162,16834.1776,-0.0215,-22.2813
2019-05-20,1036179.0173,138521.159,161290.3606,304596.1642,245089.4672,132336.8221,27335.6274,27009.4169,936179.0173,Profit,118521.159,141290.3606,289596.1642,230089.4672,122336.8221,17335.6274,17009.4169,-0.02,-23.836
2019-05-21,1041680.6226,140595.9222,161491.7431,309960.9572,243898.1925,131616.3728,27286.1405,26831.2943,941680.6226,Profit,120595.9222,141491.7431,294960.9572,228898.1925,121616.3728,17286.1405,16831.2943,0.0053,-23.4316
2019-05-22,1025972.5985,137683.6019,162450.7586,304193.3289,244127.1923,123663.0372,27270.5443,26584.1353,925972.5985,Profit,117683.6019,142450.7586,289193.3289,229127.1923,113663.0372,17270.5443,16584.1353,-0.0151,-24.5862
2019-05-23,1012774.3934,136029.9026,161371.081,295919.2368,239533.3996,126070.0088,26628.1299,27222.6346,912774.3934,Profit,116029.9026,141371.081,280919.2368,224533.3996,116070.0088,16628.1299,17222.6346,-0.0129,-25.5564
2019-05-24,1004218.8732,135190.7547,161063.0432,290884.8768,240009.2234,122653.0832,26951.3532,27466.5388,904218.8732,Profit,115190.7547,141063.0432,275884.8768,225009.2234,112653.0832,16951.3532,17466.5388,-0.0084,-26.1852
2019-05-28,1002403.1853,134937.7212,161345.6474,287883.1838,242279.5547,121681.8499,26864.7152,27410.513,902403.1853,Profit,114937.7212,141345.6474,272883.1838,227279.5547,111681.8499,16864.7152,17410.513,-0.0018,-26.3187
2019-05-29,994750.3654,134660.3797,160243.1629,282677.1234,240664.0005,122765.6639,26643.3993,27096.6356,894750.3654,Profit,114660.3797,140243.1629,267677.1234,225664.0005,112765.6639,16643.3993,17096.6356,-0.0076,-26.8812
2019-05-30,991798.3993,135230.9216,161093.5994,280237.0584,240053.1791,121588.468,26607.4387,26987.734,891798.3993,Profit,115230.9216,141093.5994,265237.0584,225053.1791,111588.468,16607.4387,16987.734,-0.003,-27.0982
2019-05-31,973122.6168,133039.5198,158761.2107,273397.204,235053.1797,119842.0812,26370.8631,26658.5583,873122.6168,Profit,113039.5198,138761.2107,258397.204,220053.1797,109842.0812,16370.8631,16658.5583,-0.0188,-28.471
2019-06-03,944775.7967,131126.8508,153177.6971,268855.2515,223199.9969,115347.2627,26444.9402,26623.7974,844775.7967,Profit,111126.8508,133177.6971,253855.2515,208199.9969,105347.2627,16444.9402,16623.7974,-0.0291,-30.5546
2019-06-04,983438.1173,135368.2315,156755.7216,286191.9961,227113.5742,124258.3099,26762.4892,26987.7949,883438.1173,Profit,115368.2315,136755.7216,271191.9961,212113.5742,114258.3099,16762.4892,16987.7949,0.0409,-27.7127
2019-06-05,987961.1957,137428.0062,160016.8462,282516.2895,228066.2693,126054.7789,26796.3006,27082.705,887961.1957,Profit,117428.0062,140016.8462,267516.2895,213066.2693,116054.7789,16796.3006,17082.705,0.0046,-27.3802
2019-06-06,1004006.166,139194.1466,162258.1843,286986.8603,229751.8753,131829.8212,26781.1003,27204.1781,904006.166,Profit,119194.1466,142258.1843,271986.8603,214751.8753,121829.8212,16781.1003,17204.1781,0.0162,-26.2009
2019-06-07,1014343.5797,141881.1506,165616.6078,288371.509,234578.9751,129971.7866,26763.3857,27160.1649,914343.5797,Profit,121881.1506,145616.6078,273371.509,219578.9751,119971.7866,16763.3857,17160.1649,0.0103,-25.441
2019-06-10,1035048.7572,143528.4819,166915.7636,293816.2087,241647.2772,135135.1278,26810.2415,27195.6565,935048.7572,Profit,123528.4819,146915.7636,278816.2087,226647.2772,125135.1278,16810.2415,17195.6565,0.0204,-23.9191
2019-06-11,1044603.4076,145301.1732,166420.2511,298666.5012,242246.6766,137927.9142,26757.2312,27283.6602,944603.4076,Profit,125301.1732,146420.2511,283666.5012,227246.6766,127927.9142,16757.2312,17283.6602,0.0092,-23.2168
2019-06-12,1029596.9905,145114.9751,165984.2252,290201.7378,241611.4858,133197.9436,26496.7082,26989.9148,929596.9905,Profit,125114.9751,145984.2252,275201.7378,226611.4858,123197.9436,16496.7082,16989.9148,-0.0144,-24.3198
2019-06-13,1041452.0606,145322.7947,167269.599,294742.6097,243946.7609,136372.6907,26708.7622,27088.8435,941452.0606,Profit,125322.7947,147269.599,279742.6097,228946.7609,126372.6907,16708.7622,17088.8435,0.0115,-23.4484
2019-06-14,1038751.5673,144927.5428,168207.8471,288860.6746,244981.0513,137643.5555,26809.3471,27321.5489,938751.5673,Profit,124927.5428,148207.8471,273860.6746,229981.0513,127643.5555,16809.3471,17321.5489,-0.0026,-23.6469
2019-06-17,1051258.1219,146033.028,168991.8176,290116.1879,247530.8674,144355.2875,26864.4781,27366.4554,951258.1219,Profit,126033.028,148991.8176,275116.1879,232530.8674,134355.2875,16864.4781,17366.4554,0.012,-22.7276
2019-06-18,1075040.4133,149320.4075,171769.6666,305516.6217,249302.1881,144029.7823,27352.2351,27749.5118,975040.4133,Profit,129320.4075,151769.6666,290516.6217,234302.1881,134029.7823,17352.2351,17749.5118,0.0226,-20.9795
2019-06-19,1074116.3099,148309.7871,171804.6065,304833.1225,249322.1112,144559.6783,27403.2012,27883.8031,974116.3099,Profit,128309.7871,151804.6065,289833.1225,234322.1112,134559.6783,17403.2012,17883.8031,-0.0009,-21.0474
2019-06-20,1063839.0048,147817.4462,171416.5644,303280.9761,247695.7183,138614.7027,27347.9743,27665.6228,963839.0048,Profit,127817.4462,151416.5644,288280.9761,232695.7183,128614.7027,17347.9743,17665.6228,-0.0096,-21.8029
2019-06-21,1060723.0003,147540.9635,171715.8501,299162.5109,247198.9279,140252.0543,27251.9305,27600.7632,960723.0003,Profit,127540.9635,151715.8501,284162.5109,232198.9279,130252.0543,17251.9305,17600.7632,-0.0029,-22.0319
2019-06-24,1063593.2391,147188.5721,172488.6843,300536.4133,247197.9587,141184.0573,27258.3648,27739.1885,963593.2391,Profit,127188.5721,152488.6843,285536.4133,232197.9587,131184.0573,17258.3648,17739.1885,0.0027,-21.8209
2019-06-25,1044619.9902,144736.1828,166800.9573,297749.2255,242228.2767,138524.9381,27039.4092,27541.0007,944619.9902,Profit,124736.1828,146800.9573,282749.2255,227228.2767,128524.9381,17039.4092,17541.0007,-0.0178,-23.2156
2019-06-26,1062379.3333,147369.2517,166885.1224,311976.094,243933.3555,137754.1267,26945.975,27515.408,962379.3333,Profit,127369.2517,146885.1224,296976.094,228933.3555,127754.1267,16945.975,17515.408,0.017,-21.9102
2019-06-27,1071854.8407,147110.4697,166898.9773,319306.1348,244408.2043,139794.3603,26865.985,27470.7092,971854.8407,Profit,127110.4697,146898.9773,304306.1348,229408.2043,129794.3603,16865.985,17470.7092,0.0089,-21.2137
2019-06-28,1069586.5175,145503.6056,166376.4891,320684.2396,242596.4188,139926.384,26955.8557,27543.5247,969586.5175,Profit,125503.6056,146376.4891,305684.2396,227596.4188,129926.384,16955.8557,17543.5247,-0.0021,-21.3804
2019-07-01,1084358.7028,148179.3684,168495.2764,324473.5926,246255.2937,142250.1437,27048.1481,27656.8799,984358.7028,Profit,128179.3684,148495.2764,309473.5926,231255.2937,132250.1437,17048.1481,17656.8799,0.0138,-20.2946
2019-07-02,1080935.9566,149354.6359,169956.2185,317414.8503,248319.2658,140899.3254,27198.3701,27793.2907,980935.9566,Profit,129354.6359,149956.2185,302414.8503,233319.2658,130899.3254,17198.3701,17793.2907,-0.0032,-20.5462
2019-07-03,1088479.2194,150121.3829,170508.5839,317439.6448,248143.1142,146932.8671,27381.8436,27951.783,988479.2194,Profit,130121.3829,150508.5839,302439.6448,233143.1142,136932.8671,17381.8436,17951.783,0.007,-19.9917
2019-07-05,1084550.6398,150284.4087,170362.3224,313125.2852,249138.0048,146096.9303,27479.9447,28063.7439,984550.6398,Profit,130284.4087,150362.3224,298125.2852,234138.0048,136096.9303,17479.9447,18063.7439,-0.0036,-20.2805
2019-07-08,1073118.7276,146975.2011,170000.1833,306815.3602,250000.633,144168.7032,27270.0174,27888.6294,973118.7276,Profit,126975.2011,150000.1833,291815.3602,235000.633,134168.7032,17270.0174,17888.6294,-0.0105,-21.1208
2019-07-09,1081900.47,148402.5049,169973.9227,308091.2853,255503.3238,144499.498,27375.2463,28054.6891,981900.47,Profit,128402.5049,149973.9227,293091.2853,240503.3238,134499.498,17375.2463,18054.6891,0.0082,-20.4753
2019-07-10,1096775.6504,149465.3242,171240.204,312620.0301,258551.5652,149664.6334,27302.2566,27931.6369,996775.6504,Profit,129465.3242,151240.204,297620.0301,243551.5652,139664.6334,17302.2566,17931.6369,0.0137,-19.3819
2019-07-11,1104662.3108,148148.791,171656.1327,324288.7446,256048.6101,149224.7459,27255.7461,28039.5403,1004662.3108,Profit,128148.791,151656.1327,309288.7446,241048.6101,139224.7459,17255.7461,18039.5403,0.0072,-18.8022
2019-07-12,1111375.6223,148900.8383,171846.5078,326038.9467,256668.283,152890.4674,27071.5393,27959.0398,1011375.6223,Profit,128900.8383,151846.5078,311038.9467,241668.283,142890.4674,17071.5393,17959.0398,0.0061,-18.3087
2019-07-15,1118647.6086,150318.6581,171859.6876,325399.3932,257964.3887,158154.9991,27022.7878,27927.6941,1018647.6086,Profit,130318.6581,151859.6876,310399.3932,242964.3887,148154.9991,17022.7878,17927.6941,0.0065,-17.7742
2019-07-16,1114495.625,149946.6889,169777.1245,325348.4835,256803.3432,157612.9235,27046.6629,27960.3985,1014495.625,Profit,129946.6889,149777.1245,310348.4835,241803.3432,147612.9235,17046.6629,17960.3985,-0.0037,-18.0794
2019-07-17,1117227.0683,149110.4293,168809.7563,330506.9961,254539.6079,159174.5203,27051.8022,28033.9562,1017227.0683,Profit,129110.4293,148809.7563,315506.9961,239539.6079,149174.5203,17051.8022,18033.9562,0.0025,-17.8786
2019-07-18,1118998.7937,150989.5504,169183.7558,331828.5479,253043.8839,158544.2087,27206.812,28202.0351,1018998.7937,Profit,130989.5504,149183.7558,316828.5479,238043.8839,148544.2087,17206.812,18202.0351,0.0016,-17.7484
2019-07-19,1114837.0815,148761.2501,169451.1618,328486.216,251370.5692,161470.0882,27234.916,28062.8803,1014837.0815,Profit,128761.2501,149451.1618,313486.216,236370.5692,151470.0882,17234.916,18062.8803,-0.0037,-18.0543
2019-07-22,1129776.1376,152532.8029,172113.0189,334924.3158,254693.7122,160297.7153,27158.5039,28056.0686,1029776.1376,Profit,132532.8029,152113.0189,319924.3158,239693.7122,150297.7153,17158.5039,18056.0686,0.0134,-16.9562
2019-07-23,1148134.2302,154177.9803,173716.0527,344468.9899,256591.6293,163598.8304,27365.4331,28215.3145,1048134.2302,Profit,134177.9803,153716.0527,329468.9899,241591.6293,153598.8304,17365.4331,18215.3145,0.0162,-15.6068
2019-07-24,1159259.858,153992.6363,175406.8372,350195.4942,257305.4805,166497.1711,27566.2726,28295.9661,1059259.858,Profit,133992.6363,155406.8372,335195.4942,242305.4805,156497.1711,17566.2726,18295.9661,0.0097,-14.789
2019-07-25,1121376.0896,152884.6969,174870.517,340080.7872,254009.7181,143929.3094,27425.72,28175.3409,1021376.0896,Profit,132884.6969,154870.517,325080.7872,239009.7181,133929.3094,17425.72,18175.3409,-0.0327,-17.5736
2019-07-26,1125353.3347,153831.9499,176802.8944,344355.7037,250734.701,143831.4849,27553.3618,28243.2391,1025353.3347,Profit,133831.9499,156802.8944,329355.7037,235734.701,133831.4849,17553.3618,18243.2391,0.0035,-17.2813
2019-07-29,1124957.382,155008.2051,176098.8103,343257.1822,246355.4279,148447.2311,27528.9128,28261.6127,1024957.382,Profit,135008.2051,156098.8103,328257.1822,231355.4279,138447.2311,17528.9128,18261.6127,-0.0004,-17.3104
2019-07-30,1127523.139,154441.6051,175370.9625,344731.5232,244729.5656,152638.1547,27416.0816,28195.2462,1027523.139,Profit,134441.6051,155370.9625,329731.5232,229729.5656,142638.1547,17416.0816,18195.2462,0.0023,-17.1218
2019-07-31,1105952.762,157351.5345,170038.3572,330973.8287,240271.352,151996.776,27261.1227,28059.7909,1005952.762,Profit,137351.5345,150038.3572,315973.8287,225271.352,141996.776,17261.1227,18059.7909,-0.0191,-18.7073
2019-08-01,1095804.914,154751.4645,173135.2275,325215.5059,240049.5375,147887.3202,27007.8995,27757.959,995804.914,Profit,134751.4645,153135.2275,310215.5059,225049.5375,137887.3202,17007.8995,17757.959,-0.0092,-19.4532
2019-08-02,1080118.3957,151568.9567,171796.3118,318039.6351,236041.6702,148287.2166,26864.6875,27519.9178,980118.3957,Profit,131568.9567,151796.3118,303039.6351,221041.6702,138287.2166,16864.6875,17519.9178,-0.0143,-20.6063
2019-08-05,1033475.6583,143643.5133,165898.6278,297553.7514,228518.5891,144477.2129,26395.6112,26988.3526,933475.6583,Profit,123643.5133,145898.6278,282553.7514,213518.5891,134477.2129,16395.6112,16988.3526,-0.0432,-24.0347
2019-08-06,1049281.7607,146665.4239,169390.9291,301267.6403,231947.4363,146324.0224,26485.8711,27200.4376,949281.7607,Profit,126665.4239,149390.9291,286267.6403,216947.4363,136324.0224,16485.8711,17200.4376,0.0153,-22.8729
2019-08-07,1062376.5827,148969.4052,171001.987,305876.9521,233881.4366,148787.7724,26662.6945,27196.3348,962376.5827,Profit,128969.4052,151001.987,290876.9521,218881.4366,138787.7724,16662.6945,17196.3348,0.0125,-21.9104
2019-08-08,1082539.275,151501.4714,174721.1064,313031.8106,237865.1499,151157.9109,26811.5191,27450.3067,982539.275,Profit,131501.4714,154721.1064,298031.8106,222865.1499,141157.9109,16811.5191,17450.3067,0.019,-20.4283
2019-08-09,1063189.9258,149848.9148,172749.2288,304129.4516,233943.5043,148665.5671,26574.5006,27278.7585,963189.9258,Profit,129848.9148,152749.2288,289129.4516,218943.5043,138665.5671,16574.5006,17278.7585,-0.0179,-21.8506
2019-08-12,1048663.0848,149612.1532,170529.3323,299041.7804,231237.9139,145012.4559,26246.8098,26982.6394,948663.0848,Profit,129612.1532,150529.3323,284041.7804,216237.9139,135012.4559,16246.8098,16982.6394,-0.0137,-22.9184
2019-08-13,1077148.36,155975.4864,174070.2186,308188.6021,236380.5268,148828.5386,26476.937,27228.0504,977148.36,Profit,135975.4864,154070.2186,293188.6021,221380.5268,138828.5386,16476.937,17228.0504,0.0272,-20.8246
2019-08-14,1042124.9346,152186.0451,169809.188,298051.8623,229721.8478,139875.6918,25937.9823,26542.3173,942124.9346,Profit,132186.0451,149809.188,283051.8623,214721.8478,129875.6918,15937.9823,16542.3173,-0.0325,-23.399
2019-08-15,1038331.1094,151592.6242,169596.5144,295779.055,231680.0725,137485.6008,25953.8629,26243.3797,938331.1094,Profit,131592.6242,149596.5144,280779.055,216680.0725,127485.6008,15953.8629,16243.3797,-0.0036,-23.6778
2019-08-16,1068869.6029,154711.7481,172185.3217,316280.1876,233141.4696,139817.0473,26227.5881,26506.2405,968869.6029,Profit,134711.7481,152185.3217,301280.1876,218141.4696,129817.0473,16227.5881,16506.2405,0.0294,-21.4331
2019-08-19,1105514.4689,157728.8932,175234.9034,338839.6824,236417.7221,144326.9737,26324.3064,26641.9878,1005514.4689,Profit,137728.8932,155234.9034,323839.6824,221417.7221,134326.9737,16324.3064,16641.9878,0.0343,-18.7395
2019-08-20,1097136.0781,158031.6713,174095.2957,333685.7925,234939.7616,143979.6356,26062.3862,26341.5353,997136.0781,Profit,138031.6713,154095.2957,318685.7925,219939.7616,133979.6356,16062.3862,16341.5353,-0.0076,-19.3554
2019-08-21,1103840.0532,159216.7019,175460.7077,339222.1057,237026.617,140297.9809,26184.0358,26431.9043,1003840.0532,Profit,139216.7019,155460.7077,324222.1057,222026.617,130297.9809,16184.0358,16431.9043,0.0061,-18.8626
2019-08-22,1102566.5424,159257.4624,174364.4535,340100.1185,234959.8785,141296.0423,26087.6744,26500.9128,1002566.5424,Profit,139257.4624,154364.4535,325100.1185,219959.8785,131296.0423,16087.6744,16500.9128,-0.0012,-18.9562
2019-08-23,1058172.1491,152089.0429,169042.6839,322581.5876,227966.4562,134630.2584,25691.3676,26170.7525,958172.1491,Profit,132089.0429,149042.6839,307581.5876,212966.4562,124630.2584,15691.3676,16170.7525,-0.0403,-22.2194
2019-08-26,1072289.1752,154620.8886,171253.7523,327800.5555,229937.8396,136604.0245,25774.1399,26297.9748,972289.1752,Profit,134620.8886,151253.7523,312800.5555,214937.8396,126604.0245,15774.1399,16297.9748,0.0133,-21.1817
2019-08-27,1060997.4217,152746.0379,171471.3358,320266.6958,228815.7358,135896.8816,25657.3265,26143.4084,960997.4217,Profit,132746.0379,151471.3358,305266.6958,213815.7358,125896.8816,15657.3265,16143.4084,-0.0105,-22.0117
2019-08-28,1064972.7854,154145.8379,171680.9501,320241.7812,229717.2331,137206.4672,25827.4596,26153.0564,964972.7854,Profit,134145.8379,151680.9501,305241.7812,214717.2331,127206.4672,15827.4596,16153.0564,0.0037,-21.7195
2019-08-29,1089135.6139,156713.4229,174846.0153,331613.5023,232513.8753,141048.3302,26131.6133,26268.8548,989135.6139,Profit,136713.4229,154846.0153,316613.5023,217513.8753,131048.3302,16131.6133,16268.8548,0.0227,-19.9435
2019-08-30,1090724.7997,156502.9261,174494.2604,332601.4392,231180.592,143518.6473,26115.9505,26310.9842,990724.7997,Profit,136502.9261,154494.2604,317601.4392,216180.592,133518.6473,16115.9505,16310.9842,0.0015,-19.8266
2019-09-03,1084456.2893,154763.4425,172808.0962,327156.7395,233785.1143,143653.7428,26136.9625,26152.1915,984456.2893,Profit,134763.4425,152808.0962,312156.7395,218785.1143,133653.7428,16136.9625,16152.1915,-0.0057,-20.2874
2019-09-04,1090786.8277,156459.2139,173776.2175,334290.7058,233783.0371,140044.2974,26185.7002,26247.6559,990786.8277,Profit,136459.2139,153776.2175,319290.7058,218783.0371,130044.2974,16185.7002,16247.6559,0.0058,-19.8221
2019-09-05,1127126.2104,159094.8168,176390.6761,355119.6299,238358.7373,145307.4798,26435.9088,26418.9617,1027126.2104,Profit,139094.8168,156390.6761,340119.6299,223358.7373,135307.4798,16435.9088,16418.9617,0.0333,-17.151
2019-09-06,1117327.7915,158426.8058,174462.7223,351512.3632,236455.8707,143371.6593,26497.8884,26600.4816,1017327.7915,Profit,138426.8058,154462.7223,336512.3632,221455.8707,133371.6593,16497.8884,16600.4816,-0.0087,-17.8712
2019-09-09,1120759.504,158867.8019,172220.5802,354650.9361,235836.6854,145897.2692,26580.7789,26705.4523,1020759.504,Profit,138867.8019,152220.5802,339650.9361,220836.6854,135897.2692,16580.7789,16705.4523,0.0031,-17.619
2019-09-10,1127539.4767,160721.2516,170397.2842,359856.0359,234410.2457,148235.1105,26900.4191,27019.1296,1027539.4767,Profit,140721.2516,150397.2842,344856.0359,219410.2457,138235.1105,16900.4191,17019.1296,0.006,-17.1206
2019-09-11,1145162.5506,166192.3347,170812.6836,362873.3981,235224.0941,155840.7061,27100.0753,27119.2587,1045162.5506,Profit,146192.3347,150812.6836,347873.3981,220224.0941,145840.7061,17100.0753,17119.2587,0.0156,-15.8252
2019-09-12,1150657.4905,166114.4622,172875.1624,363407.2899,238310.12,155347.313,27337.6174,27265.5257,1050657.4905,Profit,146114.4622,152875.1624,348407.2899,223310.12,145347.313,17337.6174,17265.5257,0.0048,-15.4213
2019-09-13,1146420.4623,163527.114,173312.3,360260.4321,238702.2047,155534.694,27633.4108,27450.3067,1046420.4623,Profit,143527.114,153312.3,345260.4321,223702.2047,145534.694,17633.4108,17450.3067,-0.0037,-15.7328
2019-09-16,1136332.4844,164275.5785,171938.9547,356586.3464,234454.9845,153913.4838,27673.2777,27489.8588,1036332.4844,Profit,144275.5785,151938.9547,341586.3464,219454.9845,143913.4838,17673.2777,17489.8588,-0.0088,-16.4743
2019-09-17,1144247.0089,164998.0877,173398.3637,358535.7449,236523.2658,155273.9912,27848.5883,27668.9673,1044247.0089,Profit,144998.0877,153398.3637,343535.7449,221523.2658,145273.9912,17848.5883,17668.9673,0.007,-15.8925
2019-09-18,1144837.8368,166700.5955,175022.2608,356751.2627,236111.7866,154613.1194,27902.6644,27736.1474,1044837.8368,Profit,146700.5955,155022.2608,341751.2627,221111.7866,144613.1194,17902.6644,17736.1474,0.0005,-15.8491
2019-09-19,1142511.5005,165218.3499,178097.8573,350387.006,236422.6637,156446.0196,28073.0721,27866.5318,1042511.5005,Profit,145218.3499,158097.8573,335387.006,221422.6637,146446.0196,18073.0721,17866.5318,-0.002,-16.0201
2019-09-20,1123933.8341,162996.9338,176237.7957,342383.492,233155.0668,152836.1292,28361.5693,27962.8472,1023933.8341,Profit,142996.9338,156237.7957,327383.492,218155.0668,142836.1292,18361.5693,17962.8472,-0.0163,-17.3856
2019-09-23,1127245.8895,163663.4971,175784.4102,346527.0518,231916.3065,153166.1919,28236.1171,27952.3148,1027245.8895,Profit,143663.4971,155784.4102,331527.0518,216916.3065,143166.1919,18236.1171,17952.3148,0.0029,-17.1422
2019-09-24,1100570.3373,162641.0112,173281.8166,341394.7745,225882.8019,141500.6341,28072.6139,27796.6851,1000570.3373,Profit,142641.0112,153281.8166,326394.7745,210882.8019,131500.6341,18072.6139,17796.6851,-0.0237,-19.103
2019-09-25,1125670.0389,165407.7297,176068.0382,353246.9562,229711.849,145210.7318,28246.7105,27778.0234,1025670.0389,Profit,145407.7297,156068.0382,338246.9562,214711.849,135210.7318,18246.7105,17778.0234,0.0228,-17.258
2019-09-26,1127491.5397,164415.6664,176157.8504,351209.4863,225840.5867,153894.9165,28186.3178,27786.7155,1027491.5397,Profit,144415.6664,156157.8504,336209.4863,210840.5867,143894.9165,18186.3178,17786.7155,0.0016,-17.1241
2019-09-27,1110587.1793,163483.4581,173723.7882,339862.7999,223786.8875,153494.3455,28226.2365,28009.6637,1010587.1793,Profit,143483.4581,153723.7882,324862.7999,208786.8875,143494.3455,18226.2365,18009.6637,-0.015,-18.3667
2019-09-30,1120917.5394,167251.5384,175285.2223,344295.5486,225041.5671,152626.4344,28240.8214,28176.4072,1020917.5394,Profit,147251.5384,155285.2223,329295.5486,210041.5671,142626.4344,18240.8214,18176.4072,0.0093,-17.6073
2019-10-01,1120400.537,167733.0861,172828.8516,344178.4202,225024.851,155058.9926,28065.1315,27511.2041,1020400.537,Profit,147733.0861,152828.8516,329178.4202,210024.851,145058.9926,18065.1315,17511.2041,-0.0005,-17.6453
2019-10-02,1110038.1448,164136.9804,170408.8909,343567.1432,222956.6872,154652.0913,27590.912,26725.4397,1010038.1448,Profit,144136.9804,150408.8909,328567.1432,207956.6872,144652.0913,17590.912,16725.4397,-0.0092,-18.407
2019-10-03,1127930.3725,165999.2313,172949.9361,360990.2183,225020.6416,148628.3751,27606.598,26735.3721,1027930.3725,Profit,145999.2313,152949.9361,345990.2183,210020.6416,138628.3751,17606.598,16735.3721,0.0161,-17.0919
2019-10-04,1136585.4777,170461.4584,175122.1705,361946.937,226786.6252,147464.5646,27817.4094,26986.3126,1036585.4777,Profit,150461.4584,155122.1705,346946.937,211786.6252,137464.5646,17817.4094,16986.3126,0.0077,-16.4557
2019-10-07,1142025.0903,170359.3694,173704.3741,366314.6678,225688.8104,151347.0359,27724.5654,26886.2673,1042025.0903,Profit,150359.3694,153704.3741,351314.6678,210688.8104,141347.0359,17724.5654,16886.2673,0.0048,-16.0558
2019-10-08,1122971.0628,168589.8128,172107.293,352662.2147,222436.195,153025.3978,27452.5507,26697.5988,1022971.0628,Profit,148589.8128,152107.293,337662.2147,207436.195,143025.3978,17452.5507,16697.5988,-0.0167,-17.4564
2019-10-09,1140716.5235,170568.2565,175356.6142,359629.4636,224602.4079,155893.3002,27706.2381,26960.243,1040716.5235,Profit,150568.2565,155356.6142,344629.4636,209602.4079,145893.3002,17706.2381,16960.243,0.0158,-16.152
2019-10-10,1146359.2701,172488.9992,176051.8772,363443.1308,223871.5586,155675.8685,27790.5908,27037.245,1046359.2701,Profit,152488.9992,156051.8772,348443.1308,208871.5586,145675.8685,17790.5908,17037.245,0.0049,-15.7373
2019-10-11,1153461.6136,175792.1344,175513.4576,366615.3834,223761.3689,156540.8943,27936.483,27301.8919,1053461.6136,Profit,155792.1344,155513.4576,351615.3834,208761.3689,146540.8943,17936.483,17301.8919,0.0062,-15.2152
2019-10-14,1160501.0603,175537.2779,175347.3676,367692.1722,224344.0541,162268.8545,27950.9155,27360.4184,1060501.0603,Profit,155537.2779,155347.3676,352692.1722,209344.0541,152268.8545,17950.9155,17360.4184,0.0061,-14.6978
2019-10-15,1188070.5139,175304.735,178057.4292,387449.4105,228567.6626,163016.5555,28126.9726,27547.7485,1088070.5139,Profit,155304.735,158057.4292,372449.4105,213567.6626,153016.5555,18126.9726,17547.7485,0.0238,-12.6713
2019-10-16,1183161.7367,174473.5763,176467.0548,382882.8436,229693.3885,164068.0078,28078.4015,27498.4642,1083161.7367,Profit,154473.5763,156467.0548,367882.8436,214693.3885,154068.0078,18078.4015,17498.4642,-0.0041,-13.0321
2019-10-17,1180620.5244,174372.4891,174795.168,381358.4333,229977.2394,164743.2267,28006.6653,27367.3025,1080620.5244,Profit,154372.4891,154795.168,366358.4333,214977.2394,154743.2267,18006.6653,17367.3025,-0.0021,-13.2189
2019-10-18,1163376.0994,175064.3295,171789.626,373583.5328,225932.0476,161450.7888,28114.5244,27441.2503,1063376.0994,Profit,155064.3295,151789.626,358583.5328,210932.0476,151450.7888,18114.5244,17441.2503,-0.0146,-14.4864
2019-10-21,1177190.0297,177603.0874,172599.201,383369.908,228921.5066,158846.3739,28309.1531,27540.7997,1077190.0297,Profit,157603.0874,152599.201,368369.908,213921.5066,148846.3739,18309.1531,17540.7997,0.0119,-13.471
2019-10-22,1171980.344,177183.0184,169992.5797,382525.2748,226331.9108,160125.5857,28187.756,27634.2187,1071980.344,Profit,157183.0184,149992.5797,367525.2748,211331.9108,150125.5857,18187.756,17634.2187,-0.0044,-13.854
2019-10-23,1172872.601,179449.1181,170973.5191,381273.3636,225737.5863,159464.233,28338.5082,27636.2726,1072872.601,Profit,159449.1181,150973.5191,366273.3636,210737.5863,149464.233,18338.5082,17636.2726,0.0008,-13.7884
2019-10-24,1209497.3237,179599.2272,174208.1335,384401.1903,227929.8092,187482.5506,28175.0168,27701.3963,1109497.3237,Profit,159599.2272,154208.1335,369401.1903,212929.8092,177482.5506,18175.0168,17701.3963,0.0312,-11.0963
2019-10-25,1242226.3133,181652.9672,175044.0789,399097.8932,225250.6556,205107.7757,28241.1211,27831.8217,1142226.3133,Profit,161652.9672,155044.0789,384097.8932,210250.6556,195107.7757,18241.1211,17831.8217,0.0271,-8.6906
2019-10-28,1253708.9843,183354.0202,179228.3213,403253.8803,227125.6991,204719.8005,28207.623,27819.64,1153708.9843,Profit,163354.0202,159228.3213,388253.8803,212125.6991,194719.8005,18207.623,17819.64,0.0092,-7.8465
2019-10-29,1232845.5542,179382.6394,177804.5503,396252.5315,225616.9495,197829.4867,28157.2528,27802.144,1132845.5542,Profit,159382.6394,157804.5503,381252.5315,210616.9495,187829.4867,18157.2528,17802.144,-0.0166,-9.3801
2019-10-30,1243792.0789,180414.9705,181071.6076,398743.9865,229170.3981,198233.7109,28337.0595,27820.3458,1143792.0789,Profit,160414.9705,161071.6076,383743.9865,214170.3981,188233.7109,18337.0595,17820.3458,0.0089,-8.5755
2019-10-31,1242564.1544,184602.7397,179630.7826,395097.0367,228880.8049,198297.6163,28253.3223,27801.852,1142564.1544,Profit,164602.7397,159630.7826,380097.0367,213880.8049,188297.6163,18253.3223,17801.852,-0.001,-8.6657
2019-11-01,1252218.8804,189795.0969,180012.967,398089.9045,230732.2485,197238.2404,28418.066,27932.3571,1152218.8804,Profit,169795.0969,160012.967,383089.9045,215732.2485,187238.2404,18418.066,17932.3571,0.0078,-7.9561
2019-11-04,1273968.9378,190912.2105,180939.0602,413344.6933,232275.9497,199721.0099,28633.3838,28142.6306,1173968.9378,Profit,170912.2105,160939.0602,398344.6933,217275.9497,189721.0099,18633.3838,18142.6306,0.0174,-6.3573
2019-11-05,1271825.3773,190705.5171,180892.2649,411767.092,231984.4455,199639.3052,28717.2584,28119.4942,1171825.3773,Profit,170705.5171,160892.2649,396767.092,216984.4455,189639.3052,18717.2584,18119.4942,-0.0017,-6.5149
2019-11-06,1275225.203,191168.1463,180749.6559,408711.2474,231676.6835,205936.2124,28763.9009,28219.3567,1175225.203,Profit,171168.1463,160749.6559,393711.2474,216676.6835,195936.2124,18763.9009,18219.3567,0.0027,-6.265
2019-11-07,1283622.8185,193339.0928,180966.4424,410022.293,230647.5441,211537.7687,28848.6856,28260.9919,1183622.8185,Profit,173339.0928,160966.4424,395022.293,215647.5441,201537.7687,18848.6856,18260.9919,0.0066,-5.6477
2019-11-08,1290369.5483,194549.3606,183764.6592,410376.68,231169.9765,213304.9621,28867.3425,28336.5675,1190369.5483,Profit,174549.3606,163764.6592,395376.68,216169.9765,203304.9621,18867.3425,18336.5675,0.0053,-5.1518
2019-11-11,1296060.3294,196093.5047,183945.5909,411167.3417,229328.001,218334.8441,28800.2621,28390.7848,1196060.3294,Profit,176093.5047,163945.5909,396167.3417,214328.001,208334.8441,18800.2621,18390.7848,0.0044,-4.7335
2019-11-12,1304163.2314,195983.6024,185213.4463,414115.0032,230236.9911,221481.0907,28800.5923,28332.5054,1204163.2314,Profit,175983.6024,165213.4463,399115.0032,215236.9911,211481.0907,18800.5923,18332.5054,0.0063,-4.1379
2019-11-13,1300636.5088,198183.2445,185819.7711,412723.4505,227374.3263,219410.7633,28815.023,28309.9301,1200636.5088,Profit,178183.2445,165819.7711,397723.4505,212374.3263,209410.7633,18815.023,18309.9301,-0.0027,-4.3972
2019-11-14,1305726.5225,196947.8851,186890.1282,415412.3608,227722.1617,221615.1455,28854.1674,28284.6737,1205726.5225,Profit,176947.8851,166890.1282,400412.3608,212722.1617,211615.1455,18854.1674,18284.6737,0.0039,-4.023
2019-11-15,1296908.2809,198867.3654,188911.9572,403501.4649,225301.3345,222949.0903,28969.1073,28407.9613,1196908.2809,Profit,178867.3654,168911.9572,388501.4649,210301.3345,212949.0903,18969.1073,18407.9613,-0.0068,-4.6712
2019-11-18,1313067.8278,199625.6962,189144.3484,418945.0639,226698.6433,221284.6235,28963.4926,28405.9598,1213067.8278,Profit,179625.6962,169144.3484,403945.0639,211698.6433,211284.6235,18963.4926,18405.9598,0.0125,-3.4834
2019-11-19,1312260.7757,199363.4815,189525.1305,411223.5946,227126.9208,227705.3867,28890.4892,28425.7725,1212260.7757,Profit,179363.4815,169525.1305,396223.5946,212126.9208,217705.3867,18890.4892,18425.7725,-0.0006,-3.5427
2019-11-20,1316674.3388,198047.0093,190161.5362,419606.0499,227331.0266,224210.6895,28969.9505,28348.0769,1216674.3388,Profit,178047.0093,170161.5362,404606.0499,212331.0266,214210.6895,18969.9505,18348.0769,0.0034,-3.2183
2019-11-21,1312407.0903,196865.5076,189708.1786,417029.5853,225599.2231,225549.5435,29062.2866,28592.7656,1212407.0903,Profit,176865.5076,169708.1786,402029.5853,210599.2231,215549.5435,19062.2866,18592.7656,-0.0032,-3.532
2019-11-22,1301475.1345,196723.9908,189880.0605,418496.3018,227065.2525,211731.0995,29070.5844,28507.845,1201475.1345,Profit,176723.9908,169880.0605,403496.3018,212065.2525,201731.0995,19070.5844,18507.845,-0.0083,-4.3355
2019-11-25,1335413.4715,200475.2079,192268.4461,439618.4972,231070.1027,214150.9469,29121.7984,28708.4722,1235413.4715,Profit,180475.2079,172268.4461,424618.4972,216070.1027,204150.9469,19121.7984,18708.4722,0.0261,-1.8409
2019-11-26,1322618.0197,198629.1256,192990.6209,430675.0742,233745.0137,209127.2229,28945.3575,28505.6049,1222618.0197,Profit,178629.1256,172990.6209,415675.0742,218745.0137,199127.2229,18945.3575,18505.6049,-0.0096,-2.7814
2019-11-27,1331559.5989,201149.2842,193208.7527,433096.3483,236372.809,210323.0793,28954.8941,28454.4313,1231559.5989,Profit,181149.2842,173208.7527,418096.3483,221372.809,200323.0793,18954.8941,18454.4313,0.0068,-2.1242
2019-11-29,1324986.7279,200870.6686,192200.8236,430508.8372,234264.7481,209791.5254,28916.15,28433.975,1224986.7279,Profit,180870.6686,172200.8236,415508.8372,219264.7481,199791.5254,18916.15,18433.975,-0.0049,-2.6073
2019-12-02,1306443.6537,198666.003,189971.1731,415860.8227,231906.5584,213054.7595,28759.7105,28224.6265,1206443.6537,Profit,178666.003,169971.1731,400860.8227,216906.5584,203054.7595,18759.7105,18224.6265,-0.014,-3.9703
2019-12-03,1298888.9044,195203.2583,189727.7375,412884.3445,230478.0414,213980.7408,28571.928,28042.8539,1198888.9044,Profit,175203.2583,169727.7375,397884.3445,215478.0414,203980.7408,18571.928,18042.8539,-0.0058,-4.5256
2019-12-04,1293579.4138,195755.6348,189285.0608,413879.9059,227909.3027,210704.6094,27986.6923,28058.208,1193579.4138,Profit,175755.6348,169285.0608,398879.9059,212909.3027,200704.6094,17986.6923,18058.208,-0.0041,-4.9159
2019-12-05,1285176.3139,197883.5894,188687.5801,411019.0551,224458.3964,208247.4049,27862.7828,27017.5052,1185176.3139,Profit,177883.5894,168687.5801,396019.0551,209458.3964,198247.4049,17862.7828,17017.5052,-0.0065,-5.5336
2019-12-06,1310859.492,202951.1568,192148.6,420348.3835,227281.3638,213028.7064,27941.7772,27159.5043,1210859.492,Profit,182951.1568,172148.6,405348.3835,212281.3638,203028.7064,17941.7772,17159.5043,0.02,-3.6457
2019-12-09,1307404.9057,199802.5817,191397.3421,419714.1731,226655.9838,215011.7239,27812.1017,27010.9994,1207404.9057,Profit,179802.5817,171397.3421,404714.1731,211655.9838,205011.7239,17812.1017,17010.9994,-0.0026,-3.8996
2019-12-10,1316055.7581,200942.0066,191068.4,423227.3047,225299.1201,220874.3418,27648.6419,26995.9429,1216055.7581,Profit,180942.0066,171068.4,408227.3047,210299.1201,210874.3418,17648.6419,16995.9429,0.0066,-3.2638
2019-12-11,1325737.1137,202170.1886,191315.6969,428843.6447,225983.2591,222778.023,27645.649,27000.6524,1225737.1137,Profit,182170.1886,171315.6969,413843.6447,210983.2591,212778.023,17645.649,17000.6524,0.0074,-2.5521
2019-12-12,1345628.007,202392.0181,192955.9567,441446.4447,227156.1789,226860.4927,27651.3673,27165.5485,1245628.007,Profit,182392.0181,172955.9567,426446.4447,212156.1789,216860.4927,17651.3673,17165.5485,0.015,-1.0901
2019-12-13,1349774.3584,205163.3894,194616.4386,441321.6318,227252.1331,226064.0015,27867.4015,27489.3625,1249774.3584,Profit,185163.3894,174616.4386,426321.6318,212252.1331,216064.0015,17867.4015,17489.3625,0.0031,-0.7853
2019-12-16,1368457.2445,208026.0753,195293.559,442233.9846,227609.3015,239892.1921,27861.0205,27541.1116,1268457.2445,Profit,188026.0753,175293.559,427233.9846,212609.3015,229892.1921,17861.0205,17541.1116,0.0138,0.0
2019-12-17,1377048.1225,208711.1746,194483.2539,449015.6051,230684.3752,238640.5907,27871.5882,27641.5348,1277048.1225,Profit,188711.1746,174483.2539,434015.6051,215684.3752,228640.5907,17871.5882,17641.5348,0.0063,0.0
2019-12-18,1382020.2432,207573.9717,193465.9124,450009.4255,229114.2196,246785.5274,27662.0423,27409.1442,1282020.2432,Profit,187573.9717,173465.9124,435009.4255,214114.2196,236785.5274,17662.0423,17409.1442,0.0036,0.0
2019-12-19,1403630.6681,207823.718,195215.2217,461800.6116,230226.3619,253679.3221,27643.9783,27241.4546,1303630.6681,Profit,187823.718,175215.2217,446800.6116,215226.3619,243679.3221,17643.9783,17241.4546,0.0156,0.0
2019-12-20,1417779.0292,208062.3543,197931.8642,470973.0683,230218.4111,255467.2647,27767.3962,27358.6705,1317779.0292,Profit,188062.3543,177931.8642,455973.0683,215218.4111,245467.2647,17767.3962,17358.6705,0.0101,0.0
2019-12-23,1428783.0659,211392.6014,197871.7204,469748.4131,230985.8291,263972.4225,27570.2524,27241.8269,1328783.0659,Profit,191392.6014,177871.7204,454748.4131,215985.8291,253972.4225,17570.2524,17241.8269,0.0078,0.0
2019-12-24,1431474.8944,211538.2783,197787.1907,469254.2645,230445.0321,267708.3221,27524.7288,27217.0779,1331474.8944,Profit,191538.2783,177787.1907,454254.2645,215445.0321,257708.3221,17524.7288,17217.0779,0.0019,0.0
2019-12-26,1452316.6045,215733.3024,199445.5572,470367.9749,240692.127,271290.0422,27546.528,27241.0729,1352316.6045,Profit,195733.3024,179445.5572,455367.9749,225692.127,261290.0422,17546.528,17241.0729,0.0146,0.0
2019-12-27,1439319.4462,214353.2609,198603.2876,463004.0143,239378.7785,269311.0009,27523.8636,27145.2403,1339319.4462,Profit,194353.2609,178603.2876,448004.0143,224378.7785,259311.0009,17523.8636,17145.2403,-0.0089,-0.8949
2019-12-30,1415074.1925,215317.4192,196582.6552,453431.424,236102.2421,259122.5218,27455.3942,27062.5361,1315074.1925,Profit,195317.4192,176582.6552,438431.424,221102.2421,249122.5218,17455.3942,17062.5361,-0.0168,-2.5643
2019-12-31,1417408.5642,215704.3041,195655.2566,456773.6358,234939.3719,259969.5545,27378.9366,26987.5046,1317408.5642,Profit,195704.3041,175655.2566,441773.6358,219939.3719,249969.5545,17378.9366,16987.5046,0.0016,-2.4036
2020-01-02,1449511.5037,220702.9807,199328.0292,465870.0281,241392.4417,267465.4331,27560.2417,27192.3493,1349511.5037,Profit,200702.9807,179328.0292,450870.0281,226392.4417,257465.4331,17560.2417,17192.3493,0.0226,-0.1931
2020-01-03,1441895.6655,218496.9589,196818.8447,458269.1692,238388.7531,275306.5109,27455.1932,27160.2355,1341895.6655,Profit,198496.9589,176818.8447,443269.1692,223388.7531,265306.5109,17455.1932,17160.2355,-0.0053,-0.7175
2020-01-06,1452999.6606,219919.943,197053.8717,459553.4392,241602.0059,280218.86,27475.7118,27175.8291,1352999.6606,Profit,199919.943,177053.8717,444553.4392,226602.0059,270218.86,17475.7118,17175.8291,0.0077,0.0
2020-01-07,1471305.864,219554.4193,195816.991,466518.6469,242835.3351,291966.7899,27482.3022,27131.3796,1371305.864,Profit,199554.4193,175816.991,451518.6469,227835.3351,281966.7899,17482.3022,17131.3796,0.0126,0.0
2020-01-08,1493620.4292,223374.4544,199236.9007,468011.1785,241253.9748,306732.6247,27684.6742,27326.6219,1393620.4292,Profit,203374.4544,179236.9007,453011.1785,226253.9748,296732.6247,17684.6742,17326.6219,0.0152,0.0
2020-01-09,1506512.6954,229055.2576,202511.212,475065.5383,243398.1305,301222.0172,27793.456,27467.0838,1406512.6954,Profit,209055.2576,182511.212,460065.5383,228398.1305,291222.0172,17793.456,17467.0838,0.0086,0.0
2020-01-10,1501061.9363,229066.4754,201133.9407,476591.8096,240591.4387,298585.7501,27737.8077,27354.7141,1401061.9363,Profit,209066.4754,181133.9407,461591.8096,225591.4387,288585.7501,17737.8077,17354.7141,-0.0036,-0.3618
2020-01-13,1553400.836,233916.8098,203545.5266,491404.8004,241575.8569,327672.3718,27863.5027,27421.9678,1453400.836,Profit,213916.8098,183545.5266,476404.8004,226575.8569,317672.3718,17863.5027,17421.9678,0.0349,0.0
2020-01-14,1546575.1764,231001.5659,202300.1735,482755.6093,239039.8827,336180.0201,27973.1594,27324.7656,1446575.1764,Profit,211001.5659,182300.1735,467755.6093,224039.8827,326180.0201,17973.1594,17324.7656,-0.0044,-0.4394
2020-01-15,1529414.9864,229794.8177,203450.2972,478996.514,237872.3763,323757.8904,28034.1455,27508.9454,1429414.9864,Profit,209794.8177,183450.2972,463996.514,222872.3763,313757.8904,18034.1455,17508.9454,-0.0111,-1.5441
2020-01-16,1541354.474,232586.3698,207073.8635,485350.8049,239814.2334,320512.3623,28273.5742,27743.2659,1441354.474,Profit,212586.3698,187073.8635,470350.8049,224814.2334,310512.3623,18273.5742,17743.2659,0.0078,-0.7755
2020-01-17,1544292.7191,235472.7771,208516.5452,486671.8163,238436.3503,319055.0853,28341.2692,27798.8757,1444292.7191,Profit,215472.7771,188516.5452,471671.8163,223436.3503,309055.0853,18341.2692,17798.8757,0.0019,-0.5863
2020-01-21,1566286.1274,233965.2451,207844.6313,484224.6072,242017.1716,342123.302,28404.5511,27706.6191,1466286.1274,Profit,213965.2451,187844.6313,469224.6072,227017.1716,332123.302,18404.5511,17706.6191,0.0142,0.0
2020-01-22,1589375.9463,235679.3508,207600.9321,490194.0733,242341.7967,357432.4182,28371.7473,27755.6279,1489375.9463,Profit,215679.3508,187600.9321,475194.0733,227341.7967,347432.4182,18371.7473,17755.6279,0.0147,0.0
2020-01-23,1602084.3616,237299.0352,209334.4059,496701.994,242470.1298,359835.0117,28590.7015,27853.0836,1502084.3616,Profit,217299.0352,189334.4059,481701.994,227470.1298,349835.0117,18590.7015,17853.0836,0.008,0.0
2020-01-24,1586466.6712,236561.9669,207146.1313,491941.3938,239463.9958,355099.7301,28426.3542,27827.0991,1486466.6712,Profit,216561.9669,187146.1313,476941.3938,224463.9958,345099.7301,18426.3542,17827.0991,-0.0097,-0.9748
2020-01-27,1551861.2571,230345.9976,204349.5994,473252.0592,235932.3126,351946.1197,28307.5433,27727.6254,1451861.2571,Profit,210345.9976,184349.5994,458252.0592,220932.3126,341946.1197,18307.5433,17727.6254,-0.0218,-3.1349
2020-01-28,1586452.93,236805.2045,208301.938,488438.288,239092.3198,357477.9069,28461.3758,27875.8972,1486452.93,Profit,216805.2045,188301.938,473438.288,224092.3198,347477.9069,18461.3758,17875.8972,0.0223,-0.9757
2020-01-29,1601209.4003,242071.436,211827.3455,484299.9512,240014.3315,366841.7389,28416.6757,27737.9216,1501209.4003,Profit,222071.436,191827.3455,469299.9512,225014.3315,356841.7389,18416.6757,17737.9216,0.0093,-0.0546
2020-01-30,1649319.1765,242103.4447,218161.5278,485593.5867,242036.8833,405243.5099,28458.3937,27721.8305,1549319.1765,Profit,222103.4447,198161.5278,470593.5867,227036.8833,395243.5099,18458.3937,17721.8305,0.03,0.0
2020-01-31,1642114.2314,231664.1123,215198.1108,467617.6487,260211.7329,411907.4708,28087.1073,27428.0488,1542114.2314,Profit,211664.1123,195198.1108,452617.6487,245211.7329,401907.4708,18087.1073,17428.0488,-0.0044,-0.4368
2020-02-03,1741138.6965,231754.3195,221148.7813,476853.9227,260450.2302,495438.5632,28112.0277,27380.8518,1641138.6965,Profit,211754.3195,201148.7813,461853.9227,245450.2302,485438.5632,18112.0277,17380.8518,0.0603,0.0
2020-02-04,1844874.6947,239458.2711,228479.396,490443.8192,266420.651,563561.9758,28600.2968,27910.2848,1744874.6947,Profit,219458.2711,208479.396,475443.8192,251420.651,553561.9758,18600.2968,17910.2848,0.0596,0.0
2020-02-05,1757541.473,241599.5013,228383.3156,498077.3972,265366.4904,467157.1674,28745.57,28212.0313,1657541.473,Profit,221599.5013,208383.3156,483077.3972,250366.4904,457157.1674,18745.57,18212.0313,-0.0473,-4.7338
2020-02-06,1782838.0627,244454.0688,233120.6005,504988.5133,266734.2847,476253.8299,28908.517,28378.2484,1682838.0627,Profit,224454.0688,213120.6005,489988.5133,251734.2847,466253.8299,18908.517,18378.2484,0.0144,-3.3626
2020-02-07,1779745.6713,241403.6996,233719.9179,500304.2177,270817.6799,476218.4107,28844.9507,28436.7948,1679745.6713,Profit,221403.6996,213719.9179,485304.2177,255817.6799,466218.4107,18844.9507,18436.7948,-0.0017,-3.5303
2020-02-10,1833380.2396,242801.8079,240099.668,523471.5074,278226.7672,491536.3332,28878.432,28365.7239,1733380.2396,Profit,222801.8079,220099.668,508471.5074,263226.7672,481536.3332,18878.432,18365.7239,0.0301,-0.623
2020-02-11,1837016.4556,240858.4512,234205.7844,532212.7923,279859.155,492511.7938,28990.9092,28377.5697,1737016.4556,Profit,220858.4512,214205.7844,517212.7923,264859.155,482511.7938,18990.9092,18377.5697,0.002,-0.4259
2020-02-12,1843811.4795,245863.3504,233884.372,539906.3453,280252.7452,486600.5077,29047.2549,28256.904,1743811.4795,Profit,225863.3504,213884.372,524906.3453,265252.7452,476600.5077,19047.2549,18256.904,0.0037,-0.0576
2020-02-13,1859391.4037,244148.7285,232627.4741,536498.8753,278981.7998,509951.9059,29080.1906,28102.4294,1759391.4037,Profit,224148.7285,212627.4741,521498.8753,263981.7998,499951.9059,19080.1906,18102.4294,0.0084,0.0
2020-02-14,1893925.4585,244081.0438,234609.9496,573830.2969,276889.0161,507178.8998,29100.436,28235.8164,1793925.4585,Profit,224081.0438,214609.9496,558830.2969,261889.0161,497178.8998,19100.436,18235.8164,0.0186,0.0
2020-02-18,1946116.2766,239778.2244,237113.0936,587644.4844,279776.6493,544538.5775,29010.2505,28254.9969,1846116.2766,Profit,219778.2244,217113.0936,572644.4844,264776.6493,534538.5775,19010.2505,18254.9969,0.0276,0.0
2020-02-19,2021650.9528,242750.4302,237353.0545,622336.8847,281090.125,580780.5723,28993.3409,28346.5451,1921650.9528,Profit,222750.4302,217353.0545,607336.8847,266090.125,570780.5723,18993.3409,18346.5451,0.0388,0.0
2020-02-20,1993566.5306,240685.4794,234157.0685,611523.7299,279357.4934,570375.0563,29001.4981,28466.2051,1893566.5306,Profit,220685.4794,214157.0685,596523.7299,264357.4934,560375.0563,19001.4981,18466.2051,-0.0139,-1.3892
2020-02-21,1941355.4613,234697.1538,226221.5034,581216.0502,271328.234,570096.7264,29369.4003,28426.3932,1841355.4613,Profit,214697.1538,206221.5034,566216.0502,256328.234,560096.7264,19369.4003,18426.3932,-0.0262,-3.9718
2020-02-24,1832303.6139,224480.7631,217383.8425,542406.6855,261189.0655,529771.0203,29059.7218,28012.5153,1732303.6139,Profit,204480.7631,197383.8425,527406.6855,246189.0655,519771.0203,19059.7218,18012.5153,-0.0562,-9.366
2020-02-25,1771656.3798,216904.5788,213824.5218,520147.3661,256477.8039,508308.5542,28485.2921,27508.2629,1671656.3798,Profit,196904.5788,193824.5218,505147.3661,241477.8039,498308.5542,18485.2921,17508.2629,-0.0331,-12.3659
2020-02-26,1779129.3218,220781.1888,216907.8878,532334.0631,257872.2249,495868.7902,27933.1774,27431.9895,1679129.3218,Profit,200781.1888,196907.8878,517334.0631,242872.2249,485868.7902,17933.1774,17431.9895,0.0042,-11.9962
2020-02-27,1648246.8547,207186.498,202457.9048,504716.0742,246455.3056,434079.9577,27291.5265,26059.5879,1548246.8547,Profit,187186.498,182457.9048,489716.0742,231455.3056,424079.9577,17291.5265,16059.5879,-0.0736,-18.4703
2020-02-28,1688660.2826,208116.5007,208399.9401,542408.1864,247637.3216,429220.533,26882.0228,25995.7781,1588660.2826,Profit,188116.5007,188399.9401,527408.1864,232637.3216,419220.533,16882.0228,15995.7781,0.0245,-16.4712
2020-03-02,1783817.8731,226249.3741,221065.4971,552132.5454,255469.4745,475199.7149,27551.2877,26149.9793,1683817.8731,Profit,206249.3741,201065.4971,537132.5454,240469.4745,465199.7149,17551.2877,16149.9793,0.0564,-11.7643
2020-03-03,1739960.6642,219187.8701,210557.5225,531369.2997,249721.9861,476663.9322,27012.8954,25447.1583,1639960.6642,Profit,199187.8701,190557.5225,516369.2997,234721.9861,466663.9322,17012.8954,15447.1583,-0.0246,-13.9337
2020-03-04,1810700.6678,229853.7389,218789.6426,569806.6871,259026.4864,480261.8008,27218.5284,25743.7835,1710700.6678,Profit,209853.7389,198789.6426,554806.6871,244026.4864,470261.8008,17218.5284,15743.7835,0.0407,-10.4346
2020-03-05,1754492.6665,222770.726,213666.6706,548299.3668,252668.8325,465071.165,26796.5718,25219.3338,1654492.6665,Profit,202770.726,193666.6706,533299.3668,237668.8325,455071.165,16796.5718,15219.3338,-0.031,-13.2149
2020-03-06,1713917.6969,219913.1223,207712.804,533981.7854,249767.9505,451761.9541,26224.0129,24556.0678,1613917.6969,Profit,199913.1223,187712.804,518981.7854,234767.9505,441761.9541,16224.0129,14556.0678,-0.0231,-15.2219
2020-03-09,1581148.5958,205188.8213,196204.1013,499159.7093,239686.6541,395584.1948,23908.7802,21416.3348,1481148.5958,Profit,185188.8213,176204.1013,484159.7093,224686.6541,385584.1948,13908.7802,11416.3348,-0.0775,-21.7892
2020-03-10,1695576.0958,222125.9883,211641.1083,536108.7675,254291.0864,423992.1525,24833.0405,22583.9523,1595576.0958,Profit,202125.9883,191641.1083,521108.7675,239291.0864,413992.1525,14833.0405,12583.9523,0.0724,-16.1291
2020-03-11,1631021.8735,214633.9835,202269.2197,506664.1519,245002.4682,417124.3606,23613.1834,21714.5062,1531021.8735,Profit,194633.9835,182269.2197,491664.1519,230002.4682,407124.3606,13613.1834,11714.5062,-0.0381,-19.3223
2020-03-12,1463799.5747,194491.3005,184094.3044,447089.6203,226824.1297,370666.2762,21242.1671,19391.7764,1363799.5747,Profit,174491.3005,164094.3044,432089.6203,211824.1297,360666.2762,11242.1671,9391.7764,-0.1025,-27.5939
2020-03-13,1584562.5903,219067.4163,211508.2123,500700.0288,242903.3038,363560.2102,24183.908,22639.5109,1484562.5903,Profit,199067.4163,191508.2123,485700.0288,227903.3038,353560.2102,14183.908,12639.5109,0.0825,-21.6204
2020-03-16,1354333.8272,191752.9375,181133.9217,410135.1589,230901.7454,297370.8167,22480.876,20558.3711,1254333.8272,Profit,171752.9375,161133.9217,395135.1589,215901.7454,287370.8167,12480.876,10558.3711,-0.1453,-33.0085
2020-03-17,1450849.6871,203213.3175,199030.7881,460612.3376,250860.4615,291779.0788,23788.0223,21565.6814,1350849.6871,Profit,183213.3175,179030.7881,445612.3376,235860.4615,281779.0788,13788.0223,11565.6814,0.0713,-28.2344
2020-03-18,1390029.3339,202719.7753,194966.8861,439691.74,259685.9349,250541.7096,21794.0059,20629.282,1290029.3339,Profit,182719.7753,174966.8861,424691.74,244685.9349,240541.7096,11794.0059,10629.282,-0.0419,-31.2429
2020-03-19,1466858.3454,201150.5089,198131.1672,461677.6598,266894.7382,296590.1367,22064.9774,20349.1571,1366858.3454,Profit,181150.5089,178131.1672,446677.6598,251894.7382,286590.1367,12064.9774,10349.1571,0.0553,-27.4426
2020-03-20,1408872.3975,186264.0176,188565.6026,441015.5731,259005.4043,293179.8141,21000.1992,19841.7866,1308872.3975,Profit,166264.0176,168565.6026,426015.5731,244005.4043,283179.8141,11000.1992,9841.7866,-0.0395,-30.3108
2020-03-23,1441895.6801,184218.83,188631.3265,460663.6676,269760.0852,300932.814,19311.9313,18377.0256,1341895.6801,Profit,164218.83,168631.3265,445663.6676,254760.0852,290932.814,9311.9313,8377.0256,0.0234,-28.6773
2020-03-24,1617063.0826,202819.8583,205896.3286,540018.7309,275214.7029,350147.3469,21953.7266,21012.3884,1517063.0826,Profit,182819.8583,185896.3286,525018.7309,260214.7029,340147.3469,11953.7266,11012.3884,0.1215,-20.0127
2020-03-25,1603942.993,199080.9312,201286.805,525370.7165,264028.4789,369018.0441,22944.0291,22213.9882,1503942.993,Profit,179080.9312,181286.805,510370.7165,249028.4789,359018.0441,12944.0291,12213.9882,-0.0081,-20.6617
2020-03-26,1629362.6652,206252.1545,210494.0458,541525.9712,269472.7591,355736.2068,23256.3626,22625.1652,1529362.6652,Profit,186252.1545,190494.0458,526525.9712,254472.7591,345736.2068,13256.3626,12625.1652,0.0158,-19.4044
2020-03-27,1581240.3257,197424.0644,201565.8996,531239.9241,261449.2284,345924.3773,22284.3133,21352.5187,1481240.3257,Profit,177424.0644,181565.8996,516239.9241,246449.2284,335924.3773,12284.3133,11352.5187,-0.0295,-21.7847
2020-03-30,1640985.5874,204499.034,217240.2706,562266.6437,272157.3947,340122.3201,22770.7472,21929.177,1540985.5874,Profit,184499.034,197240.2706,547266.6437,257157.3947,330122.3201,12770.7472,11929.177,0.0378,-18.8294
2020-03-31,1650625.0586,204522.1149,214325.2369,559271.7347,270777.125,355698.5698,23472.8803,22557.3969,1550625.0586,Profit,184522.1149,194325.2369,544271.7347,255777.125,345698.5698,13472.8803,12557.3969,0.0059,-18.3526
2020-04-01,1554926.2401,194182.3515,207136.2925,516827.6073,265501.6348,327581.2579,22356.2133,21340.8828,1454926.2401,Profit,174182.3515,187136.2925,501827.6073,250501.6348,317581.2579,12356.2133,11340.8828,-0.058,-23.0863
2020-04-02,1567994.8247,196888.7293,210897.6637,541685.6044,266336.8512,308326.9564,22483.5025,21375.5172,1467994.8247,Profit,176888.7293,190897.6637,526685.6044,251336.8512,298326.9564,12483.5025,11375.5172,0.0084,-22.4399
2020-04-03,1549539.1933,193559.4676,208389.6617,515880.6743,263947.3476,324804.656,22036.7237,20920.6624,1449539.1933,Profit,173559.4676,188389.6617,500880.6743,248947.3476,314804.656,12036.7237,10920.6624,-0.0118,-23.3528
2020-04-06,1671318.606,210217.8666,223629.9155,567068.548,276252.0182,348956.3493,23081.3674,22112.541,1571318.606,Profit,190217.8666,203629.9155,552068.548,261252.0182,338956.3493,13081.3674,12112.541,0.0786,-17.329
2020-04-07,1652428.4488,205704.7898,219065.1077,541773.4957,275412.9195,365013.3459,23026.8139,22431.9764,1552428.4488,Profit,185704.7898,199065.1077,526773.4957,260412.9195,355013.3459,13026.8139,12431.9764,-0.0113,-18.2634
2020-04-08,1689534.2005,211689.2017,221965.7002,560281.2843,280671.9402,368549.4911,23540.2396,22836.3434,1589534.2005,Profit,191689.2017,201965.7002,545281.2843,265671.9402,358549.4911,13540.2396,12836.3434,0.0225,-16.428
2020-04-09,1693323.9847,212484.1141,221203.2741,549940.9055,279659.1118,383422.6529,23724.6439,22889.2823,1593323.9847,Profit,192484.1141,201203.2741,534940.9055,264659.1118,373422.6529,13724.6439,12889.2823,0.0022,-16.2405
2020-04-13,1774802.8835,215891.0278,220932.0928,562426.1569,295884.9111,434057.0124,23278.417,22333.2656,1674802.8835,Profit,195891.0278,200932.0928,547426.1569,280884.9111,424057.0124,13278.417,12333.2656,0.0481,-12.2102
2020-04-14,1876865.591,226275.5404,231345.4152,590448.662,310781.8852,472278.2207,23411.2296,22324.6378,1776865.591,Profit,206275.5404,211345.4152,575448.662,295781.8852,462278.2207,13411.2296,12324.6378,0.0575,-7.1617
2020-04-15,1905272.8525,227142.3634,231925.7281,591607.5788,318208.9769,491906.1717,22930.4034,21551.6302,1805272.8525,Profit,207142.3634,211925.7281,576607.5788,303208.9769,481906.1717,12930.4034,11551.6302,0.0151,-5.7566
2020-04-16,1971022.8982,229537.3473,239504.4725,622384.4925,332918.4908,503535.0758,22384.78,20758.2392,1871022.8982,Profit,209537.3473,219504.4725,607384.4925,317918.4908,493535.0758,12384.78,10758.2392,0.0345,-2.5043
2020-04-17,1956688.1707,225052.5837,240142.0217,613649.5113,326352.5962,506347.5563,23518.3353,21625.5662,1856688.1707,Profit,205052.5837,220142.0217,598649.5113,311352.5962,496347.5563,13518.3353,11625.5662,-0.0073,-3.2134
2020-04-20,1939926.4654,221145.6849,236202.5942,604686.4569,330059.3561,503026.8763,23233.4229,21572.0742,1839926.4654,Profit,201145.6849,216202.5942,589686.4569,315059.3561,493026.8763,13233.4229,11572.0742,-0.0086,-4.0425
2020-04-21,1850604.0029,216103.2678,228325.462,572477.767,323693.9687,466667.7719,22571.4479,20764.3176,1750604.0029,Profit,196103.2678,208325.462,557477.767,308693.9687,456667.7719,12571.4479,10764.3176,-0.046,-8.4608
2020-04-22,1929252.466,221565.0477,235271.5112,605748.357,327499.7429,495839.651,22526.0815,20802.0747,1829252.466,Profit,201565.0477,215271.5112,590748.357,312499.7429,485839.651,12526.0815,10802.0747,0.0425,-4.5704
2020-04-23,1895700.6182,219279.6212,230916.3826,597327.4192,330321.6432,474818.5653,22375.9459,20661.0407,1795700.6182,Profit,199279.6212,210916.3826,582327.4192,315321.6432,464818.5653,12375.9459,10661.0407,-0.0174,-6.2301
2020-04-24,1936591.3163,226042.8262,235609.6619,610195.8144,332442.7277,488876.5681,22595.1835,20828.5344,1836591.3163,Profit,206042.8262,215609.6619,595195.8144,317442.7277,478876.5681,12595.1835,10828.5344,0.0216,-4.2074
2020-04-27,1992940.2447,225610.4812,234306.0157,624338.8739,326862.1557,537081.9939,23148.7237,21592.0007,1892940.2447,Profit,205610.4812,214306.0157,609338.8739,311862.1557,527081.9939,13148.7237,11592.0007,0.0291,-1.4202
2020-04-28,1933631.5265,220766.5946,227366.5243,609057.9098,316644.9474,514384.9363,23413.7149,21996.8992,1833631.5265,Profit,200766.5946,207366.5243,594057.9098,301644.9474,504384.9363,13413.7149,11996.8992,-0.0298,-4.3538
2020-04-29,1988872.3845,227097.0064,236643.7038,621399.9176,323368.1767,533241.4658,24134.5916,22987.5226,1888872.3845,Profit,207097.0064,216643.7038,606399.9176,308368.1767,523241.4658,14134.5916,12987.5226,0.0286,-1.6214
2020-04-30,1981190.589,231692.449,238787.6221,608013.9602,336880.5856,520402.4084,23333.5025,22080.0612,1881190.589,Profit,211692.449,218787.6221,593013.9602,321880.5856,510402.4084,13333.5025,12080.0612,-0.0039,-2.0014
2020-05-01,1892071.4314,230514.6029,235236.4365,594864.9011,314777.4376,471992.197,23004.542,21681.3143,1792071.4314,Profit,210514.6029,215236.4365,579864.9011,299777.4376,461992.197,13004.542,11681.3143,-0.045,-6.4096
2020-05-04,1966235.0177,234091.7924,241293.7854,613551.0538,319333.5613,512999.0863,23143.6872,21822.0513,1866235.0177,Profit,214091.7924,221293.7854,598551.0538,304333.5613,502999.0863,13143.6872,11822.0513,0.0392,-2.7411
2020-05-05,1974871.4364,236725.2179,242974.3445,616408.8428,318379.204,515767.858,23018.472,21597.4972,1874871.4364,Profit,216725.2179,222974.3445,601408.8428,303379.204,505767.858,13018.472,11597.4972,0.0044,-2.3139
2020-05-06,2015216.121,240733.2719,246965.5122,628992.3715,325092.928,528880.9821,22999.794,21551.2612,1915216.121,Profit,220733.2719,226965.5122,613992.3715,310092.928,518880.9821,12999.794,11551.2612,0.0204,-0.3183
2020-05-07,2019092.69,241333.8469,246483.1595,638991.3309,324828.6008,523089.4251,22967.4482,21398.8787,1919092.69,Profit,221333.8469,226483.1595,623991.3309,309828.6008,513089.4251,12967.4482,11398.8787,0.0019,-0.1265
2020-05-08,2059238.6005,245652.626,246524.046,651209.8466,324585.3576,546301.8953,23275.0764,21689.7526,1959238.6005,Profit,225652.626,226524.046,636209.8466,309585.3576,536301.8953,13275.0764,11689.7526,0.0199,0.0
2020-05-11,2097464.7131,250918.0622,250626.018,676031.0421,330435.034,543929.4171,23554.2437,21970.896,1997464.7131,Profit,230918.0622,230626.018,661031.0421,315435.034,533929.4171,13554.2437,11970.896,0.0186,0.0
2020-05-12,2057918.7116,248099.7056,245017.597,654156.5474,323366.0877,542771.4272,23032.3824,21474.9642,1957918.7116,Profit,228099.7056,225017.597,639156.5474,308366.0877,532771.4272,13032.3824,11474.9642,-0.0189,-1.8854
2020-05-13,2045425.5164,246126.5834,242325.1077,654957.7153,326214.2076,532594.1516,22430.0121,20777.7387,1945425.5164,Profit,226126.5834,222325.1077,639957.7153,311214.2076,522594.1516,12430.0121,10777.7387,-0.0061,-2.4811
2020-05-14,2083456.5736,247928.4537,243660.6156,676855.6237,329493.7747,541597.6046,22845.0195,21075.4819,1983456.5736,Profit,227928.4537,223660.6156,661855.6237,314493.7747,531597.6046,12845.0195,11075.4819,0.0186,-0.6679
2020-05-15,2124491.3443,246541.8072,247265.8376,715877.6926,332476.3988,538919.0281,22547.5069,20863.0732,2024491.3443,Profit,226541.8072,227265.8376,700877.6926,317476.3988,528919.0281,12547.5069,10863.0732,0.0197,0.0
2020-05-18,2169127.85,252347.114,249657.4562,737751.1066,334750.1367,548696.6442,23661.2617,22264.1306,2069127.85,Profit,232347.114,229657.4562,722751.1066,319750.1367,538696.6442,13661.2617,12264.1306,0.021,0.0
2020-05-19,2137699.3301,247312.041,244376.3863,731811.2978,333112.3414,537116.3078,22714.6163,21256.3396,2037699.3301,Profit,227312.041,224376.3863,716811.2978,318112.3414,527116.3078,12714.6163,11256.3396,-0.0145,-1.4489
2020-05-20,2172084.6967,252101.7202,247762.3039,745422.987,339700.3029,542095.7991,23409.48,21592.1035,2072084.6967,Profit,232101.7202,227762.3039,730422.987,324700.3029,532095.7991,13409.48,11592.1035,0.0161,0.0
2020-05-21,2157722.3664,250995.808,245535.4799,731516.4056,333767.4297,551807.8448,22764.3523,21335.046,2057722.3664,Profit,230995.808,225535.4799,716516.4056,318767.4297,541807.8448,12764.3523,11335.046,-0.0066,-0.6612
2020-05-22,2183615.7577,254065.8278,247054.2667,756754.1244,334330.8125,547800.814,22471.1957,21138.7166,2083615.7577,Profit,234065.8278,227054.2667,741754.1244,319330.8125,537800.814,12471.1957,11138.7166,0.012,0.0
2020-05-26,2124017.3672,248541.0278,240751.1101,719890.9763,327267.6986,540841.4632,23979.3092,22745.7819,2024017.3672,Profit,228541.0278,220751.1101,704890.9763,312267.6986,530841.4632,13979.3092,12745.7819,-0.0273,-2.7293
2020-05-27,2107495.648,249196.8965,240651.8356,702744.783,325152.797,540823.8864,25134.3248,23791.1248,2007495.648,Profit,229196.8965,220651.8356,687744.783,310152.797,530823.8864,15134.3248,13791.1248,-0.0078,-3.486
2020-05-28,2089560.7928,249018.6477,239851.4014,698801.9804,323522.187,530679.8554,24834.6317,22852.0892,1989560.7928,Profit,229018.6477,219851.4014,683801.9804,308522.187,520679.8554,14834.6317,12852.0892,-0.0085,-4.3073
2020-05-29,2151113.0077,249187.6167,242685.3591,732003.47,329631.4291,550829.4918,24350.9041,22424.7369,2051113.0077,Profit,229187.6167,222685.3591,717003.47,314631.4291,540829.4918,14350.9041,12424.7369,0.0295,-1.4885
2020-06-01,2170085.0791,249377.2616,239362.268,718015.1208,329704.4353,585707.7709,24998.2803,22919.9422,2070085.0791,Profit,229377.2616,219362.268,703015.1208,314704.4353,575707.7709,14998.2803,12919.9422,0.0088,-0.6196
2020-06-02,2147767.0105,248421.7612,240059.9201,713497.0022,327102.56,570064.0776,25519.9235,23101.7659,2047767.0105,Profit,228421.7612,220059.9201,698497.0022,312102.56,560064.0776,15519.9235,13101.7659,-0.0103,-1.6417
2020-06-03,2146070.1934,249577.5823,240455.2792,708429.803,327629.4915,570504.3598,25723.1396,23750.5381,2046070.1934,Profit,229577.5823,220455.2792,693429.803,312629.4915,560504.3598,15723.1396,13750.5381,-0.0008,-1.7194
2020-06-04,2127276.0522,247502.9552,237337.1481,708720.7329,325372.7888,558684.644,25915.2995,23742.4837,2027276.0522,Profit,227502.9552,217337.1481,693720.7329,310372.7888,548684.644,15915.2995,13742.4837,-0.0088,-2.5801
2020-06-05,2157909.4734,253068.0888,241480.4031,716885.9214,326414.5817,569070.71,26305.019,24684.7495,2057909.4734,Profit,233068.0888,221480.4031,701885.9214,311414.5817,559070.71,16305.019,14684.7495,0.0144,-1.1772
2020-06-08,2191225.5109,253692.1435,242154.2895,705228.3734,330675.7222,608264.221,26203.4636,25007.2979,2091225.5109,Profit,233692.1435,222154.2895,690228.3734,315675.7222,598264.221,16203.4636,15007.2979,0.0154,0.0
2020-06-09,2230335.3107,262481.8992,244737.5316,726696.7309,341755.6663,604141.0209,25828.6914,24693.7704,2130335.3107,Profit,242481.8992,224737.5316,711696.7309,326755.6663,594141.0209,15828.6914,14693.7704,0.0178,0.0
2020-06-10,2325748.2003,268572.8065,253187.0345,750625.1451,347021.0834,656729.4811,25432.855,24179.7946,2225748.2003,Profit,248572.8065,233187.0345,735625.1451,332021.0834,646729.4811,15432.855,14179.7946,0.0428,0.0
2020-06-11,2232305.796,258796.3137,242479.7229,713478.7516,339373.8258,630873.4087,24358.301,22945.4723,2132305.796,Profit,238796.3137,222479.7229,698478.7516,324373.8258,620873.4087,14358.301,12945.4723,-0.0402,-4.0177
2020-06-12,2229674.7552,261856.1997,245185.4449,726820.4031,338728.325,608446.6928,24921.4639,23716.2258,2129674.7552,Profit,241856.1997,225185.4449,711820.4031,323728.325,598446.6928,14921.4639,13716.2258,-0.0012,-4.1309
2020-06-15,2295183.5796,265251.0696,246909.9098,746884.4205,342611.1973,644996.1566,24961.8236,23569.0021,2195183.5796,Profit,245251.0696,226909.9098,731884.4205,327611.1973,634996.1566,14961.8236,13569.0021,0.0294,-1.3142
2020-06-16,2292603.3525,271358.7579,252104.9549,735817.2573,347106.6864,637139.2317,25287.1168,23789.3476,2192603.3525,Profit,251358.7579,232104.9549,720817.2573,332106.6864,627139.2317,15287.1168,13789.3476,-0.0011,-1.4251
2020-06-17,2315369.8062,270920.8755,252912.9138,749247.7607,350440.0983,643256.6742,25096.7061,23494.7776,2215369.8062,Profit,250920.8755,232912.9138,734247.7607,335440.0983,633256.6742,15096.7061,13494.7776,0.0099,-0.4462
2020-06-18,2332251.7126,271710.1098,256272.6038,749661.042,353048.4444,652770.1066,25333.6773,23455.7286,2232251.7126,Profit,251710.1098,236272.6038,734661.042,338048.4444,642770.1066,15333.6773,13455.7286,0.0073,0.0
2020-06-19,2332882.6292,270115.6673,254685.1628,753076.977,355794.9401,650691.5326,25159.5549,23358.7946,2232882.6292,Profit,250115.6673,234685.1628,738076.977,340794.9401,640691.5326,15159.5549,13358.7946,0.0003,0.0
2020-06-22,2362288.6372,276327.8309,260969.128,772283.5736,359839.8088,644402.6854,25100.96,23364.6504,2262288.6372,Profit,256327.8309,240969.128,757283.5736,344839.8088,634402.6854,15100.96,13364.6504,0.0126,0.0
2020-06-23,2370341.0527,281623.7412,262150.4552,764406.4334,365761.6985,647873.3319,25149.7429,23375.6495,2270341.0527,Profit,261623.7412,242150.4552,749406.4334,350761.6985,637873.3319,15149.7429,13375.6495,0.0034,0.0
2020-06-24,2324064.6777,278181.161,258285.3749,751205.0237,363799.934,624838.6828,24904.6838,22849.8174,2224064.6777,Profit,258181.161,238285.3749,736205.0237,348799.934,614838.6828,14904.6838,12849.8174,-0.0195,-1.9523
2020-06-25,2380810.5152,282991.617,262589.1758,774974.7052,367940.9193,643740.615,25374.4461,23199.0367,2280810.5152,Profit,262991.617,242589.1758,759974.7052,352940.9193,633740.615,15374.4461,13199.0367,0.0244,0.0
2020-06-26,2318140.2241,274929.5818,257926.9812,749296.209,360516.5862,628026.0545,24836.8561,22607.9553,2218140.2241,Profit,254929.5818,237926.9812,734296.209,345516.5862,618026.0545,14836.8561,12607.9553,-0.0263,-2.6323
2020-06-29,2363328.2526,281387.5662,260803.2308,753314.7158,359000.5495,660772.6344,25119.8655,22929.6904,2263328.2526,Profit,261387.5662,240803.2308,738314.7158,344000.5495,650772.6344,15119.8655,12929.6904,0.0195,-0.7343
2020-06-30,2444071.4406,282608.3479,266397.1057,774646.5536,368048.1585,704103.2117,25165.1096,23102.9537,2344071.4406,Profit,262608.3479,246397.1057,759646.5536,353048.1585,694103.2117,15165.1096,13102.9537,0.0342,0.0
2020-07-01,2489288.5569,282075.3098,267965.1166,777276.9297,384041.0874,730087.4607,25024.3353,22818.3172,2389288.5569,Profit,262075.3098,247965.1166,762276.9297,369041.0874,720087.4607,15024.3353,12818.3172,0.0185,0.0
2020-07-02,2550336.673,281205.9857,269180.0933,781583.4848,384400.2763,785693.2515,25221.0182,23052.5633,2450336.673,Profit,261205.9857,249180.0933,766583.4848,369400.2763,775693.2515,15221.0182,13052.5633,0.0245,0.0
2020-07-06,2702208.7565,287817.7372,274102.5128,797463.6588,405289.3192,888797.9209,25458.9277,23278.68,2602208.7565,Profit,267817.7372,254102.5128,782463.6588,390289.3192,878797.9209,15458.9277,13278.68,0.0595,0.0
2020-07-07,2712140.4697,287776.0944,271717.2363,802458.6959,398917.8643,903284.3062,25130.1338,22856.1387,2612140.4697,Profit,267776.0944,251717.2363,787458.6959,383917.8643,893284.3062,15130.1338,12856.1387,0.0037,0.0
2020-07-08,2739137.9159,293496.1447,276784.0027,827693.0527,408330.9332,884777.5407,25095.2065,22961.0353,2639137.9159,Profit,273496.1447,256784.0027,812693.0527,393330.9332,874777.5407,15095.2065,12961.0353,0.01,0.0
2020-07-09,2800475.8043,294919.6521,279040.4661,852535.3807,422314.6981,904307.782,24794.2882,22563.5371,2700475.8043,Profit,274919.6521,259040.4661,837535.3807,407314.6981,894307.782,14794.2882,12563.5371,0.0224,0.0
2020-07-10,2907096.969,296496.6919,278993.3762,852621.531,425839.9498,1004707.018,25354.2604,23084.1417,2807096.969,Profit,276496.6919,258993.3762,837621.531,410839.9498,994707.018,15354.2604,13084.1417,0.0381,0.0
2020-07-13,2813357.2029,294542.8119,269875.4722,816206.1244,412244.3343,971808.4261,25359.5271,23320.5069,2713357.2029,Profit,274542.8119,249875.4722,801206.1244,397244.3343,961808.4261,15359.5271,13320.5069,-0.0322,-3.2245
2020-07-14,2867216.6358,300500.0415,272509.2879,845679.857,411067.4322,988185.6384,25818.3104,23456.0684,2767216.6358,Profit,280500.0415,252509.2879,830679.857,396067.4322,978185.6384,15818.3104,13456.0684,0.0191,-1.3718
2020-07-15,2849362.6945,300749.9802,270462.6276,828423.5594,398639.3799,1001146.7504,26119.7435,23820.6536,2749362.6945,Profit,280749.9802,250462.6276,813423.5594,383639.3799,991146.7504,16119.7435,13820.6536,-0.0062,-1.986
2020-07-16,2803803.1856,297242.6223,265261.7178,821429.2947,397713.942,972419.1871,25982.4477,23753.974,2703803.1856,Profit,277242.6223,245261.7178,806429.2947,382713.942,962419.1871,15982.4477,13753.974,-0.016,-3.5532
2020-07-17,2808818.8159,297322.9749,264545.7144,828753.2119,393582.8731,974781.4522,26108.043,23724.5464,2708818.8159,Profit,277322.9749,244545.7144,813753.2119,378582.8731,964781.4522,16108.043,13724.5464,0.0018,-3.3806
2020-07-20,2968226.187,302892.4703,275292.8279,851943.2549,423823.4066,1064662.1034,25863.7663,23748.3577,2868226.187,Profit,282892.4703,255292.8279,836943.2549,408823.4066,1054662.1034,15863.7663,13748.3577,0.0568,0.0
2020-07-21,2869328.1483,296572.7929,269606.4991,831181.9903,413079.7954,1009016.2354,26034.0397,23836.7955,2769328.1483,Profit,276572.7929,249606.4991,816181.9903,398079.7954,999016.2354,16034.0397,13836.7955,-0.0333,-3.3319
2020-07-22,2887640.2309,296829.6556,272986.9185,838404.9285,407241.6233,1022475.9153,25998.3334,23702.8563,2787640.2309,Profit,276829.6556,252986.9185,823404.9285,392241.6233,1012475.9153,15998.3334,13702.8563,0.0064,-2.715
2020-07-23,2765613.2455,282727.422,260555.9599,811868.6513,391530.7206,969525.856,25863.8874,23540.7483,2665613.2455,Profit,262727.422,240555.9599,796868.6513,376530.7206,959525.856,15863.8874,13540.7483,-0.0423,-6.8261
2020-07-24,2715365.1787,282637.7451,259518.3544,818847.8471,395313.6291,909945.8628,25820.8806,23280.8596,2615365.1787,Profit,262637.7451,239518.3544,803847.8471,380313.6291,899945.8628,15820.8806,13280.8596,-0.0182,-8.5189
2020-07-27,2819272.4802,288413.0845,261939.0661,834415.6587,400110.5428,985507.1265,25741.6988,23145.3027,2719272.4802,Profit,268413.0845,241939.0661,819415.6587,385110.5428,975507.1265,15741.6988,13145.3027,0.0383,-5.0183
2020-07-28,2746632.2406,283566.6545,259521.1399,817605.2415,392776.5762,944762.885,25459.7857,22939.9579,2646632.2406,Profit,263566.6545,239521.1399,802605.2415,377776.5762,934762.885,15459.7857,12939.9579,-0.0258,-7.4655
2020-07-29,2791251.3082,288729.7083,261862.8402,836822.0441,396736.7933,958291.7238,25699.5778,23108.6208,2691251.3082,Profit,268729.7083,241862.8402,821822.0441,381736.7933,948291.7238,15699.5778,13108.6208,0.0162,-5.9623
2020-07-30,2816116.4906,293795.9852,263062.1132,853266.4276,401289.0366,956001.2876,25675.5361,23026.1044,2716116.4906,Profit,273795.9852,243062.1132,838266.4276,386289.0366,946001.2876,15675.5361,13026.1044,0.0089,-5.1246
2020-07-31,2820583.0791,323900.0851,263964.9431,851487.7689,415253.5754,917611.1794,25511.2936,22854.2337,2720583.0791,Profit,303900.0851,243964.9431,836487.7689,400253.5754,907611.1794,15511.2936,12854.2337,0.0016,-4.9741
2020-08-03,2903267.3945,332017.4023,278806.3031,883217.439,408325.4219,952404.7395,25529.1007,22966.988,2803267.3945,Profit,312017.4023,258806.3031,868217.439,393325.4219,942404.7395,15529.1007,12966.988,0.0293,-2.1885
2020-08-04,2916873.6469,333446.1232,273968.4313,898577.5893,410879.7176,951410.3384,25575.0648,23016.3823,2816873.6469,Profit,313446.1232,253968.4313,883577.5893,395879.7176,941410.3384,15575.0648,13016.3823,0.0047,-1.7301
2020-08-05,2906316.0514,331894.933,271285.568,895803.6093,416094.1738,942315.1041,25799.4327,23123.2305,2806316.0514,Profit,311894.933,251285.568,880803.6093,401094.1738,932315.1041,15799.4327,13123.2305,-0.0036,-2.0858
2020-08-06,2938572.769,344269.2879,276256.3019,901732.1916,419632.5901,947372.5966,26037.8619,23271.9389,2838572.769,Profit,324269.2879,256256.3019,886732.1916,404632.5901,937372.5966,16037.8619,13271.9389,0.0111,-0.999
2020-08-07,2902626.0801,338558.1865,273039.4407,896584.6054,414781.1621,929812.7338,26274.6087,23575.3429,2802626.0801,Profit,318558.1865,253039.4407,881584.6054,399781.1621,919812.7338,16274.6087,13575.3429,-0.0122,-2.2101
2020-08-10,2870726.2775,342954.8875,267136.2715,892325.298,411544.9966,906393.3178,26497.436,23874.0702,2770726.2775,Profit,322954.8875,247136.2715,877325.298,396544.9966,896393.3178,16497.436,13874.0702,-0.011,-3.2848
2020-08-11,2779983.9196,331183.0526,259652.8644,863108.5754,400823.7107,874040.6629,26881.0829,24293.9707,2679983.9196,Profit,311183.0526,239652.8644,848108.5754,385823.7107,864040.6629,16881.0829,14293.9707,-0.0316,-6.3419
2020-08-12,2962907.4145,341245.0193,266327.2399,907429.5789,410290.0194,985980.2298,27010.7984,24624.5287,2862907.4145,Profit,321245.0193,246327.2399,892429.5789,395290.0194,975980.2298,17010.7984,14624.5287,0.0658,-0.1792
2020-08-13,3001798.0374,346252.8091,264976.5247,905134.4385,408986.8008,1025127.5846,26891.7167,24428.1629,2901798.0374,Profit,326252.8091,244976.5247,890134.4385,393986.8008,1015127.5846,16891.7167,14428.1629,0.0131,0.0
2020-08-14,3035804.062,346818.8742,265871.0269,916995.6254,408321.7548,1046516.3556,26842.3467,24438.0784,2935804.062,Profit,326818.8742,245871.0269,901995.6254,393321.7548,1036516.3556,16842.3467,14438.0784,0.0113,0.0
2020-08-17,3209088.1444,344807.0914,266759.9279,975055.8326,411441.5067,1159994.4592,26776.6801,24252.6465,3109088.1444,Profit,324807.0914,246759.9279,960055.8326,396441.5067,1149994.4592,16776.6801,14252.6465,0.0571,0.0
2020-08-18,3247686.7645,346659.2906,267567.3635,966410.0635,427059.3137,1189166.0871,26806.96,24017.6862,3147686.7645,Profit,326659.2906,247567.3635,951410.0635,412059.3137,1179166.0871,16806.96,14017.6862,0.012,0.0
2020-08-19,3224949.5163,347139.8951,265944.65,956836.6326,420387.1646,1183868.1601,26820.6604,23952.3535,3124949.5163,Profit,327139.8951,245944.65,941836.6326,405387.1646,1173868.1601,16820.6604,13952.3535,-0.007,-0.7001
2020-08-20,3327753.3127,355518.6128,272629.8451,958817.7896,425916.9441,1263870.8228,27017.4807,23981.8175,3227753.3127,Profit,335518.6128,252629.8451,943817.7896,410916.9441,1253870.8228,17017.4807,13981.8175,0.0319,0.0
2020-08-21,3418196.5638,374089.9153,270854.1964,1002385.353,424605.7963,1295251.1966,27030.9552,23979.1509,3318196.5638,Profit,354089.9153,250854.1964,987385.353,409605.7963,1285251.1966,17030.9552,13979.1509,0.0272,0.0
2020-08-24,3408058.5622,378649.1352,271734.1495,1005383.624,427610.082,1272821.3299,27245.9139,24614.3277,3308058.5622,Profit,358649.1352,251734.1495,990383.624,412610.082,1262821.3299,17245.9139,14614.3277,-0.003,-0.2966
2020-08-25,3418984.1201,375146.6131,275003.5788,1006762.3892,432228.9704,1277344.8713,27618.9067,24878.7905,3318984.1201,Profit,355146.6131,255003.5788,991762.3892,417228.9704,1267344.8713,17618.9067,14878.7905,0.0032,0.0
2020-08-26,3516878.6799,379152.2246,280121.547,1005602.9921,443231.5717,1355266.8141,27943.3084,25560.2219,3416878.6799,Profit,359152.2246,260121.547,990602.9921,428231.5717,1345266.8141,17943.3084,15560.2219,0.0286,0.0
2020-08-27,3549447.4643,373837.5482,286442.9551,992210.1908,436978.1517,1406364.5877,28054.2728,25559.7581,3449447.4643,Profit,353837.5482,266442.9551,977210.1908,421978.1517,1396364.5877,18054.2728,15559.7581,0.0093,0.0
2020-08-28,3567940.5669,372357.8719,288698.4507,1030521.0843,436143.8595,1387050.9312,27852.1837,25316.1857,3467940.5669,Profit,352357.8719,268698.4507,1015521.0843,421143.8595,1377050.9312,17852.1837,15316.1857,0.0052,0.0
2020-08-31,3758349.6992,383377.27,283210.9715,1043951.4076,440588.6246,1554834.1253,27347.6761,25039.624,3658349.6992,Profit,363377.27,263210.9715,1028951.4076,425588.6246,1544834.1253,17347.6761,15039.624,0.0534,0.0
2020-09-01,3748066.2372,399026.102,285709.8857,1080229.7542,447182.5733,1483702.6694,27256.6766,24958.5759,3648066.2372,Profit,379026.102,265709.8857,1065229.7542,432182.5733,1473702.6694,17256.6766,14958.5759,-0.0027,-0.2736
2020-09-02,3707434.3337,391090.2738,291481.2885,1122235.2054,451727.8642,1398532.1583,27324.8737,25042.6698,3607434.3337,Profit,371090.2738,271481.2885,1107235.2054,436727.8642,1388532.1583,17324.8737,15042.6698,-0.0108,-1.3547
2020-09-03,3420542.1795,361347.2421,274590.6164,1022514.0282,432667.5951,1277789.4095,26938.9626,24694.3255,3320542.1795,Profit,341347.2421,254590.6164,1007514.0282,417667.5951,1267789.4095,16938.9626,14694.3255,-0.0774,-8.9882
2020-09-04,3403007.3569,360647.5157,270021.3841,989030.0736,422144.3261,1309923.0251,26761.4436,24479.5887,3303007.3569,Profit,340647.5157,250021.3841,974030.0736,407144.3261,1299923.0251,16761.4436,14479.5887,-0.0051,-9.4547
2020-09-08,3036747.9552,339034.9266,257427.8651,940835.608,406738.5835,1042074.1457,26439.8509,24196.9754,2936747.9552,Profit,319034.9266,237427.8651,925835.608,391738.5835,1032074.1457,16439.8509,14196.9754,-0.1076,-19.2
2020-09-09,3250037.778,352066.8419,268024.3316,1002716.2663,421498.1048,1154323.1124,26863.6229,24545.4982,3150037.778,Profit,332066.8419,248024.3316,987716.2663,406498.1048,1144323.1124,16863.6229,14545.4982,0.0702,-13.5249
2020-09-10,3199714.4048,340293.8409,260279.8207,970074.1833,409101.6091,1169295.5557,26479.2234,24190.1717,3099714.4048,Profit,320293.8409,240279.8207,955074.1833,394101.6091,1159295.5557,16479.2234,14190.1717,-0.0155,-14.8638
2020-09-11,3184936.1165,336422.0339,259043.6732,960301.1959,402244.7096,1175781.0281,26778.0764,24365.3996,3084936.1165,Profit,316422.0339,239043.6732,945301.1959,387244.7096,1165781.0281,16778.0764,14365.3996,-0.0046,-15.2571
2020-09-14,3396225.0925,346219.0102,260588.2161,1015262.8735,400198.9631,1322624.1449,26940.3727,24391.5119,3296225.0925,Profit,326219.0102,240588.2161,1000262.8735,385198.9631,1312624.1449,16940.3727,14391.5119,0.0663,-9.6352
2020-09-15,3512520.3577,346755.3918,264862.5454,1024745.2312,407086.0801,1417735.1072,27008.1481,24327.854,3412520.3577,Profit,326755.3918,244862.5454,1009745.2312,392086.0801,1407735.1072,17008.1481,14327.854,0.0342,-6.5409
2020-09-16,3421969.1274,336358.2652,259985.5059,986469.5182,396781.7612,1391668.8378,26625.7302,24079.509,3321969.1274,Profit,316358.2652,239985.5059,971469.5182,381781.7612,1381668.8378,16625.7302,14079.509,-0.0258,-8.9502
2020-09-17,3351345.6294,331798.9867,257901.4567,984904.4642,388780.8475,1337165.6436,26646.375,24147.8557,3251345.6294,Profit,311798.9867,237901.4567,969904.4642,373780.8475,1327165.6436,16646.375,14147.8557,-0.0206,-10.8293
2020-09-18,3363990.0172,320937.1778,254436.8951,962280.2517,381423.9487,1394801.4765,26276.5397,23833.7277,3263990.0172,Profit,300937.1778,234436.8951,947280.2517,366423.9487,1384801.4765,16276.5397,13833.7277,0.0038,-10.4929
2020-09-21,3452396.797,333335.0829,259264.4297,996073.2068,385239.9879,1429150.7926,25951.1613,23382.1358,3352396.797,Profit,313335.0829,239264.4297,981073.2068,370239.9879,1419150.7926,15951.1613,13382.1358,0.0263,-8.1406
2020-09-22,3419865.3173,339014.2132,265828.0319,1007007.7525,407692.5512,1350859.2841,25980.8209,23482.6635,3319865.3173,Profit,319014.2132,245828.0319,992007.7525,392692.5512,1340859.2841,15980.8209,13482.6635,-0.0094,-9.0062
2020-09-23,3210351.5273,325932.159,258018.6331,969539.5111,392275.8602,1215536.7682,25757.9828,23290.6129,3110351.5273,Profit,305932.159,238018.6331,954539.5111,377275.8602,1205536.7682,15757.9828,13290.6129,-0.0613,-14.5808
2020-09-24,3265519.2146,329677.0645,261652.3699,988581.6117,395356.2945,1240759.1414,26010.2227,23482.5099,3165519.2146,Profit,309677.0645,241652.3699,973581.6117,380356.2945,1230759.1414,16010.2227,13482.5099,0.0172,-13.1129
2020-09-25,3404203.2857,342647.3932,268067.4284,1032453.9731,405886.4885,1305457.92,26060.1115,23629.971,3304203.2857,Profit,322647.3932,248067.4284,1017453.9731,390886.4885,1295457.92,16060.1115,13629.971,0.0425,-9.4229
2020-09-28,3478174.4509,350319.9439,269782.2732,1043981.3051,415676.5079,1348063.1388,26330.6567,24020.6253,3378174.4509,Profit,330319.9439,249782.2732,1028981.3051,400676.5079,1338063.1388,16330.6567,14020.6253,0.0217,-7.4547
2020-09-29,3479857.517,348005.3947,267237.126,1060246.3639,412255.2983,1342549.359,25866.2727,23697.7024,3379857.517,Profit,328005.3947,247237.126,1045246.3639,397255.2983,1332549.359,15866.2727,13697.7024,0.0005,-7.41
2020-09-30,3532277.053,351874.4847,270156.1898,1080513.78,411155.8487,1369053.2982,25772.9409,23750.5106,3432277.053,Profit,331874.4847,250156.1898,1065513.78,396155.8487,1359053.2982,15772.9409,13750.5106,0.0151,-6.0152
2020-10-01,3602864.5634,353638.0088,271939.0706,1083409.6913,419145.9472,1425131.9339,25780.5529,23819.3588,3502864.5634,Profit,333638.0088,251939.0706,1068409.6913,404145.9472,1415131.9339,15780.5529,13819.3588,0.02,-4.1371
2020-10-02,3426745.3116,342718.0578,264268.6932,1040832.2861,407171.3718,1321751.9491,25945.0954,24057.8582,3326745.3116,Profit,322718.0578,244268.6932,1025832.2861,392171.3718,1311751.9491,15945.0954,14057.8582,-0.0489,-8.8231
2020-10-05,3522324.6571,352129.4421,268800.7594,1083765.459,415555.2211,1351297.894,26318.1435,24457.7378,3422324.6571,Profit,332129.4421,248800.7594,1068765.459,400555.2211,1341297.894,16318.1435,14457.7378,0.0279,-6.28
2020-10-06,3464608.6782,342166.2256,263153.6532,1091492.3315,402755.6318,1314453.9159,26275.9562,24310.964,3364608.6782,Profit,322166.2256,243153.6532,1076492.3315,387755.6318,1304453.9159,16275.9562,14310.964,-0.0164,-7.8157
2020-10-07,3543295.7994,347984.0712,268212.9698,1109798.2822,415285.6958,1350708.4348,26903.5503,24402.7953,3443295.7994,Profit,327984.0712,248212.9698,1094798.2822,400285.6958,1340708.4348,16903.5503,14402.7953,0.0227,-5.722
2020-10-08,3520986.6845,346213.5315,268065.5996,1095303.2371,412902.5161,1347066.8501,26956.3235,24478.6265,3420986.6845,Profit,326213.5315,248065.5996,1080303.2371,397902.5161,1337066.8501,16956.3235,14478.6265,-0.0063,-6.3156
2020-10-09,3542771.1085,350036.1993,272990.4362,1082358.0571,422634.0017,1363906.3425,26835.4177,24010.6541,3442771.1085,Profit,330036.1993,252990.4362,1067358.0571,407634.0017,1353906.3425,16835.4177,14010.6541,0.0062,-5.736
2020-10-12,3654755.842,372224.5673,280039.71,1118721.3533,442730.2841,1389983.9232,27020.3375,24035.6667,3554755.842,Profit,352224.5673,260039.71,1103721.3533,427730.2841,1379983.9232,17020.3375,14035.6667,0.0316,-2.7564
2020-10-13,3660720.1248,362282.0267,281844.9003,1120200.4371,442721.7381,1403333.8142,26782.051,23555.1574,3560720.1248,Profit,342282.0267,261844.9003,1105200.4371,427721.7381,1393333.8142,16782.051,13555.1574,0.0016,-2.5977
2020-10-14,3683626.9929,362721.9128,279406.844,1108722.4539,432644.6198,1450031.3354,26719.0435,23380.7835,3583626.9929,Profit,342721.9128,259406.844,1093722.4539,417644.6198,1440031.3354,16719.0435,13380.7835,0.0063,-1.9882
2020-10-15,3653730.1299,363799.9646,279834.3185,1106512.8035,432392.9403,1420763.3543,26776.0435,23650.7052,3553730.1299,Profit,343799.9646,259834.3185,1091512.8035,417392.9403,1410763.3543,16776.0435,13650.7052,-0.0081,-2.7837
2020-10-16,3588157.2443,357684.9604,279030.5613,1090852.9581,422638.1054,1387615.5001,26782.4719,23552.6871,3488157.2443,Profit,337684.9604,259030.5613,1075852.9581,407638.1054,1377615.5001,16782.4719,13552.6871,-0.0179,-4.5284
2020-10-19,3503058.6065,347803.4175,271551.1054,1063826.6748,413329.1783,1356930.1111,26462.6928,23155.4267,3403058.6065,Profit,327803.4175,251551.1054,1048826.6748,398329.1783,1346930.1111,16462.6928,13155.4267,-0.0237,-6.7926
2020-10-20,3486028.6517,351683.2068,271542.6748,1073302.4887,413741.8733,1326208.0684,26437.5105,23112.8293,3386028.6517,Profit,331683.2068,251542.6748,1058302.4887,398741.8733,1316208.0684,16437.5105,13112.8293,-0.0049,-7.2458
2020-10-21,3468759.1599,349358.3337,271404.6341,1062463.2185,409119.7505,1326787.3145,26593.4753,23032.4333,3368759.1599,Profit,329358.3337,251404.6341,1047463.2185,394119.7505,1316787.3145,16593.4753,13032.4333,-0.005,-7.7053
2020-10-22,3467184.197,346495.8191,271935.1175,1051166.9615,408644.6413,1338713.3669,26826.3757,23401.915,3367184.197,Profit,326495.8191,251935.1175,1036166.9615,393644.6413,1328713.3669,16826.3757,13401.915,-0.0005,-7.7472
2020-10-23,3471932.3558,344321.9256,273586.7043,1069127.1102,412184.1109,1322288.7065,26826.1724,23597.6258,3371932.3558,Profit,324321.9256,253586.7043,1054127.1102,397184.1109,1312288.7065,16826.1724,13597.6258,0.0014,-7.6208
2020-10-26,3442923.857,345951.3497,267038.2355,1038545.6707,414438.7598,1327318.6604,26325.5196,23305.6614,3342923.857,Profit,325951.3497,247038.2355,1023545.6707,399438.7598,1317318.6604,16325.5196,13305.6614,-0.0084,-8.3927
2020-10-27,3485404.2268,349648.7607,270297.2177,1055771.7107,423493.6285,1337458.6435,25848.4692,22885.7965,3385404.2268,Profit,329648.7607,250297.2177,1040771.7107,408493.6285,1327458.6435,15848.4692,12885.7965,0.0123,-7.2624
2020-10-28,3353917.272,336934.6705,259620.6481,1005524.046,411846.2214,1292096.7968,25370.5368,22524.3523,3253917.272,Profit,316934.6705,239620.6481,990524.046,396846.2214,1282096.7968,15370.5368,12524.3523,-0.0377,-10.7609
2020-10-29,3435173.5932,350666.1808,263144.4796,1040844.7133,419602.6252,1312020.152,25932.4872,22962.9551,3335173.5932,Profit,330666.1808,243144.4796,1025844.7133,404602.6252,1302020.152,15932.4872,12962.9551,0.0242,-8.5989
2020-10-30,3270355.6652,330259.0354,259661.5746,999305.7345,395833.7512,1236366.7193,25961.8532,22966.9969,3170355.6652,Profit,310259.0354,239661.5746,984305.7345,380833.7512,1226366.7193,15961.8532,12966.9969,-0.048,-12.9843
2020-11-02,3294479.706,328469.5232,258292.1825,998461.3414,389909.424,1270247.1092,26052.6472,23047.4784,3194479.706,Profit,308469.5232,238292.1825,983461.3414,374909.424,1260247.1092,16052.6472,13047.4784,0.0074,-12.3424
2020-11-03,3391700.8079,330718.7481,261305.1004,1024543.8736,392266.9344,1333075.3148,26429.8567,23360.9797,3291700.8079,Profit,310718.7481,241305.1004,1009543.8736,377266.9344,1323075.3148,16429.8567,13360.9797,0.0295,-9.7556
2020-11-04,3492899.0536,344004.4125,273734.0165,1084967.9613,416849.1164,1323190.6803,26840.2952,23312.5713,3392899.0536,Profit,324004.4125,253734.0165,1069967.9613,401849.1164,1313190.6803,16840.2952,13312.5713,0.0298,-7.063
2020-11-05,3583139.3861,353861.9172,280618.2411,1106389.4915,424416.809,1367847.9033,26826.2302,23178.7937,3483139.3861,Profit,333861.9172,260618.2411,1091389.4915,409416.809,1357847.9033,16826.2302,13178.7937,0.0258,-4.6619
2020-11-06,3584779.4395,353144.95,280905.8821,1136723.2264,422668.4598,1341201.1819,26943.1677,23192.5716,3484779.4395,Profit,333144.95,260905.8821,1121723.2264,407668.4598,1331201.1819,16943.1677,13192.5716,0.0005,-4.6183
2020-11-09,3433232.6478,344252.4741,272738.9944,1058409.8313,399149.6521,1307136.3106,27114.766,24430.6193,3333232.6478,Profit,324252.4741,252738.9944,1043409.8313,384149.6521,1297136.3106,17114.766,14430.6193,-0.0423,-8.6505
2020-11-10,3321431.8607,344464.5757,264497.9533,995132.0371,386742.2512,1277931.7611,27611.7846,25051.4977,3221431.8607,Profit,324464.5757,244497.9533,980132.0371,371742.2512,1267931.7611,17611.7846,15051.4977,-0.0326,-11.6253
2020-11-11,3423840.8218,354946.6748,271417.0618,1045623.204,399788.1849,1299008.4267,27807.2634,25250.0063,3323840.8218,Profit,334946.6748,251417.0618,1030623.204,384788.1849,1289008.4267,17807.2634,15250.0063,0.0308,-8.9004
2020-11-12,3431778.0044,357002.6392,272247.1154,1057210.5109,399559.7881,1292727.2662,27913.2867,25117.3978,3331778.0044,Profit,337002.6392,252247.1154,1042210.5109,384559.7881,1282727.2662,17913.2867,15117.3978,0.0023,-8.6892
2020-11-13,3419222.1649,357797.4414,274075.1645,1046523.3696,402674.0325,1284844.1949,27989.9208,25318.0411,3319222.1649,Profit,337797.4414,254075.1645,1031523.3696,387674.0325,1274844.1949,17989.9208,15318.0411,-0.0037,-9.0233
2020-11-16,3424265.5449,359217.1242,273705.314,1058681.8502,401064.5477,1277498.3833,28313.5589,25784.7666,3324265.5449,Profit,339217.1242,253705.314,1043681.8502,386064.5477,1267498.3833,18313.5589,15784.7666,0.0015,-8.8891
2020-11-17,3519643.1932,356742.1467,270393.9364,1052201.4857,401930.0343,1383378.212,28796.6745,26200.7035,3419643.1932,Profit,336742.1467,250393.9364,1037201.4857,386930.0343,1373378.212,18796.6745,16200.7035,0.0279,-6.3514
2020-11-18,3641682.9349,351811.8939,266201.1085,1050180.9457,397116.5847,1520829.4631,28950.129,26592.8101,3541682.9349,Profit,331811.8939,246201.1085,1035180.9457,382116.5847,1510829.4631,18950.129,16592.8101,0.0347,-3.1042
2020-11-19,3692927.6009,354186.2183,268302.1407,1052731.3551,399205.1062,1562689.2417,29038.5157,26775.0232,3592927.6009,Profit,334186.2183,248302.1407,1037731.3551,384205.1062,1552689.2417,19038.5157,16775.0232,0.0141,-1.7407
2020-11-20,3623062.2823,349981.7314,265505.1234,1024096.6124,396584.3768,1531048.28,29029.6003,26816.5581,3523062.2823,Profit,329981.7314,245505.1234,1009096.6124,381584.3768,1521048.28,19029.6003,16816.5581,-0.0189,-3.5996
2020-11-23,3720989.3621,339858.4597,265370.5555,1029105.2174,396790.0625,1633241.8965,29411.1174,27212.0532,3620989.3621,Profit,319858.4597,245370.5555,1014105.2174,381790.0625,1623241.8965,19411.1174,17212.0532,0.027,-0.9941
2020-11-24,3810026.2786,342487.4647,269082.2051,1011049.3728,397812.13,1731673.8259,30073.938,27847.342,3710026.2786,Profit,322487.4647,249082.2051,996049.3728,382812.13,1721673.8259,20073.938,17847.342,0.0239,0.0
2020-11-25,3891768.4349,344274.105,268475.8054,1030228.5935,405427.371,1785604.9367,30030.4477,27727.1756,3791768.4349,Profit,324274.105,248475.8054,1015228.5935,390427.371,1775604.9367,20030.4477,17727.1756,0.0215,0.0
2020-11-27,3929781.8407,345470.175,269826.4387,1030907.2899,406170.3237,1819665.6741,30093.4757,27648.4637,3829781.8407,Profit,325470.175,249826.4387,1015907.2899,391170.3237,1809665.6741,20093.4757,17648.4637,0.0098,0.0
2020-11-30,3879749.5976,352223.7132,267942.4217,1040200.8373,402079.8744,1760538.7455,29602.9319,27161.0738,3779749.5976,Profit,332223.7132,247942.4217,1025200.8373,387079.8744,1750538.7455,19602.9319,17161.0738,-0.0127,-1.2732
2020-12-01,3948990.2287,362686.2439,270354.1035,1038302.4686,408274.8761,1811945.6747,29818.6307,27608.2312,3848990.2287,Profit,342686.2439,250354.1035,1023302.4686,393274.8761,1801945.6747,19818.6307,17608.2312,0.0178,0.0
2020-12-02,3903930.0157,363262.5718,268930.725,1048794.1958,405610.747,1760107.3558,29604.6996,27619.7207,3803930.0157,Profit,343262.5718,248930.725,1033794.1958,390610.747,1750107.3558,19604.6996,17619.7207,-0.0114,-1.1411
2020-12-03,3948344.3212,361328.8891,266399.3059,1033303.8294,401799.0699,1828431.5849,29491.3421,27590.2998,3848344.3212,Profit,341328.8891,246399.3059,1018303.8294,386799.0699,1818431.5849,19491.3421,17590.2998,0.0114,-0.0164
2020-12-04,3949309.597,357109.3012,264916.2012,1039392.7654,396309.5848,1834553.5778,29342.9254,27685.2412,3849309.597,Profit,337109.3012,244916.2012,1024392.7654,381309.5848,1824553.5778,19342.9254,17685.2412,0.0002,0.0
2020-12-07,4087657.575,361497.4779,264827.983,1043081.6197,395735.6552,1965383.1198,29435.8616,27695.8578,3987657.575,Profit,341497.4779,244827.983,1028081.6197,380735.6552,1955383.1198,19435.8616,17695.8578,0.035,0.0
2020-12-08,4101620.2899,363495.2625,267097.5862,1023990.5305,398369.3945,1991341.933,29455.3535,27870.2296,4001620.2899,Profit,343495.2625,247097.5862,1008990.5305,383369.3945,1981341.933,19455.3535,17870.2296,0.0034,0.0
2020-12-09,3907248.1645,355771.2333,261795.3115,991362.1355,389054.639,1851499.6867,29560.9879,28204.1707,3807248.1645,Profit,335771.2333,241795.3115,976362.1355,374054.639,1841499.6867,19560.9879,18204.1707,-0.0474,-4.7389
2020-12-10,3960979.5959,358108.5114,258822.594,989230.1704,386618.8186,1910340.8213,29642.9249,28215.7554,3860979.5959,Profit,338108.5114,238822.594,974230.1704,371618.8186,1900340.8213,19642.9249,18215.7554,0.0138,-3.4289
2020-12-11,3925298.647,356683.9787,262884.2617,995084.4893,389548.941,1863417.9806,29629.0419,28049.9538,3825298.647,Profit,336683.9787,242884.2617,980084.4893,374548.941,1853417.9806,19629.0419,18049.9538,-0.009,-4.2988
2020-12-14,4039123.4538,354492.9781,263805.5847,1016704.1352,394245.5443,1952740.4076,29195.7972,27939.0067,3939123.4538,Profit,334492.9781,243805.5847,1001704.1352,379245.5443,1942740.4076,19195.7972,17939.0067,0.029,-1.5237
2020-12-15,4030860.0762,371212.5343,262995.4065,1017878.6611,394180.1306,1927349.9814,29143.8262,28099.536,3930860.0762,Profit,351212.5343,242995.4065,1002878.6611,379180.1306,1917349.9814,19143.8262,18099.536,-0.002,-1.7252
2020-12-16,4015201.9685,371919.5859,269981.9678,1011339.8225,404608.673,1900074.9079,29168.202,28108.8095,3915201.9685,Profit,351919.5859,249981.9678,996339.8225,389608.673,1890074.9079,19168.202,18108.8095,-0.0039,-2.1069
2020-12-17,4114687.2327,373503.9627,269412.4965,1016107.927,402890.6861,1995659.6122,29070.8721,28041.6759,4014687.2327,Profit,353503.9627,249412.4965,1001107.927,387890.6861,1985659.6122,19070.8721,18041.6759,0.0248,0.0
2020-12-18,4235637.688,369260.9936,269585.1834,1015385.345,400389.3933,2124110.0731,28948.9749,27957.7247,4135637.688,Profit,349260.9936,249585.1834,1000385.345,385389.3933,2114110.0731,18948.9749,17957.7247,0.0294,0.0
2020-12-21,4135657.3591,375958.3488,276123.4738,1025879.9539,403279.7244,1997651.9097,28894.4834,27869.465,4035657.3591,Profit,355958.3488,256123.4738,1010879.9539,388279.7244,1987651.9097,18894.4834,17869.465,-0.0236,-2.3605
2020-12-22,4133014.0352,388442.4348,279066.0585,1026413.6656,405174.4659,1977429.2172,28807.3827,27680.8105,4033014.0352,Profit,368442.4348,259066.0585,1011413.6656,390174.4659,1967429.2172,18807.3827,17680.8105,-0.0006,-2.4229
2020-12-23,4104812.4274,384150.7206,274318.3474,1001555.6685,400869.1504,1986809.7718,29178.8065,27929.9621,4004812.4274,Profit,364150.7206,254318.3474,986555.6685,385869.1504,1976809.7718,19178.8065,17929.9621,-0.0068,-3.0887
2020-12-24,4149231.5034,386510.6479,276025.1582,998686.713,398631.2137,2032046.4347,29266.7423,28064.5935,4049231.5034,Profit,366510.6479,256025.1582,983686.713,383631.2137,2022046.4347,19266.7423,18064.5935,0.0108,-2.04
2020-12-28,4178483.9003,400369.6674,278741.543,991528.3125,412612.9835,2037942.0316,29245.5152,28043.847,4078483.9003,Profit,380369.6674,258741.543,976528.3125,397612.9835,2027942.0316,19245.5152,18043.847,0.0071,-1.3494
2020-12-29,4177999.8884,394098.6296,277100.0347,992593.8748,416449.4412,2040386.9488,29265.1948,28105.7646,4077999.8884,Profit,374098.6296,257100.0347,977593.8748,401449.4412,2030386.9488,19265.1948,18105.7646,-0.0001,-1.3608
2020-12-30,4258554.3269,389637.3692,273284.5462,1005172.7809,410726.2477,2122434.2735,29204.7967,28094.3127,4158554.3269,Profit,369637.3692,253284.5462,990172.7809,395726.2477,2112434.2735,19204.7967,18094.3127,0.0193,0.0
2020-12-31,4266739.6404,385517.998,273400.61,995327.3312,405931.6169,2149454.9602,29099.4982,28007.6259,4166739.6404,Profit,365517.998,253400.61,980327.3312,390931.6169,2139454.9602,19099.4982,18007.6259,0.0019,0.0
2021-01-04,4326850.7959,376552.4197,267987.3083,1001313.8473,397764.8539,2226186.4078,29075.2029,27970.7561,4226850.7959,Profit,356552.4197,247987.3083,986313.8473,382764.8539,2216186.4078,19075.2029,17970.7561,0.0141,0.0
2021-01-05,4359950.0606,379844.5389,267308.7736,1020035.1205,400357.8974,2234738.0879,29410.1881,28255.4543,4259950.0606,Profit,359844.5389,247308.7736,1005035.1205,385357.8974,2224738.0879,19410.1881,18255.4543,0.0076,0.0
2021-01-06,4327380.992,366486.9194,259925.9674,958198.4679,389713.2378,2294197.9214,29800.9767,29057.5015,4227380.992,Profit,346486.9194,239925.9674,943198.4679,374713.2378,2284197.9214,19800.9767,19057.5015,-0.0075,-0.747
2021-01-07,4596356.5908,379585.1492,267782.1604,1015457.9274,393347.1697,2480759.2777,30153.7686,29271.1377,4496356.5908,Profit,359585.1492,247782.1604,1000457.9274,378347.1697,2470759.2777,20153.7686,19271.1377,0.0622,0.0
2021-01-08,4792269.4988,382828.3731,269387.0899,1010119.0695,395839.8675,2674840.5058,30063.8639,29190.729,4692269.4988,Profit,362828.3731,249387.0899,995119.0695,380839.8675,2664840.5058,20063.8639,19190.729,0.0426,0.0
2021-01-11,4619023.1344,376381.867,268513.3231,1043173.9536,389850.671,2481740.8604,30061.0617,29301.3976,4519023.1344,Profit,356381.867,248513.3231,1028173.9536,374850.671,2471740.8604,20061.0617,19301.3976,-0.0362,-3.6151
2021-01-12,4707853.478,374616.3625,264487.0548,1029279.7994,389396.2758,2590226.9199,30285.404,29561.6617,4607853.478,Profit,354616.3625,244487.0548,1014279.7994,374396.2758,2580226.9199,20285.404,19561.6617,0.0192,-1.7615
2021-01-13,4726566.6835,379585.2994,265462.6548,1029943.7271,393902.8816,2598017.3342,30245.6203,29409.1661,4626566.6835,Profit,359585.2994,245462.6548,1014943.7271,378902.8816,2588017.3342,20245.6203,19409.1661,0.004,-1.371
2021-01-14,4638230.2827,372236.0268,260219.6739,1000298.2342,387408.1488,2558089.4861,30161.6478,29817.0651,4538230.2827,Profit,352236.0268,240219.6739,985298.2342,372408.1488,2548089.4861,20161.6478,19817.0651,-0.0187,-3.2143
2021-01-15,4572642.2816,369217.3354,261274.695,980052.4306,386750.1511,2515483.1549,30151.2719,29713.2428,4472642.2816,Profit,349217.3354,241274.695,965052.4306,371750.1511,2505483.1549,20151.2719,19713.2428,-0.0141,-4.5829
2021-01-19,4652612.6543,371445.4433,266108.1852,993344.6733,389052.7399,2573093.1572,30032.3061,29536.1493,4552612.6543,Profit,351445.4433,246108.1852,978344.6733,374052.7399,2563093.1572,20032.3061,19536.1493,0.0175,-2.9142
2021-01-20,4707286.179,381292.5091,274088.1375,1012977.9391,404308.8715,2574989.2522,30117.1179,29512.3516,4607286.179,Profit,361292.5091,254088.1375,997977.9391,389308.8715,2564989.2522,20117.1179,19512.3516,0.0118,-1.7733
2021-01-21,4738019.4435,394408.7658,274236.9559,1048666.021,408771.7801,2552595.0057,30009.7267,29331.1883,4638019.4435,Profit,374408.7658,254236.9559,1033666.021,393771.7801,2542595.0057,20009.7267,19331.1883,0.0065,-1.132
2021-01-22,4769365.8603,403504.9928,277384.0352,1044239.9361,409818.1269,2575606.243,29855.7628,28956.7635,4669365.8603,Profit,383504.9928,257384.0352,1029239.9361,394818.1269,2565606.243,19855.7628,18956.7635,0.0066,-0.4779
2021-01-25,4892960.4107,415437.8519,282250.5877,1041534.6963,410746.6191,2684165.129,29889.3812,28936.1456,4792960.4107,Profit,395437.8519,262250.5877,1026534.6963,395746.6191,2674165.129,19889.3812,18936.1456,0.0259,0.0
2021-01-26,4877821.0874,414970.0795,284909.9229,1021921.4221,413579.6675,2683534.9969,29825.9152,29079.0833,4777821.0874,Profit,394970.0795,264909.9229,1006921.4221,398579.6675,2673534.9969,19825.9152,19079.0833,-0.0031,-0.3094
2021-01-27,4792815.6283,414111.7339,287231.2323,988197.0271,404258.6762,2641102.4387,29232.0659,28682.4542,4692815.6283,Profit,394111.7339,267231.2323,973197.0271,389258.6762,2631102.4387,19232.0659,18682.4542,-0.0174,-2.0467
2021-01-28,4722372.7889,400771.0503,295493.8248,1001117.4126,405998.2503,2560297.2847,29600.5746,29094.3916,4622372.7889,Profit,380771.0503,275493.8248,986117.4126,390998.2503,2550297.2847,19600.5746,19094.3916,-0.0147,-3.4864
2021-01-29,4550015.3885,384824.4026,286212.7392,994100.3346,401116.5873,2426190.4198,29077.9596,28492.9454,4450015.3885,Profit,364824.4026,266212.7392,979100.3346,386116.5873,2416190.4198,19077.9596,18492.9454,-0.0365,-7.0089
2021-02-01,4759829.7903,392528.2604,296705.6574,1016508.3609,419656.0177,2576533.2291,29322.6325,28575.6323,4659829.7903,Profit,372528.2604,276705.6574,1001508.3609,404656.0177,2566533.2291,19322.6325,18575.6323,0.0461,-2.7209
2021-02-02,4891323.4047,394825.8198,296391.4471,1040619.2216,424117.4344,2676459.6992,29742.0071,29167.7754,4791323.4047,Profit,374825.8198,276391.4471,1025619.2216,409117.4344,2666459.6992,19742.0071,19167.7754,0.0276,-0.0335
2021-02-03,4813569.518,390682.4292,299885.9777,1035782.4369,414517.6983,2613801.4772,29674.7358,29224.7629,4713569.518,Profit,370682.4292,279885.9777,1020782.4369,399517.6983,2603801.4772,19674.7358,19224.7629,-0.0159,-1.6226
2021-02-04,4837839.7387,402182.9808,299702.7278,1049740.7686,418295.0661,2608575.7164,29909.0436,29433.4353,4737839.7387,Profit,382182.9808,279702.7278,1034740.7686,403295.0661,2598575.7164,19909.0436,19433.4353,0.005,-1.1265
2021-02-05,4821777.1662,399357.8832,298746.0135,1039898.6808,419278.6933,2605055.0308,30023.8874,29416.9773,4721777.1662,Profit,379357.8832,278746.0135,1024898.6808,404278.6933,2595055.0308,20023.8874,19416.9773,-0.0033,-1.4548
2021-02-08,4909204.6815,399041.6207,298522.3944,1102694.4536,414843.2396,2634302.5139,30171.8375,29628.6217,4809204.6815,Profit,379041.6207,278522.3944,1087694.4536,399843.2396,2624302.5139,20171.8375,19628.6217,0.0181,0.0
2021-02-09,4837082.5466,395345.6034,299336.0324,1086330.8172,411503.5528,2584794.7874,30152.5884,29619.165,4737082.5466,Profit,375345.6034,279336.0324,1071330.8172,396503.5528,2574794.7874,20152.5884,19619.165,-0.0147,-1.4691
2021-02-10,4722563.4354,392602.9349,297456.4429,1121804.3938,408244.8956,2443184.6874,29770.6579,29499.423,4622563.4354,Profit,372602.9349,277456.4429,1106804.3938,393244.8956,2433184.6874,19770.6579,19499.423,-0.0237,-3.8019
2021-02-11,4777568.7367,391751.0909,299441.2495,1158583.6729,405110.779,2463366.298,29728.078,29587.5684,4677568.7367,Profit,371751.0909,279441.2495,1143583.6729,390110.779,2453366.298,19728.078,19587.5684,0.0116,-2.6814
2021-02-12,4781929.648,393223.9769,300652.1532,1138774.9246,407850.2461,2481786.5071,29900.6566,29741.1835,4681929.648,Profit,373223.9769,280652.1532,1123774.9246,392850.2461,2471786.5071,19900.6566,19741.1835,0.0009,-2.5926
2021-02-16,4730570.534,386079.3986,298427.4456,1164325.366,405896.2112,2416131.3519,29922.8872,29787.8736,4630570.534,Profit,366079.3986,278427.4456,1149325.366,390896.2112,2406131.3519,19922.8872,19787.8736,-0.0107,-3.6388
2021-02-17,4714254.1484,380083.4803,300387.5997,1134674.7701,411730.0427,2427331.4429,30253.7495,29793.0634,4614254.1484,Profit,360083.4803,280387.5997,1119674.7701,396730.0427,2417331.4429,20253.7495,19793.0634,-0.0034,-3.9711
2021-02-18,4668963.1805,376355.1,299513.7141,1127377.6285,413647.7889,2391563.8074,30744.3126,29760.829,4568963.1805,Profit,356355.1,279513.7141,1112377.6285,398647.7889,2381563.8074,20744.3126,19760.829,-0.0096,-4.8937
2021-02-19,4615974.7056,374397.8718,294123.4809,1127434.2416,401302.6084,2357766.3996,30865.0904,30085.0129,4515974.7056,Profit,354397.8718,274123.4809,1112434.2416,386302.6084,2347766.3996,20865.0904,20085.0129,-0.0113,-5.9731
2021-02-22,4343956.6715,363211.1307,286210.3781,1084304.3337,392731.4889,2156015.6849,31196.138,30287.5171,4243956.6715,Profit,343211.1307,266210.3781,1069304.3337,377731.4889,2146015.6849,21196.138,20287.5171,-0.0589,-11.514
2021-02-23,4277870.1986,362521.0009,284486.8111,1067351.3332,394117.7437,2107089.5443,31519.1377,30784.6278,4177870.1986,Profit,342521.0009,264486.8111,1052351.3332,379117.7437,2097089.5443,21519.1377,20784.6278,-0.0152,-12.8602
2021-02-24,4412331.3631,359463.9094,284784.2949,1089473.8928,388103.471,2227515.8382,31544.0916,31445.8653,4312331.3631,Profit,339463.9094,264784.2949,1074473.8928,373103.471,2217515.8382,21544.0916,21445.8653,0.0314,-10.1213
2021-02-25,4104119.004,346429.9222,277629.1767,998537.5259,374988.8873,2045063.6721,30853.6433,30616.1765,4004119.004,Profit,326429.9222,257629.1767,983537.5259,359988.8873,2035063.6721,20853.6433,20616.1765,-0.0699,-16.3995
2021-02-26,4173161.3999,351507.0697,285233.0242,1041846.5184,384068.1703,2049968.3129,30368.0619,30170.2424,4073161.3999,Profit,331507.0697,265233.0242,1026846.5184,369068.1703,2039968.3129,20368.0619,20170.2424,0.0168,-14.9931
2021-03-01,4337153.4172,369726.7271,290276.3055,1049521.0403,389937.6875,2176124.5695,30916.2082,30650.879,4237153.4172,Profit,349726.7271,270276.3055,1034521.0403,374937.6875,2166124.5695,20916.2082,20650.879,0.0393,-11.6526
2021-03-02,4178093.802,361031.8266,285721.001,1013608.7275,382482.0367,2073473.1442,30852.0054,30925.0605,4078093.802,Profit,341031.8266,265721.001,998608.7275,367482.0367,2063473.1442,20852.0054,20925.0605,-0.0367,-14.8927
2021-03-03,4006279.6895,352340.1407,278142.5202,968496.8221,371562.0664,1973848.9971,30832.4891,31056.6539,3906279.6895,Profit,332340.1407,258142.5202,953496.8221,356562.0664,1963848.9971,20832.4891,21056.6539,-0.0411,-18.3925
2021-03-04,3869070.7846,346948.0141,277249.7839,936068.8242,368344.056,1878774.1143,30853.8731,30832.1189,3769070.7846,Profit,326948.0141,257249.7839,921068.8242,353344.056,1868774.1143,20853.8731,20832.1189,-0.0342,-21.1874
2021-03-05,3828009.4457,351496.706,283901.8359,945285.887,372087.4767,1812192.5112,31692.154,31352.875,3728009.4457,Profit,331496.706,263901.8359,930285.887,357087.4767,1802192.5112,21692.154,21352.875,-0.0106,-22.0238
2021-03-08,3629158.1028,336645.2149,278571.2212,878899.5373,365841.8058,1705193.0402,32210.4575,31796.8258,3529158.1028,Profit,316645.2149,258571.2212,863899.5373,350841.8058,1695193.0402,22210.4575,21796.8258,-0.0519,-26.0744
2021-03-09,4061909.8458,349629.4245,285812.3543,947602.2197,378833.795,2036084.2913,32114.764,31832.997,3961909.8458,Profit,329629.4245,265812.3543,932602.2197,363833.795,2026084.2913,22114.764,21832.997,0.1192,-17.2593
2021-03-10,4037200.0392,346538.8368,284204.1888,943807.1634,378250.4852,2019718.2251,32663.5445,32017.5953,3937200.0392,Profit,326538.8368,264204.1888,928807.1634,363250.4852,2009718.2251,22663.5445,22017.5953,-0.0061,-17.7626
2021-03-11,4166155.0272,350101.6174,288218.2263,977743.9625,382856.6476,2102348.4348,32774.7782,32111.3604,4066155.0272,Profit,330101.6174,268218.2263,962743.9625,367856.6476,2092348.4348,22774.7782,22111.3604,0.0319,-15.1358
2021-03-12,4108934.3044,345524.197,285000.9076,962108.1311,377834.2172,2073419.9328,32818.4916,32228.4269,4008934.3044,Profit,325524.197,265000.9076,947108.1311,362834.2172,2063419.9328,22818.4916,22228.4269,-0.0137,-16.3014
2021-03-15,4178505.5976,353609.6534,283560.0887,986168.9227,376488.1256,2113692.0616,32640.3496,32346.396,4078505.5976,Profit,333609.6534,263560.0887,971168.9227,361488.1256,2103692.0616,22640.3496,22346.396,0.0169,-14.8843
2021-03-16,4094543.0336,357436.805,286491.3334,991663.3314,376975.1405,2016910.9983,32669.7785,32395.6465,3994543.0336,Profit,337436.805,266491.3334,976663.3314,361975.1405,2006910.9983,22669.7785,22395.6465,-0.0201,-16.5946
2021-03-17,4178418.4625,355395.7211,285904.6574,996193.7572,382629.7349,2092874.2399,32871.107,32549.2451,4078418.4625,Profit,335395.7211,265904.6574,981193.7572,367629.7349,2082874.2399,22871.107,22549.2451,0.0205,-14.886
2021-03-18,3952000.779,343150.1917,278136.6684,949413.0572,369277.9323,1946698.0165,32779.5026,32545.4102,3852000.779,Profit,323150.1917,258136.6684,934413.0572,354277.9323,1936698.0165,22779.5026,22545.4102,-0.0542,-19.4981
2021-03-19,3985049.0532,342946.4806,278757.4034,962358.4774,376449.7851,1959314.7115,32792.8533,32429.3419,3885049.0532,Profit,322946.4806,258757.4034,947358.4774,361449.7851,1949314.7115,22792.8533,22429.3419,0.0084,-18.825
2021-03-22,4078691.3756,352844.7529,285747.1088,988400.9662,381060.4368,2005701.4048,32607.391,32329.3152,3978691.3756,Profit,332844.7529,265747.1088,973400.9662,366060.4368,1995701.4048,22607.391,22329.3152,0.0235,-16.9175
2021-03-23,4064646.1508,351765.3332,288790.7088,983613.7704,385826.1698,1989996.9497,32518.9971,32134.2218,3964646.1508,Profit,331765.3332,268790.7088,968613.7704,370826.1698,1979996.9497,22518.9971,22134.2218,-0.0034,-17.2036
2021-03-24,3920952.7694,344773.9447,286218.6728,951388.4509,379625.8975,1894157.5714,32663.897,32124.3351,3820952.7694,Profit,324773.9447,266218.6728,936388.4509,364625.8975,1884157.5714,22663.897,22124.3351,-0.0354,-20.1306
2021-03-25,3949610.655,347398.3392,283406.2805,946562.4725,375918.2663,1931309.3631,32689.7859,32326.1476,3849610.655,Profit,327398.3392,263406.2805,931562.4725,360918.2663,1921309.3631,22689.7859,22326.1476,0.0073,-19.5468
2021-03-26,3907414.3141,348452.8408,287867.6529,967524.1941,375854.7302,1862083.5262,32955.3636,32676.0062,3807414.3141,Profit,328452.8408,267867.6529,952524.1941,360854.7302,1852083.5262,22955.3636,22676.0062,-0.0107,-20.4064
2021-03-29,3899342.4838,349354.7907,286677.3388,976842.2359,379192.4161,1841793.5551,32963.4328,32518.7144,3799342.4838,Profit,329354.7907,266677.3388,961842.2359,364192.4161,1831793.5551,22963.4328,22518.7144,-0.0021,-20.5708
2021-03-30,3967485.2787,346140.171,283380.4474,973949.0262,377779.0842,1920725.4231,32946.581,32564.5459,3867485.2787,Profit,326140.171,263380.4474,958949.0262,362779.0842,1910725.4231,22946.581,22564.5459,0.0175,-19.1827
2021-03-31,4098666.9739,351034.722,286896.6802,1005513.2998,380880.4577,2009411.9116,32623.8678,32306.0349,3998666.9739,Profit,331034.722,266896.6802,990513.2998,365880.4577,1999411.9116,22623.8678,22306.0349,0.0331,-16.5106
2021-04-01,4130807.2068,353181.9118,294658.8063,1039684.956,388808.8546,1989236.7174,32693.2352,32542.7254,4030807.2068,Profit,333181.9118,274658.8063,1024684.956,373808.8546,1979236.7174,22693.2352,22542.7254,0.0078,-15.8559
2021-04-05,4243837.0539,360391.9693,301883.266,1049556.6411,395629.0503,2070703.3462,32779.5123,32893.2687,4143837.0539,Profit,340391.9693,281883.266,1034556.6411,380629.0503,2060703.3462,22779.5123,22893.2687,0.0274,-13.5535
2021-04-06,4246386.2335,362269.042,301218.8509,1042943.2989,396346.4785,2078037.0355,32737.2873,32834.2404,4146386.2335,Profit,342269.042,281218.8509,1027943.2989,381346.4785,2068037.0355,22737.2873,22834.2404,0.0006,-13.5015
2021-04-07,4239029.2641,368758.5964,305098.7269,1069067.1952,405039.1511,2025305.4559,32789.4248,32970.7138,4139029.2641,Profit,348758.5964,285098.7269,1054067.1952,390039.1511,2015305.4559,22789.4248,22970.7138,-0.0017,-13.6514
2021-04-08,4291753.8087,374752.1191,308265.476,1078821.3917,406272.1788,2057809.929,32871.0826,32961.6315,4191753.8087,Profit,354752.1191,288265.476,1063821.3917,391272.1788,2047809.929,22871.0826,22961.6315,0.0124,-12.5774
2021-04-09,4285796.0881,381273.5367,310552.4168,1082062.6846,414093.6087,2031737.4298,32991.3127,33085.0989,4185796.0881,Profit,361273.5367,290552.4168,1067062.6846,399093.6087,2021737.4298,22991.3127,23085.0989,-0.0014,-12.6988
2021-04-12,4420770.1613,376486.971,310849.2025,1143648.6908,415273.0207,2108153.98,33064.2948,33294.0014,4320770.1613,Profit,356486.971,290849.2025,1128648.6908,400273.0207,2098153.98,23064.2948,23294.0014,0.0315,-9.9494
2021-04-13,4652311.2713,385645.343,314009.8501,1179027.0518,417840.1795,2289552.9282,33039.1322,33196.7865,4552311.2713,Profit,365645.343,294009.8501,1164027.0518,402840.1795,2279552.9282,23039.1322,23196.7865,0.0524,-5.2329
2021-04-14,4505598.0761,378166.1491,309974.6618,1146852.702,408921.0915,2195501.9662,33065.2281,33116.2775,4405598.0761,Profit,358166.1491,289974.6618,1131852.702,393921.0915,2185501.9662,23065.2281,23116.2775,-0.0315,-8.2214
2021-04-15,4606348.8519,385110.9465,314644.7317,1211180.5094,414475.3461,2214814.9193,33183.7634,32938.6356,4506348.8519,Profit,365110.9465,294644.7317,1196180.5094,399475.3461,2204814.9193,23183.7634,22938.6356,0.0224,-6.1691
2021-04-16,4585736.6273,383333.539,315462.7392,1191704.2353,416074.1842,2212824.1864,33316.2895,33021.4537,4485736.6273,Profit,363333.539,295462.7392,1176704.2353,401074.1842,2202824.1864,23316.2895,23021.4537,-0.0045,-6.589
2021-04-19,4470636.7334,385759.8184,313438.2415,1151952.5003,413243.8161,2140334.0604,33123.5936,32784.7031,4370636.7334,Profit,365759.8184,293438.2415,1136952.5003,398243.8161,2130334.0604,23123.5936,22784.7031,-0.0251,-8.9336
2021-04-20,4477322.1576,382440.2236,314190.1147,1142519.1312,410400.3246,2162505.8871,32704.0256,32562.4509,4377322.1576,Profit,362440.2236,294190.1147,1127519.1312,395400.3246,2152505.8871,22704.0256,22562.4509,0.0015,-8.7974
2021-04-21,4557726.2094,382075.0189,315775.9926,1152170.2474,412152.3976,2229369.4086,33118.6722,33064.4721,4457726.2094,Profit,362075.0189,295775.9926,1137170.2474,397152.3976,2219369.4086,23118.6722,23064.4721,0.018,-7.1596
2021-04-22,4422948.4276,376909.3888,311059.8865,1111924.3638,404912.5037,2152220.5021,32947.5513,32974.2313,4322948.4276,Profit,356909.3888,291059.8865,1096924.3638,389912.5037,2142220.5021,22947.5513,22974.2313,-0.0296,-9.905
2021-04-23,4495559.6516,383340.9276,315598.4717,1142009.1934,408448.8721,2179332.5682,33227.7419,33601.8766,4395559.6516,Profit,363340.9276,295598.4717,1127009.1934,393448.8721,2169332.5682,23227.7419,23601.8766,0.0164,-8.4259
2021-04-26,4520107.4103,382119.0784,314126.2265,1150728.2053,414207.4693,2192032.9345,33280.7263,33612.7699,4420107.4103,Profit,362119.0784,294126.2265,1135728.2053,399207.4693,2182032.9345,23280.7263,23612.7699,0.0055,-7.9259
2021-04-27,4411216.8455,380896.1991,314406.3488,1142767.8564,414931.8773,2091152.6142,33359.4568,33702.4928,4311216.8455,Profit,360896.1991,294406.3488,1127767.8564,399931.8773,2081152.6142,23359.4568,23702.4928,-0.0241,-10.144
2021-04-28,4351054.2849,377233.6311,304380.1277,1130747.5766,418359.8356,2052835.0957,33615.3193,33882.6989,4251054.2849,Profit,357233.6311,284380.1277,1115747.5766,403359.8356,2042835.0957,23615.3193,23882.6989,-0.0136,-11.3695
2021-04-29,4279890.8282,374969.5563,300344.5358,1128341.7916,417701.8124,1990868.3417,33665.9313,33998.859,4179890.8282,Profit,354969.5563,280344.5358,1113341.7916,402701.8124,1980868.3417,23665.9313,23998.859,-0.0164,-12.8191
2021-04-30,4342540.2983,369074.6665,299779.6339,1104577.6333,416994.9253,2085074.1866,33363.6457,33675.6069,4242540.2983,Profit,349074.6665,279779.6339,1089577.6333,401994.9253,2075074.1866,23363.6457,23675.6069,0.0146,-11.5429
2021-05-03,4248737.3992,371942.5777,299246.9094,1091307.2434,407062.1043,2011966.9621,33630.3262,33581.2761,4148737.3992,Profit,351942.5777,279246.9094,1076307.2434,392062.1043,2001966.9621,23630.3262,23581.2761,-0.0216,-13.4537
2021-05-04,4164811.1764,359790.4207,295283.042,1058686.1127,399262.1736,1984570.4943,33588.6546,33630.2786,4064811.1764,Profit,339790.4207,275283.042,1043686.1127,384262.1736,1974570.4943,23588.6546,23630.2786,-0.0198,-15.1632
2021-05-05,4145346.4241,359245.367,292674.55,1062858.0091,392901.7551,1969837.3012,33852.304,33977.1376,4045346.4241,Profit,339245.367,272674.55,1047858.0091,377901.7551,1959837.3012,23852.304,23977.1376,-0.0047,-15.5597
2021-05-06,4117995.4861,361737.752,294812.7463,1061383.0077,394874.5345,1936678.8894,34146.9069,34361.6493,4017995.4861,Profit,341737.752,274812.7463,1046383.0077,379874.5345,1926678.8894,24146.9069,24361.6493,-0.0066,-16.1169
2021-05-07,4153591.7862,362338.3973,296960.7865,1078550.9938,391693.9856,1955370.4736,34293.8611,34383.2882,4053591.7862,Profit,342338.3973,276960.7865,1063550.9938,376693.9856,1945370.4736,24293.8611,24383.2882,0.0086,-15.3918
2021-05-10,3940538.7741,351220.3758,289289.2246,1033615.8316,377755.727,1820181.9981,34269.8829,34205.7339,3840538.7741,Profit,331220.3758,269289.2246,1018615.8316,362755.727,1810181.9981,24269.8829,24205.7339,-0.0513,-19.7316
2021-05-11,3909339.4151,348658.2037,288190.8091,1036598.7337,381744.2449,1786066.6929,33972.8969,34107.8339,3809339.4151,Profit,328658.2037,268190.8091,1021598.7337,366744.2449,1776066.6929,23972.8969,24107.8339,-0.0079,-20.3672
2021-05-12,3765048.9888,339945.1544,279744.9188,996956.3825,373223.4108,1707039.1894,34042.1308,34097.8021,3665048.9888,Profit,319945.1544,259744.9188,981956.3825,358223.4108,1697039.1894,24042.1308,24097.8021,-0.0369,-23.3063
2021-05-13,3734863.2363,347586.2783,285736.1473,994623.4201,376024.2682,1661754.2315,34466.9331,34671.958,3634863.2363,Profit,327586.2783,265736.1473,979623.4201,361024.2682,1651754.2315,24466.9331,24671.958,-0.008,-23.9212
2021-05-14,3837281.883,353269.1134,290769.387,1033147.4981,382035.982,1708439.2645,34660.7981,34959.8399,3737281.883,Profit,333269.1134,270769.387,1018147.4981,367035.982,1698439.2645,24660.7981,24959.8399,0.0274,-21.835
2021-05-17,3785164.5503,349229.29,286621.9921,1025246.3439,386770.1211,1667178.7132,34829.111,35288.9791,3685164.5503,Profit,329229.29,266621.9921,1010246.3439,371770.1211,1657178.7132,24829.111,25288.9791,-0.0136,-22.8966
2021-05-18,3757190.2518,344423.2685,283464.4966,1011862.6678,381312.6548,1666031.3239,34952.4193,35143.4209,3657190.2518,Profit,324423.2685,263464.4966,996862.6678,366312.6548,1656031.3239,24952.4193,25143.4209,-0.0074,-23.4664
2021-05-19,3733967.3311,345380.8172,285324.0558,1019594.5232,382806.2369,1631094.5654,34904.9562,34862.1764,3633967.3311,Profit,325380.8172,265324.0558,1004594.5232,367806.2369,1621094.5654,24904.9562,24862.1764,-0.0062,-23.9395
2021-05-20,3845044.7407,351749.0003,288539.378,1056522.329,383733.4506,1694386.6158,35035.6697,35078.2973,3745044.7407,Profit,331749.0003,268539.378,1041522.329,368733.4506,1684386.6158,25035.6697,25078.2973,0.0297,-21.6768
2021-05-21,3840822.3199,346319.2949,286791.9604,1083148.2986,378181.4828,1676104.7964,35156.8777,35119.6092,3740822.3199,Profit,326319.2949,266791.9604,1068148.2986,363181.4828,1666104.7964,25156.8777,25119.6092,-0.0011,-21.7628
2021-05-24,3975502.6892,350934.8854,293347.4666,1127889.3674,383128.536,1749856.9738,35177.8783,35167.5817,3875502.6892,Profit,330934.8854,273347.4666,1112889.3674,368128.536,1739856.9738,25177.8783,25167.5817,0.0351,-19.0194
2021-05-25,3973843.3462,350258.362,294354.4429,1130113.9065,384663.3192,1744222.9983,35102.8669,35127.4504,3873843.3462,Profit,330258.362,274354.4429,1115113.9065,369663.3192,1734222.9983,25102.8669,25127.4504,-0.0004,-19.0532
2021-05-26,4037507.7065,351655.9517,295378.642,1138854.9513,387077.3585,1793731.2416,35402.2573,35407.304,3937507.7065,Profit,331655.9517,275378.642,1123854.9513,372077.3585,1783731.2416,25402.2573,25407.304,0.016,-17.7564
2021-05-27,4032585.3827,346250.2845,291933.106,1120023.994,381753.4899,1822096.1867,35917.5767,34610.745,3932585.3827,Profit,326250.2845,271933.106,1105023.994,366753.4899,1812096.1867,25917.5767,24610.745,-0.0012,-17.8566
2021-05-28,4073088.4335,344757.1754,292669.9437,1176018.875,381331.6322,1807785.1966,35781.4533,34744.1574,3973088.4335,Profit,324757.1754,272669.9437,1161018.875,366331.6322,1797785.1966,25781.4533,24744.1574,0.01,-17.0316
2021-06-01,4051591.2709,342532.5401,288902.0724,1173053.5633,379356.9537,1797102.499,35748.3109,34895.3314,3951591.2709,Profit,322532.5401,268902.0724,1158053.5633,364356.9537,1787102.499,25748.3109,24895.3314,-0.0053,-17.4695
2021-06-02,4042560.0976,345037.2035,289070.8471,1211282.569,381547.2227,1744745.2579,35908.435,34968.5625,3942560.0976,Profit,325037.2035,269070.8471,1196282.569,366547.2227,1734745.2579,25908.435,24968.5625,-0.0022,-17.6535
2021-06-03,3968232.9474,342288.7466,288416.8182,1230337.337,377593.2784,1658661.6628,35910.391,35024.7134,3868232.9474,Profit,322288.7466,268416.8182,1215337.337,362593.2784,1648661.6628,25910.391,25024.7134,-0.0184,-19.1675
2021-06-04,4096765.2453,348255.6055,293917.7348,1272463.2786,379274.1054,1731823.9575,35939.5997,35090.9639,3996765.2453,Profit,328255.6055,273917.7348,1257463.2786,364274.1054,1721823.9575,25939.5997,25090.9639,0.0324,-16.5493
2021-06-07,4116108.2584,347966.9171,297209.7393,1274276.6376,377959.7329,1747811.386,35849.8565,35033.9891,4016108.2584,Profit,327966.9171,277209.7393,1259276.6376,362959.7329,1737811.386,25849.8565,25033.9891,0.0047,-16.1553
2021-06-08,4116462.9741,350969.0692,296335.0078,1265044.6261,386538.676,1746831.9062,35721.2384,35022.4505,4016462.9741,Profit,330969.0692,276335.0078,1250044.6261,371538.676,1736831.9062,25721.2384,25022.4505,0.0001,-16.1481
2021-06-09,4098833.0605,352003.634,297489.1915,1257951.8439,388492.3213,1732619.1568,35506.8828,34770.0302,3998833.0605,Profit,332003.634,277489.1915,1242951.8439,373492.3213,1722619.1568,25506.8828,24770.0302,-0.0043,-16.5072
2021-06-10,4145653.5763,349165.2491,301736.9705,1262697.9156,396569.9924,1765286.4723,35482.889,34714.0874,4045653.5763,Profit,329165.2491,281736.9705,1247697.9156,381569.9924,1755286.4723,25482.889,24714.0874,0.0114,-15.5535
2021-06-11,4196591.37,354136.1217,303854.6811,1297464.3992,398005.3345,1772505.8942,35857.5274,34767.4118,4096591.37,Profit,334136.1217,283854.6811,1282464.3992,383005.3345,1762505.8942,25857.5274,24767.4118,0.0123,-14.5159
2021-06-14,4246840.179,362650.4177,306062.1001,1310950.5551,402211.3674,1794288.1166,36018.9372,34658.6849,4146840.179,Profit,342650.4177,286062.1001,1295950.5551,387211.3674,1784288.1166,26018.9372,24658.6849,0.012,-13.4923
2021-06-15,4188598.3097,361725.11,305412.7124,1299036.5974,403644.4697,1747638.51,36248.911,34891.9992,4088598.3097,Profit,341725.11,285412.7124,1284036.5974,388644.4697,1737638.51,26248.911,24891.9992,-0.0137,-14.6787
2021-06-16,4211167.086,363215.7507,304321.4301,1300959.1601,407577.0459,1764133.0543,36128.304,34832.3408,4111167.086,Profit,343215.7507,284321.4301,1285959.1601,392577.0459,1754133.0543,26128.304,24832.3408,0.0054,-14.219
2021-06-17,4377271.5271,372314.8988,312268.9435,1379638.4689,421531.8092,1820471.3449,36149.6836,34896.3783,4277271.5271,Profit,352314.8988,292268.9435,1364638.4689,406531.8092,1810471.3449,26149.6836,24896.3783,0.0394,-10.8354
2021-06-18,4416666.7022,370868.3317,312487.4838,1387016.2975,423911.5783,1851916.4996,35799.9246,34666.5866,4316666.7022,Profit,350868.3317,292487.4838,1372016.2975,408911.5783,1841916.4996,25799.9246,24666.5866,0.009,-10.0329
2021-06-21,4384503.3819,374855.9139,315266.5273,1366587.6872,418486.8863,1838307.1044,36005.6965,34993.5662,4284503.3819,Profit,354855.9139,295266.5273,1351587.6872,403486.8863,1828307.1044,26005.6965,24993.5662,-0.0073,-10.6881
2021-06-22,4434099.7423,378971.5732,318180.8609,1398339.5103,424003.6501,1843701.4206,36013.1319,34889.5954,4334099.7423,Profit,358971.5732,298180.8609,1383339.5103,409003.6501,1833701.4206,26013.1319,24889.5954,0.0113,-9.6778
2021-06-23,4516988.9496,376062.4627,316127.9173,1403048.6604,421441.0198,1930004.1125,35683.3239,34621.4529,4416988.9496,Profit,356062.4627,296127.9173,1388048.6604,406441.0198,1920004.1125,25683.3239,24621.4529,0.0187,-7.9894
2021-06-24,4601454.4514,376155.3705,318554.34,1417362.3396,415836.0197,2003064.5061,35763.9083,34717.9672,4501454.4514,Profit,356155.3705,298554.34,1402362.3396,400836.0197,1993064.5061,25763.9083,24717.9672,0.0187,-6.2688
2021-06-25,4548893.9516,374632.4959,316008.4138,1401936.3909,409362.1968,1976103.9423,35900.6441,34949.8677,4448893.9516,Profit,354632.4959,296008.4138,1386936.3909,394362.1968,1966103.9423,25900.6441,24949.8677,-0.0114,-7.3395
2021-06-28,4697729.8576,380567.5972,321491.2557,1477088.2796,415849.6326,2032412.6918,35701.1765,34619.2242,4597729.8576,Profit,360567.5972,301491.2557,1462088.2796,400849.6326,2022412.6918,25701.1765,24619.2242,0.0327,-4.3077
2021-06-29,4703867.8843,386504.7586,325981.7572,1486078.5299,418018.0089,2016905.9743,35745.7762,34633.0791,4603867.8843,Profit,366504.7586,305981.7572,1471078.5299,403018.0089,2006905.9743,25745.7762,24633.0791,0.0013,-4.1827
2021-06-30,4702807.7874,388605.308,325639.6664,1485418.3243,417387.3584,2015394.553,35745.7422,34616.8352,4602807.7874,Profit,368605.308,305639.6664,1470418.3243,402387.3584,2005394.553,25745.7422,24616.8352,-0.0002,-4.2043
2021-07-01,4714561.5921,389471.908,326475.2302,1501006.6679,416513.7976,2010110.7075,36015.6488,34967.632,4614561.5921,Profit,369471.908,306475.2302,1486006.6679,401513.7976,2000110.7075,26015.6488,24967.632,0.0025,-3.9649
2021-07-02,4746430.1015,395797.6835,332651.0779,1516339.2021,424570.6372,2006360.3173,35943.1725,34768.011,4646430.1015,Profit,375797.6835,312651.0779,1501339.2021,409570.6372,1996360.3173,25943.1725,24768.011,0.0068,-3.3157
2021-07-06,4765489.2233,404629.6381,335167.8841,1543423.7795,447840.8843,1963938.8191,35770.4885,34717.7298,4665489.2233,Profit,384629.6381,315167.8841,1528423.7795,432840.8843,1953938.8191,25770.4885,24717.7298,0.004,-2.9275
2021-07-07,4720142.8203,412860.8135,338696.194,1522784.3861,451429.3824,1923953.3959,35789.0472,34629.6013,4620142.8203,Profit,392860.8135,318696.194,1507784.3861,436429.3824,1913953.3959,25789.0472,24629.6013,-0.0095,-3.8512
2021-07-08,4730211.5792,411198.766,337401.1981,1495470.835,458055.9214,1958458.3916,35823.4349,33803.0324,4630211.5792,Profit,391198.766,317401.1981,1480470.835,443055.9214,1948458.3916,25823.4349,23803.0324,0.0021,-3.6461
2021-07-09,4734945.2824,414454.1533,336314.7058,1498833.6989,454245.2604,1960819.8816,36033.4287,34244.1537,4634945.2824,Profit,394454.1533,316314.7058,1483833.6989,439245.2604,1950819.8816,26033.4287,24244.1537,0.001,-3.5496
2021-07-12,4851174.6251,412526.5312,335422.6187,1532688.0698,453967.9898,2045816.8062,36381.0739,34371.5355,4751174.6251,Profit,392526.5312,315422.6187,1517688.0698,438967.9898,2035816.8062,26381.0739,24371.5355,0.0245,-1.1821
2021-07-13,4799179.0856,417234.5345,341026.1497,1518394.4424,450486.1632,2001496.6938,36404.2407,34136.8612,4699179.0856,Profit,397234.5345,321026.1497,1503394.4424,435486.1632,1991496.6938,26404.2407,24136.8612,-0.0107,-2.2412
2021-07-14,4729535.0328,426684.1758,342426.3757,1485841.2713,450402.6806,1953446.9476,36617.7125,34115.8693,4629535.0328,Profit,406684.1758,322426.3757,1470841.2713,435402.6806,1943446.9476,26617.7125,24115.8693,-0.0145,-3.6599
2021-07-15,4673171.4824,427298.0193,342668.2672,1428739.5239,446893.1524,1956815.0399,36690.5626,34066.9172,4573171.4824,Profit,407298.0193,322668.2672,1413739.5239,431893.1524,1946815.0399,26690.5626,24066.9172,-0.0119,-4.808
2021-07-16,4586736.4736,422016.6022,342894.7727,1370357.0485,440543.8702,1940859.4492,36225.2962,33839.4346,4486736.4736,Profit,402016.6022,322894.7727,1355357.0485,425543.8702,1930859.4492,26225.2962,23839.4346,-0.0185,-6.5686
2021-07-19,4679349.6834,416065.8673,342797.8983,1435774.3122,443348.4671,1972551.6486,35802.2165,33009.2736,4579349.6834,Profit,396065.8673,322797.8983,1420774.3122,428348.4671,1962551.6486,25802.2165,23009.2736,0.0202,-4.6821
2021-07-20,4716663.9788,425902.8416,344874.3848,1419686.8971,445281.741,2011558.0154,36025.5231,33334.5758,4616663.9788,Profit,405902.8416,324874.3848,1404686.8971,430281.741,2001558.0154,26025.5231,23334.5758,0.008,-3.922
2021-07-21,4711695.1778,419035.0908,343584.2728,1464175.2784,441828.5538,1973583.2632,36020.9836,33467.7352,4611695.1778,Profit,399035.0908,323584.2728,1449175.2784,426828.5538,1963583.2632,26020.9836,23467.7352,-0.0011,-4.0232
2021-07-22,4715204.8348,422333.5921,348757.5348,1475498.6112,447556.8846,1952005.0728,35825.6461,33227.4932,4615204.8348,Profit,402333.5921,328757.5348,1460498.6112,432556.8846,1942005.0728,25825.6461,23227.4932,0.0007,-3.9518
2021-07-23,4709885.2249,427636.0253,353287.4576,1473720.1326,450131.45,1935558.1776,36177.2294,33374.7525,4609885.2249,Profit,407636.0253,333287.4576,1458720.1326,435131.45,1925558.1776,26177.2294,23374.7525,-0.0011,-4.0601
2021-07-26,4729015.7191,427997.335,351808.7514,1450806.431,454505.2177,1974310.5739,36240.5638,33346.8464,4629015.7191,Profit,407997.335,331808.7514,1435806.431,439505.2177,1964310.5739,26240.5638,23346.8464,0.0041,-3.6704
2021-07-27,4676444.4632,422614.7276,349553.9989,1447665.0964,446515.4128,1940235.7478,36375.1634,33484.3163,4576444.4632,Profit,402614.7276,329553.9989,1432665.0964,431515.4128,1930235.7478,26375.1634,23484.3163,-0.0111,-4.7413
2021-07-28,4696191.3616,417069.5167,348830.1871,1468516.1734,446571.6227,1944995.4533,36537.3426,33671.0658,4596191.3616,Profit,397069.5167,328830.1871,1453516.1734,431571.6227,1934995.4533,26537.3426,23671.0658,0.0042,-4.3391
2021-07-29,4754410.3149,415100.6836,345948.2675,1466829.1882,438744.1705,2017495.2685,36561.571,33731.1655,4654410.3149,Profit,395100.6836,325948.2675,1451829.1882,423744.1705,2007495.2685,26561.571,23731.1655,0.0124,-3.1531
2021-07-30,4740959.3718,416111.8977,344358.7061,1456062.9808,405945.7702,2048812.469,36270.9883,33396.5598,4640959.3718,Profit,396111.8977,324358.7061,1441062.9808,390945.7702,2038812.469,26270.9883,23396.5598,-0.0028,-3.4271
2021-08-02,4825646.255,415158.6733,344251.6642,1474811.8101,406419.1056,2115804.2461,36039.6953,33161.0604,4725646.255,Profit,395158.6733,324251.6642,1459811.8101,391419.1056,2105804.2461,26039.6953,23161.0604,0.0179,-1.7021
2021-08-03,4875684.9006,423183.7255,349346.0705,1489522.321,413394.6958,2130103.1141,36374.094,33760.8796,4775684.9006,Profit,403183.7255,329346.0705,1474522.321,398394.6958,2120103.1141,26374.094,23760.8796,0.0104,-0.6828
2021-08-04,4910387.9043,422021.0532,348600.5635,1523963.4146,411979.9699,2133641.5775,36582.1363,33599.1893,4810387.9043,Profit,402021.0532,328600.5635,1508963.4146,396979.9699,2123641.5775,26582.1363,23599.1893,0.0071,0.0
2021-08-05,4936979.5549,420728.8467,350911.3648,1545171.6402,413006.9556,2136572.7896,36810.2014,33777.7566,4836979.5549,Profit,400728.8467,330911.3648,1530171.6402,398006.9556,2126572.7896,26810.2014,23777.7566,0.0054,0.0
2021-08-06,4885541.5918,420487.247,352324.3791,1531487.3686,410942.6487,2099003.13,37132.9656,34163.8529,4785541.5918,Profit,400487.247,332324.3791,1516487.3686,395942.6487,2089003.13,27132.9656,24163.8529,-0.0104,-1.0419
2021-08-09,4928079.6042,420842.414,351375.0766,1527969.5542,411057.4296,2145583.2904,37173.6383,34078.201,4828079.6042,Profit,400842.414,331375.0766,1512969.5542,396057.4296,2135583.2904,27173.6383,24078.201,0.0087,-0.1803
2021-08-10,4874755.6082,418631.0262,348375.2036,1497955.2058,407637.1166,2130001.1412,37543.8514,34612.0635,4774755.6082,Profit,398631.0262,328375.2036,1482955.2058,392637.1166,2120001.1412,27543.8514,24612.0635,-0.0108,-1.2604
2021-08-11,4835845.0449,418209.0237,348052.6766,1476204.9237,403035.4436,2117736.557,37700.0496,34906.3707,4735845.0449,Profit,398209.0237,328052.6766,1461204.9237,388035.4436,2107736.557,27700.0496,24906.3707,-0.008,-2.0485
2021-08-12,4913308.4602,427354.8968,351912.3266,1493236.0298,404881.3739,2163328.9337,37724.1497,34870.7496,4813308.4602,Profit,407354.8968,331912.3266,1478236.0298,389881.3739,2153328.9337,27724.1497,24870.7496,0.016,-0.4795
2021-08-13,4919967.0768,427749.0787,355440.7573,1513736.5021,403518.6661,2147086.5442,37713.2337,34722.2946,4819967.0768,Profit,407749.0787,335440.7573,1498736.5021,388518.6661,2137086.5442,27713.2337,24722.2946,0.0014,-0.3446
2021-08-16,4838827.7195,435477.153,359125.7449,1502468.2214,405912.289,2063300.5768,37745.3648,34798.3695,4738827.7195,Profit,415477.153,339125.7449,1487468.2214,390912.289,2053300.5768,27745.3648,24798.3695,-0.0165,-1.9881
2021-08-17,4748508.3257,434652.8668,358822.9226,1471767.192,400607.7913,2010377.8482,37632.0655,34647.6393,4648508.3257,Profit,414652.8668,338822.9226,1456767.192,385607.7913,2000377.8482,27632.0655,24647.6393,-0.0187,-3.8175
2021-08-18,4771194.3522,423810.7061,356815.6407,1440926.7012,395792.9281,2081835.0605,37544.841,34468.4746,4671194.3522,Profit,403810.7061,336815.6407,1425926.7012,380792.9281,2071835.0605,27544.841,24468.4746,0.0048,-3.358
2021-08-19,4848745.5556,430240.2319,368904.799,1517544.1658,399184.0926,2061044.5766,37407.3388,34420.3509,4748745.5556,Profit,410240.2319,348904.799,1502544.1658,384184.0926,2051044.5766,27407.3388,24420.3509,0.0163,-1.7872
2021-08-20,4988108.3901,436751.5461,380217.5226,1603359.602,402716.6373,2092236.8158,38000.444,34825.8224,4888108.3901,Profit,416751.5461,360217.5226,1588359.602,387716.6373,2082236.8158,28000.444,24825.8224,0.0287,0.0
2021-08-23,5100458.8448,435273.9933,375431.1792,1668484.9152,405449.8373,2142925.2407,38017.3937,34876.2855,5000458.8448,Profit,415273.9933,355431.1792,1653484.9152,390449.8373,2132925.2407,28017.3937,24876.2855,0.0225,0.0
2021-08-24,5067156.938,432476.7818,370769.8814,1646260.0559,408008.5891,2137026.9093,37993.1017,34621.6188,4967156.938,Profit,412476.7818,350769.8814,1631260.0559,393008.5891,2127026.9093,27993.1017,24621.6188,-0.0065,-0.6529
2021-08-25,5106678.8738,429188.5834,370340.9388,1679484.4789,407549.2601,2147078.7714,38379.7837,34657.0575,5006678.8738,Profit,409188.5834,350340.9388,1664484.4789,392549.2601,2137078.7714,28379.7837,24657.0575,0.0078,0.0
2021-08-26,5072854.7941,427890.3914,367675.1894,1672745.7835,410665.7991,2122133.3356,38014.2529,33730.0421,4972854.7941,Profit,407890.3914,347675.1894,1657745.7835,395665.7991,2112133.3356,28014.2529,23730.0421,-0.0066,-0.6623
2021-08-27,5150080.2749,430438.3376,367987.539,1713639.6255,414307.255,2151977.5126,38063.0451,33666.9601,5050080.2749,Profit,410438.3376,347987.539,1698639.6255,399307.255,2141977.5126,28063.0451,23666.9601,0.0152,0.0
2021-08-30,5224501.7561,442456.9506,371803.5488,1713234.0287,422133.4757,2203784.4458,37721.1927,33368.1138,5124501.7561,Profit,422456.9506,351803.5488,1698234.0287,407133.4757,2193784.4458,27721.1927,23368.1138,0.0145,0.0
2021-08-31,5221651.3003,439200.6224,370122.2047,1692542.0446,428681.6068,2220748.3326,37312.5813,33043.908,5121651.3003,Profit,419200.6224,350122.2047,1677542.0446,413681.6068,2210748.3326,27312.5813,23043.908,-0.0005,-0.0546
2021-09-01,5219750.0431,440825.5228,369768.4133,1695423.8475,429353.8283,2214075.0199,37219.812,33083.5993,5119750.0431,Profit,420825.5228,349768.4133,1680423.8475,414353.8283,2204075.0199,27219.812,23083.5993,-0.0004,-0.091
2021-09-02,5198282.5778,442914.1551,367937.3619,1687469.8624,426241.3851,2202987.3374,37382.8223,33349.6535,5098282.5778,Profit,422914.1551,347937.3619,1672469.8624,411241.3851,2192987.3374,27382.8223,23349.6535,-0.0041,-0.5019
2021-09-03,5216294.1079,442821.1745,366316.584,1713598.3214,426205.1356,2196881.3208,37237.7709,33233.8006,5116294.1079,Profit,422821.1745,346316.584,1698598.3214,411205.1356,2186881.3208,27237.7709,23233.8006,0.0035,-0.1571
2021-09-07,5313182.2205,453382.3921,368145.7807,1714014.0042,433571.718,2273383.4944,37294.6405,33390.1907,5213182.2205,Profit,433382.3921,348145.7807,1699014.0042,418571.718,2263383.4944,27294.6405,23390.1907,0.0186,0.0
2021-09-08,5311562.5646,450745.1444,369786.8076,1696956.1824,437473.8595,2286174.4722,37186.691,33239.4076,5211562.5646,Profit,430745.1444,349786.8076,1681956.1824,422473.8595,2276174.4722,27186.691,23239.4076,-0.0003,-0.0305
2021-09-09,5281626.807,446958.1667,365517.7978,1681711.7196,431593.6818,2285203.7198,37373.4755,33268.2458,5181626.807,Profit,426958.1667,345517.7978,1666711.7196,416593.6818,2275203.7198,27373.4755,23268.2458,-0.0056,-0.5939
2021-09-10,5219805.1673,431374.9101,362956.0691,1701457.191,428954.4957,2224871.4824,37156.4629,33034.5562,5119805.1673,Profit,411374.9101,342956.0691,1686457.191,413954.4957,2214871.4824,27156.4629,23034.5562,-0.0117,-1.7575
2021-09-13,5230005.7709,434121.1145,365427.664,1680874.4707,428519.8532,2250724.7485,37206.536,33131.384,5130005.7709,Profit,414121.1145,345427.664,1665874.4707,413519.8532,2240724.7485,27206.536,23131.384,0.002,-1.5655
2021-09-14,5238820.7792,429918.9435,368833.2923,1687575.1039,427598.5875,2255054.1408,36890.8798,32949.8314,5138820.7792,Profit,409918.9435,348833.2923,1672575.1039,412598.5875,2245054.1408,26890.8798,22949.8314,0.0017,-1.3996
2021-09-15,5289466.6719,432227.1482,374721.9564,1693761.2966,430456.0267,2287594.7222,37353.4106,33352.1111,5189466.6719,Profit,412227.1482,354721.9564,1678761.2966,415456.0267,2277594.7222,27353.4106,23352.1111,0.0097,-0.4464
2021-09-16,5296285.0896,432314.1245,375900.6888,1689307.8358,432782.0294,2295273.9338,37267.9891,33438.4882,5196285.0896,Profit,412314.1245,355900.6888,1674307.8358,417782.0294,2285273.9338,27267.9891,23438.4882,0.0013,-0.318
2021-09-17,5278545.6053,425980.7985,370677.7401,1669491.8833,431184.0645,2311391.0103,36652.4424,33167.666,5178545.6053,Profit,405980.7985,350677.7401,1654491.8833,416184.0645,2301391.0103,26652.4424,23167.666,-0.0033,-0.6519
2021-09-20,5141815.7293,420377.6966,366853.9739,1623002.2333,421399.3157,2240854.2816,36285.0451,33043.1831,5041815.7293,Profit,400377.6966,346853.9739,1608002.2333,406399.3157,2230854.2816,26285.0451,23043.1831,-0.0259,-3.2253
2021-09-21,5169931.6881,420946.6124,366705.7488,1629807.3875,418998.5956,2264343.3232,36042.8539,33087.1668,5069931.6881,Profit,400946.6124,346705.7488,1614807.3875,403998.5956,2254343.3232,26042.8539,23087.1668,0.0055,-2.6961
2021-09-22,5260118.9494,426539.2615,370106.3463,1677225.0594,422070.9949,2294716.0612,36341.8851,33119.341,5160118.9494,Profit,406539.2615,350106.3463,1662225.0594,407070.9949,2284716.0612,26341.8851,23119.341,0.0174,-0.9987
2021-09-23,5273806.2483,425951.1174,368314.6353,1704716.9147,423117.0519,2281327.0619,36838.0671,33541.3999,5173806.2483,Profit,405951.1174,348314.6353,1689716.9147,408117.0519,2271327.0619,26838.0671,23541.3999,0.0026,-0.7411
2021-09-24,5318699.4901,427124.8339,368840.9558,1677874.3986,425201.6284,2349144.1609,36880.0433,33633.4691,5218699.4901,Profit,407124.8339,348840.9558,1662874.3986,410201.6284,2339144.1609,26880.0433,23633.4691,0.0085,0.0
2021-09-27,5307560.0403,421190.2418,361228.9564,1640290.2295,421320.2029,2392485.4681,36857.8766,34187.065,5207560.0403,Profit,401190.2418,341228.9564,1625290.2295,406320.2029,2382485.4681,26857.8766,24187.065,-0.0021,-0.2094
2021-09-28,5175724.4914,412519.8089,349346.6887,1572822.6484,411602.2069,2358763.5209,36417.1953,34252.4222,5075724.4914,Profit,392519.8089,329346.6887,1557822.6484,396602.2069,2348763.5209,26417.1953,24252.4222,-0.0248,-2.6882
2021-09-29,5199263.3966,417203.8163,351624.1163,1566559.5508,411731.3975,2381541.3931,36387.1217,34216.001,5099263.3966,Profit,397203.8163,331624.1163,1551559.5508,396731.3975,2371541.3931,26387.1217,24216.001,0.0045,-2.2456
2021-09-30,5187995.7044,413308.5412,349049.7891,1581681.7221,409725.8222,2363764.6656,36475.0548,33990.1094,5087995.7044,Profit,393308.5412,329049.7891,1566681.7221,394725.8222,2353764.6656,26475.0548,23990.1094,-0.0022,-2.4574
2021-10-01,5166578.5721,413841.3563,355481.6409,1572856.6283,406707.577,2346843.0092,36349.9944,34498.366,5066578.5721,Profit,393841.3563,335481.6409,1557856.6283,391707.577,2336843.0092,26349.9944,24498.366,-0.0041,-2.8601
2021-10-04,5051791.9062,401401.4917,346172.7985,1488005.9555,392910.9081,2352667.3729,36323.894,34309.4855,4951791.9062,Profit,381401.4917,326172.7985,1473005.9555,377910.9081,2342667.3729,26323.894,24309.4855,-0.0222,-5.0183
2021-10-05,5116910.3118,406790.629,352860.4356,1541174.0857,396504.2772,2348346.6936,36610.9775,34623.2132,5016910.3118,Profit,386790.629,332860.4356,1526174.0857,381504.2772,2338346.6936,26610.9775,24623.2132,0.0129,-3.794
2021-10-06,5170432.3688,410603.4797,359251.6765,1564587.6992,402764.8023,2361960.9118,36714.1636,34549.6356,5070432.3688,Profit,390603.4797,339251.6765,1549587.6992,387764.8023,2351960.9118,26714.1636,24549.6356,0.0105,-2.7877
2021-10-07,5220291.0368,412549.2085,359806.0713,1585991.9393,405979.9386,2384288.6836,36851.645,34823.5505,5120291.0368,Profit,392549.2085,339806.0713,1570991.9393,390979.9386,2374288.6836,26851.645,24823.5505,0.0096,-1.8502
2021-10-08,5144293.5123,408927.8751,357628.5545,1558139.3334,401834.3229,2345608.4535,36998.059,35156.914,5044293.5123,Profit,388927.8751,337628.5545,1543139.3334,386834.3229,2335608.4535,26998.059,25156.914,-0.0146,-3.2791
2021-10-11,5146944.1984,408664.2925,356873.0778,1547963.0304,396663.2702,2364869.2647,36902.2872,35008.9756,5046944.1984,Profit,388664.2925,336873.0778,1532963.0304,381663.2702,2354869.2647,26902.2872,25008.9756,0.0005,-3.2293
2021-10-12,5172330.4862,404254.7876,354653.4879,1543563.301,396120.3392,2401967.7947,36906.3823,34864.3936,5072330.4862,Profit,384254.7876,334653.4879,1528563.301,381120.3392,2391967.7947,26906.3823,24864.3936,0.0049,-2.752
2021-10-13,5208516.2944,402015.8349,358337.188,1561574.7196,400114.4487,2414845.0705,37002.2448,34626.7879,5108516.2944,Profit,382015.8349,338337.188,1546574.7196,385114.4487,2404845.0705,27002.2448,24626.7879,0.007,-2.0716
2021-10-14,5277888.1375,407771.2516,363985.4048,1612258.479,399654.3875,2422106.45,37325.5428,34786.6219,5177888.1375,Profit,387771.2516,343985.4048,1597258.479,384654.3875,2412106.45,27325.5428,24786.6219,0.0133,-0.7673
2021-10-15,5381577.4983,411089.4808,365929.6875,1621784.0619,413108.6325,2496659.2455,37580.4786,35425.9116,5281577.4983,Profit,391089.4808,345929.6875,1606784.0619,398108.6325,2486659.2455,27580.4786,25425.9116,0.0196,0.0
2021-10-18,5500128.6942,415794.0256,369532.9658,1647968.4736,417544.6187,2576027.8,37725.2818,35535.5288,5400128.6942,Profit,395794.0256,349532.9658,1632968.4736,402544.6187,2566027.8,27725.2818,25535.5288,0.022,0.0
2021-10-19,5487710.5328,421419.9714,370125.969,1650616.0198,416625.1894,2555013.2957,37852.8121,36057.2754,5387710.5328,Profit,401419.9714,350125.969,1635616.0198,401625.1894,2545013.2957,27852.8121,26057.2754,-0.0023,-0.2258
2021-10-20,5463480.1434,421885.4303,368299.7257,1633056.8452,412169.0237,2553736.6747,38050.7967,36281.6471,5363480.1434,Profit,401885.4303,348299.7257,1618056.8452,397169.0237,2543736.6747,28050.7967,26281.6471,-0.0044,-0.6663
2021-10-21,5606811.4602,423261.3095,372972.2186,1679570.6893,415317.8045,2641619.8537,38020.0962,36049.4884,5506811.4602,Profit,403261.3095,352972.2186,1664570.6893,400317.8045,2631619.8537,28020.0962,26049.4884,0.0262,0.0
2021-10-22,5642684.8681,421222.8159,371234.2604,1682901.4945,403488.3156,2689260.359,38319.6161,36258.0067,5542684.8681,Profit,401222.8159,351234.2604,1667901.4945,388488.3156,2679260.359,28319.6161,26258.0067,0.0064,0.0
2021-10-25,6023389.1925,421827.5204,370663.7644,1718552.7748,402364.7198,3035154.3769,38402.3827,36423.6535,5923389.1925,Profit,401827.5204,350663.7644,1703552.7748,387364.7198,3025154.3769,28402.3827,26423.6535,0.0675,0.0
2021-10-26,6129351.3647,423665.0457,372941.0181,1833203.711,409017.7799,3015383.7514,38432.9684,36707.0903,6029351.3647,Profit,403665.0457,352941.0181,1818203.711,394017.7799,3005383.7514,28432.9684,26707.0903,0.0176,0.0
2021-10-27,6173974.1013,421709.2417,388083.7932,1810839.6904,410406.8912,3068437.1041,37979.8453,36517.5354,6073974.1013,Profit,401709.2417,368083.7932,1795839.6904,395406.8912,3058437.1041,27979.8453,26517.5354,0.0073,0.0
2021-10-28,6340173.3154,431972.1626,389222.0136,1845781.4163,416648.0101,3181954.0218,38054.1167,36541.5743,6240173.3154,Profit,411972.1626,369222.0136,1830781.4163,401648.0101,3171954.0218,28054.1167,26541.5743,0.0269,0.0
2021-10-29,6505092.9818,425301.6824,399069.8578,1897494.837,408840.898,3300474.8186,37361.7458,36549.1422,6405092.9818,Profit,405301.6824,379069.8578,1882494.837,393840.898,3290474.8186,27361.7458,26549.1422,0.026,0.0
2021-11-01,6784672.3026,422366.7974,395853.9504,1914304.1136,401735.9743,3576092.9039,37499.3941,36819.1688,6684672.3026,Profit,402366.7974,375853.9504,1899304.1136,386735.9743,3566092.9039,27499.3941,26819.1688,0.043,0.0
2021-11-02,6745623.8018,426623.0045,401530.5352,1962568.3399,402254.4792,3477926.6582,37930.6467,36790.1381,6645623.8018,Profit,406623.0045,381530.5352,1947568.3399,387254.4792,3467926.6582,27930.6467,26790.1381,-0.0058,-0.5755
2021-11-03,6906350.1566,431274.2265,403006.7435,1979221.2252,411335.5009,3605918.9513,38421.1414,37172.3678,6806350.1566,Profit,411274.2265,383006.7435,1964221.2252,396335.5009,3595918.9513,28421.1414,27172.3678,0.0238,0.0
2021-11-04,7223400.6102,430858.0101,407007.034,2223273.1115,423729.1244,3663013.1607,38399.0244,37121.1451,7123400.6102,Profit,410858.0101,387007.034,2208273.1115,408729.1244,3653013.1607,28399.0244,27121.1451,0.0459,0.0
2021-11-05,7204437.8829,432516.1627,406643.7153,2220160.7739,428950.8541,3640597.1675,38327.6284,37241.5811,7104437.8829,Profit,412516.1627,386643.7153,2205160.7739,413950.8541,3630597.1675,28327.6284,27241.5811,-0.0026,-0.2625
2021-11-08,7100194.6095,429999.2515,407663.5308,2298130.3481,425189.0825,3463560.8992,38292.5176,37358.9798,7000194.6095,Profit,409999.2515,387663.5308,2283130.3481,410189.0825,3453560.8992,28292.5176,27358.9798,-0.0145,-1.7057
2021-11-09,6683863.0946,431024.9307,406380.0587,2286967.6691,435788.1281,3048025.0425,38366.6903,37310.5752,6583863.0946,Profit,411024.9307,386380.0587,2271967.6691,420788.1281,3038025.0425,28366.6903,27310.5752,-0.0586,-7.4693
2021-11-10,6702992.9136,422880.5392,400278.6371,2198287.2998,424448.0289,3181414.86,38264.9845,37418.5641,6602992.9136,Profit,402880.5392,380278.6371,2183287.2998,409448.0289,3171414.86,28264.9845,27418.5641,0.0029,-7.2045
2021-11-11,6759799.2485,422734.4564,402249.8466,2267765.2149,423282.7055,3168188.1217,38220.7209,37358.1826,6659799.2485,Profit,402734.4564,382249.8466,2252765.2149,408282.7055,3158188.1217,28220.7209,27358.1826,0.0085,-6.418
2021-11-12,6749056.6233,432711.7438,411143.3885,2288344.8134,433601.209,3106487.525,38697.3998,38070.5437,6649056.6233,Profit,412711.7438,391143.3885,2273344.8134,418601.209,3096487.525,28697.3998,28070.5437,-0.0016,-6.5668
2021-11-15,6637599.3097,431085.1588,408778.9154,2252212.352,434459.1501,3034645.5673,38416.8411,38001.3249,6537599.3097,Profit,411085.1588,388778.9154,2237212.352,419459.1501,3024645.5673,28416.8411,28001.3249,-0.0165,-8.1098
2021-11-16,6798781.4431,435113.3256,414043.16,2271538.7786,434992.7462,3166767.0391,38429.2784,37897.1151,6698781.4431,Profit,415113.3256,394043.16,2256538.7786,419992.7462,3156767.0391,28429.2784,27897.1151,0.0243,-5.8784
2021-11-17,6863120.5747,443860.5611,415812.0731,2208561.0396,437575.834,3281408.6589,38284.7831,37617.6249,6763120.5747,Profit,423860.5611,395812.0731,2193561.0396,422575.834,3271408.6589,28284.7831,27617.6249,0.0095,-4.9877
2021-11-18,7112168.0434,457257.4394,419115.7192,2394617.8568,456431.3063,3308864.9268,38285.5329,37595.262,7012168.0434,Profit,437257.4394,399115.7192,2379617.8568,441431.3063,3298864.9268,28285.5329,27595.262,0.0363,-1.5399
2021-11-19,7355100.2569,465897.0672,422168.8915,2498361.7433,454889.4788,3438165.4778,38254.0462,37363.5522,7255100.2569,Profit,445897.0672,402168.8915,2483361.7433,439889.4788,3428165.4778,28254.0462,27363.5522,0.0342,0.0
2021-11-22,7345375.1611,468779.948,419494.6426,2428324.4815,443453.3529,3509410.0599,38123.701,37788.9751,7245375.1611,Profit,448779.948,399494.6426,2413324.4815,428453.3529,3499410.0599,28123.701,27788.9751,-0.0013,-0.1322
2021-11-23,7200082.4317,470890.2347,417723.9767,2417497.9388,445328.0656,3371455.2171,38298.7025,38888.2962,7100082.4317,Profit,450890.2347,397723.9767,2402497.9388,430328.0656,3361455.2171,28298.7025,28888.2962,-0.0198,-2.1076
2021-11-24,7276910.3772,471328.1945,417022.6512,2482234.585,444321.3652,3384631.2848,38354.1656,39018.1309,7176910.3772,Profit,451328.1945,397022.6512,2467234.585,429321.3652,3374631.2848,28354.1656,29018.1309,0.0107,-1.0631
2021-11-26,7100510.0966,459789.6323,409886.4336,2411050.5335,438134.6119,3305603.3003,37606.0024,38439.5825,7000510.0966,Profit,439789.6323,389886.4336,2396050.5335,423134.6119,3295603.3003,27606.0024,28439.5825,-0.0242,-3.4614
2021-11-29,7434242.6593,469661.1024,418334.0409,2553186.4809,445053.9727,3472230.3204,37656.1294,38120.6125,7334242.6593,Profit,449661.1024,398334.0409,2538186.4809,430053.9727,3462230.3204,27656.1294,28120.6125,0.047,0.0
2021-11-30,7418882.7613,485493.5891,411694.9598,2504905.865,439170.6233,3503353.4509,36745.2584,37519.0148,7318882.7613,Profit,465493.5891,391694.9598,2489905.865,424170.6233,3493353.4509,26745.2584,27519.0148,-0.0021,-0.2066
2021-12-01,7152185.9043,483330.5475,410543.2831,2407116.3159,430697.0477,3346876.6126,36321.544,37300.5536,7052185.9043,Profit,463330.5475,390543.2831,2392116.3159,415697.0477,3336876.6126,26321.544,27300.5536,-0.0359,-3.794
2021-12-02,7193359.1876,481826.1948,411060.5527,2467557.0933,431213.9354,3325205.4997,37209.15,39286.7617,7093359.1876,Profit,461826.1948,391060.5527,2452557.0933,416213.9354,3315205.4997,27209.15,29286.7617,0.0058,-3.2402
2021-12-03,6848054.6127,476052.8662,402877.1185,2356919.0207,425148.0225,3111002.6979,37241.2735,38813.6134,6748054.6127,Profit,456052.8662,382877.1185,2341919.0207,410148.0225,3101002.6979,27241.2735,28813.6134,-0.048,-7.885
2021-12-06,6781504.5917,485098.1261,405836.7212,2300762.1651,428785.1496,3085016.0948,37503.1073,38503.2277,6681504.5917,Profit,465098.1261,385836.7212,2285762.1651,413785.1496,3075016.0948,27503.1073,28503.2277,-0.0097,-8.7802
2021-12-07,7069471.8225,497566.921,412781.3711,2460459.6284,436646.5391,3185491.8105,37858.2342,38667.3181,6969471.8225,Profit,477566.921,392781.3711,2445459.6284,421646.5391,3175491.8105,27858.2342,28667.3181,0.0425,-4.9066
2021-12-08,7077393.3636,508181.6045,412256.3481,2411499.4157,436010.8648,3233016.4909,37584.2451,38844.3946,6977393.3636,Profit,488181.6045,392256.3481,2396499.4157,421010.8648,3223016.4909,27584.2451,28844.3946,0.0011,-4.8001
2021-12-09,6800992.9836,508993.3613,411832.8377,2320845.2736,433070.6183,3049871.852,37584.2846,38794.7562,6700992.9836,Profit,488993.3613,391832.8377,2305845.2736,418070.6183,3039871.852,27584.2846,28794.7562,-0.0391,-8.518
2021-12-10,6847620.0671,523837.6843,423969.2897,2301146.2694,428671.659,3093475.283,37734.49,38785.3917,6747620.0671,Profit,503837.6843,403969.2897,2286146.2694,413671.659,3083475.283,27734.49,28785.3917,0.0069,-7.8908
2021-12-13,6555296.6694,516115.8653,422631.5925,2158897.8163,424646.5019,2957311.3038,37110.0256,38583.564,6455296.6694,Profit,496115.8653,402631.5925,2143897.8163,409646.5019,2947311.3038,27110.0256,28583.564,-0.0427,-11.8229
2021-12-14,6552841.1343,514120.5538,410582.1321,2181584.3453,425242.1676,2945513.263,37266.6934,38531.9791,6452841.1343,Profit,494120.5538,390582.1321,2166584.3453,410242.1676,2935513.263,27266.6934,28531.9791,-0.0004,-11.856
2021-12-15,6829327.7251,530762.0333,420039.706,2353730.7988,437491.1649,3010440.3755,37946.217,38917.4297,6729327.7251,Profit,510762.0333,400039.706,2338730.7988,422491.1649,3000440.3755,27946.217,28917.4297,0.0422,-8.1369
2021-12-16,6418656.8284,505543.8288,404291.6858,2174705.9483,422603.4534,2834466.1673,38151.402,38894.3428,6318656.8284,Profit,485543.8288,384291.6858,2159705.9483,407603.4534,2824466.1673,28151.402,28894.3428,-0.0601,-13.6609
2021-12-17,6419768.149,504759.5969,404936.7478,2140455.8862,427601.6965,2866028.489,37811.6806,38174.052,6319768.149,Profit,484759.5969,384936.7478,2125455.8862,412601.6965,2856028.489,27811.6806,28174.052,0.0002,-13.646
2021-12-20,6343258.1031,504389.7769,403062.6326,2150088.3916,423352.7809,2786413.9162,37701.9996,38248.6054,6243258.1031,Profit,484389.7769,383062.6326,2135088.3916,408352.7809,2776413.9162,27701.9996,28248.6054,-0.0119,-14.6751
2021-12-21,6588652.4683,513456.5292,411877.2429,2252684.4677,431310.289,2902526.0405,38198.8603,38599.0386,6488652.4683,Profit,493456.5292,391877.2429,2237684.4677,416310.289,2892526.0405,28198.8603,28599.0386,0.0387,-11.3743
2021-12-22,6816451.7201,518802.9233,417306.7736,2266950.7192,430803.2943,3105100.62,38554.8581,38932.5316,6716451.7201,Profit,498802.9233,397306.7736,2251950.7192,415803.2943,3095100.62,28554.8581,28932.5316,0.0346,-8.3101
2021-12-23,6991774.4811,518715.3487,417582.3325,2276751.4428,429240.2418,3271508.1342,38785.9055,39191.0755,6891774.4811,Profit,498715.3487,397582.3325,2261751.4428,414240.2418,3261508.1342,28785.9055,29191.0755,0.0257,-5.9518
2021-12-27,7193898.147,530641.3613,427258.0063,2377013.1757,425732.4091,3354108.2716,39254.9918,39889.9313,7093898.147,Profit,510641.3613,407258.0063,2362013.1757,410732.4091,3344108.2716,29254.9918,29889.9313,0.0289,-3.2329
2021-12-28,7127237.1644,527565.1354,425768.0629,2329140.5581,428219.0063,3337330.6964,39307.8846,39905.8206,7027237.1644,Profit,507565.1354,405768.0629,2314140.5581,413219.0063,3327330.6964,29307.8846,29905.8206,-0.0093,-4.1296
2021-12-29,7086075.7791,527335.5348,426233.8871,2302315.5123,424158.0793,3327221.7402,39104.8351,39706.1903,6986075.7791,Profit,507335.5348,406233.8871,2287315.5123,409158.0793,3317221.7402,29104.8351,29706.1903,-0.0058,-4.6833
2021-12-30,6982368.7571,522717.0325,422036.4429,2265503.6341,421837.2727,3271503.1174,39094.7554,39676.5021,6882368.7571,Profit,502717.0325,402036.4429,2250503.6341,406837.2727,3261503.1174,29094.7554,29676.5021,-0.0146,-6.0783
2021-12-31,6864501.0014,516866.1341,415100.4773,2234836.5846,413818.3919,3205280.2856,39030.5197,39568.6083,6764501.0014,Profit,496866.1341,395100.4773,2219836.5846,398818.3919,3195280.2856,29030.5197,29568.6083,-0.0169,-7.6637
2022-01-03,7373219.3489,529794.1091,413158.0683,2288785.1105,422970.1174,3639011.3263,39374.6315,40125.9859,7273219.3489,Profit,509794.1091,393158.0683,2273785.1105,407970.1174,3629011.3263,29374.6315,30125.9859,0.0741,-0.8208
2022-01-04,7154188.9397,524323.9787,407033.0948,2230893.4818,416800.4795,3495032.6811,39651.5602,40453.6636,7054188.9397,Profit,504323.9787,387033.0948,2215893.4818,401800.4795,3485032.6811,29651.5602,30453.6636,-0.0297,-3.7671
2022-01-05,6806556.3094,510730.9678,391691.1096,2103936.3188,409215.458,3310492.0007,39961.2183,40529.2363,6706556.3094,Profit,490730.9678,371691.1096,2088936.3188,394215.458,3300492.0007,29961.2183,30529.2363,-0.0486,-8.4432
2022-01-06,6778445.9746,503156.9257,389320.2613,2151759.0473,407236.3156,3245349.3154,40619.2731,41004.8362,6678445.9746,Profit,483156.9257,369320.2613,2136759.0473,392236.3156,3235349.3154,30619.2731,31004.8362,-0.0041,-8.8213
2022-01-07,6553707.8994,500691.3898,387228.4008,2068405.5288,403103.2478,3111886.09,41195.1806,41198.0615,6453707.8994,Profit,480691.3898,367228.4008,2053405.5288,388103.2478,3101886.09,31195.1806,31198.0615,-0.0332,-11.8443
2022-01-10,6664138.4449,501264.7825,387909.5003,2082167.0055,400865.8241,3209600.7639,41360.8326,40969.736,6564138.4449,Profit,481264.7825,367909.5003,2067167.0055,385865.8241,3199600.7639,31360.8326,30969.736,0.0169,-10.3589
2022-01-11,6696437.8877,506734.4812,386549.8691,2101676.8993,408124.0356,3210057.7689,41825.9981,41468.8354,6596437.8877,Profit,486734.4812,366549.8691,2086676.8993,393124.0356,3200057.7689,31825.9981,31468.8354,0.0048,-9.9244
2022-01-12,6790268.5354,504167.0018,387608.1432,2099318.1218,404636.3629,3310773.6894,42082.9423,41682.274,6690268.5354,Profit,484167.0018,367608.1432,2084318.1218,389636.3629,3300773.6894,32082.9423,31682.274,0.014,-8.6623
2022-01-13,6411149.1324,493555.4507,370433.7672,1988401.7866,394035.7882,3080906.4523,42102.2858,41713.6015,6311149.1324,Profit,473555.4507,350433.7672,1973401.7866,379035.7882,3070906.4523,32102.2858,31713.6015,-0.0558,-13.7619
2022-01-14,6536176.5326,498516.1402,378843.1087,2025697.6074,398230.6026,3150136.007,42696.8833,42056.1835,6436176.5326,Profit,478516.1402,358843.1087,2010697.6074,383230.6026,3140136.007,32696.8833,32056.1835,0.0195,-12.0801
2022-01-18,6367073.7935,488437.9369,369154.9563,1945165.6768,389824.0716,3088864.6469,43171.2116,42455.2934,6267073.7935,Profit,468437.9369,349154.9563,1930165.6768,374824.0716,3078864.6469,33171.2116,32455.2934,-0.0259,-14.3548
2022-01-19,6164557.5065,476783.7566,368879.5082,1876814.8599,382267.4585,2975561.4073,42571.8167,41678.6993,6064557.5065,Profit,456783.7566,348879.5082,1861814.8599,367267.4585,2965561.4073,32571.8167,31678.6993,-0.0318,-17.0789
2022-01-20,6070142.4162,471156.2809,366257.425,1805535.7729,370406.7163,2973127.0764,42009.9397,41649.2048,5970142.4162,Profit,451156.2809,346257.425,1790535.7729,355406.7163,2963127.0764,32009.9397,31649.2048,-0.0153,-18.3489
2022-01-21,5852847.539,467771.5191,361536.0584,1757466.8406,350348.518,2832871.4695,41801.2238,41051.9096,5752847.539,Profit,447771.5191,341536.0584,1742466.8406,335348.518,2822871.4695,31801.2238,31051.9096,-0.0358,-21.2718
2022-01-24,5864024.031,469606.0809,365155.9074,1772865.2333,358158.8507,2815853.7469,41629.3176,40754.8943,5764024.031,Profit,449606.0809,345155.9074,1757865.2333,343158.8507,2805853.7469,31629.3176,30754.8943,0.0019,-21.1214
2022-01-25,5711042.7765,463314.9467,354680.946,1689754.3766,346124.8018,2774795.907,41335.4464,41036.3521,5611042.7765,Profit,443314.9467,334680.946,1674754.3766,331124.8018,2764795.907,31335.4464,31036.3521,-0.0261,-23.1792
2022-01-26,5798746.1595,462210.8693,364131.2908,1720506.0155,342745.0143,2827076.5249,41156.1139,40920.3307,5698746.1595,Profit,442210.8693,344131.2908,1705506.0155,327745.0143,2817076.5249,31156.1139,30920.3307,0.0154,-21.9995
2022-01-27,5459348.7381,464725.4366,371063.0017,1671897.6082,347533.4877,2521459.5306,41457.3783,41212.295,5359348.7381,Profit,444725.4366,351063.0017,1656897.6082,332533.4877,2511459.5306,31457.3783,31212.295,-0.0585,-26.5648
2022-01-28,5660241.732,499463.5035,383279.6348,1748368.5873,360026.2782,2586068.9537,41890.448,41144.3266,5560241.732,Profit,479463.5035,363279.6348,1733368.5873,345026.2782,2576068.9537,31890.448,31144.3266,0.0368,-23.8626
2022-01-31,6069097.958,510396.472,385063.1408,1866623.9684,372467.3679,2850318.8161,42429.2873,41798.9056,5969097.958,Profit,490396.472,365063.1408,1851623.9684,357467.3679,2840318.8161,32429.2873,31798.9056,0.0722,-18.3629
2022-02-01,6054107.7495,508895.857,381557.6078,1874523.5017,375761.4348,2828107.5797,42758.1216,42503.6468,5954107.7495,Profit,488895.857,361557.6078,1859523.5017,360761.4348,2818107.5797,32758.1216,32503.6468,-0.0025,-18.5646
2022-02-02,6023278.0801,511807.471,386845.5293,1917905.2567,373813.7042,2746710.1745,42962.837,43233.1075,5923278.0801,Profit,491807.471,366845.5293,1902905.2567,358813.7042,2736710.1745,32962.837,33233.1075,-0.0051,-18.9793
2022-02-03,5828665.3216,503338.3021,371842.2121,1819862.8399,344665.2725,2703099.9612,42700.3386,43156.3953,5728665.3216,Profit,483338.3021,351842.2121,1804862.8399,329665.2725,2693099.9612,32700.3386,33156.3953,-0.0323,-21.5971
2022-02-04,6043427.8694,505612.3747,379983.5723,1859587.259,393756.9004,2818156.1259,42958.7084,43372.9287,5943427.8694,Profit,485612.3747,359983.5723,1844587.259,378756.9004,2808156.1259,32958.7084,33372.9287,0.0368,-18.7082
2022-02-07,5985799.3383,500709.6279,371733.5922,1880485.3434,392331.7529,2754193.0983,42700.4534,43645.4701,5885799.3383,Profit,480709.6279,351733.5922,1865485.3434,377331.7529,2744193.0983,32700.4534,33645.4701,-0.0095,-19.4834
2022-02-08,6092397.5331,510788.3873,376815.6357,1912537.8221,401635.1686,2803318.9288,43135.223,44166.3676,5992397.5331,Profit,490788.3873,356815.6357,1897537.8221,386635.1686,2793318.9288,33135.223,34166.3676,0.0178,-18.0495
2022-02-09,6241893.6976,513853.5127,384168.6447,2029500.8285,400162.6059,2827263.6619,42868.3409,44076.1031,6141893.6976,Profit,493853.5127,364168.6447,2014500.8285,385162.6059,2817263.6619,32868.3409,34076.1031,0.0245,-16.0386
2022-02-10,6063887.9954,501820.8052,373328.5619,1962904.5963,394798.0081,2744425.7528,42459.4404,44150.8308,5963887.9954,Profit,481820.8052,353328.5619,1947904.5963,379798.0081,2734425.7528,32459.4404,34150.8308,-0.0285,-18.433
2022-02-11,5761827.5986,492428.4591,364833.8927,1823240.3524,381220.6515,2613375.0685,42612.8782,44116.2962,5661827.5986,Profit,472428.4591,344833.8927,1808240.3524,366220.6515,2603375.0685,32612.8782,34116.2962,-0.0498,-22.4961
2022-02-14,5854900.3586,494529.4472,365817.0155,1852695.4742,386972.1966,2668806.1459,42440.4822,43639.597,5754900.3586,Profit,474529.4472,345817.0155,1837695.4742,371972.1966,2658806.1459,32440.4822,33639.597,0.0162,-21.2442
2022-02-15,6190515.7654,506125.4642,372689.5714,2023216.4784,390413.4409,2811694.2018,42454.3158,43922.2929,6090515.7654,Profit,486125.4642,352689.5714,2008216.4784,375413.4409,2801694.2018,32454.3158,33922.2929,0.0573,-16.7297
2022-02-16,6171429.6106,503232.2149,370648.696,2015701.2896,392677.2408,2802470.3315,42420.4761,44279.3618,6071429.6106,Profit,483232.2149,350648.696,2000701.2896,377677.2408,2792470.3315,32420.4761,34279.3618,-0.0031,-16.9864
2022-02-17,5848667.0388,492860.051,360051.7841,1864694.6817,384385.8568,2661591.9346,41345.3361,43737.3946,5748667.0388,Profit,472860.051,340051.7841,1849694.6817,369385.8568,2651591.9346,31345.3361,33737.3946,-0.0523,-21.328
2022-02-18,5727738.8757,489746.0186,357679.4347,1804417.3797,380455.814,2610755.56,41168.534,43516.1347,5627738.8757,Profit,469746.0186,337679.4347,1789417.3797,365455.814,2600755.56,31168.534,33516.1347,-0.0207,-22.9546
2022-02-22,5589775.6461,481376.4962,357666.231,1786429.3147,374726.9995,2504524.3668,41573.4491,43478.7888,5489775.6461,Profit,461376.4962,337666.231,1771429.3147,359726.9995,2494524.3668,31573.4491,33478.7888,-0.0241,-24.8104
2022-02-23,5291286.1947,468021.3592,347727.409,1706472.7601,360618.0909,2324692.9365,40887.6966,42865.9424,5191286.1947,Profit,448021.3592,327727.409,1691472.7601,345618.0909,2314692.9365,30887.6966,32865.9424,-0.0534,-28.8255
2022-02-24,5596279.3495,480074.7824,368767.7571,1826439.2005,380258.4608,2458285.2931,40341.5295,42112.326,5496279.3495,Profit,460074.7824,348767.7571,1811439.2005,365258.4608,2448285.2931,30341.5295,32112.326,0.0576,-24.7229
2022-02-25,5636290.1091,483085.8435,369708.9926,1845586.5425,383804.082,2469758.6397,41199.0423,43146.9665,5536290.1091,Profit,463085.8435,349708.9926,1830586.5425,368804.082,2459758.6397,31199.0423,33146.9665,0.0071,-24.1847
2022-02-28,5817091.2839,482015.3962,370121.6833,1855865.4454,381769.3543,2644230.764,41014.66,42073.9807,5717091.2839,Profit,462015.3962,350121.6833,1840865.4454,366769.3543,2634230.764,31014.66,32073.9807,0.0321,-21.7527
2022-03-01,5715072.7585,476774.4487,365650.9984,1788144.8766,376046.478,2627889.3083,40071.9027,40494.7458,5615072.7585,Profit,456774.4487,345650.9984,1773144.8766,361046.478,2617889.3083,30071.9027,30494.7458,-0.0175,-23.125
2022-03-02,5821239.9617,485073.5388,370974.2932,1839244.0185,377119.8099,2666659.7766,40386.5435,41781.9813,5721239.9617,Profit,465073.5388,350974.2932,1824244.0185,362119.8099,2656659.7766,30386.5435,31781.9813,0.0186,-21.6969
2022-03-03,5640217.8093,483960.6111,365582.7766,1800253.7082,366701.2212,2542805.3249,40616.8068,40297.3606,5540217.8093,Profit,463960.6111,345582.7766,1785253.7082,351701.2212,2532805.3249,30616.8068,30297.3606,-0.0311,-24.1319
2022-03-04,5593467.4466,478263.4352,360527.9904,1753003.8342,363557.4015,2557026.0337,40538.8839,40549.8677,5493467.4466,Profit,458263.4352,340527.9904,1738003.8342,348557.4015,2547026.0337,30538.8839,30549.8677,-0.0083,-24.7608
2022-03-07,5332089.573,467779.6421,347537.0199,1634884.6126,343737.0054,2458624.9516,39752.7906,39773.5507,5232089.573,Profit,447779.6421,327537.0199,1619884.6126,328737.0054,2448624.9516,29752.7906,29773.5507,-0.0467,-28.2766
2022-03-08,5430742.6874,465709.4144,346250.8631,1659414.7582,342641.5831,2537733.2125,39529.0382,39463.8179,5330742.6874,Profit,445709.4144,326250.8631,1644414.7582,327641.5831,2527733.2125,29529.0382,29463.8179,0.0185,-26.9496
2022-03-09,5675003.9128,480276.9262,360836.3869,1768761.6568,349612.2924,2634693.3169,40363.7233,40459.6104,5575003.9128,Profit,460276.9262,340836.3869,1753761.6568,334612.2924,2624693.3169,30363.7233,30459.6104,0.045,-23.664
2022-03-10,5567176.7787,465587.2947,355942.1596,1735294.0917,367242.8601,2562267.8713,40467.2167,40375.2847,5467176.7787,Profit,445587.2947,335942.1596,1720294.0917,352242.8601,2552267.8713,30467.2167,30375.2847,-0.019,-25.1144
2022-03-11,5348409.3704,452455.9792,347530.5459,1685145.1848,362410.5974,2420341.3595,40327.3925,40198.3109,5248409.3704,Profit,432455.9792,327530.5459,1670145.1848,347410.5974,2410341.3595,30327.3925,30198.3109,-0.0393,-28.0571
2022-03-14,5199195.4276,442416.8987,344566.5646,1633716.6905,354851.441,2342602.6853,40541.9765,40499.1709,5099195.4276,Profit,422416.8987,324566.5646,1618716.6905,339851.441,2332602.6853,30541.9765,30499.1709,-0.0279,-30.0642
2022-03-15,5486032.3843,456465.7391,358643.1574,1763127.0662,369392.6035,2456166.2759,41093.0862,41144.4561,5386032.3843,Profit,436465.7391,338643.1574,1748127.0662,354392.6035,2446166.2759,31093.0862,31144.4561,0.0552,-26.2059
2022-03-16,5721428.5189,466719.9621,365328.8,1867979.0798,381317.6805,2557117.1978,41332.6765,41633.1222,5621428.5189,Profit,446719.9621,345328.8,1852979.0798,366317.6805,2547117.1978,31332.6765,31633.1222,0.0429,-23.0395
2022-03-17,5820743.1196,467126.0212,364344.4957,1878183.8994,389461.2764,2637984.6136,41579.3337,42063.4797,5720743.1196,Profit,447126.0212,344344.4957,1863183.8994,374461.2764,2627984.6136,31579.3337,32063.4797,0.0174,-21.7036
2022-03-18,6060938.4053,475630.9459,369778.1852,2000723.2024,398325.1001,2732895.0608,41661.0508,41924.8601,5960938.4053,Profit,455630.9459,349778.1852,1985723.2024,383325.1001,2722895.0608,31661.0508,31924.8601,0.0413,-18.4727
2022-03-21,6121800.7752,478786.0157,367513.9294,2018138.9531,398161.5982,2775201.2508,41771.484,42227.5439,6021800.7752,Profit,458786.0157,347513.9294,2003138.9531,383161.5982,2765201.2508,31771.484,32227.5439,0.01,-17.654
2022-03-22,6347428.6463,488531.7128,373385.201,2001490.2103,406375.5513,2993405.1192,41911.1338,42329.718,6247428.6463,Profit,468531.7128,353385.201,1986490.2103,391375.5513,2983405.1192,31911.1338,32329.718,0.0369,-14.619
2022-03-23,6280448.7409,491898.1287,367276.1688,1931709.3583,402181.6903,3004790.8399,41078.958,41513.5968,6180448.7409,Profit,471898.1287,347276.1688,1916709.3583,387181.6903,2994790.8399,31078.958,31513.5968,-0.0106,-15.52
2022-03-24,6518746.6017,502001.2173,372158.5997,2116932.9488,401944.2581,3043018.5938,41175.3959,41515.5881,6418746.6017,Profit,482001.2173,352158.5997,2101932.9488,386944.2581,3033018.5938,31175.3959,31515.5881,0.0379,-12.3146
2022-03-25,6457358.3484,502152.028,370368.5197,2075338.7979,403315.3005,3022780.8149,41454.5686,41948.319,6357358.3484,Profit,482152.028,350368.5197,2060338.7979,388315.3005,3012780.8149,31454.5686,31948.319,-0.0094,-13.1403
2022-03-28,6781792.3313,506260.8453,380115.1539,2121445.4842,414927.6033,3275836.7156,41251.0488,41955.4802,6681792.3313,Profit,486260.8453,360115.1539,2106445.4842,399927.6033,3265836.7156,31251.0488,31955.4802,0.0502,-8.7763
2022-03-29,6836460.1501,514637.0454,384893.5381,2148797.5178,414664.8091,3290605.048,41116.3986,41745.7931,6736460.1501,Profit,494637.0454,364893.5381,2133797.5178,399664.8091,3280605.048,31116.3986,31745.7931,0.0081,-8.0409
2022-03-30,6713530.137,509620.9566,381807.903,2069877.0482,406013.4941,3263698.9229,40896.172,41615.6402,6613530.137,Profit,489620.9566,361807.903,2054877.0482,391013.4941,3253698.9229,30896.172,31615.6402,-0.018,-9.6945
2022-03-31,6622718.9131,501591.4486,375835.7459,2043944.7838,398779.1527,3221508.4787,40306.485,40752.8183,6522718.9131,Profit,481591.4486,355835.7459,2028944.7838,383779.1527,3211508.4787,30306.485,30752.8183,-0.0135,-10.916
2022-04-01,6610789.8812,501370.5834,377674.0973,2003512.9716,400666.4622,3246556.8419,40162.4717,40846.4531,6510789.8812,Profit,481370.5834,357674.0973,1988512.9716,385666.4622,3236556.8419,30162.4717,30846.4531,-0.0018,-11.0765
2022-04-04,6860731.5361,512360.7673,383771.2651,2048504.6867,411665.4258,3422706.2946,40445.9128,41277.1838,6760731.5361,Profit,492360.7673,363771.2651,2033504.6867,396665.4258,3412706.2946,30445.9128,31277.1838,0.0378,-7.7145
2022-04-05,6545898.9985,501082.2517,377604.8967,1935447.9216,399919.7563,3250594.1602,40234.8516,41015.1604,6445898.9985,Profit,481082.2517,357604.8967,1920447.9216,384919.7563,3240594.1602,30234.8516,31015.1604,-0.0459,-11.9493
2022-04-06,6288884.3212,494138.7918,365477.2618,1830194.8738,388805.0466,3129577.5172,40049.5902,40641.2399,6188884.3212,Profit,474138.7918,345477.2618,1815194.8738,373805.0466,3119577.5172,30049.5902,30641.2399,-0.0393,-15.4065
2022-04-07,6345389.0235,497996.1384,369964.8109,1826141.6067,388741.4282,3182960.0714,39632.3722,39952.5957,6245389.0235,Profit,477996.1384,349964.8109,1811141.6067,373741.4282,3172960.0714,29632.3722,29952.5957,0.009,-14.6465
2022-04-08,6151058.9396,492250.9588,364707.7254,1744683.5152,380703.104,3088540.7996,40026.981,40145.8557,6051058.9396,Profit,472250.9588,344707.7254,1729683.5152,365703.104,3078540.7996,30026.981,30145.8557,-0.0306,-17.2604
2022-04-11,5890692.1316,480916.6474,351216.6691,1658186.4409,373422.6121,2946748.7948,40188.4179,40012.5495,5790692.1316,Profit,460916.6474,331216.6691,1643186.4409,358422.6121,2936748.7948,30188.4179,30012.5495,-0.0423,-20.7627
2022-04-12,5890406.3053,486291.2421,347168.6645,1626423.1511,372479.2109,2979075.3895,39836.6456,39132.0015,5790406.3053,Profit,466291.2421,327168.6645,1611423.1511,357479.2109,2969075.3895,29836.6456,29132.0015,-0.0,-20.7666
2022-04-13,6072072.7415,493856.9853,353733.1876,1677963.0704,383915.6304,3083546.6956,40039.778,39017.3942,5972072.7415,Profit,473856.9853,333733.1876,1662963.0704,368915.6304,3073546.6956,30039.778,29017.3942,0.0308,-18.3229
2022-04-14,5851180.9173,478824.0802,343987.2945,1605780.9961,374271.643,2969418.9811,39998.3254,38899.5969,5751180.9173,Profit,458824.0802,323987.2945,1590780.9961,359271.643,2959418.9811,29998.3254,28899.5969,-0.0364,-21.2942
2022-04-18,5959799.9313,478830.5702,345298.2517,1647641.5226,377442.1482,3031655.9117,40115.3861,38816.1408,5859799.9313,Profit,458830.5702,325298.2517,1632641.5226,362442.1482,3021655.9117,30115.3861,28816.1408,0.0186,-19.8331
2022-04-19,6092738.9715,485811.6512,351349.3264,1679846.7905,390797.6629,3105164.1809,40599.9429,39169.4167,5992738.9715,Profit,465811.6512,331349.3264,1664846.7905,375797.6629,3095164.1809,30599.9429,29169.4167,0.0223,-18.0449
2022-04-20,5819637.3763,480618.027,349248.6996,1609947.6094,376941.305,2922760.2237,40672.7054,39448.8062,5719637.3763,Profit,460618.027,329248.6996,1594947.6094,361941.305,2912760.2237,30672.7054,29448.8062,-0.0448,-21.7185
2022-04-21,5805368.5905,479351.2525,343216.8532,1515851.8375,363768.4243,3023733.7823,40379.7139,39066.7268,5705368.5905,Profit,459351.2525,323216.8532,1500851.8375,348768.4243,3013733.7823,30379.7139,29066.7268,-0.0025,-21.9104
2022-04-22,5788774.2974,472427.5675,339555.083,1485934.8059,358978.1791,3054153.6886,39134.6352,38590.3381,5688774.2974,Profit,452427.5675,319555.083,1470934.8059,343978.1791,3044153.6886,29134.6352,28590.3381,-0.0029,-22.1336
2022-04-25,5837796.212,477716.3755,349381.7235,1522081.3755,364867.0732,3046155.6178,38933.9836,38660.0629,5737796.212,Profit,457716.3755,329381.7235,1507081.3755,349867.0732,3036155.6178,28933.9836,28660.0629,0.0085,-21.4742
2022-04-26,5348510.5363,461287.1877,337338.7671,1441279.7073,349238.4549,2683188.1611,38354.5015,37823.7567,5248510.5363,Profit,441287.1877,317338.7671,1426279.7073,334238.4549,2673188.1611,28354.5015,27823.7567,-0.0838,-28.0557
2022-04-27,5360420.7398,461721.3887,354424.869,1416076.0884,347010.3544,2705312.0517,38284.8759,37591.1118,5260420.7398,Profit,441721.3887,334424.869,1401076.0884,332010.3544,2695312.0517,28284.8759,27591.1118,0.0022,-27.8955
2022-04-28,5500619.866,482620.4761,362476.1163,1521317.3693,363185.2791,2693240.0519,38889.4022,38891.171,5400619.866,Profit,462620.4761,342476.1163,1506317.3693,348185.2791,2683240.0519,28889.4022,28891.171,0.0262,-26.0097
2022-04-29,5284675.6022,463613.1518,346318.9731,1422239.2277,311261.8088,2664815.2351,38135.8934,38291.3124,5184675.6022,Profit,443613.1518,326318.9731,1407239.2277,296261.8088,2654815.2351,28135.8934,28291.3124,-0.0393,-28.9144
2022-05-02,5512698.25,468265.9036,357848.551,1509906.2653,314318.4337,2785549.7445,38332.5989,38476.7531,5412698.25,Profit,448265.9036,337848.551,1494906.2653,299318.4337,2775549.7445,28332.5989,28476.7531,0.0431,-25.8472
2022-05-03,5518440.0006,471017.2183,353145.7585,1509607.5908,312529.6725,2794571.5637,38686.3323,38881.8644,5418440.0006,Profit,451017.2183,333145.7585,1494607.5908,297529.6725,2784571.5637,28686.3323,28881.8644,0.001,-25.77
2022-05-04,5726669.8139,488920.9041,362375.5644,1561446.6048,315830.4784,2919439.6657,39361.2591,39295.3374,5626669.8139,Profit,468920.9041,342375.5644,1546446.6048,300830.4784,2909439.6657,29361.2591,29295.3374,0.0377,-22.969
2022-05-05,5305590.1179,462101.1055,346918.5831,1448390.6802,292222.749,2678794.9352,38494.0512,38668.0137,5205590.1179,Profit,442101.1055,326918.5831,1433390.6802,277222.749,2668794.9352,28494.0512,28668.0137,-0.0735,-28.6331
2022-05-06,5287922.2281,466463.9042,345246.96,1442129.3235,289466.558,2667818.6708,38252.1206,38544.6911,5187922.2281,Profit,446463.9042,325246.96,1427129.3235,274466.558,2657818.6708,28252.1206,28544.6911,-0.0033,-28.8707
2022-05-09,4898747.51,453847.0415,334609.2455,1317240.1282,276123.368,2441209.9524,37523.9555,38193.819,4798747.51,Profit,433847.0415,314609.2455,1302240.1282,261123.368,2431209.9524,27523.9555,28193.819,-0.0736,-34.1056
2022-05-10,5020589.9777,462873.0778,342092.7165,1372448.4899,277324.0599,2490499.3645,37259.7349,38092.5343,4920589.9777,Profit,442873.0778,322092.7165,1357448.4899,262324.0599,2480499.3645,27259.7349,28092.5343,0.0249,-32.4667
2022-05-11,4680751.8216,437465.5828,329665.4094,1292971.7355,267574.2723,2277546.786,37219.8391,38308.1965,4580751.8216,Profit,417465.5828,309665.4094,1277971.7355,252574.2723,2267546.786,27219.8391,28308.1965,-0.0677,-37.0379
2022-05-12,4636083.9287,427956.1217,324804.8735,1264295.6887,272977.6355,2270946.6946,36990.7594,38112.1552,4536083.9287,Profit,407956.1217,304804.8735,1249295.6887,257977.6355,2260946.6946,26990.7594,28112.1552,-0.0095,-37.6388
2022-05-13,4890691.2922,438706.5969,329950.0232,1374826.0584,286707.6592,2384846.6638,37476.8201,38177.4706,4790691.2922,Profit,418706.5969,309950.0232,1359826.0584,271707.6592,2374846.6638,27476.8201,28177.4706,0.0549,-34.214
2022-05-16,4683329.5425,431842.1639,328774.4169,1333789.9333,279604.1647,2233455.2874,37562.5875,38300.9887,4583329.5425,Profit,411842.1639,308774.4169,1318789.9333,264604.1647,2223455.2874,27562.5875,28300.9887,-0.0424,-37.0033
2022-05-17,4878324.4426,440960.7256,334055.9153,1398423.8595,289885.5396,2338435.2668,37598.32,38964.8158,4778324.4426,Profit,420960.7256,314055.9153,1383423.8595,274885.5396,2328435.2668,27598.32,28964.8158,0.0416,-34.3803
2022-05-18,4564245.2558,416311.4347,319021.0511,1303817.3093,269287.4585,2180574.9901,37050.4541,38182.558,4464245.2558,Profit,396311.4347,299021.0511,1288817.3093,254287.4585,2170574.9901,27050.4541,28182.558,-0.0644,-38.6051
2022-05-19,4555546.178,405043.5269,317049.0686,1314848.3314,269135.506,2173945.8455,37494.8667,38029.0329,4455546.178,Profit,385043.5269,297049.0686,1299848.3314,254135.506,2163945.8455,27494.8667,28029.0329,-0.0019,-38.7221
2022-05-20,4390603.7497,406383.3381,316816.3208,1283837.0408,270238.9241,2037633.8807,37542.049,38152.1961,4290603.7497,Profit,386383.3381,296816.3208,1268837.0408,255238.9241,2027633.8807,27542.049,28152.1961,-0.0362,-40.9408
2022-05-23,4467683.7718,422683.1021,326965.647,1299525.8231,270153.5247,2071398.0152,38151.5523,38806.1073,4367683.7718,Profit,402683.1021,306965.647,1284525.8231,255153.5247,2061398.0152,28151.5523,28806.1073,0.0176,-39.904
2022-05-24,4247399.5365,414473.9024,325597.9209,1242025.623,261409.3509,1927493.3306,38032.8601,38366.5486,4147399.5365,Profit,394473.9024,305597.9209,1227025.623,246409.3509,1917493.3306,28032.8601,28366.5486,-0.0493,-42.8671
2022-05-25,4419649.102,415296.2271,329518.3788,1306254.9729,268356.5974,2023241.9036,38012.4213,38968.6008,4319649.102,Profit,395296.2271,309518.3788,1291254.9729,253356.5974,2013241.9036,28012.4213,28968.6008,0.0406,-40.5501
2022-05-26,4646537.6318,423438.988,332590.9102,1368857.7329,278192.6536,2165891.6925,38007.5311,39558.1234,4546537.6318,Profit,403438.988,312590.9102,1353857.7329,263192.6536,2155891.6925,28007.5311,29558.1234,0.0513,-37.4982
2022-05-27,4896272.6403,438845.8331,340329.1598,1436385.9494,287163.511,2314909.5787,38730.2018,39908.4064,4796272.6403,Profit,418845.8331,320329.1598,1421385.9494,272163.511,2304909.5787,28730.2018,29908.4064,0.0537,-34.1389
2022-05-31,4856389.3019,433409.6424,336228.0398,1415705.432,297674.4828,2294405.1543,38994.1714,39972.3792,4756389.3019,Profit,413409.6424,316228.0398,1400705.432,282674.4828,2284405.1543,28994.1714,29972.3792,-0.0081,-34.6754
2022-06-01,4776019.9006,432727.5816,336669.1914,1388011.6188,301110.1159,2238680.9621,39085.9785,39734.4522,4676019.9006,Profit,412727.5816,316669.1914,1373011.6188,286110.1159,2228680.9621,29085.9785,29734.4522,-0.0165,-35.7565
2022-06-02,4980872.1722,438531.0183,338208.8893,1479474.6732,309548.0508,2335602.6042,39293.8329,40213.1035,4880872.1722,Profit,418531.0183,318208.8893,1464474.6732,294548.0508,2325602.6042,29293.8329,30213.1035,0.0429,-33.0009
2022-06-03,4661778.9109,421025.0269,332118.5301,1411591.9497,301320.8921,2117251.1665,38889.0609,39582.2846,4561778.9109,Profit,401025.0269,312118.5301,1396591.9497,286320.8921,2107251.1665,28889.0609,29582.2846,-0.0641,-37.2932
2022-06-06,4702139.0225,422719.1817,330163.9652,1414886.914,306963.5905,2148658.7847,39050.0987,39696.4878,4602139.0225,Profit,402719.1817,310163.9652,1399886.914,291963.5905,2138658.7847,29050.0987,29696.4878,0.0087,-36.7503
2022-06-07,4722860.4601,429851.6342,334530.7184,1424395.567,302343.7408,2152589.2568,39367.0593,39782.4836,4622860.4601,Profit,409851.6342,314530.7184,1409395.567,287343.7408,2142589.2568,29367.0593,29782.4836,0.0044,-36.4715
2022-06-08,4713330.2104,427172.5349,331569.7703,1402103.6485,297514.1585,2176837.8919,38890.885,39241.3212,4613330.2104,Profit,407172.5349,311569.7703,1387103.6485,282514.1585,2166837.8919,28890.885,29241.3212,-0.002,-36.5997
2022-06-09,4650591.7561,415226.1022,327370.2138,1368240.0922,287529.7952,2175289.8743,38448.2013,38487.4772,4550591.7561,Profit,395226.1022,307370.2138,1353240.0922,272529.7952,2165289.8743,28448.2013,28487.4772,-0.0133,-37.4436
2022-06-10,4499600.3116,403381.0828,316071.9654,1300348.9638,274294.2379,2129605.4578,37932.7867,37965.8172,4399600.3116,Profit,383381.0828,296071.9654,1285348.9638,259294.2379,2119605.4578,27932.7867,27965.8172,-0.0325,-39.4747
2022-06-13,4228096.5913,390431.5614,304608.7156,1206390.0718,260999.3637,1991057.3303,37284.5336,37325.0148,4128096.5913,Profit,370431.5614,284608.7156,1191390.0718,245999.3637,1981057.3303,27284.5336,27325.0148,-0.0603,-43.1267
2022-06-14,4318294.286,395511.128,309348.7941,1228656.2352,259197.9215,2051456.2793,37137.5687,36986.3592,4218294.286,Profit,375511.128,289348.7941,1213656.2352,244197.9215,2041456.2793,27137.5687,26986.3592,0.0213,-41.9135
2022-06-15,4518332.3528,403712.261,318745.0726,1283051.9023,272945.889,2165262.4576,37519.6919,37095.0784,4418332.3528,Profit,383712.261,298745.0726,1268051.9023,257945.889,2155262.4576,27519.6919,27095.0784,0.0463,-39.2227
2022-06-16,4218217.7922,387112.0581,309668.7842,1209300.9918,262374.5469,1977273.4156,36805.5477,35682.4478,4118217.7922,Profit,367112.0581,289668.7842,1194300.9918,247374.5469,1967273.4156,26805.5477,25682.4478,-0.0664,-43.2596
2022-06-17,4323137.5723,394815.0103,315646.6582,1241111.9494,271079.3816,2027879.3464,36767.8767,35837.3497,4223137.5723,Profit,374815.0103,295646.6582,1226111.9494,256079.3816,2017879.3464,26767.8767,25837.3497,0.0249,-41.8483
2022-06-21,4557657.0733,404436.4221,320778.6042,1284196.2906,275101.9817,2199545.8085,37323.4473,36274.5189,4457657.0733,Profit,384436.4221,300778.6042,1269196.2906,260101.9817,2189545.8085,27323.4473,26274.5189,0.0542,-38.6937
2022-06-22,4535037.7944,403285.289,320328.166,1269505.171,276062.7334,2192933.2001,36944.7065,35978.5284,4435037.7944,Profit,383285.289,300328.166,1254505.171,261062.7334,2182933.2001,26944.7065,25978.5284,-0.005,-38.998
2022-06-23,4551982.0661,413264.6459,328593.4303,1262922.867,285786.4248,2190235.1593,36380.8766,34798.6623,4451982.0661,Profit,393264.6459,308593.4303,1247922.867,270786.4248,2180235.1593,26380.8766,24798.6623,0.0037,-38.7701
2022-06-24,4735561.1823,421797.5929,338530.3007,1328011.7389,294886.7215,2280703.0376,36819.7826,34812.0081,4635561.1823,Profit,401797.5929,318530.3007,1313011.7389,279886.7215,2270703.0376,26819.7826,24812.0081,0.0403,-36.3007
2022-06-27,4680481.0234,420297.3463,333786.6616,1303435.8465,285663.0921,2265311.9368,36833.3559,35152.7841,4580481.0234,Profit,400297.3463,313786.6616,1288435.8465,270663.0921,2255311.9368,26833.3559,25152.7841,-0.0116,-37.0416
2022-06-28,4452981.3152,407051.3561,322613.0604,1232700.0168,270495.14,2148103.9265,36938.4387,35079.3767,4352981.3152,Profit,387051.3561,302613.0604,1217700.0168,255495.14,2138103.9265,26938.4387,25079.3767,-0.0486,-40.1017
2022-06-29,4399286.7217,412797.2795,327723.1502,1200062.4365,274621.925,2111871.8075,37119.27,35090.8531,4299286.7217,Profit,392797.2795,307723.1502,1185062.4365,259621.925,2101871.8075,27119.27,25090.8531,-0.0121,-40.824
2022-06-30,4316261.1259,405609.8899,323606.2377,1171225.0154,267955.5085,2076032.6158,36815.2808,35016.5777,4216261.1259,Profit,385609.8899,303606.2377,1156225.0154,252955.5085,2066032.6158,26815.2808,25016.5777,-0.0189,-41.9408
2022-07-01,4311968.0942,412164.8108,327069.5868,1122077.4933,276407.1699,2101835.8572,37054.8315,35358.3447,4211968.0942,Profit,392164.8108,307069.5868,1107077.4933,261407.1699,2091835.8572,27054.8315,25358.3447,-0.001,-41.9986
2022-07-05,4472041.073,424919.2133,335097.2383,1169808.4281,289725.0136,2180939.8978,36845.5836,34705.6982,4372041.073,Profit,404919.2133,315097.2383,1154808.4281,274725.0136,2170939.8978,26845.5836,24705.6982,0.0371,-39.8454
2022-07-06,4486032.8034,429302.3783,339613.1194,1183587.0148,292045.1643,2169953.7648,37055.8241,34475.5376,4386032.8034,Profit,409302.3783,319613.1194,1168587.0148,277045.1643,2159953.7648,27055.8241,24475.5376,0.0031,-39.6572
2022-07-07,4660256.3717,437554.2977,340806.0573,1234731.3031,295764.66,2279200.6953,37645.1011,34554.2571,4560256.3717,Profit,417554.2977,320806.0573,1219731.3031,280764.66,2269200.6953,27645.1011,24554.2571,0.0388,-37.3136
2022-07-08,4709692.052,439004.6847,339397.2328,1231470.5588,293348.937,2333933.0415,37661.833,34875.7642,4609692.052,Profit,419004.6847,319397.2328,1216470.5588,278348.937,2323933.0415,27661.833,24875.7642,0.0106,-36.6487
2022-07-11,4493630.784,433590.9766,336229.1764,1181040.3276,284426.4873,2186488.8743,37562.9514,34291.9904,4393630.784,Profit,413590.9766,316229.1764,1166040.3276,269426.4873,2176488.8743,27562.9514,24291.9904,-0.0459,-39.555
2022-07-12,4463725.2369,437053.4162,322822.6387,1176933.5692,278307.8769,2177120.5782,37640.8351,33846.3225,4363725.2369,Profit,417053.4162,302822.6387,1161933.5692,263307.8769,2167120.5782,27640.8351,23846.3225,-0.0067,-39.9572
2022-07-13,4493875.0917,434638.5752,320651.3023,1179794.7802,280471.711,2207569.6237,37286.8577,33462.2416,4393875.0917,Profit,414638.5752,300651.3023,1164794.7802,265471.711,2197569.6237,27286.8577,23462.2416,0.0068,-39.5517
2022-07-14,4586234.248,449078.4253,326399.7014,1210898.2846,284564.8955,2247133.7627,35313.8531,32845.3254,4486234.248,Profit,429078.4253,306399.7014,1195898.2846,269564.8955,2237133.7627,25313.8531,22845.3254,0.0206,-38.3093
2022-07-15,4614640.4392,450769.0441,327282.7787,1232176.9313,289852.6458,2246442.8616,35056.6088,33059.5688,4514640.4392,Profit,430769.0441,307282.7787,1217176.9313,274852.6458,2236442.8616,25056.6088,23059.5688,0.0062,-37.9272
2022-07-18,4602927.8795,438415.7288,321895.3171,1249984.1107,288384.1769,2235396.5195,35559.6228,33292.4036,4502927.8795,Profit,418415.7288,301895.3171,1234984.1107,273384.1769,2225396.5195,25559.6228,23292.4036,-0.0025,-38.0848
2022-07-19,4734217.9279,448597.727,327462.0175,1314668.5264,298646.7036,2273949.6925,36470.7072,34422.5538,4634217.9279,Profit,428597.727,307462.0175,1299668.5264,283646.7036,2263949.6925,26470.7072,24422.5538,0.0285,-36.3188
2022-07-20,4829244.2863,453954.5224,330408.2857,1375593.1264,309686.3944,2288641.9471,36520.6444,34439.366,4729244.2863,Profit,433954.5224,310408.2857,1360593.1264,294686.3944,2278641.9471,26520.6444,24439.366,0.0201,-35.0405
2022-07-21,5091149.8391,461201.1311,333933.3376,1395556.2849,314646.6377,2514630.0862,36681.1815,34501.1803,4991149.8391,Profit,441201.1311,313933.3376,1380556.2849,299646.6377,2504630.0862,26681.1815,24501.1803,0.0542,-31.5176
2022-07-22,5016795.2385,456784.4277,327799.5689,1337077.8735,308611.7782,2515878.2713,36376.3654,34266.9537,4916795.2385,Profit,436784.4277,307799.5689,1322077.8735,293611.7782,2505878.2713,26376.3654,24266.9537,-0.0146,-32.5177
2022-07-25,4941851.7684,452564.6873,325265.7158,1311824.3054,304815.7756,2476045.1328,36750.8194,34585.3321,4841851.7684,Profit,432564.6873,305265.7158,1296824.3054,289815.7756,2466045.1328,26750.8194,24585.3321,-0.0149,-33.5258
2022-07-26,4797548.5503,449654.1408,317319.9393,1277074.9318,289584.8767,2393502.5131,36320.8502,34091.2985,4697548.5503,Profit,429654.1408,297319.9393,1262074.9318,274584.8767,2383502.5131,26320.8502,24091.2985,-0.0292,-35.4669
2022-07-27,5091069.2595,464652.1019,338244.9089,1373005.9755,304861.6989,2538904.1212,36723.5547,34676.8985,4991069.2595,Profit,444652.1019,318244.9089,1358005.9755,289861.6989,2528904.1212,26723.5547,24676.8985,0.0612,-31.5187
2022-07-28,5162123.8425,464966.7923,346899.8432,1383984.8872,307277.2849,2587614.323,36943.2843,34437.4276,5062123.8425,Profit,444966.7923,326899.8432,1368984.8872,292277.2849,2577614.323,26943.2843,24437.4276,0.014,-30.5629
2022-07-29,5374367.7464,479805.5733,352030.6516,1396556.6491,338825.0819,2734961.2542,37286.392,34902.1444,5274367.7464,Profit,459805.5733,332030.6516,1381556.6491,323825.0819,2724961.2542,27286.392,24902.1444,0.0411,-27.7079
2022-08-01,5391302.9176,476850.7937,348604.4597,1417936.5149,339929.8098,2736130.1605,37190.7778,34660.4012,5291302.9176,Profit,456850.7937,328604.4597,1402936.5149,324929.8098,2726130.1605,27190.7778,24660.4012,0.0032,-27.4801
2022-08-02,5429924.1723,473597.4618,345466.9275,1428035.0725,337682.1211,2773498.8599,36988.3928,34655.3366,5329924.1723,Profit,453597.4618,325466.9275,1413035.0725,322682.1211,2763498.8599,26988.3928,24655.3366,0.0072,-26.9606
2022-08-03,5562213.4723,491602.5233,355001.3436,1455974.4291,351091.3493,2835672.4665,37696.4572,35174.9033,5462213.4723,Profit,471602.5233,335001.3436,1440974.4291,336091.3493,2825672.4665,27696.4572,25174.9033,0.0244,-25.1812
2022-08-04,5606668.2717,490690.7376,356510.4862,1480905.2487,358794.3528,2847295.8155,37703.2235,34768.4075,5506668.2717,Profit,470690.7376,336510.4862,1465905.2487,343794.3528,2837295.8155,27703.2235,24768.4075,0.008,-24.5832
2022-08-05,5427689.1983,493055.7822,357796.6331,1472588.8319,356545.2583,2675060.184,37706.4752,34936.0336,5327689.1983,Profit,473055.7822,337796.6331,1457588.8319,341545.2583,2665060.184,27706.4752,24936.0336,-0.0319,-26.9907
2022-08-08,5315625.7297,488699.6142,352407.4766,1371637.5363,350923.7203,2679924.6615,37148.4808,34884.2401,5215625.7297,Profit,468699.6142,332407.4766,1356637.5363,335923.7203,2669924.6615,27148.4808,24884.2401,-0.0206,-28.4981
2022-08-09,5203152.1777,489724.9579,355532.2554,1319476.4943,347567.1901,2619177.6567,37007.5462,34666.0772,5103152.1777,Profit,469724.9579,335532.2554,1304476.4943,332567.1901,2609177.6567,27007.5462,24666.0772,-0.0212,-30.011
2022-08-10,5380495.2255,499000.0343,361598.8489,1387693.0728,357280.4716,2701860.2954,37543.0793,35519.4232,5280495.2255,Profit,479000.0343,341598.8489,1372693.0728,342280.4716,2691860.2954,27543.0793,25519.4232,0.0341,-27.6255
2022-08-11,5273387.2201,495393.0698,357911.2436,1371934.89,351156.2246,2623529.413,37775.824,35686.5552,5173387.2201,Profit,475393.0698,337911.2436,1356934.89,336156.2246,2613529.413,27775.824,25686.5552,-0.0199,-29.0662
2022-08-12,5492389.9048,507197.0142,364867.4224,1433947.2052,359265.19,2752639.9275,38215.3458,36257.7998,5392389.9048,Profit,487197.0142,344867.4224,1418947.2052,344265.19,2742639.9275,28215.3458,26257.7998,0.0415,-26.1204
2022-08-15,5661039.8022,515397.3518,370402.6526,1472953.0646,361843.2442,2865621.9322,38311.9439,36509.6129,5561039.8022,Profit,495397.3518,350402.6526,1457953.0646,346843.2442,2855621.9322,28311.9439,26509.6129,0.0307,-23.8518
2022-08-16,5609609.7594,513289.3153,368268.724,1456478.8436,364724.575,2831059.3399,38635.313,37153.6485,5509609.7594,Profit,493289.3153,348268.724,1441478.8436,349724.575,2821059.3399,28635.313,27153.6485,-0.0091,-24.5436
2022-08-17,5559556.4466,519610.6539,368584.3115,1419457.5032,359225.1618,2817180.9883,38500.9148,36996.9131,5459556.4466,Profit,499610.6539,348584.3115,1404457.5032,344225.1618,2807180.9883,28500.9148,26996.9131,-0.0089,-25.2169
2022-08-18,5587894.4409,519059.3965,367585.8557,1455179.9851,360176.5196,2810214.9197,38629.5907,37048.1735,5487894.4409,Profit,499059.3965,347585.8557,1440179.9851,345176.5196,2800214.9197,28629.5907,27048.1735,0.0051,-24.8357
2022-08-19,5461007.5343,513712.4956,364258.5218,1390292.891,351579.905,2766073.7624,38465.3092,36624.6492,5361007.5343,Profit,493712.4956,344258.5218,1375292.891,336579.905,2756073.7624,28465.3092,26624.6492,-0.0227,-26.5425
2022-08-22,5315781.4912,503576.4692,354763.3473,1331285.991,339984.8919,2712255.8854,38012.5828,35902.3236,5215781.4912,Profit,483576.4692,334763.3473,1316285.991,324984.8919,2702255.8854,28012.5828,25902.3236,-0.0266,-28.496
2022-08-23,5360908.2821,500129.0719,351381.2869,1336299.699,339357.5854,2760035.857,37720.5778,35984.204,5260908.2821,Profit,480129.0719,331381.2869,1321299.699,324357.5854,2750035.857,27720.5778,25984.204,0.0085,-27.889
2022-08-24,5374006.235,501448.768,350854.5499,1340628.5271,340102.8915,2768377.1606,36780.8511,35813.4868,5274006.235,Profit,481448.768,330854.5499,1325628.5271,325102.8915,2758377.1606,26780.8511,25813.4868,0.0024,-27.7128
2022-08-25,5420491.9027,507133.2315,353489.0478,1389476.7744,347712.2589,2749032.7644,37549.3543,36098.4714,5320491.9027,Profit,487133.2315,333489.0478,1374476.7744,332712.2589,2739032.7644,27549.3543,26098.4714,0.0087,-27.0875
2022-08-26,5189071.5259,489974.4672,341216.8983,1266325.354,332503.7656,2685689.706,37123.2076,36238.1272,5089071.5259,Profit,469974.4672,321216.8983,1251325.354,317503.7656,2675689.706,27123.2076,26238.1272,-0.0427,-30.2004
2022-08-29,5117826.4406,484010.696,338096.4651,1232474.345,330570.6562,2659293.8547,37304.481,36075.9427,5017826.4406,Profit,464010.696,318096.4651,1217474.345,315570.6562,2649293.8547,27304.481,26075.9427,-0.0137,-31.1587
2022-08-30,5036830.2653,479057.2872,336941.0749,1212704.3794,329559.4997,2606169.9075,36662.2261,35735.8907,4936830.2653,Profit,459057.2872,316941.0749,1197704.3794,314559.4997,2596169.9075,26662.2261,25735.8907,-0.0158,-32.2482
2022-08-31,4988307.0736,475229.8587,335918.0104,1186559.2906,325410.4245,2593478.9218,36373.3312,35337.2364,4888307.0736,Profit,455229.8587,315918.0104,1171559.2906,310410.4245,2583478.9218,26373.3312,25337.2364,-0.0096,-32.9009
2022-09-01,4935933.4955,479472.3515,335945.1289,1100203.6589,329482.0942,2619005.0606,36372.8191,35452.3823,4835933.4955,Profit,459472.3515,315945.1289,1085203.6589,314482.0942,2609005.0606,26372.8191,25452.3823,-0.0105,-33.6054
2022-09-02,4818741.9709,471331.5076,329214.2472,1073630.8804,327559.6021,2544604.4781,36635.8229,35765.4325,4718741.9709,Profit,451331.5076,309214.2472,1058630.8804,312559.6021,2534604.4781,26635.8229,25765.4325,-0.0237,-35.1818
2022-09-06,4838818.0662,468093.7107,326050.5453,1060763.3258,324407.5791,2587795.8187,36498.0324,35209.054,4738818.0662,Profit,448093.7107,306050.5453,1045763.3258,309407.5791,2577795.8187,26498.0324,25209.054,0.0042,-34.9118
2022-09-07,4976008.007,473330.1908,332914.8105,1082768.3967,333710.382,2680397.126,37081.6616,35805.4395,4876008.007,Profit,453330.1908,312914.8105,1067768.3967,318710.382,2670397.126,27081.6616,25805.4395,0.0284,-33.0664
2022-09-08,5029861.146,467065.0399,332251.0935,1100513.74,333366.662,2722962.8992,37521.3451,36180.3662,4929861.146,Profit,447065.0399,312251.0935,1085513.74,318366.662,2712962.8992,27521.3451,26180.3662,0.0108,-32.342
2022-09-09,5154215.0876,472924.7066,337786.6574,1124753.5561,340112.4947,2803630.2017,38105.8828,36901.5883,5054215.0876,Profit,452924.7066,317786.6574,1109753.5561,325112.4947,2793630.2017,28105.8828,26901.5883,0.0247,-30.6693
2022-09-12,5215846.9025,489065.4501,339148.6576,1129195.19,346758.716,2835958.0883,38436.6102,37284.1903,5115846.9025,Profit,469065.4501,319148.6576,1114195.19,331758.716,2825958.0883,28436.6102,27284.1903,0.012,-29.8402
2022-09-13,4969402.5159,464974.9904,323711.1882,1032464.8395,325513.9418,2748721.7857,37676.2148,36339.5554,4869402.5159,Profit,444974.9904,303711.1882,1017464.8395,310513.9418,2738721.7857,27676.2148,26339.5554,-0.0472,-33.1552
2022-09-14,5098860.9822,471421.9353,325392.4365,1036637.9366,331363.8179,2859493.1498,37852.8569,36698.8492,4998860.9822,Profit,451421.9353,305392.4365,1021637.9366,316363.8179,2849493.1498,27852.8569,26698.8492,0.0261,-31.4138
2022-09-15,5083507.1293,463697.8333,317383.8125,1023568.7241,326353.0367,2877677.7044,38048.9865,36777.0318,4983507.1293,Profit,443697.8333,297383.8125,1008568.7241,311353.0367,2867677.7044,28048.9865,26777.0318,-0.003,-31.6204
2022-09-16,5120047.1453,461565.4794,318592.9753,1051590.4488,321301.7965,2892394.268,37755.2791,36846.898,5020047.1453,Profit,441565.4794,298592.9753,1036590.4488,306301.7965,2882394.268,27755.2791,26846.898,0.0072,-31.1289
2022-09-19,5205296.4195,473252.3723,318380.907,1066498.4751,324314.1486,2947599.0357,38140.2055,37111.2754,5105296.4195,Profit,453252.3723,298380.907,1051498.4751,309314.1486,2937599.0357,28140.2055,27111.2754,0.0167,-29.9822
2022-09-20,5205204.8642,482722.1217,317040.9326,1054577.3132,319251.8309,2956986.5235,37897.9366,36728.2058,5105204.8642,Profit,462722.1217,297040.9326,1039577.3132,304251.8309,2946986.5235,27897.9366,26728.2058,-0.0,-29.9834
2022-09-21,5130373.1445,474786.3005,313682.7898,1065514.9807,310922.1298,2892259.9477,37306.5702,35900.4258,5030373.1445,Profit,454786.3005,293682.7898,1050514.9807,295922.1298,2882259.9477,27306.5702,25900.4258,-0.0144,-30.99
2022-09-22,4983499.8655,474685.1289,318306.7456,1015531.9507,309602.2304,2792049.4419,37252.3462,36072.0218,4883499.8655,Profit,454685.1289,298306.7456,1000531.9507,294602.2304,2782049.4419,27252.3462,26072.0218,-0.0286,-32.9656
2022-09-23,4861495.7177,470629.9487,316360.5353,1018646.1494,302290.8006,2681546.4028,36732.246,35289.635,4761495.7177,Profit,450629.9487,296360.5353,1003646.1494,287290.8006,2671546.4028,26732.246,25289.635,-0.0245,-34.6067
2022-09-26,4900546.5076,476761.9216,319134.1086,1005915.4146,309222.1336,2717091.274,36890.236,35531.4192,4800546.5076,Profit,456761.9216,299134.1086,990915.4146,294222.1336,2707091.274,26890.236,25531.4192,0.008,-34.0814
2022-09-27,4986876.3817,480239.9221,317968.455,1021868.8314,307458.9459,2787342.1225,36659.2778,35338.827,4886876.3817,Profit,460239.9221,297968.455,1006868.8314,292458.9459,2777342.1225,26659.2778,25338.827,0.0176,-32.9202
2022-09-28,5048440.7387,471885.9325,322675.8279,1043427.4216,315608.4798,2821684.893,37285.4395,35872.7444,4948440.7387,Profit,451885.9325,302675.8279,1028427.4216,300608.4798,2811684.893,27285.4395,25872.7444,0.0123,-32.0921
2022-09-29,4793211.7303,450256.9941,318993.1535,1004597.0447,308079.9638,2638574.2092,37127.6148,35582.7502,4693211.7303,Profit,430256.9941,298993.1535,989597.0447,293079.9638,2628574.2092,27127.6148,25582.7502,-0.0506,-35.5252
2022-09-30,4732191.6371,436726.7712,312813.4396,997931.532,303249.4417,2609454.5654,36800.6232,35215.264,4632191.6371,Profit,416726.7712,292813.4396,982931.532,288249.4417,2599454.5654,26800.6232,25215.264,-0.0127,-36.346
2022-10-03,4556727.1223,448682.6361,322279.6039,1025224.1309,309957.3372,2376833.8871,37482.3582,36267.169,4456727.1223,Profit,428682.6361,302279.6039,1010224.1309,294957.3372,2366833.8871,27482.3582,26267.169,-0.0371,-38.7062
2022-10-04,4687666.1767,457216.8619,331033.2764,1071940.4132,321806.8452,2430109.6884,38536.1196,37022.9721,4587666.1767,Profit,437216.8619,311033.2764,1056940.4132,306806.8452,2420109.6884,28536.1196,27022.9721,0.0287,-36.9449
2022-10-05,4629825.8581,460408.2271,333092.3004,1080670.9518,323021.3556,2357613.7775,38299.2487,36719.9969,4529825.8581,Profit,440408.2271,313092.3004,1065670.9518,308021.3556,2347613.7775,28299.2487,26719.9969,-0.0123,-37.723
2022-10-06,4612197.6147,459982.8764,331759.1366,1080343.6407,323122.5274,2344706.5802,37057.8317,35225.0216,4512197.6147,Profit,439982.8764,311759.1366,1065343.6407,308122.5274,2334706.5802,27057.8317,25225.0216,-0.0038,-37.9601
2022-10-07,4324270.6495,442863.8121,314728.4524,993117.6207,307548.0397,2195300.1448,36004.5108,34708.0691,4224270.6495,Profit,422863.8121,294728.4524,978117.6207,292548.0397,2185300.1448,26004.5108,24708.0691,-0.0624,-41.8331
2022-10-10,4281176.8538,443902.9992,308024.7011,959728.5815,305158.7437,2194217.6011,35865.5123,34278.7148,4181176.8538,Profit,423902.9992,288024.7011,944728.5815,290158.7437,2184217.6011,25865.5123,24278.7148,-0.01,-42.4127
2022-10-11,4215141.7018,441365.8978,304255.903,957191.4398,302623.2727,2140432.0356,35122.5523,34150.6006,4115141.7018,Profit,421365.8978,284255.903,942191.4398,287623.2727,2130432.0356,25122.5523,24150.6006,-0.0154,-43.301
2022-10-12,4224024.0206,440200.5225,305312.6849,951966.4684,305080.9701,2151957.8041,35323.0734,34182.4972,4124024.0206,Profit,420200.5225,285312.6849,936966.4684,290080.9701,2141957.8041,25323.0734,24182.4972,0.0021,-43.1815
2022-10-13,4335808.1055,455128.6894,316886.0138,990319.4466,304169.2743,2196972.7649,36527.1595,35804.757,4235808.1055,Profit,435128.6894,296886.0138,975319.4466,289169.2743,2186972.7649,26527.1595,25804.757,0.0265,-41.6779
2022-10-14,4086033.7704,442049.5893,310321.2211,932989.9261,289997.8203,2038555.24,36279.3539,35840.6197,3986033.7704,Profit,422049.5893,290321.2211,917989.9261,274997.8203,2028555.24,26279.3539,25840.6197,-0.0576,-45.0377
2022-10-17,4289699.3934,450787.0077,319566.8126,978949.5265,305881.9065,2161524.2397,36841.9412,36147.9592,4189699.3934,Profit,430787.0077,299566.8126,963949.5265,290881.9065,2151524.2397,26841.9412,26147.9592,0.0498,-42.2981
2022-10-18,4325734.4381,455888.1934,321481.296,987310.9696,313382.7112,2173910.6632,37055.2545,36705.3503,4225734.4381,Profit,435888.1934,301481.296,972310.9696,298382.7112,2163910.6632,27055.2545,26705.3503,0.0084,-41.8134
2022-10-19,4351576.9238,457006.0672,319291.1797,995910.4517,310426.6277,2195840.8137,36813.1579,36288.6259,4251576.9238,Profit,437006.0672,299291.1797,980910.4517,295426.6277,2185840.8137,26813.1579,26288.6259,0.006,-41.4658
2022-10-20,4199811.8813,453859.4935,317688.2928,1004066.4548,309784.0069,2042434.9768,36176.0774,35802.5791,4099811.8813,Profit,433859.4935,297688.2928,989066.4548,294784.0069,2032434.9768,26176.0774,25802.5791,-0.0349,-43.5072
2022-10-21,4320837.0422,465592.5622,325339.8593,1025264.2943,320350.1077,2110523.5802,37094.7906,36671.8479,4220837.0422,Profit,445592.5622,305339.8593,1010264.2943,305350.1077,2100523.5802,27094.7906,26671.8479,0.0288,-41.8793
2022-10-24,4318329.6761,472801.0453,332451.1537,1036893.7459,321903.6373,2080492.0797,37155.9677,36632.0465,4218329.6761,Profit,452801.0453,312451.1537,1021893.7459,306903.6373,2070492.0797,27155.9677,26632.0465,-0.0006,-41.913
2022-10-25,4472110.2308,478988.1735,334973.6857,1084682.6146,322015.775,2177041.4287,37394.8207,37013.7325,4372110.2308,Profit,458988.1735,314973.6857,1069682.6146,307015.775,2167041.4287,27394.8207,27013.7325,0.0356,-39.8444
2022-10-26,4392275.0895,467079.5872,307472.8122,1049184.4837,307172.3638,2187050.558,37448.0163,36867.2683,4292275.0895,Profit,447079.5872,287472.8122,1034184.4837,292172.3638,2177050.558,27448.0163,26867.2683,-0.0179,-40.9183
2022-10-27,4381035.6853,452251.5454,300997.8246,1070540.1555,294298.9635,2188523.761,37524.836,36898.5993,4281035.6853,Profit,432251.5454,280997.8246,1055540.1555,279298.9635,2178523.761,27524.836,26898.5993,-0.0026,-41.0695
2022-10-28,4516842.3512,488859.707,314675.0283,1129664.5441,275650.8509,2233026.0796,37836.2389,37129.9024,4416842.3512,Profit,468859.707,294675.0283,1114664.5441,260650.8509,2223026.0796,27836.2389,27129.9024,0.031,-39.2427
2022-10-31,4475588.7371,482522.58,310459.2038,1104879.3696,273747.119,2229002.3261,38021.1834,36956.9552,4375588.7371,Profit,462522.58,290459.2038,1089879.3696,258747.119,2219002.3261,28021.1834,26956.9552,-0.0091,-39.7977
2022-11-01,4442047.7557,472845.9096,304383.2958,1105805.8306,257985.555,2226022.3884,37923.686,37081.0903,4342047.7557,Profit,452845.9096,284383.2958,1090805.8306,242985.555,2216022.3884,27923.686,27081.0903,-0.0075,-40.2488
2022-11-02,4253462.0015,455738.7717,293958.0091,1080617.7608,245826.6364,2103031.8429,37660.3056,36628.675,4153462.0015,Profit,435738.7717,273958.0091,1065617.7608,230826.6364,2093031.8429,27660.3056,26628.675,-0.0425,-42.7855
2022-11-03,4275141.5547,440223.1365,288643.6543,1106717.6431,240381.8784,2124649.2635,37798.5826,36727.3963,4175141.5547,Profit,420223.1365,268643.6543,1091717.6431,225381.8784,2114649.2635,27798.5826,26727.3963,0.0051,-42.4939
2022-11-04,4202098.5898,431954.3727,293232.7831,1147614.667,240771.6783,2012739.4315,38459.7285,37325.9288,4102098.5898,Profit,411954.3727,273232.7831,1132614.667,225771.6783,2002739.4315,28459.7285,27325.9288,-0.0171,-43.4764
2022-11-07,4115170.6008,432865.3513,301279.0636,1157306.6071,239155.4016,1908547.6538,38631.2612,37385.2622,4015170.6008,Profit,412865.3513,281279.0636,1142306.6071,224155.4016,1898547.6538,28631.2612,27385.2622,-0.0207,-44.6457
2022-11-08,4070027.1769,432994.7681,301433.5739,1177127.1222,236786.383,1845433.8622,38794.1606,37457.3067,3970027.1769,Profit,412994.7681,281433.5739,1162127.1222,221786.383,1835433.8622,28794.1606,27457.3067,-0.011,-45.253
2022-11-09,3850883.5938,419837.9809,296549.9146,1113777.6461,227338.9832,1718147.0612,38321.9664,36910.0414,3750883.5938,Profit,399837.9809,276549.9146,1098777.6461,212338.9832,1708147.0612,28321.9664,26910.0414,-0.0538,-48.2007
2022-11-10,4197769.5192,453741.3086,318518.3854,1263722.8942,253094.2769,1831215.1128,39567.4587,37910.0826,4097769.5192,Profit,433741.3086,298518.3854,1248722.8942,238094.2769,1821215.1128,29567.4587,27910.0826,0.0901,-43.5347
2022-11-11,4319787.9788,462480.0831,323932.4701,1310016.4096,263990.1912,1881623.4566,40010.769,37734.5992,4219787.9788,Profit,442480.0831,303932.4701,1295016.4096,248990.1912,1871623.4566,30010.769,27734.5992,0.0291,-41.8934
2022-11-14,4222181.1666,455013.1841,314512.2292,1298650.5119,256230.5511,1821089.1897,39581.4788,37104.0219,4122181.1666,Profit,435013.1841,294512.2292,1283650.5119,241230.5511,1811089.1897,29581.4788,27104.0219,-0.0226,-43.2063
2022-11-15,4292755.032,460482.5285,315109.0946,1328414.8743,257440.0082,1854461.6385,39703.5402,37143.3476,4192755.032,Profit,440482.5285,295109.0946,1313414.8743,242440.0082,1844461.6385,29703.5402,27143.3476,0.0167,-42.257
2022-11-16,4159343.2238,457362.3628,316181.3364,1270163.9357,253103.7099,1785740.671,39549.742,37241.466,4059343.2238,Profit,437362.3628,296181.3364,1255163.9357,238103.7099,1775740.671,29549.742,27241.466,-0.0311,-44.0516
2022-11-17,4117420.8168,464653.871,317042.3838,1255227.2127,247912.1174,1755042.1263,39927.0269,37616.0787,4017420.8168,Profit,444653.871,297042.3838,1240227.2127,232912.1174,1745042.1263,29927.0269,27616.0787,-0.0101,-44.6155
2022-11-18,4077422.9668,467640.2041,317267.9874,1236998.4671,246701.462,1731015.6526,39971.2215,37827.972,3977422.9668,Profit,447640.2041,297267.9874,1221998.4671,231701.462,1721015.6526,29971.2215,27827.972,-0.0097,-45.1535
2022-11-21,3957779.9946,459786.2113,319952.4357,1235768.6489,243511.7386,1620734.5237,40037.5728,37988.8635,3857779.9946,Profit,439786.2113,299952.4357,1220768.6489,228511.7386,1610734.5237,30037.5728,27988.8635,-0.0293,-46.7628
2022-11-22,4032850.2765,464592.1999,322546.0321,1288552.8549,244438.8348,1633601.084,40682.0372,38437.2336,3932850.2765,Profit,444592.1999,302546.0321,1273552.8549,229438.8348,1623601.084,30682.0372,28437.2336,0.019,-45.753
2022-11-23,4206764.7626,467209.1941,325801.6195,1326799.8111,246804.2608,1760851.9562,40702.1641,38595.7568,4106764.7626,Profit,447209.1941,305801.6195,1311799.8111,231804.2608,1750851.9562,30702.1641,28595.7568,0.0431,-43.4137
2022-11-25,4167640.2795,457536.597,325320.4623,1305340.8791,244642.132,1755615.3795,40660.6046,38524.2251,4067640.2795,Profit,437536.597,305320.4623,1290340.8791,229642.132,1745615.3795,30660.6046,28524.2251,-0.0093,-43.9399
2022-11-28,4136176.3996,448046.5541,319594.6263,1277018.4388,247454.343,1766169.0463,39975.7062,37917.6851,4036176.3996,Profit,428046.5541,299594.6263,1262018.4388,232454.343,1756169.0463,29975.7062,27917.6851,-0.0075,-44.3632
2022-11-29,4122911.4349,442645.6945,320656.1043,1273567.2032,245686.29,1762212.2699,40253.0669,37890.8061,4022911.4349,Profit,422645.6945,300656.1043,1258567.2032,230686.29,1752212.2699,30253.0669,27890.8061,-0.0032,-44.5416
2022-11-30,4393458.667,461763.6649,338662.5914,1371371.1608,255315.6875,1887595.5189,40603.0343,38147.0092,4293458.667,Profit,441763.6649,318662.5914,1356371.1608,240315.6875,1877595.5189,30603.0343,28147.0092,0.0656,-40.9024
2022-12-01,4384812.1624,460069.7378,336185.2146,1380845.6539,251162.9296,1877115.0877,40571.8353,38861.7036,4284812.1624,Profit,440069.7378,316185.2146,1365845.6539,236162.9296,1867115.0877,30571.8353,28861.7036,-0.002,-41.0187
2022-12-02,4372006.4601,459716.8771,337499.6685,1363518.1546,248204.8824,1883552.545,40425.9994,39088.3331,4272006.4601,Profit,439716.8771,317499.6685,1348518.1546,233204.8824,1873552.545,30425.9994,29088.3331,-0.0029,-41.191
2022-12-05,4230914.3231,458212.0341,332693.152,1348404.148,241118.3467,1771975.8188,40055.5489,38455.2746,4130914.3231,Profit,438212.0341,312693.152,1333404.148,226118.3467,1761975.8188,30055.5489,28455.2746,-0.0323,-43.0888
2022-12-06,4163578.7721,450449.417,328757.6756,1309053.8675,235827.6382,1761532.9097,39822.1219,38135.1423,4063578.7721,Profit,430449.417,308757.6756,1294053.8675,220827.6382,1751532.9097,29822.1219,28135.1423,-0.0159,-43.9946
2022-12-07,4108008.7158,443940.4162,327534.1425,1319073.599,236232.9422,1703787.3095,39705.4652,37734.8412,4008008.7158,Profit,423940.4162,307534.1425,1304073.599,221232.9422,1693787.3095,29705.4652,27734.8412,-0.0133,-44.7421
2022-12-08,4185073.1732,447419.2521,330185.2059,1398934.4577,240254.2267,1690693.6642,39540.7212,38045.6454,4085073.1732,Profit,427419.2521,310185.2059,1383934.4577,225254.2267,1680693.6642,29540.7212,28045.6454,0.0188,-43.7055
2022-12-09,4233236.7392,447459.0084,328701.6198,1390131.3367,237740.9361,1751548.2904,39388.935,38266.6129,4133236.7392,Profit,427459.0084,308701.6198,1375131.3367,222740.9361,1741548.2904,29388.935,28266.6129,0.0115,-43.0576
2022-12-12,4197162.8942,455732.8332,338891.5818,1436764.7106,242133.4091,1645063.8515,39901.8679,38674.6401,4097162.8942,Profit,435732.8332,318891.5818,1421764.7106,227133.4091,1635063.8515,29901.8679,28674.6401,-0.0085,-43.5428
2022-12-13,4152678.3951,455086.8379,342006.8205,1468721.2532,245311.0232,1564898.0378,39165.3998,37489.0227,4052678.3951,Profit,435086.8379,322006.8205,1453721.2532,230311.0232,1554898.0378,29165.3998,27489.0227,-0.0106,-44.1412
2022-12-14,4074422.5286,448480.6754,342759.8202,1437852.786,243148.4519,1526123.6005,39005.699,37051.4955,3974422.5286,Profit,428480.6754,322759.8202,1422852.786,228148.4519,1516123.6005,29005.699,27051.4955,-0.0188,-45.1938
2022-12-15,4005843.7877,429954.6641,333753.128,1387146.9338,236206.2372,1543531.0566,38538.5033,36713.2647,3905843.7877,Profit,409954.6641,313753.128,1372146.9338,221206.2372,1533531.0566,28538.5033,26713.2647,-0.0168,-46.1163
2022-12-16,3901257.9079,425154.6258,329093.3513,1360644.5764,235439.1168,1475763.8532,38531.1092,36631.2752,3801257.9079,Profit,405154.6258,309093.3513,1345644.5764,220439.1168,1465763.8532,28531.1092,26631.2752,-0.0261,-47.5231
2022-12-19,3841618.1168,417348.8221,322586.8367,1331306.0427,226995.4904,1468570.2689,38172.1658,36638.4901,3741618.1168,Profit,397348.8221,302586.8367,1316306.0427,211995.4904,1458570.2689,28172.1658,26638.4901,-0.0153,-48.3254
2022-12-20,3703986.7318,416150.1171,323640.1159,1314374.1145,227183.4889,1347131.9756,38435.5811,37071.3386,3603986.7318,Profit,396150.1171,303640.1159,1299374.1145,212183.4889,1337131.9756,28435.5811,27071.3386,-0.0358,-50.1767
2022-12-21,3751520.817,425782.4136,326943.3566,1347476.5463,231244.1163,1343994.8726,38779.2377,37300.2739,3651520.817,Profit,405782.4136,306943.3566,1332476.5463,216244.1163,1333994.8726,28779.2377,27300.2739,0.0128,-49.5373
2022-12-22,3521591.6137,416995.1497,319627.0962,1256632.5134,224024.1572,1228569.6445,38530.2299,37212.8228,3421591.6137,Profit,396995.1497,299627.0962,1241632.5134,209024.1572,1218569.6445,28530.2299,27212.8228,-0.0613,-52.6301
2022-12-23,3479677.3754,414218.166,319109.3861,1240910.1715,227043.0642,1202322.7047,38671.6401,37402.2428,3379677.3754,Profit,394218.166,299109.3861,1225910.1715,212043.0642,1192322.7047,28671.6401,27402.2428,-0.0119,-53.1939
2022-12-27,3240365.5561,408469.8775,316739.9471,1152351.9135,221157.2557,1065151.4988,38868.3381,37626.7253,3140365.5561,Profit,388469.8775,296739.9471,1137351.9135,206157.2557,1055151.4988,28868.3381,27626.7253,-0.0688,-56.413
2022-12-28,3239504.3401,394829.9494,312617.0949,1142210.611,217299.3499,1097322.2418,38306.1659,36918.9273,3139504.3401,Profit,374829.9494,292617.0949,1127210.611,202299.3499,1087322.2418,28306.1659,26918.9273,-0.0003,-56.4246
2022-12-29,3399578.8801,405771.6908,321066.0165,1187668.6185,223435.2402,1185315.9417,38810.413,37510.9595,3299578.8801,Profit,385771.6908,301066.0165,1172668.6185,208435.2402,1175315.9417,28810.413,27510.9595,0.0494,-54.2713
2022-12-30,3408604.6413,406386.799,319175.4475,1187424.1557,222743.6771,1197399.5181,38361.1069,37113.9369,3308604.6413,Profit,386386.799,299175.4475,1172424.1557,207743.6771,1187399.5181,28361.1069,27113.9369,0.0027,-54.1499
2023-01-03,3253681.6986,394479.6439,321537.2909,1172910.1395,229485.2476,1059655.5974,38539.9873,37073.792,3153681.6986,Profit,374479.6439,301537.2909,1157910.1395,214485.2476,1049655.5974,28539.9873,27073.792,-0.0455,-56.2339
2023-01-04,3296997.2431,394166.0773,304097.7502,1195207.7613,225166.5385,1101727.554,38987.5398,37644.022,3196997.2431,Profit,374166.0773,284097.7502,1180207.7613,210166.5385,1091727.554,28987.5398,27644.022,0.0133,-55.6512
2023-01-05,3218832.3764,391608.7247,296307.5057,1160766.1274,220735.6447,1074169.1984,38736.4714,36508.704,3118832.3764,Profit,371608.7247,276307.5057,1145766.1274,205735.6447,1064169.1984,28736.4714,26508.704,-0.0237,-56.7026
2023-01-06,3301577.3462,403678.2461,298073.2966,1202167.0856,227281.7514,1094319.33,39399.3697,36658.2668,3201577.3462,Profit,383678.2461,278073.2966,1187167.0856,212281.7514,1084319.33,29399.3697,26658.2668,0.0257,-55.5896
2023-01-09,3409117.5786,402023.8782,298521.0052,1254058.21,228779.9913,1149810.43,39553.4844,36370.5795,3309117.5786,Profit,382023.8782,278521.0052,1239058.21,213779.9913,1139810.43,29553.4844,26370.5795,0.0326,-54.143
2023-01-10,3445244.0429,405177.6176,301806.7384,1280910.1515,236145.0094,1144816.8069,40014.0385,36373.6807,3345244.0429,Profit,385177.6176,281806.7384,1265910.1515,221145.0094,1134816.8069,30014.0385,26373.6807,0.0106,-53.6571
2023-01-11,3527363.7561,413853.6535,311027.8461,1288690.6954,249935.701,1187264.3652,40013.8315,36577.6634,3427363.7561,Profit,393853.6535,291027.8461,1273690.6954,234935.701,1177264.3652,30013.8315,26577.6634,0.0238,-52.5525
2023-01-12,3564324.1269,412159.9445,313538.5498,1325107.5428,249532.1511,1186372.3749,40252.5746,37360.9893,3464324.1269,Profit,392159.9445,293538.5498,1310107.5428,234532.1511,1176372.3749,30252.5746,27360.9893,0.0105,-52.0553
2023-01-13,3604794.1981,417196.6646,315144.0964,1359092.3099,257534.7916,1177694.2836,40494.3254,37637.7265,3504794.1981,Profit,397196.6646,295144.0964,1344092.3099,242534.7916,1167694.2836,30494.3254,27637.7265,0.0114,-51.5109
2023-01-17,3752843.2543,420349.4467,316243.0702,1421972.7321,251800.7967,1263645.446,40768.6923,38063.0702,3652843.2543,Profit,400349.4467,296243.0702,1406972.7321,236800.7967,1253645.446,30768.6923,28063.0702,0.0411,-49.5195
2023-01-18,3703159.311,419623.6666,311405.8856,1400979.1918,251169.8682,1242130.7375,40347.049,37502.9123,3603159.311,Profit,399623.6666,291405.8856,1385979.1918,236169.8682,1232130.7375,30347.049,27502.9123,-0.0132,-50.1878
2023-01-19,3637543.7948,420840.5675,307031.9392,1354953.6129,247091.673,1229613.6613,40531.3494,37480.9915,3537543.7948,Profit,400840.5675,287031.9392,1339953.6129,232091.673,1219613.6613,30531.3494,27480.9915,-0.0177,-51.0704
2023-01-20,3799665.5392,427305.7551,316802.3061,1436303.3412,255536.9107,1285161.6186,40705.3995,37850.208,3699665.5392,Profit,407305.7551,296802.3061,1421303.3412,240536.9107,1275161.6186,30705.3995,27850.208,0.0446,-48.8897
2023-01-23,4010592.2447,436067.6599,318985.1833,1540820.1189,255501.7457,1380641.149,40615.3331,37961.0548,3910592.2447,Profit,416067.6599,298985.1833,1525820.1189,240501.7457,1370641.149,30615.3331,27961.0548,0.0555,-46.0524
2023-01-24,4014839.6585,440062.2225,317988.733,1545217.6271,252131.4578,1380746.5096,40675.5766,38017.532,3914839.6585,Profit,420062.2225,297988.733,1530217.6271,237131.4578,1370746.5096,30675.5766,28017.532,0.0011,-45.9953
2023-01-25,4029454.1418,438748.3757,316653.6865,1552531.2783,254820.2382,1388312.4371,40237.1884,38150.9376,3929454.1418,Profit,418748.3757,296653.6865,1537531.2783,239820.2382,1378312.4371,30237.1884,28150.9376,0.0036,-45.7987
2023-01-26,4229104.8343,443784.1855,325306.1469,1585802.1685,259314.6837,1535510.9017,40909.2687,38477.4792,4129104.8343,Profit,423784.1855,305306.1469,1570802.1685,244314.6837,1525510.9017,30909.2687,28477.4792,0.0495,-43.1132
2023-01-27,4445651.9793,448684.1308,324664.6516,1626597.3128,266506.9549,1699951.1236,40561.3591,38686.4465,4345651.9793,Profit,428684.1308,304664.6516,1611597.3128,251506.9549,1689951.1236,30561.3591,28686.4465,0.0512,-40.2003
2023-01-30,4234281.0826,441058.6241,318538.8381,1535340.779,262928.485,1597569.3582,40584.7028,38260.2954,4134281.0826,Profit,421058.6241,298538.8381,1520340.779,247928.485,1587569.3582,30584.7028,28260.2954,-0.0475,-43.0435
2023-01-31,4344146.2232,444835.4468,325085.1786,1564698.1037,269553.7867,1659706.268,41165.6978,39101.7415,4244146.2232,Profit,424835.4468,305085.1786,1549698.1037,254553.7867,1649706.268,31165.6978,29101.7415,0.0259,-41.5657
2023-02-01,4540531.5761,447369.7561,330846.3581,1673652.7332,274236.501,1734402.8792,41220.7394,38802.6092,4440531.5761,Profit,427369.7561,310846.3581,1658652.7332,259236.501,1724402.8792,31220.7394,28802.6092,0.0452,-38.9241
2023-02-02,4716483.4074,463640.4819,346122.8321,1733691.756,294276.0175,1798773.0234,41084.6139,38894.6826,4616483.4074,Profit,443640.4819,326122.8321,1718691.756,279276.0175,1788773.0234,31084.6139,28894.6826,0.0388,-36.5573
2023-02-03,4690378.2069,477772.1948,339951.5818,1695053.1911,271063.2862,1825882.5058,41586.607,39068.8403,4590378.2069,Profit,457772.1948,319951.5818,1680053.1911,256063.2862,1815882.5058,31586.607,29068.8403,-0.0055,-36.9085
2023-02-06,4739038.5712,470997.3073,339157.2999,1700621.1427,268911.2324,1878951.5909,41603.2627,38796.7352,4639038.5712,Profit,450997.3073,319157.2999,1685621.1427,253911.2324,1868951.5909,31603.2627,28796.7352,0.0104,-36.2539
2023-02-07,4867695.5314,479811.7465,353227.0402,1787119.4177,268587.0695,1897740.2389,41836.5752,39373.4434,4767695.5314,Profit,459811.7465,333227.0402,1772119.4177,253587.0695,1887740.2389,31836.5752,29373.4434,0.0271,-34.5233
2023-02-08,4896321.1197,471127.8645,351974.8355,1788893.1536,263050.9778,1940071.8217,41971.6186,39230.8481,4796321.1197,Profit,451127.8645,331974.8355,1773893.1536,248050.9778,1930071.8217,31971.6186,29230.8481,0.0059,-34.1383
2023-02-09,4951947.0921,467803.3096,347818.8172,1799267.092,258253.6667,1997892.5308,41811.6632,39100.0126,4851947.0921,Profit,447803.3096,327818.8172,1784267.092,243253.6667,1987892.5308,31811.6632,29100.0126,0.0114,-33.39
2023-02-10,4741539.5447,466686.1514,345454.407,1704610.4125,255355.3339,1888195.9448,41834.6686,39402.6265,4641539.5447,Profit,446686.1514,325454.407,1689610.4125,240355.3339,1878195.9448,31834.6686,29402.6265,-0.0425,-36.2203
2023-02-13,4780026.4459,474785.4206,355739.0422,1744049.3048,260034.0835,1863963.9822,41859.5927,39595.0198,4680026.4459,Profit,454785.4206,335739.0422,1729049.3048,245034.0835,1853963.9822,31859.5927,29595.0198,0.0081,-35.7026
2023-02-14,5014723.0986,472846.3671,356905.299,1839016.7858,260491.1003,2004176.5622,41849.7864,39437.1978,4914723.0986,Profit,452846.3671,336905.299,1824016.7858,245491.1003,1994176.5622,31849.7864,29437.1978,0.0491,-32.5456
2023-02-15,5078043.925,481796.0631,355804.0181,1831453.809,265612.8837,2062118.6799,41830.5198,39427.9514,4978043.925,Profit,461796.0631,335804.0181,1816453.809,250612.8837,2052118.6799,31830.5198,29427.9514,0.0126,-31.6939
2023-02-16,4886566.9613,477763.0981,347053.191,1773863.1361,258247.6698,1948750.5374,41731.6256,39157.7034,4786566.9613,Profit,457763.0981,327053.191,1758863.1361,243247.6698,1938750.5374,31731.6256,29157.7034,-0.0377,-34.2695
2023-02-17,4903486.405,475849.3334,342861.5028,1730507.9767,256661.5284,2016403.3514,41876.6153,39326.0971,4803486.405,Profit,455849.3334,322861.5028,1715507.9767,241661.5284,2006403.3514,31876.6153,29326.0971,0.0035,-34.0419
2023-02-21,4720707.4134,464149.2307,336421.1305,1674799.5229,250280.2882,1914614.1242,41575.7792,38867.3377,4620707.4134,Profit,444149.2307,316421.1305,1659799.5229,235280.2882,1904614.1242,31575.7792,28867.3377,-0.0373,-36.5005
2023-02-22,4773867.5321,466392.4888,335520.9903,1686069.9048,253969.8348,1952217.5021,41092.7856,38604.0258,4673867.5321,Profit,446392.4888,315520.9903,1671069.9048,238969.8348,1942217.5021,31092.7856,28604.0258,0.0113,-35.7854
2023-02-23,5030213.8824,468165.8723,340045.0594,1923482.5138,254180.6951,1964993.0489,41060.966,38285.7269,4930213.8824,Profit,448165.8723,320045.0594,1908482.5138,239180.6951,1954993.0489,31060.966,28285.7269,0.0537,-32.3372
2023-02-24,4953768.6259,462215.2148,334429.6791,1902941.3978,249362.7855,1924839.0058,41384.7863,38595.7568,4853768.6259,Profit,442215.2148,314429.6791,1887941.3978,234362.7855,1914839.0058,31384.7863,28595.7568,-0.0152,-33.3655
2023-02-27,5064115.1974,464355.0793,334482.0055,1913607.5268,249156.718,2022636.7193,41575.2936,38301.8549,4964115.1974,Profit,444355.0793,314482.0055,1898607.5268,234156.718,2012636.7193,31575.2936,28301.8549,0.0223,-31.8812
2023-02-28,5034017.0281,463977.3616,334381.0051,1895414.382,251069.8476,2009248.0358,41603.5712,38322.8248,4934017.0281,Profit,443977.3616,314381.0051,1880414.382,236069.8476,1999248.0358,31603.5712,28322.8248,-0.0059,-32.2861
2023-03-01,4946510.5705,457468.4125,330227.9622,1853517.7744,245635.2449,1980968.5275,40321.0579,38371.5912,4846510.5705,Profit,437468.4125,310227.9622,1838517.7744,230635.2449,1970968.5275,30321.0579,28371.5912,-0.0174,-33.4632
2023-03-02,4889731.0769,459420.2652,336769.155,1904112.3216,245564.7193,1865278.1755,41102.1068,37484.3335,4789731.0769,Profit,439420.2652,316769.155,1889112.3216,230564.7193,1855278.1755,31102.1068,27484.3335,-0.0115,-34.2269
2023-03-03,5032123.6253,475411.7583,342273.3346,1950575.6762,252873.6,1932032.3316,41241.7297,37715.1948,4932123.6253,Profit,455411.7583,322273.3346,1935575.6762,237873.6,1922032.3316,31241.7297,27715.1948,0.0291,-32.3116
2023-03-06,4975422.5365,484403.3294,344517.68,1923861.0949,249901.0471,1893850.7986,41326.6063,37561.9804,4875422.5365,Profit,464403.3294,324517.68,1908861.0949,234901.0471,1883850.7986,31326.6063,27561.9804,-0.0113,-33.0743
2023-03-07,4918172.2415,480954.9419,343422.9809,1916706.6567,251236.1237,1847985.1734,41032.9108,36833.454,4818172.2415,Profit,460954.9419,323422.9809,1901706.6567,236236.1237,1837985.1734,31032.9108,26833.454,-0.0115,-33.8443
2023-03-08,4964204.5538,487385.4695,344515.5276,2000061.9762,253480.1807,1800653.2641,41261.2416,36846.8942,4864204.5538,Profit,467385.4695,324515.5276,1985061.9762,238480.1807,1790653.2641,31261.2416,26846.8942,0.0094,-33.2251
2023-03-09,4799483.1918,480288.6297,342765.9816,1939151.4845,249063.3325,1711439.0111,40661.3848,36113.3676,4699483.1918,Profit,460288.6297,322765.9816,1924151.4845,234063.3325,1701439.0111,30661.3848,26113.3676,-0.0332,-35.4409
2023-03-10,4754198.9563,474207.1734,338115.2009,1902508.9052,245261.5053,1718701.7687,40029.3813,35375.0215,4654198.9563,Profit,454207.1734,318115.2009,1887508.9052,230261.5053,1708701.7687,30029.3813,25375.0215,-0.0094,-36.05
2023-03-13,4754869.1209,477815.5433,343439.909,1891981.2771,248463.5259,1719365.1669,39549.702,34253.9967,4654869.1209,Profit,457815.5433,323439.909,1876981.2771,233463.5259,1709365.1669,29549.702,24253.9967,0.0001,-36.041
2023-03-14,4936044.1945,482681.2907,351367.5569,1974703.2867,254064.904,1798914.2553,40023.2991,34289.6018,4836044.1945,Profit,462681.2907,331367.5569,1959703.2867,239064.904,1788914.2553,30023.2991,24289.6018,0.0381,-33.6039
2023-03-15,4967670.2231,487522.6762,360274.4653,2002933.9935,259501.8188,1784411.4487,39380.8236,33644.9971,4867670.2231,Profit,467522.6762,340274.4653,1987933.9935,244501.8188,1774411.4487,29380.8236,23644.9971,0.0064,-33.1785
2023-03-16,5134210.2198,495407.1102,373955.3174,2106272.1029,269194.3765,1816308.5772,39440.9768,33631.7587,5034210.2198,Profit,475407.1102,353955.3174,2091272.1029,254194.3765,1806308.5772,29440.9768,23631.7587,0.0335,-30.9384
2023-03-17,5103210.8361,492346.2365,378049.3752,2119894.2983,266067.6019,1775558.6657,38332.4348,32962.2239,5003210.8361,Profit,472346.2365,358049.3752,2104894.2983,251067.6019,1765558.6657,28332.4348,22962.2239,-0.006,-31.3553
2023-03-20,5121199.572,497786.3385,366702.5747,2124999.1395,261585.5456,1798421.5297,38770.5027,32933.9413,5021199.572,Profit,477786.3385,346702.5747,2109999.1395,246585.5456,1788421.5297,28770.5027,22933.9413,0.0035,-31.1134
2023-03-21,5314962.9226,504910.2996,369652.4304,2154558.6022,269979.6501,1943594.4165,39088.3234,33179.2004,5214962.9226,Profit,484910.2996,349652.4304,2139558.6022,254979.6501,1933594.4165,29088.3234,23179.2004,0.0378,-28.507
2023-03-22,5263579.6265,500530.6002,367802.4414,2177637.6404,264970.2472,1881165.655,38523.0047,32950.0375,5163579.6265,Profit,480530.6002,347802.4414,2162637.6404,249970.2472,1871165.655,28523.0047,22950.0375,-0.0097,-29.1982
2023-03-23,5327885.7095,502511.0923,373933.9198,2230432.9528,264204.7303,1886039.5274,38160.7163,32602.7706,5227885.7095,Profit,482511.0923,353933.9198,2215432.9528,249204.7303,1876039.5274,28160.7163,22602.7706,0.0122,-28.3332
2023-03-24,5318333.0829,510100.5053,380395.448,2211409.0429,264419.8548,1880852.7529,38222.6561,32932.8229,5218333.0829,Profit,490100.5053,360395.448,2196409.0429,249419.8548,1870852.7529,28222.6561,22932.8229,-0.0018,-28.4617
2023-03-27,5269670.7858,500864.0707,372508.8894,2178048.1001,262622.5672,1883530.9705,38558.2501,33537.9378,5169670.7858,Profit,480864.0707,352508.8894,2163048.1001,247622.5672,1873530.9705,28558.2501,23537.9378,-0.0091,-29.1162
2023-03-28,5207374.5789,496828.6396,369442.2987,2159235.1533,259413.4494,1850199.2305,38388.118,33867.6893,5107374.5789,Profit,476828.6396,349442.2987,2144235.1533,244413.4494,1840199.2305,28388.118,23867.6893,-0.0118,-29.9542
2023-03-29,5306229.4521,504800.6061,375145.6016,2198062.4084,266462.0497,1889107.945,38631.6901,34019.1511,5206229.4521,Profit,484800.6061,355145.6016,2183062.4084,251462.0497,1879107.945,28631.6901,24019.1511,0.019,-28.6245
2023-03-30,5350081.843,508177.4116,378677.2813,2223509.1694,270254.7944,1896722.4403,38709.0925,34031.6536,5250081.843,Profit,488177.4116,358677.2813,2208509.1694,255254.7944,1886722.4403,28709.0925,24031.6536,0.0083,-28.0346
2023-03-31,5517934.556,516131.5271,384343.3231,2255495.4894,273672.7227,2015024.7719,38965.93,34300.7917,5417934.556,Profit,496131.5271,364343.3231,2240495.4894,258672.7227,2005024.7719,28965.93,24300.7917,0.0314,-25.7768
2023-04-03,5373961.3909,516452.7568,380227.9757,2254821.0555,269436.3314,1878488.9088,39502.0277,35032.335,5273961.3909,Profit,496452.7568,360227.9757,2239821.0555,254436.3314,1868488.9088,29502.0277,25032.335,-0.0261,-27.7134
2023-04-04,5316591.2209,515120.1253,380418.165,2215022.0729,273671.1721,1858611.0782,39301.6346,34446.9727,5216591.2209,Profit,495120.1253,360418.165,2200022.0729,258671.1721,1848611.0782,29301.6346,24446.9727,-0.0107,-28.4851
2023-04-05,5188115.4526,509677.6793,376937.751,2170474.0769,266365.8606,1791805.7347,39270.0533,33584.2969,5088115.4526,Profit,489677.6793,356937.751,2155474.0769,251365.8606,1781805.7347,29270.0533,23584.2969,-0.0242,-30.2133
2023-04-06,5219401.3603,513284.4091,387162.9795,2186483.9266,269314.7686,1790152.1484,39315.0944,33688.0337,5119401.3603,Profit,493284.4091,367162.9795,2171483.9266,254314.7686,1780152.1484,29315.0944,23688.0337,0.006,-29.7924
2023-04-10,5266375.9799,506920.5925,385626.6315,2238415.9949,270585.1991,1791320.6527,39576.2009,33930.7083,5166375.9799,Profit,486920.5925,365626.6315,2223415.9949,255585.1991,1781320.6527,29576.2009,23930.7083,0.009,-29.1606
2023-04-11,5220629.9251,501437.4657,375659.5334,2197979.8002,263765.575,1807557.3723,39748.0369,34482.1415,5120629.9251,Profit,481437.4657,355659.5334,2182979.8002,248765.575,1797557.3723,29748.0369,24482.1415,-0.0087,-29.7759
2023-04-12,5084966.7726,497918.4278,375529.4898,2137731.9755,257558.9299,1742411.6942,39739.1296,34077.1258,4984966.7726,Profit,477918.4278,355529.4898,2122731.9755,242558.9299,1732411.6942,29739.1296,24077.1258,-0.026,-31.6007
2023-04-13,5138488.5994,511529.6556,381428.3753,2121175.8067,267826.2005,1782400.4117,39861.3835,34266.7662,5038488.5994,Profit,491529.6556,361428.3753,2106175.8067,252826.2005,1772400.4117,29861.3835,24266.7662,0.0105,-30.8808
2023-04-14,5149238.987,510566.0299,376644.2472,2145292.6709,268174.1141,1774169.586,39999.1439,34393.1951,5049238.987,Profit,490566.0299,356644.2472,2130292.6709,253174.1141,1764169.586,29999.1439,24393.1951,0.0021,-30.7362
2023-04-17,5206893.138,512001.3299,381170.3068,2170690.6233,269499.9497,1798566.0918,40252.2101,34712.6263,5106893.138,Profit,492001.3299,361170.3068,2155690.6233,254499.9497,1788566.0918,30252.2101,24712.6263,0.0112,-29.9607
2023-04-18,5232681.3346,515422.4576,380289.1132,2222321.6158,268125.4576,1770859.4635,40440.9666,35222.2602,5132681.3346,Profit,495422.4576,360289.1132,2207321.6158,253125.4576,1760859.4635,30440.9666,25222.2602,0.005,-29.6138
2023-04-19,5249638.132,521258.1658,382044.1664,2253251.1987,274551.7831,1742635.0255,40551.3751,35346.4173,5149638.132,Profit,501258.1658,362044.1664,2238251.1987,259551.7831,1732635.0255,30551.3751,25346.4173,0.0032,-29.3857
2023-04-20,5014446.1793,519138.9678,379619.976,2190441.5579,273749.7288,1575608.2526,40575.0713,35312.625,4914446.1793,Profit,499138.9678,359619.976,2175441.5579,258749.7288,1565608.2526,30575.0713,25312.625,-0.0448,-32.5493
2023-04-21,5064648.2481,516732.034,381129.0906,2203044.7782,283522.2431,1604105.7022,40761.4732,35352.9268,4964648.2481,Profit,496732.034,361129.0906,2188044.7782,268522.2431,1594105.7022,30761.4732,25352.9268,0.01,-31.8741
2023-04-24,5027726.5067,517821.9958,375888.6276,2197272.8874,281596.5774,1579871.3281,40252.4089,35022.6815,4927726.5067,Profit,497821.9958,355888.6276,2182272.8874,266596.5774,1569871.3281,30252.4089,25022.6815,-0.0073,-32.3707
2023-04-25,4949033.1566,515996.817,369614.0348,2144946.1486,273572.3908,1570939.5892,39660.0828,34304.0935,4849033.1566,Profit,495996.817,349614.0348,2129946.1486,258572.3908,1560939.5892,29660.0828,24304.0935,-0.0157,-33.4292
2023-04-26,4973832.6933,516040.6019,396446.5272,2203705.524,280041.3955,1503500.4748,39789.0404,34309.1297,4873832.6933,Profit,496040.6019,376446.5272,2188705.524,265041.3955,1493500.4748,29789.0404,24309.1297,0.005,-33.0956
2023-04-27,5095421.6389,530191.949,408752.6098,2223667.2417,292672.9152,1564981.7449,40366.1643,34789.0139,4995421.6389,Profit,510191.949,388752.6098,2208667.2417,277672.9152,1554981.7449,30366.1643,24789.0139,0.0244,-31.4601
2023-04-28,5161550.0234,532853.141,410980.908,2260713.0164,280324.8136,1601222.6847,40621.1977,34834.2619,5061550.0234,Profit,512853.141,390980.908,2245713.0164,265324.8136,1591222.6847,30621.1977,24834.2619,0.013,-30.5706
2023-05-01,5207962.3482,531320.82,407746.1688,2349744.7109,270647.0103,1573338.0272,40476.4952,34689.1158,5107962.3482,Profit,511320.82,387746.1688,2334744.7109,255647.0103,1563338.0272,30476.4952,24689.1158,0.009,-29.9463
2023-05-02,5162624.8041,530834.6406,409712.1327,2305054.1916,276298.153,1566844.4303,39583.9906,34297.2653,5062624.8041,Profit,510834.6406,389712.1327,2290054.1916,261298.153,1556844.4303,29583.9906,24297.2653,-0.0087,-30.5561
2023-05-03,5126753.8481,527322.3038,408296.1182,2271372.3615,276310.8907,1569546.0382,39475.6323,34430.5033,5026753.8481,Profit,507322.3038,388296.1182,2256372.3615,261310.8907,1559546.0382,29475.6323,24430.5033,-0.0069,-31.0387
2023-05-04,5091226.7397,520181.6298,408147.6564,2243485.1153,276225.8418,1569526.9757,39028.254,34631.2668,4991226.7397,Profit,500181.6298,388147.6564,2228485.1153,261225.8418,1559526.9757,29028.254,24631.2668,-0.0069,-31.5165
2023-05-05,5252030.3576,539009.1943,410894.8722,2310570.5132,277746.2445,1638826.9525,39615.3071,35367.2738,5152030.3576,Profit,519009.1943,390894.8722,2295570.5132,262746.2445,1628826.9525,29615.3071,25367.2738,0.0316,-29.3535
2023-05-08,5275114.3606,535862.5081,406030.7537,2335752.7596,276693.7324,1646497.9176,39508.5437,34768.1455,5175114.3606,Profit,515862.5081,386030.7537,2320752.7596,261693.7324,1636497.9176,29508.5437,24768.1455,0.0044,-29.043
2023-05-09,5210916.5994,531956.7096,404949.4721,2295457.2871,279510.6814,1625565.649,39034.1976,34442.6026,5110916.5994,Profit,511956.7096,384949.4721,2280457.2871,264510.6814,1615565.649,29034.1976,24442.6026,-0.0122,-29.9066
2023-05-10,5246470.9738,536874.6489,411491.6857,2318074.9558,288546.046,1617888.9709,38845.4192,34749.2473,5146470.9738,Profit,516874.6489,391491.6857,2303074.9558,273546.046,1607888.9709,28845.4192,24749.2473,0.0068,-29.4283
2023-05-11,5298481.2872,541579.2407,411710.233,2310938.1079,295997.3465,1664468.4209,39064.5224,34723.4159,5198481.2872,Profit,521579.2407,391710.233,2295938.1079,280997.3465,1654468.4209,29064.5224,24723.4159,0.0099,-28.7287
2023-05-12,5251977.0458,540926.0961,411930.8328,2301390.492,292161.7209,1631682.6035,39095.1991,34790.1014,5151977.0458,Profit,520926.0961,391930.8328,2286390.492,277161.7209,1621682.6035,29095.1991,24790.1014,-0.0088,-29.3542
2023-05-15,5270134.2166,537481.1742,411150.9252,2342992.0273,293629.2383,1610238.0947,39499.8015,35142.9555,5170134.2166,Profit,517481.1742,391150.9252,2327992.0273,278629.2383,1600238.0947,29499.8015,25142.9555,0.0035,-29.11
2023-05-16,5288010.2445,536245.7678,413228.4155,2358602.2237,298750.1876,1608178.734,38586.1318,34418.7841,5188010.2445,Profit,516245.7678,393228.4155,2343602.2237,283750.1876,1598178.734,28586.1318,24418.7841,0.0034,-28.8696
2023-05-17,5451618.9683,538457.9605,417350.9081,2437777.0018,304440.8906,1679938.7789,38800.8785,34852.55,5351618.9683,Profit,518457.9605,397350.9081,2422777.0018,289440.8906,1669938.7789,28800.8785,24852.55,0.0309,-26.6688
2023-05-18,5637379.9475,547321.3536,424520.92,2565982.834,312281.7814,1713913.8355,38553.6983,34805.5248,5537379.9475,Profit,527321.3536,404520.92,2550982.834,297281.7814,1703913.8355,28553.6983,24805.5248,0.0341,-24.1701
2023-05-19,5631415.285,547785.1513,424376.5491,2533008.2168,307328.1792,1745791.4421,38318.2008,34807.5457,5531415.285,Profit,527785.1513,404376.5491,2518008.2168,292328.1792,1735791.4421,28318.2008,24807.5457,-0.0011,-24.2503
2023-05-22,5706498.0432,544781.6454,428163.5188,2525882.5954,304050.0119,1830396.5231,38301.9298,34921.8187,5606498.0432,Profit,524781.6454,408163.5188,2510882.5954,289050.0119,1820396.5231,28301.9298,24921.8187,0.0133,-23.2404
2023-05-23,5620865.017,536571.2397,420301.0775,2486539.2189,304019.6516,1800486.8116,37971.1862,34975.8316,5520865.017,Profit,516571.2397,400301.0775,2471539.2189,289019.6516,1790486.8116,27971.1862,24975.8316,-0.015,-24.3922
2023-05-24,5614988.4573,540540.5064,420839.1245,2488670.7037,310455.7937,1782909.7739,37274.0035,34298.5516,5514988.4573,Profit,520540.5064,400839.1245,2473670.7037,295455.7937,1772909.7739,27274.0035,24298.5516,-0.001,-24.4713
2023-05-25,6270776.9053,546003.6847,438502.6019,3105645.1968,306837.9828,1804304.3944,36579.1633,32903.8815,6170776.9053,Profit,526003.6847,418502.6019,3090645.1968,291837.9828,1794304.3944,26579.1633,22903.8815,0.1168,-15.6501
2023-05-26,6463984.7918,553497.1255,447716.3976,3183461.7417,320354.6832,1888706.0462,37103.3535,33145.444,6363984.7918,Profit,533497.1255,427716.3976,3168461.7417,305354.6832,1878706.0462,27103.3535,23145.444,0.0308,-13.0512
2023-05-30,6632674.8104,558377.514,444640.2926,3272659.9134,323893.3286,1963218.3195,37088.5168,32796.9254,6532674.8104,Profit,538377.514,424640.2926,3257659.9134,308893.3286,1953218.3195,27088.5168,22796.9254,0.0261,-10.7821
2023-05-31,6468829.2207,558423.2441,441014.5869,3088024.8465,321136.1018,1990983.9153,36667.7796,32578.7464,6368829.2207,Profit,538423.2441,421014.5869,3073024.8465,306136.1018,1980983.9153,26667.7796,22578.7464,-0.0247,-12.986
2023-06-01,6623712.8067,562325.9899,442670.4276,3217157.8602,324060.2273,2008011.5925,36707.1442,32779.5649,6523712.8067,Profit,542325.9899,422670.4276,3202157.8602,309060.2273,1998011.5925,26707.1442,22779.5649,0.0239,-10.9027
2023-06-02,6638990.9466,563041.9506,444865.5996,3170235.5376,326823.4588,2063205.5227,37408.8676,33410.0097,6538990.9466,Profit,543041.9506,424865.5996,3155235.5376,311823.4588,2053205.5227,27408.8676,23410.0097,0.0023,-10.6971
2023-06-05,6659240.0841,558735.2973,445548.9783,3157434.1415,329560.8154,2098148.0373,37013.5277,32799.2866,6559240.0841,Profit,538735.2973,425548.9783,3142434.1415,314560.8154,2088148.0373,27013.5277,22799.2866,0.0031,-10.4248
2023-06-06,6645682.2118,556959.063,442060.0618,3112266.6437,332634.5186,2131440.0661,37303.68,33018.1786,6545682.2118,Profit,536959.063,422060.0618,3097266.6437,317634.5186,2121440.0661,27303.68,23018.1786,-0.002,-10.6071
2023-06-07,6529318.8771,550871.5109,427040.8632,3007977.8791,317479.3767,2155906.5564,37079.3769,32963.3139,6429318.8771,Profit,530871.5109,407040.8632,2992977.8791,302479.3767,2145906.5564,27079.3769,22963.3139,-0.0175,-12.1724
2023-06-08,6721681.2821,558633.3842,428945.0544,3086891.6247,324950.3359,2251658.0146,37158.2496,33444.6187,6621681.2821,Profit,538633.3842,408945.0544,3071891.6247,309950.3359,2241658.0146,27158.2496,23444.6187,0.0295,-9.5849
2023-06-09,6826634.5566,559133.8457,430413.8318,3103787.2317,322394.9771,2340138.2749,37307.8888,33458.5065,6726634.5566,Profit,539133.8457,410413.8318,3088787.2317,307394.9771,2330138.2749,27307.8888,23458.5065,0.0156,-8.1731
2023-06-12,6972088.8098,568940.7799,437897.8272,3166704.2753,331216.063,2396613.3763,37353.642,33362.8462,6872088.8098,Profit,548940.7799,417897.8272,3151704.2753,316216.063,2386613.3763,27353.642,23362.8462,0.0213,-6.2166
2023-06-13,7153623.9019,565076.7791,439270.8958,3276444.9438,330062.8861,2471400.9292,37598.101,33769.367,7053623.9019,Profit,545076.7791,419270.8958,3261444.9438,315062.8861,2461400.9292,27598.101,23769.367,0.026,-3.7747
2023-06-14,7291293.8808,566493.5337,442844.6316,3430834.5274,329115.7063,2450663.6566,37605.4412,33736.3841,7191293.8808,Profit,546493.5337,422844.6316,3415834.5274,314115.7063,2440663.6566,27605.4412,23736.3841,0.0192,-1.9228
2023-06-15,7254112.3801,570900.8378,455423.4027,3391879.5777,329792.1391,2433905.1368,38017.1144,34194.1716,7154112.3801,Profit,550900.8378,435423.4027,3376879.5777,314792.1391,2423905.1368,28017.1144,24194.1716,-0.0051,-2.423
2023-06-16,7256731.477,565242.4585,446050.0749,3381132.4013,324262.2538,2467939.2612,37949.6693,34155.3579,7156731.477,Profit,545242.4585,426050.0749,3366132.4013,309262.2538,2457939.2612,27949.6693,24155.3579,0.0004,-2.3878
2023-06-20,7495929.9277,567360.5608,441909.2978,3480822.1802,326070.5152,2608170.3582,37638.5302,33958.4852,7395929.9277,Profit,547360.5608,421909.2978,3465822.1802,311070.5152,2598170.3582,27638.5302,23958.4852,0.033,0.0
2023-06-21,7249531.1502,561667.7116,434128.8663,3405219.6683,322190.237,2454915.7941,37604.7155,33804.1575,7149531.1502,Profit,541667.7116,414128.8663,3390219.6683,307190.237,2444915.7941,27604.7155,23804.1575,-0.0329,-3.2871
2023-06-22,7314192.3555,569954.2042,441361.5578,3397698.5359,335335.2555,2499275.1798,37273.4914,33294.1309,7214192.3555,Profit,549954.2042,421361.5578,3382698.5359,320335.2555,2489275.1798,27273.4914,23294.1309,0.0089,-2.4245
2023-06-23,7185275.1922,570667.7458,436556.7112,3343131.4087,334210.0152,2430802.1684,36882.9549,33024.188,7085275.1922,Profit,550667.7458,416556.7112,3328131.4087,319210.0152,2420802.1684,26882.9549,23024.188,-0.0176,-4.1443
2023-06-26,6871286.3956,564300.2736,426635.087,3206529.3131,327845.08,2275190.9301,37236.1153,33549.5965,6771286.3956,Profit,544300.2736,406635.087,3191529.3131,312845.08,2265190.9301,27236.1153,23549.5965,-0.0437,-8.3331
2023-06-27,7090512.5673,573840.4342,435178.6628,3310721.4213,333215.3947,2365959.0357,37724.7772,33872.8414,6990512.5673,Profit,553840.4342,415178.6628,3295721.4213,318215.3947,2355959.0357,27724.7772,23872.8414,0.0319,-5.4085
2023-06-28,7134687.2679,580932.2435,439461.3238,3270218.9479,334850.1319,2437506.7447,37647.5345,34070.3416,7034687.2679,Profit,560932.2435,419461.3238,3255218.9479,319850.1319,2427506.7447,27647.5345,24070.3416,0.0062,-4.8192
2023-06-29,7121388.8301,582017.9466,438448.6265,3246990.6625,331916.9494,2449677.4231,37838.0479,34499.1742,7021388.8301,Profit,562017.9466,418448.6265,3231990.6625,316916.9494,2439677.4231,27838.0479,24499.1742,-0.0019,-4.9966
2023-06-30,7299061.4356,594788.912,445130.271,3360908.3905,337918.128,2487481.1151,38094.3676,34740.2514,7199061.4356,Profit,574788.912,425130.271,3345908.3905,322918.128,2477481.1151,28094.3676,24740.2514,0.0249,-2.6263
2023-07-03,7471772.2562,590160.1561,441796.5809,3369731.3831,337555.2211,2659002.0462,38349.633,35177.2357,7371772.2562,Profit,570160.1561,421796.5809,3354731.3831,322555.2211,2649002.0462,28349.633,25177.2357,0.0237,-0.3223
2023-07-05,7504961.8373,588161.7803,443107.1906,3370480.5606,338812.3441,2690969.238,38261.2882,35169.4355,7404961.8373,Profit,568161.7803,423107.1906,3355480.5606,323812.3441,2680969.238,28261.2882,25169.4355,0.0044,0.0
2023-07-06,7471962.3757,592966.6121,449722.448,3372376.8281,335447.8866,2649269.2012,37765.7593,34413.6404,7371962.3757,Profit,572966.6121,429722.448,3357376.8281,320447.8866,2639269.2012,27765.7593,24413.6404,-0.0044,-0.4397
2023-07-07,7448085.3953,587045.6451,442553.4239,3390402.8953,337761.3317,2618222.3423,37850.4159,34249.3409,7348085.3953,Profit,567045.6451,422553.4239,3375402.8953,322761.3317,2608222.3423,27850.4159,24249.3409,-0.0032,-0.7579
2023-07-10,7351005.0738,580277.3016,435184.8022,3362348.0313,330640.5142,2570495.2017,37748.7556,34310.4672,7251005.0738,Profit,560277.3016,415184.8022,3347348.0313,315640.5142,2560495.2017,27748.7556,24310.4672,-0.013,-2.0514
2023-07-11,7361432.1995,577604.8565,435236.8839,3374184.7839,334326.7284,2567564.1691,37980.1465,34534.6311,7261432.1995,Profit,557604.8565,415236.8839,3359184.7839,319326.7284,2557564.1691,27980.1465,24534.6311,0.0014,-1.9125
2023-07-12,7477907.2711,579633.005,439032.7147,3474323.9252,337727.0419,2574446.1359,38012.2909,34732.1576,7377907.2711,Profit,559633.005,419032.7147,3459323.9252,322727.0419,2564446.1359,28012.2909,24732.1576,0.0158,-0.3605
2023-07-13,7682738.624,579336.9163,444110.4335,3621985.3194,345186.4459,2618418.4292,38432.5677,35268.5119,7582738.624,Profit,559336.9163,424110.4335,3606985.3194,330186.4459,2608418.4292,28432.5677,25268.5119,0.0274,0.0
2023-07-14,7712312.2892,582218.7554,449329.8805,3596986.1199,347613.4032,2662314.8314,38466.4985,35382.8005,7612312.2892,Profit,562218.7554,429329.8805,3581986.1199,332613.4032,2652314.8314,28466.4985,25382.8005,0.0038,0.0
2023-07-17,7886790.4923,592469.8414,450103.6816,3676564.8739,344827.2433,2748303.1857,38871.453,35650.2134,7786790.4923,Profit,572469.8414,430103.6816,3661564.8739,329827.2433,2738303.1857,28871.453,25650.2134,0.0226,0.0
2023-07-18,8014208.8261,591812.3537,468123.686,3759161.1101,343020.5365,2776949.7262,39114.7302,36026.6833,7914208.8261,Profit,571812.3537,448123.686,3744161.1101,328020.5365,2766949.7262,29114.7302,26026.6833,0.0162,0.0
2023-07-19,7955039.4833,595099.0153,461680.1426,3720514.2003,349023.9863,2753078.2431,39226.0202,36417.8755,7855039.4833,Profit,575099.0153,441680.1426,3705514.2003,334023.9863,2743078.2431,29226.0202,26417.8755,-0.0074,-0.7383
2023-07-20,7533809.3244,589130.3638,451040.105,3597736.6782,335125.6012,2485199.5714,39284.5469,36292.4579,7433809.3244,Profit,569130.3638,431040.105,3582736.6782,320125.6012,2475199.5714,29284.5469,26292.4579,-0.053,-5.9943
2023-07-21,7426468.1107,587324.8942,448400.9808,3512913.3214,336272.282,2465626.2959,39446.6366,36483.6999,7326468.1107,Profit,567324.8942,428400.9808,3497913.3214,321272.282,2455626.2959,29446.6366,26483.6999,-0.0142,-7.3337
2023-07-24,7515144.1891,588019.2123,448785.2466,3526230.5386,332159.5464,2543623.2973,39791.4702,36534.8777,7415144.1891,Profit,568019.2123,428785.2466,3511230.5386,317159.5464,2533623.2973,29791.4702,26534.8777,0.0119,-6.2272
2023-07-25,7580708.1984,591215.242,456835.3463,3613872.6016,333313.9567,2510172.9047,39204.1719,36093.9751,7480708.1984,Profit,571215.242,436835.3463,3598872.6016,318313.9567,2500172.9047,29204.1719,26093.9751,0.0087,-5.4092
2023-07-26,7557672.9121,595518.9131,440840.0533,3605732.3277,331687.5874,2508203.1219,39263.4322,36427.4765,7457672.9121,Profit,575518.9131,420840.0533,3590732.3277,316687.5874,2498203.1219,29263.4322,26427.4765,-0.003,-5.6966
2023-07-27,7487331.5116,590744.8159,431020.6699,3636023.4377,331469.3362,2422738.1468,39099.6293,36235.4759,7387331.5116,Profit,570744.8159,411020.6699,3621023.4377,316469.3362,2412738.1468,29099.6293,26235.4759,-0.0093,-6.5743
2023-07-28,7702737.9542,600135.9068,442025.2228,3712060.7235,342506.6051,2530328.1751,39271.1694,36410.1515,7602737.9542,Profit,580135.9068,422025.2228,3697060.7235,327506.6051,2520328.1751,29271.1694,26410.1515,0.0288,-3.8865
2023-07-31,7681668.8661,599533.5486,437000.3697,3694969.9424,344875.3359,2529173.3934,39350.0774,36766.1986,7581668.8661,Profit,579533.5486,417000.3697,3679969.9424,329875.3359,2519173.3934,29350.0774,26766.1986,-0.0027,-4.1494
2023-08-01,7661538.4554,602113.2994,441333.2747,3709230.7908,342680.6716,2490385.3985,39081.9216,36713.0989,7561538.4554,Profit,582113.2994,421333.2747,3694230.7908,327680.6716,2480385.3985,29081.9216,26713.0989,-0.0026,-4.4006
2023-08-02,7410099.6136,594770.1483,431155.2209,3542431.2999,334729.5656,2432017.5826,38668.9888,36326.8075,7310099.6136,Profit,574770.1483,411155.2209,3527431.2999,319729.5656,2422017.5826,28668.9888,26326.8075,-0.0328,-7.538
2023-08-03,7484691.3237,591120.084,430567.1087,3566375.2031,336960.9377,2484858.9583,38449.9365,36359.0955,7384691.3237,Profit,571120.084,410567.1087,3551375.2031,321960.9377,2474858.9583,28449.9365,26359.0955,0.0101,-6.6072
2023-08-04,7448982.9441,562910.5324,432168.6822,3580672.8529,364934.6698,2433268.8825,38549.9658,36477.3583,7348982.9441,Profit,542910.5324,412168.6822,3565672.8529,349934.6698,2423268.8825,28549.9658,26477.3583,-0.0048,-7.0528
2023-08-07,7485556.8619,553196.5881,435244.5495,3639707.0689,371863.6437,2410168.8352,38763.1936,36612.9829,7385556.8619,Profit,533196.5881,415244.5495,3624707.0689,356863.6437,2400168.8352,28763.1936,26612.9829,0.0049,-6.5964
2023-08-08,7454875.9822,560338.5785,433141.5966,3606459.9526,368669.3232,2411495.4953,38513.1672,36257.8688,7354875.9822,Profit,540338.5785,413141.5966,3591459.9526,353669.3232,2401495.4953,28513.1672,26257.8688,-0.0041,-6.9793
2023-08-09,7182907.3758,554290.0061,427271.5655,3429712.352,362488.5335,2334621.5525,38429.4751,36093.8909,7082907.3758,Profit,534290.0061,407271.5655,3414712.352,347488.5335,2324621.5525,28429.4751,26093.8909,-0.0365,-10.3728
2023-08-10,7190402.6546,552699.3528,427498.4525,3410731.3071,363758.7252,2361112.5298,38374.6064,36227.6808,7090402.6546,Profit,532699.3528,407498.4525,3395731.3071,348758.7252,2351112.5298,28374.6064,26227.6808,0.001,-10.2793
2023-08-11,7056345.8718,554286.8784,426034.0856,3295707.0729,364286.2851,2341145.6236,38407.1147,36478.8113,6956345.8718,Profit,534286.8784,406034.0856,3280707.0729,349286.2851,2331145.6236,28407.1147,26478.8113,-0.0186,-11.9521
2023-08-14,7286482.0537,560243.5824,430631.1406,3534219.6443,370466.6539,2316359.6354,38227.4008,36333.9962,7186482.0537,Profit,540243.5824,410631.1406,3519219.6443,355466.6539,2306359.6354,28227.4008,26333.9962,0.0326,-9.0805
2023-08-15,7228588.6376,554832.0634,428399.8152,3554852.674,363389.8469,2254174.9258,37324.4806,35614.8318,7128588.6376,Profit,534832.0634,408399.8152,3539852.674,348389.8469,2244174.9258,27324.4806,25614.8318,-0.0079,-9.8028
2023-08-16,7128554.3578,553554.1461,428502.7861,3527524.7144,357478.9681,2188786.8538,37122.7976,35584.0916,7028554.3578,Profit,533554.1461,408502.7861,3512524.7144,342478.9681,2178786.8538,27122.7976,25584.0916,-0.0138,-11.0511
2023-08-17,7042163.0235,545739.9566,423982.9718,3517520.6521,354751.5398,2127831.6758,36862.2375,35473.9899,6942163.0235,Profit,525739.9566,403982.9718,3502520.6521,339751.5398,2117831.6758,26862.2375,25473.9899,-0.0121,-12.129
2023-08-18,7015473.485,548408.854,424323.4327,3521182.7907,353469.5248,2095957.385,36624.2035,35507.2944,6915473.485,Profit,528408.854,404323.4327,3506182.7907,338469.5248,2085957.385,26624.2035,25507.2944,-0.0038,-12.4621
2023-08-21,7477540.8452,552280.4476,431278.2101,3816942.8146,357105.994,2248044.4352,36542.7638,35346.1799,7377540.8452,Profit,532280.4476,411278.2101,3801942.8146,342105.994,2238044.4352,26542.7638,25346.1799,0.0659,-6.6965
2023-08-22,7396836.5531,556899.4966,432247.3881,3713028.1284,356123.5474,2267613.8421,36032.4262,34891.7242,7296836.5531,Profit,536899.4966,412247.3881,3698028.1284,341123.5474,2257613.8421,26032.4262,24891.7242,-0.0108,-7.7035
2023-08-23,7574217.5539,569239.4167,438431.2719,3831601.8755,359572.0612,2303812.085,36277.1901,35283.6535,7474217.5539,Profit,549239.4167,418431.2719,3816601.8755,344572.0612,2293812.085,26277.1901,25283.6535,0.024,-5.4901
2023-08-24,7484178.0212,554883.5842,429416.8222,3839104.9973,350143.5625,2239623.8887,36904.5215,34100.6448,7384178.0212,Profit,534883.5842,409416.8222,3824104.9973,335143.5625,2229623.8887,26904.5215,24100.6448,-0.0119,-6.6136
2023-08-25,7510930.9445,563596.8119,434765.6774,3757213.4527,354984.5317,2329885.8187,36470.9274,34013.7248,7410930.9445,Profit,543596.8119,414765.6774,3742213.4527,339984.5317,2319885.8187,26470.9274,24013.7248,0.0036,-6.2798
2023-08-28,7580929.5308,568159.1054,435412.9806,3821114.0506,354404.2018,2330417.7746,36730.8259,34690.5917,7480929.5308,Profit,548159.1054,415412.9806,3806114.0506,339404.2018,2320417.7746,26730.8259,24690.5917,0.0093,-5.4064
2023-08-29,7941711.9744,580427.643,441651.5819,3979238.7754,359036.5093,2509021.848,37025.7409,35309.8758,7841711.9744,Profit,560427.643,421651.5819,3964238.7754,344036.5093,2499021.848,27025.7409,25309.8758,0.0476,-0.9046
2023-08-30,7956421.5115,589024.9054,440275.3862,4001255.193,357928.5274,2495596.1017,37039.0061,35302.3918,7856421.5115,Profit,569024.9054,420275.3862,3986255.193,342928.5274,2485596.1017,27039.0061,25302.3918,0.0019,-0.7211
2023-08-31,7979359.917,589549.2925,438766.8108,4007456.8148,365611.2946,2506318.0295,36726.4223,34931.2526,7879359.917,Profit,569549.2925,418766.8108,3992456.8148,350611.2946,2496318.0295,26726.4223,24931.2526,0.0029,-0.4348
2023-09-01,7818652.7385,596689.9501,441565.566,3953029.3291,367227.7513,2388006.5542,36949.421,35184.1667,7718652.7385,Profit,576689.9501,421565.566,3938029.3291,352227.7513,2378006.5542,26949.421,25184.1667,-0.0201,-2.4401
2023-09-05,7965553.5602,599516.0473,449686.5953,3969893.0575,366230.9498,2508549.2255,36711.9476,34965.7372,7865553.5602,Profit,579516.0473,429686.5953,3954893.0575,351230.9498,2498549.2255,26711.9476,24965.7372,0.0188,-0.6071
2023-09-06,7786907.1178,579194.3577,449672.0782,3856251.9111,361850.684,2468735.0347,36566.6856,34636.3665,7686907.1178,Profit,559194.3577,429672.0782,3841251.9111,346850.684,2458735.0347,26566.6856,24636.3665,-0.0224,-2.8362
2023-09-07,7711527.2153,563080.048,446312.8127,3794593.2625,369046.8474,2468131.1351,36208.3212,34154.7884,7611527.2153,Profit,543080.048,426312.8127,3779593.2625,354046.8474,2458131.1351,26208.3212,24154.7884,-0.0097,-3.7768
2023-09-08,7612861.2736,563311.2301,450820.9954,3728228.2253,368927.5087,2431296.3868,36175.1321,34101.7953,7512861.2736,Profit,543311.2301,430820.9954,3713228.2253,353927.5087,2421296.3868,26175.1321,24101.7953,-0.0128,-5.0079
2023-09-11,7819220.1859,564919.2978,454064.9941,3682155.9391,380496.3865,2666662.346,36268.9036,34652.3188,7719220.1859,Profit,544919.2978,434064.9941,3667155.9391,365496.3865,2656662.346,26268.9036,24652.3188,0.0271,-2.433
2023-09-12,7700317.8993,554427.7078,445086.5809,3651405.0205,374943.4769,2603172.4432,36523.2758,34759.3942,7600317.8993,Profit,534427.7078,425086.5809,3636405.0205,359943.4769,2593172.4432,26523.2758,24759.3942,-0.0152,-3.9167
2023-09-13,7791676.6156,547490.8387,450543.2461,3698997.6947,384298.7736,2638597.0541,36731.7206,35017.2878,7691676.6156,Profit,527490.8387,430543.2461,3683997.6947,369298.7736,2628597.0541,26731.7206,25017.2878,0.0119,-2.7767
2023-09-14,7833863.0535,550827.848,452876.1362,3696959.9846,382933.8495,2677564.8796,37175.6295,35524.726,7733863.0535,Profit,530827.848,432876.1362,3681959.9846,367933.8495,2667564.8796,27175.6295,25524.726,0.0054,-2.2503
2023-09-15,7662720.6614,548984.7948,441896.9001,3563498.5031,371778.8766,2663726.2894,37287.3807,35547.9166,7562720.6614,Profit,528984.7948,421896.9001,3548498.5031,356778.8766,2653726.2894,27287.3807,25547.9166,-0.0218,-4.3858
2023-09-18,7566633.7709,556826.3168,439205.2388,3559623.1199,369733.9114,2568624.2913,37142.1259,35478.7667,7466633.7709,Profit,536826.3168,419205.2388,3544623.1199,354733.9114,2558624.2913,27142.1259,25478.7667,-0.0125,-5.5848
2023-09-19,7502312.4774,557567.768,436544.712,3506547.984,361775.2951,2568004.5589,36825.6594,35046.5,7402312.4774,Profit,537567.768,416544.712,3491547.984,346775.2951,2558004.5589,26825.6594,25046.5,-0.0085,-6.3874
2023-09-20,7332008.6269,546303.4501,425982.0878,3402567.2593,355544.8896,2529762.2498,36849.78,34998.9104,7232008.6269,Profit,526303.4501,405982.0878,3387567.2593,340544.8896,2519762.2498,26849.78,24998.9104,-0.0227,-8.5124
2023-09-21,7177393.8484,543988.1923,426326.0214,3319640.2899,341477.1017,2474946.5123,36388.9621,34626.7688,7077393.8484,Profit,523988.1923,406326.0214,3304640.2899,326477.1017,2464946.5123,26388.9621,24626.7688,-0.0211,-10.4416
2023-09-22,7107606.7588,545786.0105,422274.0747,3362125.4813,340366.4728,2366352.0348,36155.1919,34547.4928,7007606.7588,Profit,525786.0105,402274.0747,3347125.4813,325366.4728,2356352.0348,26155.1919,24547.4928,-0.0097,-11.3124
2023-09-25,7192067.3619,550093.4006,423199.9721,3413359.8221,346213.88,2387982.5035,36316.023,34901.7606,7092067.3619,Profit,530093.4006,403199.9721,3398359.8221,331213.88,2377982.5035,26316.023,24901.7606,0.0119,-10.2585
2023-09-26,7123974.4146,538741.4423,417178.0574,3397774.0601,333199.2072,2366892.3019,35783.6151,34405.7306,7023974.4146,Profit,518741.4423,397178.0574,3382774.0601,318199.2072,2356892.3019,25783.6151,24405.7306,-0.0095,-11.1082
2023-09-27,7132832.3315,534186.0634,418231.2897,3444468.5496,333347.1971,2332829.8564,35359.8009,34409.5744,7032832.3315,Profit,514186.0634,398231.2897,3429468.5496,318347.1971,2322829.8564,25359.8009,24409.5744,0.0012,-10.9977
2023-09-28,7231187.0765,534123.8105,418685.1945,3489141.5987,332804.5675,2385975.091,35777.8157,34678.9986,7131187.0765,Profit,514123.8105,398685.1945,3474141.5987,317804.5675,2375975.091,25777.8157,24678.9986,0.0138,-9.7704
2023-09-29,7323157.9513,536832.6636,422345.1969,3529394.0261,336488.1152,2428010.9753,35613.182,34473.7922,7223157.9513,Profit,516832.6636,402345.1969,3514394.0261,321488.1152,2418010.9753,25613.182,24473.7922,0.0127,-8.6228
2023-10-02,7460989.4884,544788.6539,430437.7463,3633491.2189,342682.1224,2441401.8119,34537.9441,33649.9909,7360989.4884,Profit,524788.6539,410437.7463,3618491.2189,327682.1224,2431401.8119,24537.9441,23649.9909,0.0188,-6.903
2023-10-03,7382635.5148,548196.6609,425111.4482,3580736.1899,334799.1808,2426000.2469,34084.1359,33707.6521,7282635.5148,Profit,528196.6609,405111.4482,3565736.1899,319799.1808,2416000.2469,24084.1359,23707.6521,-0.0105,-7.8807
2023-10-04,7605165.6287,553487.4563,433669.4183,3632301.7442,341715.2975,2575966.0837,34407.9475,33617.6813,7505165.6287,Profit,533487.4563,413669.4183,3617301.7442,326715.2975,2565966.0837,24407.9475,23617.6813,0.0301,-5.104
2023-10-05,7644177.3088,557070.6031,433905.2472,3682984.9032,338670.3883,2563151.1199,34726.2849,33668.7622,7544177.3088,Profit,537070.6031,413905.2472,3667984.9032,323670.3883,2553151.1199,24726.2849,23668.7622,0.0051,-4.6172
2023-10-06,7733814.0406,563229.1342,443019.2081,3757767.5763,342795.1842,2558532.8688,34657.5588,33812.5102,7633814.0406,Profit,543229.1342,423019.2081,3742767.5763,327795.1842,2548532.8688,24657.5588,23812.5102,0.0117,-3.4987
2023-10-09,7694218.3617,567983.8694,446483.5729,3717614.5669,343598.8616,2550087.2454,34649.3148,33800.9306,7594218.3617,Profit,547983.8694,426483.5729,3702614.5669,328598.8616,2540087.2454,24649.3148,23800.9306,-0.0051,-3.9928
2023-10-10,7724232.9158,562280.2904,441560.8079,3735438.9163,344534.9287,2571471.4231,34838.0529,34108.4965,7624232.9158,Profit,542280.2904,421560.8079,3720438.9163,329534.9287,2561471.4231,24838.0529,24108.4965,0.0039,-3.6183
2023-10-11,7823858.0794,567222.8145,447374.3037,3821031.6225,351097.7965,2567591.1336,35073.7065,34466.702,7723858.0794,Profit,547222.8145,427374.3037,3806031.6225,336097.7965,2557591.1336,25073.7065,24466.702,0.0129,-2.3752
2023-10-12,7827492.4539,572358.4773,447446.5935,3847588.3716,353828.4709,2537400.1856,34723.3561,34146.9988,7727492.4539,Profit,552358.4773,427446.5935,3832588.3716,338828.4709,2527400.1856,24723.3561,24146.9988,0.0005,-2.3298
2023-10-13,7614433.3124,566628.3119,442941.3602,3727055.9207,347138.5759,2462156.9197,34511.2975,34000.9265,7514433.3124,Profit,546628.3119,422941.3602,3712055.9207,332138.5759,2452156.9197,24511.2975,24000.9265,-0.0272,-4.9883
2023-10-16,7684891.5835,564486.8096,448194.3178,3767401.5225,353430.5655,2481955.9165,35024.7013,34397.7502,7584891.5835,Profit,544486.8096,428194.3178,3752401.5225,338430.5655,2471955.9165,25024.7013,24397.7502,0.0093,-4.1092
2023-10-17,7524363.1798,560674.5924,448333.4112,3598489.9982,351271.5752,2496167.7257,34813.0424,34612.8348,7424363.1798,Profit,540674.5924,428333.4112,3583489.9982,336271.5752,2486167.7257,24813.0424,24612.8348,-0.0209,-6.1122
2023-10-18,7265467.7778,558071.1742,446941.1103,3465448.2818,343300.7732,2383585.4307,34176.1605,33944.847,7165467.7778,Profit,538071.1742,426941.1103,3450448.2818,328300.7732,2373585.4307,24176.1605,23944.847,-0.0344,-9.3427
2023-10-19,7052156.5101,558091.0359,449564.6567,3465223.0302,344778.3519,2166643.8074,34056.895,33798.7328,6952156.5101,Profit,538091.0359,429564.6567,3450223.0302,329778.3519,2156643.8074,24056.895,23798.7328,-0.0294,-12.0043
2023-10-20,6879141.2579,549080.0537,442607.5661,3401499.0554,335615.0615,2083671.9512,33404.8953,33262.6747,6779141.2579,Profit,529080.0537,422607.5661,3386499.0554,320615.0615,2073671.9512,23404.8953,23262.6747,-0.0245,-14.1632
2023-10-23,7017328.3545,549382.1936,446132.9107,3531487.929,339292.4752,2084252.1447,33540.2664,33240.435,6917328.3545,Profit,529382.1936,426132.9107,3516487.929,324292.4752,2074252.1447,23540.2664,23240.435,0.0201,-12.4389
2023-10-24,7144479.0224,552311.4896,449015.3097,3597994.7089,345610.704,2133792.1828,33252.7934,32501.8341,7044479.0224,Profit,532311.4896,429015.3097,3582994.7089,330610.704,2123792.1828,23252.7934,22501.8341,0.0181,-10.8523
2023-10-25,6960988.4438,546883.3069,464510.0084,3455517.102,327547.5163,2101162.2244,32844.8716,32523.4142,6860988.4438,Profit,526883.3069,444510.0084,3440517.102,312547.5163,2091162.2244,22844.8716,22523.4142,-0.0257,-13.1419
2023-10-26,6760543.0146,535092.103,448478.4082,3345759.6837,323643.2271,2041634.6386,33193.0683,32741.8856,6660543.0146,Profit,515092.103,428478.4082,3330759.6837,308643.2271,2031634.6386,23193.0683,22741.8856,-0.0288,-15.643
2023-10-27,6833773.0416,540599.6317,452147.4464,3367962.4501,346557.4844,2061676.18,32639.5655,32190.2835,6733773.0416,Profit,520599.6317,432147.4464,3352962.4501,331557.4844,2051676.18,22639.5655,22190.2835,0.0108,-14.7293
2023-10-30,6809671.8223,546310.4891,461630.9703,3417014.6365,359417.4675,1959419.5984,33199.7744,32678.8861,6709671.8223,Profit,526310.4891,441630.9703,3402014.6365,344417.4675,1949419.5984,23199.7744,22678.8861,-0.0035,-15.03
2023-10-31,6835062.9422,549347.4045,463996.3243,3394682.0743,361436.785,1999447.1012,33378.7268,32774.5261,6735062.9422,Profit,529347.4045,443996.3243,3379682.0743,346436.785,1989447.1012,23378.7268,22774.5261,0.0037,-14.7132
2023-11-01,7045745.0928,559806.3499,475057.0808,3524307.4355,372162.5876,2048022.6597,33563.9044,32825.0748,6945745.0928,Profit,539806.3499,455057.0808,3509307.4355,357162.5876,2038022.6597,23563.9044,22825.0748,0.0308,-12.0843
2023-11-02,7241284.0377,567394.9792,474800.5394,3597323.8771,372447.1531,2160774.4287,34682.3527,33860.7075,7141284.0377,Profit,547394.9792,454800.5394,3582323.8771,357447.1531,2150774.4287,24682.3527,23860.7075,0.0278,-9.6444
2023-11-03,7334458.7365,560564.4273,477591.7968,3695607.6949,371298.9413,2160115.4947,34987.3167,34293.0648,7234458.7365,Profit,540564.4273,457591.7968,3680607.6949,356298.9413,2150115.4947,24987.3167,24293.0648,0.0129,-8.4818
2023-11-06,7401538.8597,568460.213,482395.8884,3754941.9661,374161.4024,2152237.7416,34973.5376,34368.1106,7301538.8597,Profit,548460.213,462395.8884,3739941.9661,359161.4024,2142237.7416,24973.5376,24368.1106,0.0091,-7.6448
2023-11-07,7513631.685,580223.3429,490803.8275,3794849.1919,384460.7366,2194195.5529,34869.1721,34229.8609,7413631.685,Profit,560223.3429,470803.8275,3779849.1919,369460.7366,2184195.5529,24869.1721,24229.8609,0.0151,-6.2461
2023-11-08,7589677.8573,585195.5858,495768.385,3856308.8244,383792.75,2199402.4809,34946.3084,34263.5229,7489677.8573,Profit,565195.5858,475768.385,3841308.8244,368792.75,2189402.4809,24946.3084,24263.5229,0.0101,-5.2972
2023-11-09,7483259.8908,582990.7465,491771.7221,3882936.595,379354.4711,2076876.1461,34943.1456,34387.0643,7383259.8908,Profit,562990.7465,471771.7221,3867936.595,364354.4711,2066876.1461,24943.1456,24387.0643,-0.014,-6.6251
2023-11-10,7699376.1421,598164.4997,505404.5935,4008504.9669,388408.9424,2128920.4994,35239.3199,34733.3203,7599376.1421,Profit,578164.4997,485404.5935,3993504.9669,373408.9424,2118920.4994,25239.3199,24733.3203,0.0289,-3.9284
2023-11-13,7801295.5153,593035.0219,501316.4504,4032132.7255,385784.5577,2218778.4996,35251.8087,34996.4516,7701295.5153,Profit,573035.0219,481316.4504,4017132.7255,370784.5577,2208778.4996,25251.8087,24996.4516,0.0132,-2.6567
2023-11-14,7992100.4086,597412.6025,502782.3464,4090044.9462,391786.1063,2338639.5787,35979.5204,35455.3079,7892100.4086,Profit,577412.6025,482782.3464,4075044.9462,376786.1063,2328639.5787,25979.5204,25455.3079,0.0245,-0.2759
2023-11-15,7948678.513,597045.8938,501154.2226,4012110.1323,383397.7031,2383414.0404,36091.5018,35465.019,7848678.513,Profit,577045.8938,481154.2226,3997110.1323,368397.7031,2373414.0404,26091.5018,25465.019,-0.0054,-0.8177
2023-11-16,7962667.4997,605750.0811,512763.3494,4082974.7372,384504.3771,2305201.4231,36040.9148,35432.6171,7862667.4997,Profit,585750.0811,492763.3494,4067974.7372,369504.3771,2295201.4231,26040.9148,25432.6171,0.0018,-0.6431
2023-11-17,7937052.5923,604452.1613,503119.2347,4059675.3704,390034.8027,2307499.6178,36376.7609,35894.6444,7837052.5923,Profit,584452.1613,483119.2347,4044675.3704,375034.8027,2297499.6178,26376.7609,25894.6444,-0.0032,-0.9627
2023-11-20,8062217.7174,610241.8297,513594.3179,4152368.5432,392701.475,2320979.0205,36317.0711,36015.46,7962217.7174,Profit,590241.8297,493594.3179,4137368.5432,377701.475,2310979.0205,26317.0711,26015.46,0.0158,0.0
2023-11-21,8047645.9029,606416.1328,506613.1241,4105674.714,385919.8431,2371299.4443,36082.0538,35640.5908,7947645.9029,Profit,586416.1328,486613.1241,4090674.714,370919.8431,2361299.4443,26082.0538,25640.5908,-0.0018,-0.1807
2023-11-22,7907975.1484,609660.8912,514041.2734,4012022.4811,394173.9634,2306781.3503,35920.5352,35374.6538,7807975.1484,Profit,589660.8912,494041.2734,3997022.4811,379173.9634,2296781.3503,25920.5352,25374.6538,-0.0174,-1.9132
2023-11-24,7781540.8182,600979.8272,509726.6958,3905948.9942,391381.6187,2302095.7633,35962.4695,35445.4496,7681540.8182,Profit,580979.8272,489726.6958,3890948.9942,376381.6187,2292095.7633,25962.4695,25445.4496,-0.016,-3.4814
2023-11-27,7835716.0114,600936.5467,511771.7481,3947518.9511,394369.204,2310288.8013,35636.7938,35193.9666,7735716.0114,Profit,580936.5467,491771.7481,3932518.9511,379369.204,2300288.8013,25636.7938,25193.9666,0.007,-2.8094
2023-11-28,7879453.4679,600481.2802,515252.0192,3897575.9043,390946.0776,2404850.2596,35356.5556,34991.3713,7779453.4679,Profit,580481.2802,495252.0192,3882575.9043,375946.0776,2394850.2596,25356.5556,24991.3713,0.0056,-2.2669
2023-11-29,7875806.0264,597633.1486,510405.7758,3926168.9227,389316.0451,2381279.2693,35752.5362,35250.3287,7775806.0264,Profit,577633.1486,490405.7758,3911168.9227,374316.0451,2371279.2693,25752.5362,25250.3287,-0.0005,-2.3122
2023-11-30,7722306.293,599107.372,510186.7081,3812197.3432,388475.2626,2340300.5933,36987.5951,35051.4186,7622306.293,Profit,579107.372,490186.7081,3797197.3432,373475.2626,2330300.5933,26987.5951,25051.4186,-0.0195,-4.2161
2023-12-01,7667893.8938,599842.9856,501478.2128,3790740.8727,388815.895,2315259.7015,37064.107,34692.1193,7567893.8938,Profit,579842.9856,481478.2128,3775740.8727,373815.895,2305259.7015,27064.107,24692.1193,-0.007,-4.891
2023-12-04,7534913.7714,595668.9565,495532.0826,3698300.3274,383988.668,2289502.3293,37124.7716,34796.6359,7434913.7714,Profit,575668.9565,475532.0826,3683300.3274,368988.668,2279502.3293,27124.7716,24796.6359,-0.0173,-6.5404
2023-12-05,7695449.1109,609916.0693,501471.4741,3795059.1345,390489.7206,2326529.3104,37318.9488,34664.4532,7595449.1109,Profit,589916.0693,481471.4741,3780059.1345,375489.7206,2316529.3104,27318.9488,24664.4532,0.0213,-4.5492
2023-12-06,7597645.8745,606226.3003,496280.1245,3707068.7481,384074.038,2332005.1159,37247.9594,34743.5882,7497645.8745,Profit,586226.3003,476280.1245,3692068.7481,369074.038,2322005.1159,27247.9594,24743.5882,-0.0127,-5.7623
2023-12-07,7746429.969,613404.4218,500019.0525,3802538.6626,391007.3445,2367867.6763,37446.2432,34146.568,7646429.969,Profit,593404.4218,480019.0525,3787538.6626,376007.3445,2357867.6763,27446.2432,24146.568,0.0196,-3.9169
2023-12-08,7838084.5777,617547.9626,504105.5276,3874231.091,392185.1081,2378003.1307,37732.5521,34279.2057,7738084.5777,Profit,597547.9626,484105.5276,3859231.091,377185.1081,2368003.1307,27732.5521,24279.2057,0.0118,-2.78
2023-12-11,7700683.1326,608757.2214,499497.8027,3797513.3678,387600.6758,2334921.4928,37797.03,34595.542,7600683.1326,Profit,588757.2214,479497.8027,3782513.3678,372600.6758,2324921.4928,27797.03,24595.542,-0.0175,-4.4843
2023-12-12,7787378.721,614892.2094,504717.3535,3889695.3421,392662.3455,2313266.0189,37832.7414,34312.7103,7687378.721,Profit,594892.2094,484717.3535,3874695.3421,377662.3455,2303266.0189,27832.7414,24312.7103,0.0113,-3.409
2023-12-13,7838816.8348,623406.8784,503293.4657,3913907.3619,395175.9728,2328993.0891,38928.0798,35111.9872,7738816.8348,Profit,603406.8784,483293.4657,3898907.3619,380175.9728,2318993.0891,28928.0798,25111.9872,0.0066,-2.771
2023-12-14,7878526.0345,617348.1933,486796.1362,3894022.9694,387307.3274,2417866.4706,39458.3031,35726.6345,7778526.0345,Profit,597348.1933,466796.1362,3879022.9694,372307.3274,2407866.4706,29458.3031,25726.6345,0.0051,-2.2784
2023-12-15,7932624.5082,613782.6393,491674.2174,3925479.2999,392802.9464,2434002.8895,39559.3985,35323.1171,7832624.5082,Profit,593782.6393,471674.2174,3910479.2999,377802.9464,2424002.8895,29559.3985,25323.1171,0.0069,-1.6074
2023-12-18,8027804.2102,608975.1537,494553.4074,4023493.9204,403813.1892,2421996.9267,39868.3083,35103.3044,7927804.2102,Profit,588975.1537,474553.4074,4008493.9204,388813.1892,2411996.9267,29868.3083,25103.3044,0.012,-0.4268
2023-12-19,8018002.5562,610272.1373,493771.1837,3972693.8132,401784.5975,2463444.0408,40210.571,35826.2127,7918002.5562,Profit,590272.1373,473771.1837,3957693.8132,386784.5975,2453444.0408,30210.571,25826.2127,-0.0012,-0.5484
2023-12-20,7778861.8863,603143.4178,489803.0555,3849358.6855,397034.4568,2364600.1072,39745.708,35176.4554,7678861.8863,Profit,583143.4178,469803.0555,3834358.6855,382034.4568,2354600.1072,29745.708,25176.4554,-0.0298,-3.5146
2023-12-21,7916904.9838,601779.4323,492920.9958,3913810.8856,400921.2801,2431366.364,40171.2781,35934.7479,7816904.9838,Profit,581779.4323,472920.9958,3898810.8856,385921.2801,2421366.364,30171.2781,25934.7479,0.0177,-1.8024
2023-12-22,7851395.8627,596051.7095,492326.2108,3885492.2275,398234.7435,2403035.1587,40250.966,36004.8468,7751395.8627,Profit,576051.7095,472326.2108,3870492.2275,383234.7435,2393035.1587,30250.966,26004.8468,-0.0083,-2.6149
2023-12-26,7925042.6201,594362.5618,492429.4954,3921230.1984,398208.7863,2441763.0952,40718.2574,36330.2256,7825042.6201,Profit,574362.5618,472429.4954,3906230.1984,383208.7863,2431763.0952,30718.2574,26330.2256,0.0094,-1.7015
2023-12-27,7949310.1853,592296.3792,489689.4258,3916486.9484,396435.9385,2477777.8974,40416.2534,36207.3426,7849310.1853,Profit,572296.3792,469689.4258,3901486.9484,381435.9385,2467777.8974,30416.2534,26207.3426,0.0031,-1.4005
2023-12-28,7886217.0491,593921.6479,491532.4973,3926891.5046,396749.5585,2400766.3472,40330.2158,36025.2777,7786217.0491,Profit,573921.6479,471532.4973,3911891.5046,381749.5585,2390766.3472,30330.2158,26025.2777,-0.0079,-2.183
2023-12-29,7844027.2615,591329.8065,493050.6778,3931052.5947,393441.1621,2358695.5676,40293.2654,36164.1875,7744027.2615,Profit,571329.8065,473050.6778,3916052.5947,378441.1621,2348695.5676,30293.2654,26164.1875,-0.0053,-2.7063
2024-01-02,7754783.1847,574045.4053,489579.1009,3849584.1171,390878.2283,2374172.543,40310.7215,36213.0685,7654783.1847,Profit,554045.4053,469579.1009,3834584.1171,375878.2283,2364172.543,30310.7215,26213.0685,-0.0114,-3.8133
2024-01-03,7625440.633,571460.8563,490694.9179,3813134.4305,388234.6312,2285733.9101,40238.6847,35943.2022,7525440.633,Profit,551460.8563,470694.9179,3798134.4305,373234.6312,2275733.9101,30238.6847,25943.2022,-0.0167,-5.4176
2024-01-04,7633068.167,564115.4364,487098.9945,3846948.698,377979.9007,2280407.7625,40297.0249,36220.3499,7533068.167,Profit,544115.4364,467098.9945,3831948.698,362979.9007,2270407.7625,30297.0249,26220.3499,0.001,-5.323
2024-01-05,7712541.3474,561558.6797,486591.7155,3932969.6943,379532.5727,2274997.4916,40509.1055,36382.0881,7612541.3474,Profit,541558.6797,466591.7155,3917969.6943,364532.5727,2264997.4916,30509.1055,26382.0881,0.0104,-4.3372
2024-01-08,8042164.7731,576211.6685,496703.7577,4193616.2919,390349.0844,2307666.7018,40810.5664,36806.7023,7942164.7731,Profit,556211.6685,476703.7577,4178616.2919,375349.0844,2297666.7018,30810.5664,26806.7023,0.0427,-0.2487
2024-01-09,8076361.4182,575729.6187,498868.6711,4270867.4266,396855.1081,2258181.6694,40739.4649,35119.4594,7976361.4182,Profit,555729.6187,478868.6711,4255867.4266,381855.1081,2248181.6694,30739.4649,25119.4594,0.0043,0.0
2024-01-10,8176464.3578,578601.8542,507794.3444,4365182.9869,402771.5686,2246867.4115,40575.0201,34671.1722,8076464.3578,Profit,558601.8542,487794.3444,4350182.9869,387771.5686,2236867.4115,30575.0201,24671.1722,0.0124,0.0
2024-01-11,8169705.9125,577897.2732,511292.4775,4411970.7109,407390.8702,2186728.5767,40212.5481,34213.4558,8069705.9125,Profit,557897.2732,491292.4775,4396970.7109,392390.8702,2176728.5767,30212.5481,24213.4558,-0.0008,-0.0827
2024-01-12,8071379.5793,577976.2438,515549.1036,4395730.6867,405254.724,2103105.789,39747.3242,34015.708,7971379.5793,Profit,557976.2438,495549.1036,4380730.6867,390254.724,2093105.789,29747.3242,24015.708,-0.012,-1.2852
2024-01-16,8265494.7025,574952.3553,521652.6186,4562569.3205,404306.8001,2128057.9354,39947.0614,34008.6111,8165494.7025,Profit,554952.3553,501652.6186,4547569.3205,389306.8001,2118057.9354,29947.0614,24008.6111,0.024,0.0
2024-01-17,8211842.9302,573629.8976,522087.8415,4549058.6703,401637.5356,2091899.8702,39708.2174,33820.8977,8111842.9302,Profit,553629.8976,502087.8415,4534058.6703,386637.5356,2081899.8702,29708.2174,23820.8977,-0.0065,-0.6491
2024-01-18,8281125.1816,591569.3485,527321.8315,4628770.7021,405865.4866,2053697.5593,39939.0121,33961.2416,8181125.1816,Profit,571569.3485,507321.8315,4613770.7021,390865.4866,2043697.5593,29939.0121,23961.2416,0.0084,0.0
2024-01-19,8471941.1196,598848.9913,532049.5722,4806649.0631,409422.8157,2050153.7561,40399.8788,34417.0424,8371941.1196,Profit,578848.9913,512049.5722,4791649.0631,394422.8157,2040153.7561,30399.8788,24417.0424,0.023,0.0
2024-01-22,8450102.3233,605772.6035,528851.0673,4816958.3437,407704.4196,2016201.1209,40104.3203,34510.4479,8350102.3233,Profit,585772.6035,508851.0673,4801958.3437,392704.4196,2006201.1209,30104.3203,24510.4479,-0.0026,-0.2578
2024-01-23,8496777.2186,610888.4233,532988.8491,4843271.5906,411703.8036,2023086.6763,40305.7876,34532.088,8396777.2186,Profit,590888.4233,512988.8491,4828271.5906,396703.8036,2013086.6763,30305.7876,24532.088,0.0055,0.0
2024-01-24,8612951.1409,609031.1373,538118.8195,4965931.6841,414131.0506,2011309.5497,39738.7988,34690.1009,8512951.1409,Profit,589031.1373,518118.8195,4950931.6841,399131.0506,2001309.5497,29738.7988,24690.1009,0.0137,0.0
2024-01-25,8401958.7393,608537.6584,541688.5333,4990995.8416,416824.8391,1769005.2544,39928.6585,34977.954,8301958.7393,Profit,588537.6584,521688.5333,4975995.8416,401824.8391,1759005.2544,29928.6585,24977.954,-0.0245,-2.4497
2024-01-26,8328478.0632,600956.0987,538547.5074,4926316.4688,418980.6029,1768829.2492,40048.9013,34799.2348,8228478.0632,Profit,580956.0987,518547.5074,4911316.4688,403980.6029,1758829.2492,30048.9013,24799.2348,-0.0087,-3.3029
2024-01-29,8525525.4072,598486.0133,545985.4826,5039450.7392,424394.4543,1842001.5775,40084.7476,35122.3926,8425525.4072,Profit,578486.0133,525985.4826,5024450.7392,409394.4543,1832001.5775,30084.7476,25122.3926,0.0237,-1.015
2024-01-30,8522075.4542,585872.9938,543466.5042,5054951.7318,417668.4762,1844931.268,40127.4098,35057.0705,8422075.4542,Profit,565872.9938,523466.5042,5039951.7318,402668.4762,1834931.268,30127.4098,25057.0705,-0.0004,-1.0551
2024-01-31,8330589.0715,573677.1926,528031.5147,4947145.7531,407078.746,1800835.6569,39393.6125,34426.5956,8230589.0715,Profit,553677.1926,508031.5147,4932145.7531,392078.746,1790835.6569,29393.6125,24426.5956,-0.0225,-3.2783
2024-02-01,8497462.0189,581641.374,536547.4067,5070404.9965,417998.593,1816880.395,39652.4335,34336.8203,8397462.0189,Profit,561641.374,516547.4067,5055404.9965,402998.593,1806880.395,29652.4335,24336.8203,0.02,-1.3409
2024-02-02,8812277.1542,580657.4266,548472.3847,5342302.1044,452562.969,1814484.4475,39492.3191,34305.5029,8712277.1542,Profit,560657.4266,528472.3847,5327302.1044,437562.969,1804484.4475,29492.3191,24305.5029,0.037,0.0
2024-02-05,9044402.7116,589555.9233,543978.4784,5628812.1063,451045.9553,1757826.2283,39299.1023,33884.9178,8944402.7116,Profit,569555.9233,523978.4784,5613812.1063,436045.9553,1747826.2283,29299.1023,23884.9178,0.0263,0.0
2024-02-06,8981990.05,593720.5107,542919.4982,5530184.6478,447278.3748,1794258.8553,39441.5251,34186.6381,8881990.05,Profit,573720.5107,522919.4982,5515184.6478,432278.3748,1784258.8553,29441.5251,24186.6381,-0.0069,-0.6901
2024-02-07,9148130.4896,592438.4709,552862.6608,5666681.7421,449692.142,1813317.357,39369.9917,33768.1251,9048130.4896,Profit,572438.4709,532862.6608,5651681.7421,434692.142,1803317.357,29369.9917,23768.1251,0.0185,0.0
2024-02-08,9123531.2638,588937.9057,552861.2696,5628819.4305,447806.0894,1832185.7216,39254.6092,33666.2378,9023531.2638,Profit,568937.9057,532861.2696,5613819.4305,432806.0894,1822185.7216,29254.6092,23666.2378,-0.0027,-0.2689
2024-02-09,9380989.5649,590950.4839,561082.1985,5826342.7041,459653.5848,1869693.8874,39463.5186,33803.1876,9280989.5649,Profit,570950.4839,541082.1985,5811342.7041,444653.5848,1859693.8874,29463.5186,23803.1876,0.0282,0.0
2024-02-12,9314455.0477,585284.7958,553696.1213,5832165.2645,453824.0703,1816068.7025,39610.2347,33805.8585,9214455.0477,Profit,565284.7958,533696.1213,5817165.2645,438824.0703,1806068.7025,29610.2347,23805.8585,-0.0071,-0.7092
2024-02-13,9307517.2629,583243.4421,546046.4094,5868362.7438,447580.6549,1790393.6164,38672.7876,33217.6087,9207517.2629,Profit,563243.4421,526046.4094,5853362.7438,432580.6549,1780393.6164,28672.7876,23217.6087,-0.0007,-0.7832
2024-02-14,9503069.0789,580181.1652,551080.0047,6009872.4655,453590.3032,1835211.5931,39500.6257,33632.9215,9403069.0789,Profit,560181.1652,531080.0047,5994872.4655,438590.3032,1825211.5931,29500.6257,23632.9215,0.021,0.0
2024-02-15,9469374.6409,576835.1015,544834.7946,5884014.9047,448564.9751,1941183.1601,39822.2291,34119.4757,9369374.6409,Profit,556835.1015,524834.7946,5869014.9047,433564.9751,1931183.1601,29822.2291,24119.4757,-0.0035,-0.3546
2024-02-16,9445649.4442,571590.7494,541123.3917,5876447.3653,447500.1873,1935049.5331,39738.7988,34199.4186,9345649.4442,Profit,551590.7494,521123.3917,5861447.3653,432500.1873,1925049.5331,29738.7988,24199.4186,-0.0025,-0.6042
2024-02-20,9142363.7601,570669.048,540782.6192,5634805.7065,442197.2755,1879872.9645,39916.3736,34119.7728,9042363.7601,Profit,550669.048,520782.6192,5619805.7065,427197.2755,1869872.9645,29916.3736,24119.7728,-0.0321,-3.7957
2024-02-21,8992860.702,572809.3819,539723.4243,5471736.9744,445995.6275,1888833.3186,39760.2609,34001.7144,8892860.702,Profit,552809.3819,519723.4243,5456736.9744,430995.6275,1878833.3186,29760.2609,24001.7144,-0.0164,-5.3689
2024-02-22,9938118.5101,578476.7546,551697.4168,6360667.89,461226.6027,1911885.0996,39894.2861,34270.4602,9838118.5101,Profit,558476.7546,531697.4168,6345667.89,446226.6027,1901885.0996,29894.2861,24270.4602,0.1051,0.0
2024-02-23,9901997.1973,572670.0448,549939.9686,6383261.905,462309.7904,1859199.547,40105.6681,34510.2735,9801997.1973,Profit,552670.0448,529939.9686,6368261.905,447309.7904,1849199.547,30105.6681,24510.2735,-0.0036,-0.3635
2024-02-26,10002409.6533,569292.9976,547037.8719,6415500.4923,462341.2902,1934163.2988,39887.1583,34186.5441,9902409.6533,Profit,549292.9976,527037.8719,6400500.4923,447341.2902,1924163.2988,29887.1583,24186.5441,0.0101,0.0
2024-02-27,9979207.8204,574164.8666,547199.7042,6386617.9849,459396.3704,1938224.3663,39477.1832,34127.3448,9879207.8204,Profit,554164.8666,527199.7042,6371617.9849,444396.3704,1928224.3663,29477.1832,24127.3448,-0.0023,-0.232
2024-02-28,9951446.2204,572599.9668,549668.6524,6327096.7645,460187.2434,1968326.4971,39443.8266,34123.2696,9851446.2204,Profit,552599.9668,529668.6524,6312096.7645,445187.2434,1958326.4971,29443.8266,24123.2696,-0.0028,-0.5095
2024-02-29,10080973.0105,570307.5201,557485.488,6443238.071,469616.1181,1966188.1662,39685.6551,34451.992,9980973.0105,Profit,550307.5201,537485.488,6428238.071,454616.1181,1956188.1662,29685.6551,24451.992,0.013,0.0
2024-03-01,10344775.7484,566624.5484,559745.2424,6698201.5097,473285.6906,1972717.4766,39770.2612,34431.0196,10244775.7484,Profit,546624.5484,539745.2424,6683201.5097,458285.6906,1962717.4766,29770.2612,24431.0196,0.0262,0.0
2024-03-04,10433132.4936,552571.4142,559293.2382,6943103.4924,471864.2297,1832639.0016,39732.3895,33928.728,10333132.4936,Profit,532571.4142,539293.2382,6928103.4924,456864.2297,1822639.0016,29732.3895,23928.728,0.0085,0.0
2024-03-05,10387203.1651,537248.5491,543154.3584,7007808.4401,463011.2446,1761854.0871,40080.8055,34045.6802,10287203.1651,Profit,517248.5491,523154.3584,6992808.4401,448011.2446,1751854.0871,30080.8055,24045.6802,-0.0044,-0.4402
2024-03-06,10522543.285,531966.9749,540242.277,7202103.0882,459554.7486,1714070.3834,40031.4828,34574.33,10422543.285,Profit,511966.9749,520242.277,7187103.0882,444554.7486,1704070.3834,30031.4828,24574.33,0.013,0.0
2024-03-07,10840421.7112,529467.2975,547519.4137,7494338.8739,466452.1326,1727633.0267,40346.5929,34664.374,10740421.7112,Profit,509467.2975,527519.4137,7479338.8739,451452.1326,1717633.0267,30346.5929,24664.374,0.0302,0.0
2024-03-08,10387673.8502,534770.0944,543490.3507,7076998.0068,462471.2718,1695246.1726,40309.2029,34388.7509,10287673.8502,Profit,514770.0944,523490.3507,7061998.0068,447471.2718,1685246.1726,30309.2029,24388.7509,-0.0418,-4.1765
2024-03-11,10280086.4234,541901.2634,542021.4335,6945483.2822,454203.7677,1721291.9944,40653.5382,34531.144,10180086.4234,Profit,521901.2634,522021.4335,6930483.2822,439203.7677,1711291.9944,30653.5382,24531.144,-0.0104,-5.1689
2024-03-12,10806523.7136,543720.7453,556766.2766,7446993.0039,463538.2525,1720084.3602,40909.4383,34511.6369,10706523.7136,Profit,523720.7453,536766.2766,7431993.0039,448538.2525,1710084.3602,30909.4383,24511.6369,0.0512,-0.3127
2024-03-13,10620757.127,536055.2196,555414.5007,7349204.7756,465683.9275,1638711.3573,41022.4171,34664.9292,10520757.127,Profit,516055.2196,535414.5007,7334204.7756,450683.9275,1628711.3573,31022.4171,24664.9292,-0.0172,-2.0263
2024-03-14,10370145.504,543527.8648,570642.6115,7132274.9286,472873.352,1575886.5034,40606.9168,34333.3269,10270145.504,Profit,523527.8648,550642.6115,7117274.9286,457873.352,1565886.5034,30606.9168,24333.3269,-0.0236,-4.3382
2024-03-15,10363258.0673,543175.5157,559701.3575,7134625.8415,462135.6985,1588728.4389,40498.802,34392.4132,10263258.0673,Profit,523175.5157,539701.3575,7119625.8415,447135.6985,1578728.4389,30498.802,24392.4132,-0.0007,-4.4017
2024-03-18,10523419.2502,546962.9063,561244.0018,7189107.1786,462567.9563,1689088.6529,40494.1883,33954.366,10423419.2502,Profit,526962.9063,541244.0018,7174107.1786,447567.9563,1679088.6529,30494.1883,23954.366,0.0155,-2.9243
2024-03-19,10623923.9764,556028.8022,568417.1408,7287221.8175,467710.0935,1669904.9387,40425.6105,34215.5732,10523923.9764,Profit,536028.8022,548417.1408,7272221.8175,452710.0935,1659904.9387,30425.6105,24215.5732,0.0096,-1.9971
2024-03-20,10748486.7594,563291.5467,572641.0713,7354685.9766,472925.4014,1709434.534,41009.5791,34498.6503,10648486.7594,Profit,543291.5467,552641.0713,7339685.9766,457925.4014,1699434.534,31009.5791,24498.6503,0.0117,-0.8481
2024-03-21,10763089.4602,538922.5536,576766.5193,7422532.1988,471739.5128,1677579.8799,41102.3152,34446.4806,10663089.4602,Profit,518922.5536,556766.5193,7407532.1988,456739.5128,1667579.8799,31102.3152,24446.4806,0.0014,-0.7134
2024-03-22,11033684.0434,544505.7328,578816.4695,7692696.0345,476027.4288,1666600.0556,40694.7372,34343.585,10933684.0434,Profit,524505.7328,558816.4695,7677696.0345,461027.4288,1656600.0556,30694.7372,24343.585,0.0251,0.0
2024-03-25,11090993.6347,539595.513,570458.4587,7745170.6397,477911.0791,1682921.6808,40681.1665,34255.0969,10990993.6347,Profit,519595.513,550458.4587,7730170.6397,462911.0791,1672921.6808,30681.1665,24255.0969,0.0052,0.0
2024-03-26,10923185.6725,535560.1054,568365.7822,7540047.4077,473777.4083,1730652.5535,40537.831,34244.5844,10823185.6725,Profit,515560.1054,548365.7822,7525047.4077,458777.4083,1720652.5535,30537.831,24244.5844,-0.0151,-1.513
2024-03-27,10784095.134,547520.2993,568695.4034,7359922.2946,478371.0326,1753628.7376,41094.2659,34863.1005,10684095.134,Profit,527520.2993,548695.4034,7344922.2946,463371.0326,1743628.7376,31094.2659,24863.1005,-0.0127,-2.7671
2024-03-28,10718849.4288,540265.2555,566192.64,7348502.6055,478527.4236,1709564.1246,41178.2899,34619.0897,10618849.4288,Profit,520265.2555,546192.64,7333502.6055,463527.4236,1699564.1246,31178.2899,24619.0897,-0.0061,-3.3554
2024-04-01,10734720.1864,536648.6452,572386.5694,7362088.8999,480942.9744,1707039.0458,41014.0557,34599.996,10634720.1864,Profit,516648.6452,552386.5694,7347088.8999,465942.9744,1697039.0458,31014.0557,24599.996,0.0015,-3.2123
2024-04-02,10565746.3009,532811.9276,568081.1215,7286784.4021,480128.0981,1623113.8346,40725.9037,34101.0133,10465746.3009,Profit,512811.9276,548081.1215,7271784.4021,465128.0981,1613113.8346,30725.9037,24101.0133,-0.0157,-4.7358
2024-04-03,10522033.6832,533988.4082,565285.7331,7228349.6962,483448.5099,1635930.5711,40885.9476,34144.8171,10422033.6832,Profit,513988.4082,545285.7331,7213349.6962,468448.5099,1625930.5711,30885.9476,24144.8171,-0.0041,-5.1299
2024-04-04,10262889.6513,530079.0034,560461.6803,6962788.2083,475898.2284,1658401.7782,41079.177,34181.5756,10162889.6513,Profit,510079.0034,540461.6803,6947788.2083,460898.2284,1648401.7782,31079.177,24181.5756,-0.0246,-7.4665
2024-04-05,10471848.5561,536171.3115,574680.6663,7182894.5104,492708.6825,1609339.3363,41922.2311,34131.8178,10371848.5561,Profit,516171.3115,554680.6663,7167894.5104,477708.6825,1599339.3363,31922.2311,24131.8178,0.0204,-5.5824
2024-04-08,10462863.7479,531974.4081,572843.2857,7103103.7726,492793.7276,1686209.5828,42163.4035,33775.5677,10362863.7479,Profit,511974.4081,552843.2857,7088103.7726,477793.7276,1676209.5828,32163.4035,23775.5677,-0.0009,-5.6634
2024-04-09,10359841.6502,535669.4352,574859.2989,6956036.3652,493579.0247,1723718.9974,42040.5468,33937.982,10259841.6502,Profit,515669.4352,554859.2989,6941036.3652,478579.0247,1713718.9974,32040.5468,23937.982,-0.0098,-6.5923
2024-04-10,10507852.1355,533327.2227,574697.7163,7141950.359,497709.1439,1685288.4675,41570.7177,33308.5083,10407852.1355,Profit,513327.2227,554697.7163,7126950.359,482709.1439,1675288.4675,31570.7177,23308.5083,0.0143,-5.2578
2024-04-11,10883511.2218,557264.347,581929.8684,7446876.5359,506783.8026,1715785.7793,41395.3426,33475.5459,10783511.2218,Profit,537264.347,561929.8684,7431876.5359,491783.8026,1705785.7793,31395.3426,23475.5459,0.0358,-1.8707
2024-04-12,10693883.5475,565104.9445,576829.6803,7286348.0673,501652.8643,1689984.7199,40860.1716,33103.0996,10593883.5475,Profit,545104.9445,556829.6803,7271348.0673,486652.8643,1679984.7199,30860.1716,23103.0996,-0.0174,-3.5805
2024-04-15,10386464.7272,552673.2522,565455.4357,7104771.0663,494816.0758,1595200.7269,40601.3063,32946.864,10286464.7272,Profit,532673.2522,545455.4357,7089771.0663,479816.0758,1585200.7269,30601.3063,22946.864,-0.0287,-6.3523
2024-04-16,10492379.0034,544322.1485,569087.7912,7251494.5928,496053.4441,1558458.4562,40136.587,32825.9837,10392379.0034,Profit,524322.1485,549087.7912,7236494.5928,481053.4441,1548458.4562,30136.587,22825.9837,0.0102,-5.3973
2024-04-17,10162475.951,538831.2108,564220.4408,6957488.9135,489575.0398,1538979.6679,40216.0839,33164.5945,10062475.951,Profit,518831.2108,544220.4408,6942488.9135,474575.0398,1528979.6679,30216.0839,23164.5945,-0.0314,-8.3718
2024-04-18,10119720.0985,534588.0774,552645.9473,6994903.1835,482959.0301,1481102.5823,40178.3761,33342.9019,10019720.0985,Profit,514588.0774,532645.9473,6979903.1835,467959.0301,1471102.5823,30178.3761,23342.9019,-0.0042,-8.7573
2024-04-19,9354879.1399,527224.8441,544971.8495,6287772.8994,470016.0204,1450569.7938,40525.1184,33798.6144,9254879.1399,Profit,507224.8441,524971.8495,6272772.8994,455016.0204,1440569.7938,30525.1184,23798.6144,-0.0756,-15.6534
2024-04-22,9569973.9634,528861.9548,546170.4783,6545811.9342,475896.1629,1398263.3813,40985.6118,33984.4402,9469973.9634,Profit,508861.9548,526170.4783,6530811.9342,460896.1629,1388263.3813,30985.6118,23984.4402,0.023,-13.714
2024-04-23,9823880.0048,530607.743,553474.1043,6764168.6345,480622.5998,1419790.4416,41127.8324,34088.6492,9723880.0048,Profit,510607.743,533474.1043,6749168.6345,465622.5998,1409790.4416,31127.8324,24088.6492,0.0265,-11.4247
2024-04-24,9795156.9558,538766.0671,556960.5309,6556034.284,473970.1996,1595221.8636,40170.6289,34033.3817,9695156.9558,Profit,518766.0671,536960.5309,6541034.284,458970.1996,1585221.8636,30170.6289,24033.3817,-0.0029,-11.6837
2024-04-25,10084485.5306,540751.9323,542525.0749,6789251.763,465452.8367,1671984.2304,40281.0992,34238.5941,9984485.5306,Profit,520751.9323,522525.0749,6774251.763,450452.8367,1661984.2304,30281.0992,24238.5941,0.0295,-9.075
2024-04-26,10493393.202,538043.0909,551573.5037,7197477.6269,480660.9228,1650878.8921,40416.9427,34342.223,10393393.202,Profit,518043.0909,531573.5037,7182477.6269,465660.9228,1640878.8921,30416.9427,24342.223,0.0405,-5.3882
2024-04-29,10751336.2741,550987.0867,545650.7367,7194015.6451,483892.4541,1902184.724,40317.4267,34288.2008,10651336.2741,Profit,530987.0867,525650.7367,7179015.6451,468892.4541,1892184.724,30317.4267,24288.2008,0.0246,-3.0625
2024-04-30,10558251.8721,544403.3528,531527.3317,7128563.6812,470970.3229,1808187.0307,40096.8458,34503.307,10458251.8721,Profit,524403.3528,511527.3317,7113563.6812,455970.3229,1798187.0307,30096.8458,24503.307,-0.018,-4.8034
2024-05-01,10273206.6369,541625.3227,539696.6983,6857753.5681,482190.9503,1777408.2097,40362.7343,34169.1535,10173206.6369,Profit,521625.3227,519696.6983,6842753.5681,467190.9503,1767408.2097,30362.7343,24169.1535,-0.027,-7.3734
2024-05-02,10487669.0788,551106.2406,541249.6069,7055587.8833,495393.4219,1769724.7635,40943.0624,33664.1001,10387669.0788,Profit,531106.2406,521249.6069,7040587.8833,480393.4219,1759724.7635,30943.0624,23664.1001,0.0209,-5.4398
2024-05-03,10770907.5878,582960.5093,552199.1996,7286071.6659,498441.5106,1777944.5364,41668.4877,31621.6784,10670907.5878,Profit,562960.5093,532199.1996,7271071.6659,483441.5106,1767944.5364,31668.4877,21621.6784,0.027,-2.886
2024-05-06,11083141.6996,577186.6622,561087.5269,7554972.4839,504700.2795,1811516.8545,41902.4602,31775.4323,10983141.6996,Profit,557186.6622,541087.5269,7539972.4839,489700.2795,1801516.8545,31902.4602,21775.4323,0.029,-0.0708
2024-05-07,10916538.5927,581241.9832,557178.5498,7448854.0308,506486.8361,1748989.3139,41707.1335,32080.7454,10816538.5927,Profit,561241.9832,537178.5498,7433854.0308,491486.8361,1738989.3139,31707.1335,22080.7454,-0.015,-1.5729
2024-05-08,10898899.3541,583561.0913,559995.3677,7452907.7181,505514.9991,1722231.7774,42138.7855,32549.615,10798899.3541,Profit,563561.0913,539995.3677,7437907.7181,490514.9991,1712231.7774,32138.7855,22549.615,-0.0016,-1.732
2024-05-09,10714557.1017,587604.1597,560703.34,7293277.6141,507990.1116,1689940.8962,42521.3817,32519.5983,10614557.1017,Profit,567604.1597,540703.34,7278277.6141,492990.1116,1679940.8962,32521.3817,22519.5983,-0.0169,-3.3941
2024-05-10,10746026.7717,582399.1228,562880.0409,7371655.907,501584.0694,1652281.9026,42486.9301,32738.7988,10646026.7717,Profit,562399.1228,542880.0409,7356655.907,486584.0694,1642281.9026,32486.9301,22738.7988,0.0029,-3.1103
2024-05-13,10834983.63,592988.433,561785.1141,7418195.6863,499405.1481,1686687.3799,43085.3069,32836.5617,10734983.63,Profit,572988.433,541785.1141,7403195.6863,484405.1481,1676687.3799,33085.3069,22836.5617,0.0083,-2.3083
2024-05-14,10962493.8151,595816.2923,564855.2554,7486303.3612,500047.6495,1739805.5065,42897.9301,32767.8202,10862493.8151,Profit,575816.2923,544855.2554,7471303.3612,485047.6495,1729805.5065,32897.9301,22767.8202,0.0118,-1.1586
2024-05-15,11179551.931,601415.9569,573130.9398,7733010.8984,495777.0213,1700175.9478,43266.6108,32774.5562,11079551.931,Profit,581415.9569,553130.9398,7718010.8984,480777.0213,1690175.9478,33266.6108,22774.5562,0.0198,0.0
2024-05-16,11161274.5238,602020.3071,570510.5894,7713699.9007,489665.9388,1709109.3087,43487.6498,32780.8292,11061274.5238,Profit,582020.3071,550510.5894,7698699.9007,474665.9388,1699109.3087,33487.6498,22780.8292,-0.0016,-0.1635
2024-05-17,11031567.1795,601891.9414,569243.2094,7557233.9446,492338.3828,1734083.7042,43799.8044,32976.1926,10931567.1795,Profit,581891.9414,549243.2094,7542233.9446,477338.3828,1724083.7042,33799.8044,22976.1926,-0.0116,-1.3237
2024-05-20,11202007.2878,605600.7978,576193.2587,7745271.5586,489246.2739,1709556.768,43410.1629,32728.4679,11102007.2878,Profit,585600.7978,556193.2587,7730271.5586,474246.2739,1699556.768,33410.1629,22728.4679,0.0155,0.0
2024-05-21,11401936.1857,611276.3992,582655.6128,7814253.8242,489425.8576,1827950.4002,43535.0156,32839.076,11301936.1857,Profit,591276.3992,562655.6128,7799253.8242,474425.8576,1817950.4002,33535.0156,22839.076,0.0178,0.0
2024-05-22,11320288.852,607779.1775,585737.2549,7792790.9899,490268.7643,1767605.4664,43647.7101,32459.4889,11220288.852,Profit,587779.1775,565737.2549,7777790.9899,475268.7643,1757605.4664,33647.7101,22459.4889,-0.0072,-0.7161
2024-05-23,11984136.2929,596196.0724,582138.6578,8536453.3888,485692.7783,1708581.5586,43179.8475,31893.9896,11884136.2929,Profit,576196.0724,562138.6578,8521453.3888,470692.7783,1698581.5586,33179.8475,21893.9896,0.0586,0.0
2024-05-24,12246461.7131,604805.6953,585204.1628,8737555.5925,483861.7295,1758938.6146,43372.6666,32723.2518,12146461.7131,Profit,584805.6953,565204.1628,8722555.5925,468861.7295,1748938.6146,33372.6666,22723.2518,0.0219,0.0
2024-05-28,12802364.9435,603289.5194,583924.1025,9323526.5995,486361.3053,1730063.4962,43154.8228,32045.0977,12702364.9435,Profit,583289.5194,563924.1025,9308526.5995,471361.3053,1720063.4962,33154.8228,22045.0977,0.0454,0.0
2024-05-29,12928686.6798,606986.846,585010.6077,9441909.6753,488223.6699,1732422.2661,42447.176,31686.439,12828686.6798,Profit,586986.846,565010.6077,9426909.6753,473223.6699,1722422.2661,32447.176,21686.439,0.0099,0.0
2024-05-30,12557059.9923,609195.7655,564337.6561,9071678.08,480209.2079,1755164.2239,44665.8723,31809.1866,12457059.9923,Profit,589195.7655,544337.6561,9056678.08,465209.2079,1745164.2239,34665.8723,21809.1866,-0.0287,-2.8744
2024-05-31,12438384.9187,610419.0038,563269.8508,8973504.4866,471080.4089,1742953.9851,44889.3919,32267.7916,12338384.9187,Profit,590419.0038,543269.8508,8958504.4866,456080.4089,1732953.9851,34889.3919,22267.7916,-0.0095,-3.7924
2024-06-03,12866212.1018,615982.5161,561002.8824,9411437.4395,476083.4213,1725181.3486,44607.605,31916.889,12766212.1018,Profit,595982.5161,541002.8824,9396437.4395,461083.4213,1715181.3486,34607.605,21916.889,0.0344,-0.4832
2024-06-04,13019525.7239,619081.4239,566366.2128,9561132.8816,480368.103,1716076.5759,44296.5027,32204.0241,12919525.7239,Profit,599081.4239,546366.2128,9546132.8816,465368.103,1706076.5759,34296.5027,22204.0241,0.0119,0.0
2024-06-05,13550562.8938,624602.9978,577808.7341,10065206.5806,486096.8352,1720218.9604,44192.4119,32436.3736,13450562.8938,Profit,604602.9978,557808.7341,10050206.5806,471096.8352,1710218.9604,34192.4119,22436.3736,0.0408,0.0
2024-06-06,13457559.5869,619721.9241,578079.8775,9939377.1162,495709.7006,1747841.5372,44370.4121,32459.0192,13357559.5869,Profit,599721.9241,558079.8775,9924377.1162,480709.7006,1737841.5372,34370.4121,22459.0192,-0.0069,-0.6863
2024-06-07,13501178.3921,629872.1576,579445.4434,9969520.6,495782.5326,1750201.642,44036.3668,32319.6498,13401178.3921,Profit,609872.1576,559445.4434,9954520.6,480782.5326,1740201.642,34036.3668,22319.6498,0.0032,-0.3644
2024-06-10,13564406.1444,618939.0225,586005.8355,10062199.9047,504122.7532,1716931.3599,44050.1443,32157.1242,13464406.1444,Profit,598939.0225,566005.8355,10047199.9047,489122.7532,1706931.3599,34050.1443,22157.1242,0.0047,0.0
2024-06-11,13514971.7385,664006.2474,592679.9943,9991756.1456,504654.2132,1686253.9806,43704.0259,31917.1315,13414971.7385,Profit,644006.2474,572679.9943,9976756.1456,489654.2132,1676253.9806,33704.0259,21917.1315,-0.0036,-0.3644
2024-06-12,13896730.9935,679656.5716,601218.2566,10295808.7523,501286.2414,1743238.2289,43540.8562,31982.0863,13796730.9935,Profit,659656.5716,581218.2566,10280808.7523,486286.2414,1733238.2289,33540.8562,21982.0863,0.0282,0.0
2024-06-13,14353675.9399,685676.7206,603948.1108,10694310.3172,494734.1398,1800195.807,43227.4061,31583.4384,14253675.9399,Profit,665676.7206,583948.1108,10679310.3172,479734.1398,1790195.807,33227.4061,21583.4384,0.0329,0.0
2024-06-14,14497352.0393,680325.0214,605521.9696,10885598.3494,494456.415,1756833.5497,43056.719,31560.0151,14397352.0393,Profit,660325.0214,585521.9696,10870598.3494,479456.415,1746833.5497,33056.719,21560.0151,0.01,0.0
2024-06-17,14529689.8153,693307.9569,613100.6102,10805009.8057,495245.0209,1848824.7922,42886.768,31314.8614,14429689.8153,Profit,673307.9569,593100.6102,10790009.8057,480245.0209,1838824.7922,32886.768,21314.8614,0.0022,0.0
2024-06-18,14848595.1901,684690.4316,609437.0023,11168179.1766,491165.8526,1820723.2843,42915.304,31484.1387,14748595.1901,Profit,664690.4316,589437.0023,11153179.1766,476165.8526,1810723.2843,32915.304,21484.1387,0.0219,0.0
2024-06-20,14387502.0923,668738.9951,607453.8995,10753182.7387,499094.3905,1785061.5261,42659.6834,31310.8589,14287502.0923,Profit,648738.9951,587453.8995,10738182.7387,484094.3905,1775061.5261,32659.6834,21310.8589,-0.0311,-3.1053
2024-06-21,14066224.2019,661948.1925,613194.2826,10410008.0447,507234.4132,1799743.9337,42775.3331,31320.0021,13966224.2019,Profit,641948.1925,593194.2826,10395008.0447,492234.4132,1789743.9337,32775.3331,21320.0021,-0.0223,-5.269
2024-06-24,13319768.8422,662135.0358,608580.5252,9686602.9761,496401.391,1790404.6835,43719.6125,31924.6181,13219768.8422,Profit,642135.0358,588580.5252,9671602.9761,481401.391,1780404.6835,33719.6125,21924.6181,-0.0531,-10.2961
2024-06-25,14026071.3168,664896.0691,612860.6154,10337978.1592,498315.2176,1836642.1065,43764.4195,31614.7296,13926071.3168,Profit,644896.0691,592860.6154,10322978.1592,483315.2176,1826642.1065,33764.4195,21614.7296,0.053,-5.5394
2024-06-26,14212377.5469,680026.9289,616167.7202,10391471.4994,519159.3571,1930282.2701,43569.4025,31700.3687,14112377.5469,Profit,660026.9289,596167.7202,10376471.4994,504159.3571,1920282.2701,33569.4025,21700.3687,0.0133,-4.2847
2024-06-27,14033725.0909,682436.8472,616838.4985,10188846.0861,530296.3726,1939753.4362,43768.8918,31784.9585,13933725.0909,Profit,662436.8472,596838.4985,10173846.0861,515296.3726,1929753.4362,33768.8918,21784.9585,-0.0126,-5.4879
2024-06-28,13966894.3563,671195.0236,608669.3895,10149636.8279,517853.5092,1943847.1095,43862.3799,31830.1167,13866894.3563,Profit,651195.0236,588669.3895,10134636.8279,502853.5092,1933847.1095,33862.3799,21830.1167,-0.0048,-5.9379
2024-07-01,14190056.6773,690730.1466,621986.8312,10212086.0182,528438.3545,2061531.0006,43697.4527,31586.8735,14090056.6773,Profit,670730.1466,601986.8312,10197086.0182,513438.3545,2051531.0006,33697.4527,21586.8735,0.016,-4.435
2024-07-02,14300202.0996,702460.5241,625917.3857,10085676.6752,536333.1058,2273410.7604,44364.8125,32038.8361,14200202.0996,Profit,682460.5241,605917.3857,10070676.6752,521333.1058,2263410.7604,34364.8125,22038.8361,0.0078,-3.6932
2024-07-03,14845285.5415,703453.3945,625196.7769,10500622.0833,527549.1838,2411536.5701,44786.689,32140.8439,14745285.5415,Profit,683453.3945,605196.7769,10485622.0833,512549.1838,2401536.5701,34786.689,22140.8439,0.0381,-0.0223
2024-07-05,14721093.3466,718453.9553,634224.7519,10297019.8396,533827.0593,2461024.2509,44683.2001,31860.2895,14621093.3466,Profit,698453.9553,614224.7519,10282019.8396,518827.0593,2451024.2509,34683.2001,21860.2895,-0.0084,-0.8587
2024-07-08,14931462.6779,723202.7778,632479.25,10491763.9101,531970.9912,2475099.931,44846.659,32099.1588,14831462.6779,Profit,703202.7778,612479.25,10476763.9101,516970.9912,2465099.931,34846.659,22099.1588,0.0143,0.0
2024-07-09,15282209.421,726147.6957,623574.0275,10755207.121,532260.5688,2567737.2389,45024.153,32258.6162,15182209.421,Profit,706147.6957,603574.0275,10740207.121,517260.5688,2557737.2389,35024.153,22258.6162,0.0235,0.0
2024-07-10,15584051.1147,738825.3825,631843.3957,11029570.3491,532758.0347,2573439.2393,45444.7787,32169.9347,15484051.1147,Profit,718825.3825,611843.3957,11014570.3491,517758.0347,2563439.2393,35444.7787,22169.9347,0.0198,0.0
2024-07-11,14711698.3517,721879.5692,616372.5055,10418635.203,520271.149,2356826.8104,45257.0194,32456.0953,14611698.3517,Profit,701879.5692,596372.5055,10403635.203,505271.149,2346826.8104,35257.0194,22456.0953,-0.056,-5.5977
2024-07-12,14943994.9028,731511.5982,614994.9894,10572235.1453,518929.7328,2427942.1034,45656.2149,32725.1187,14843994.9028,Profit,711511.5982,594994.9894,10557235.1453,503929.7328,2417942.1034,35656.2149,22725.1187,0.0158,-4.1071
2024-07-15,14969322.4086,745726.2822,617176.3765,10534537.4499,515565.4359,2477604.0382,45612.1713,33100.6547,14869322.4086,Profit,725726.2822,597176.3765,10519537.4499,500565.4359,2467604.0382,35612.1713,23100.6547,0.0017,-3.9446
2024-07-16,14857688.4774,748269.233,612124.2171,10380597.7091,517199.386,2520097.925,45574.2924,33825.7147,14757688.4774,Profit,728269.233,592124.2171,10365597.7091,502199.386,2510097.925,35574.2924,23825.7147,-0.0075,-4.6609
2024-07-17,14049830.3531,729282.7442,603910.0478,9692341.2473,503523.8766,2440749.0503,46176.9812,33846.4058,13949830.3531,Profit,709282.7442,583910.0478,9677341.2473,488523.8766,2430749.0503,36176.9812,23846.4058,-0.0544,-9.8448
2024-07-18,14292525.0647,714880.9868,600102.9629,9955026.3954,492720.0655,2449886.6944,46242.9795,33664.9802,14192525.0647,Profit,694880.9868,580102.9629,9940026.3954,477720.0655,2439886.6944,36242.9795,23664.9802,0.0173,-8.2875
2024-07-19,13959439.1553,716917.7793,597008.222,9717142.9315,492169.0309,2356615.5725,45954.8007,33630.8185,13859439.1553,Profit,696917.7793,577008.222,9702142.9315,477169.0309,2346615.5725,35954.8007,23630.8185,-0.0233,-10.4248
2024-07-22,14578207.5373,717257.003,606205.0427,10200062.4365,491610.9931,2482948.9253,46243.2903,33879.8465,14478207.5373,Profit,697257.003,586205.0427,10185062.4365,476610.9931,2472948.9253,36243.2903,23879.8465,0.0443,-6.4543
2024-07-23,14478774.6426,721297.772,609394.7944,10131344.5052,502480.5057,2434603.502,45834.9091,33818.6542,14378774.6426,Profit,701297.772,589394.7944,10116344.5052,487480.5057,2424603.502,35834.9091,23818.6542,-0.0068,-7.0924
2024-07-24,13456437.686,701884.581,588653.9476,9459821.7959,488359.7443,2138335.2748,45838.3572,33543.9853,13356437.686,Profit,681884.581,568653.9476,9444821.7959,473359.7443,2128335.2748,35838.3572,23543.9853,-0.0706,-13.6525
2024-07-25,13339123.2015,699781.3263,575283.9558,9313530.5819,486593.3985,2184461.8682,45621.7019,33850.3689,13239123.2015,Profit,679781.3263,555283.9558,9298530.5819,471593.3985,2174461.8682,35621.7019,23850.3689,-0.0087,-14.4053
2024-07-26,13428815.1123,701850.5169,585195.4705,9385706.4125,494156.1476,2181734.0134,46107.9728,34064.5785,13328815.1123,Profit,681850.5169,565195.4705,9370706.4125,479156.1476,2171734.0134,36107.9728,24064.5785,0.0067,-13.8298
2024-07-29,13454573.6004,703867.2716,588137.9653,9278390.6201,496840.6324,2307488.565,45993.539,33855.007,13354573.6004,Profit,683867.2716,568137.9653,9263390.6201,481840.6324,2297488.565,35993.539,23855.007,0.0019,-13.6645
2024-07-30,12699579.603,705620.1575,582845.5315,8624292.2467,492764.1582,2213080.6546,46374.0964,34602.7582,12599579.603,Profit,685620.1575,562845.5315,8609292.2467,477764.1582,2203080.6546,36374.0964,24602.7582,-0.0561,-18.5091
2024-07-31,13875095.1637,714026.9021,574798.6967,9699748.373,505517.9006,2300028.2277,46483.0734,34491.9901,13775095.1637,Profit,694026.9021,554798.6967,9684748.373,490517.9006,2290028.2277,36483.0734,24491.9901,0.0926,-10.9661
2024-08-01,13089088.6585,703952.2394,574630.9457,9076618.4252,498983.8543,2155041.8823,45827.6292,34033.6826,12989088.6585,Profit,683952.2394,554630.9457,9061618.4252,483983.8543,2145041.8823,35827.6292,24033.6826,-0.0566,-16.0097
2024-08-02,12794962.3173,709400.6451,563242.3827,8923166.7094,455544.0797,2065505.0165,44861.246,33242.238,12694962.3173,Profit,689400.6451,543242.3827,8908166.7094,440544.0797,2055505.0165,34861.246,23242.238,-0.0225,-17.8971
2024-08-05,12067636.5824,675233.3477,544849.1849,8355765.9873,436877.3538,1978078.8639,44105.6266,32726.218,11967636.5824,Profit,655233.3477,524849.1849,8340765.9873,421877.3538,1968078.8639,34105.6266,22726.218,-0.0568,-22.5642
2024-08-06,12346874.3342,665560.9547,548454.0443,8631863.8085,437317.3334,1986367.8389,44554.3347,32756.0197,12246874.3342,Profit,645560.9547,528454.0443,8616863.8085,422317.3334,1976367.8389,34554.3347,22756.0197,0.0231,-20.7724
2024-08-07,11778539.7684,671188.7073,544654.8826,8157049.3968,437833.1502,1890884.8348,44442.9073,32485.8894,11678539.7684,Profit,651188.7073,524654.8826,8142049.3968,422833.1502,1880884.8348,34442.9073,22485.8894,-0.046,-24.4193
2024-08-08,12377897.6089,682554.0232,550637.4229,8659353.9827,446113.3568,1961269.3218,45014.7532,32954.7483,12277897.6089,Profit,662554.0232,530637.4229,8644353.9827,431113.3568,1951269.3218,35014.7532,22954.7483,0.0509,-20.5733
2024-08-09,12378651.575,691377.24,554747.35,8634286.1631,448821.1949,1971132.0732,45144.1924,33143.3613,12278651.575,Profit,671377.24,534747.35,8619286.1631,433821.1949,1961132.0732,35144.1924,23143.3613,0.0001,-20.5685
2024-08-12,12716726.5769,696607.8988,556069.5873,8990149.5073,448640.7439,1947244.8147,44803.8643,33210.1606,12616726.5769,Profit,676607.8988,536069.5873,8975149.5073,433640.7439,1937244.8147,34803.8643,23210.1606,0.0273,-18.3991
2024-08-13,13423087.4254,707812.357,565292.4409,9566840.2947,457366.463,2046959.4297,45259.2956,33557.1445,13323087.4254,Profit,687812.357,545292.4409,9551840.2947,442366.463,2036959.4297,35259.2956,23557.1445,0.0555,-13.8665
2024-08-14,13512982.5525,708631.4391,568687.2485,9718163.8877,456617.5486,1981697.6827,45587.3253,33597.4206,13412982.5525,Profit,688631.4391,548687.2485,9703163.8877,441617.5486,1971697.6827,35587.3253,23597.4206,0.0067,-13.2897
2024-08-15,14072939.809,718424.5909,575578.9208,10114492.7838,476862.8312,2107878.3559,45741.0997,33961.2267,13972939.809,Profit,698424.5909,555578.9208,10099492.7838,461862.8312,2097878.3559,35741.0997,23961.2267,0.0414,-9.6965
2024-08-16,14225725.2935,722263.676,571745.3616,10250049.5489,475162.3553,2126127.5049,46168.6312,34208.2156,14125725.2935,Profit,702263.676,551745.3616,10235049.5489,460162.3553,2116127.5049,36168.6312,24208.2156,0.0109,-8.7161
2024-08-19,14683864.373,718800.3893,573573.3708,10652362.8599,476321.3626,2182104.8711,46378.9055,34322.6138,14583864.373,Profit,698800.3893,553573.3708,10637362.8599,461321.3626,2172104.8711,36378.9055,24322.6138,0.0322,-5.7763
2024-08-20,14425322.6017,719506.2232,577005.9738,10408657.9162,477244.7898,2162424.3977,46215.2641,34268.0369,14325322.6017,Profit,699506.2232,557005.9738,10393657.9162,462244.7898,2152424.3977,36215.2641,24268.0369,-0.0176,-7.4353
2024-08-21,14513809.9696,717310.6074,574630.723,10483923.5714,479292.1828,2178039.1025,46243.9675,34369.815,14413809.9696,Profit,697310.6074,554630.723,10468923.5714,464292.1828,2168039.1025,36243.9675,24369.815,0.0061,-6.8675
2024-08-22,13983919.2443,711908.5722,563406.8717,10102936.7551,469045.8084,2056538.2172,46441.8934,33641.1262,13883919.2443,Profit,691908.5722,543406.8717,10087936.7551,454045.8084,2046538.2172,36441.8934,23641.1262,-0.0365,-10.2678
2024-08-23,14472715.1645,715373.0086,562054.6215,10505992.3996,468938.8903,2139299.3237,47081.1232,33975.7975,14372715.1645,Profit,695373.0086,542054.6215,10490992.3996,453938.8903,2129299.3237,37081.1232,23975.7975,0.035,-7.1312
2024-08-26,14109593.7267,713900.8758,555626.6669,10233202.03,463210.487,2062916.3266,46979.0605,33758.2799,14009593.7267,Profit,693900.8758,535626.6669,10218202.03,448210.487,2052916.3266,36979.0605,23758.2799,-0.0251,-9.4613
2024-08-27,14195103.1521,715454.2903,555230.316,10365946.5128,456216.9923,2021061.0553,47197.8242,33996.1611,14095103.1521,Profit,695454.2903,535230.316,10350946.5128,441216.9923,2011061.0553,37197.8242,23996.1611,0.0061,-8.9126
2024-08-28,13941243.0466,711206.2016,551334.264,10156868.9515,450471.0193,1989260.2944,48226.5748,33875.7412,13841243.0466,Profit,691206.2016,531334.264,10141868.9515,435471.0193,1979260.2944,38226.5748,23875.7412,-0.0179,-10.5416
2024-08-29,13318271.4832,721724.6665,554841.5807,9510544.9382,454053.5067,1994828.6635,48383.4393,33894.6881,13218271.4832,Profit,701724.6665,534841.5807,9495544.9382,439053.5067,1984828.6635,38383.4393,23894.6881,-0.0447,-14.5391
2024-08-30,13575744.8827,720153.5535,560947.5367,9666712.34,471478.091,2073160.9885,49086.6175,34205.7555,13475744.8827,Profit,700153.5535,540947.5367,9651712.34,456478.091,2063160.9885,39086.6175,24205.7555,0.0193,-12.8869
2024-09-03,12637893.6013,703522.5457,552918.7566,8782932.6126,467501.9937,2047790.3354,49318.4982,33908.859,12537893.6013,Profit,683522.5457,532918.7566,8767932.6126,452501.9937,2037790.3354,39318.4982,23908.859,-0.0691,-18.905
2024-09-04,12542619.5111,696276.4884,551251.9855,8622678.7444,458976.1984,2129833.361,49739.9945,33862.739,12442619.5111,Profit,676276.4884,531251.9855,8607678.7444,443976.1984,2119833.361,39739.9945,23862.739,-0.0075,-19.5163
2024-09-05,12734642.7246,700529.8752,550116.6326,8696797.2496,470667.9253,2232464.5251,49459.3478,34607.169,12634642.7246,Profit,680529.8752,530116.6326,8681797.2496,455667.9253,2222464.5251,39459.3478,24607.169,0.0153,-18.2841
2024-09-06,12187189.9375,697210.7591,542347.0576,8360576.3566,454510.2082,2048600.6714,49344.3009,34600.5837,12087189.9375,Profit,677210.7591,522347.0576,8345576.3566,439510.2082,2038600.6714,39344.3009,24600.5837,-0.043,-21.797
2024-09-09,12569684.2796,698317.5253,548421.6712,8666797.5498,465693.8029,2104941.0146,50240.0593,35272.6565,12469684.2796,Profit,678317.5253,528421.6712,8651797.5498,450693.8029,2094941.0146,40240.0593,25272.6565,0.0314,-19.3426
2024-09-10,12854094.6982,697737.6474,561453.0818,8824159.229,478048.0345,2207465.4043,50089.9761,35141.3251,12754094.6982,Profit,677737.6474,541453.0818,8809159.229,463048.0345,2197465.4043,40089.9761,25141.3251,0.0226,-17.5176
2024-09-11,13616389.2452,705300.8705,573013.6585,9536241.505,490919.2909,2224958.0819,50466.6019,35489.2365,13516389.2452,Profit,685300.8705,553013.6585,9521241.505,475919.2909,2214958.0819,40466.6019,25489.2365,0.0593,-12.6261
2024-09-12,13830241.0884,705755.4565,578462.5363,9720414.7822,497590.606,2241673.0436,50752.4391,35592.2247,13730241.0884,Profit,685755.4565,558462.5363,9705414.7822,482590.606,2231673.0436,40752.4391,25592.2247,0.0157,-11.2539
2024-09-13,13829248.7134,704641.5035,583111.5891,9713576.1885,496050.9811,2245528.7728,50582.3359,35757.3425,13729248.7134,Profit,684641.5035,563111.5891,9698576.1885,481050.9811,2235528.7728,40582.3359,25757.3425,-0.0001,-11.2602
2024-09-16,13590288.0743,685421.8077,584427.5322,9529255.8854,492048.4783,2212442.5487,50501.9313,36189.8906,13490288.0743,Profit,665421.8077,564427.5322,9514255.8854,477048.4783,2202442.5487,40501.9313,26189.8906,-0.0173,-12.7936
2024-09-17,13518532.9076,687062.8485,589720.7032,9434226.8085,497454.2379,2223567.1146,50320.5762,36180.6188,13418532.9076,Profit,667062.8485,569720.7032,9419226.8085,482454.2379,2213567.1146,40320.5762,26180.6188,-0.0053,-13.2541
2024-09-18,13329891.0266,699115.7367,583580.5235,9248938.8603,496037.3858,2216050.8314,50175.5507,35992.1382,13229891.0266,Profit,679115.7367,563580.5235,9233938.8603,481037.3858,2206050.8314,40175.5507,25992.1382,-0.014,-14.4645
2024-09-19,13879475.5103,723583.229,593075.2435,9596978.4954,504186.5615,2374406.6903,50280.1554,36965.1354,13779475.5103,Profit,703583.229,573075.2435,9581978.4954,489186.5615,2364406.6903,40280.1554,26965.1354,0.0412,-10.9379
2024-09-20,13671507.9757,721576.5494,588537.3155,9446105.4056,508855.4807,2319554.823,49821.717,37056.6845,13571507.9757,Profit,701576.5494,568537.3155,9431105.4056,493855.4807,2309554.823,39821.717,27056.6845,-0.015,-12.2724
2024-09-23,13749415.926,713201.8228,583781.6283,9428893.5939,512823.0222,2424081.9171,50116.235,36517.7067,13649415.926,Profit,693201.8228,563781.6283,9413893.5939,497823.0222,2414081.9171,40116.235,26517.7067,0.0057,-11.7725
2024-09-24,14118061.8876,713812.8554,576140.9612,9772323.557,511439.7002,2457820.5153,50171.4079,36352.8906,14018061.8876,Profit,693812.8554,556140.9612,9757323.557,496439.7002,2447820.5153,40171.4079,26352.8906,0.0268,-9.407
2024-09-25,14348108.9061,710355.1671,579829.1728,9981251.8111,507442.8654,2483295.7179,50104.4471,35829.7247,14248108.9061,Profit,690355.1671,559829.1728,9966251.8111,492442.8654,2473295.7179,40104.4471,25829.7247,0.0163,-7.9308
2024-09-26,14376250.4182,714598.7533,579270.7859,10033021.4245,504281.1314,2458431.9509,50550.9525,36095.4197,14276250.4182,Profit,694598.7533,559270.7859,10018021.4245,489281.1314,2448431.9509,40550.9525,26095.4197,0.002,-7.7502
2024-09-27,14237418.6965,716773.4797,575919.3208,9837768.917,496785.936,2523449.2084,50530.8827,36190.9519,14137418.6965,Profit,696773.4797,555919.3208,9822768.917,481785.936,2513449.2084,40530.8827,26190.9519,-0.0097,-8.6411
2024-09-30,14267256.7397,733167.5147,578986.5576,9841010.5702,492451.5798,2534784.6748,50722.0103,36133.8323,14167256.7397,Profit,713167.5147,558986.5576,9826010.5702,477451.5798,2524784.6748,40722.0103,26133.8323,0.0021,-8.4496
2024-10-01,13839896.3254,712064.4393,566266.6387,9484698.8841,489461.3279,2500735.3563,50362.4689,36307.2102,13739896.3254,Profit,692064.4393,546266.6387,9469698.8841,474461.3279,2490735.3563,40362.4689,26307.2102,-0.03,-11.1919
2024-10-02,13884698.2155,713173.756,560934.0623,9625405.757,488012.8409,2411183.7343,49944.1499,36043.9152,13784698.2155,Profit,693173.756,540934.0623,9610405.757,473012.8409,2401183.7343,39944.1499,26043.9152,0.0032,-10.9044
2024-10-03,14166772.9326,712256.7003,562174.8801,9985515.6211,482362.732,2338699.9744,49513.7152,36249.3095,14066772.9326,Profit,692256.7003,542174.8801,9970515.6211,467362.732,2328699.9744,39513.7152,26249.3095,0.0203,-9.0944
2024-10-04,14481621.2798,717783.6801,563061.5669,10181445.8644,495775.5372,2436883.1941,50070.2929,36601.1443,14381621.2798,Profit,697783.6801,543061.5669,10166445.8644,480775.5372,2426883.1941,40070.2929,26601.1443,0.0222,-7.0741
2024-10-07,14613681.2619,703263.9373,555544.2007,10434207.5772,481730.1118,2352278.4719,49917.7259,36739.237,14513681.2619,Profit,683263.9373,535544.2007,10419207.5772,466730.1118,2342278.4719,39917.7259,26739.237,0.0091,-6.2267
2024-10-08,15150039.9504,718731.7942,564541.974,10894897.5402,488562.9729,2396547.8633,50114.3603,36643.4455,15050039.9504,Profit,698731.7942,544541.974,10879897.5402,473562.9729,2386547.8633,40114.3603,26643.4455,0.0367,-2.785
2024-10-09,15155626.6046,732504.3583,569658.0075,10901498.215,496310.2316,2368440.7142,50425.1616,36789.9164,15055626.6046,Profit,712504.3583,549658.0075,10886498.215,481310.2316,2358440.7142,40425.1616,26789.9164,0.0004,-2.7491
2024-10-10,15379784.2288,734321.6558,570099.8473,11130818.0978,502615.8361,2357006.1386,50329.4275,34593.2257,15279784.2288,Profit,714321.6558,550099.8473,11115818.0978,487615.8361,2347006.1386,40329.4275,24593.2257,0.0148,-1.3107
2024-10-11,15180948.8097,729916.7708,571048.3348,11135656.9236,508718.0437,2151096.0582,51316.7917,33195.8869,15080948.8097,Profit,709916.7708,551048.3348,11120656.9236,493718.0437,2141096.0582,41316.7917,23195.8869,-0.0129,-2.5866
2024-10-14,15476457.2695,741947.2492,574917.2813,11405722.9022,505269.4731,2164528.063,51167.5547,32904.746,15376457.2695,Profit,721947.2492,554917.2813,11390722.9022,490269.4731,2154528.063,41167.5547,22904.746,0.0195,-0.6904
2024-10-15,15002220.8295,752524.2623,576205.4057,10906051.6942,507290.4645,2175511.318,51738.7152,32898.9697,14902220.8295,Profit,732524.2623,556205.4057,10891051.6942,492290.4645,2165511.318,41738.7152,22898.9697,-0.0306,-3.7335
2024-10-16,15311611.358,744027.6694,571189.6055,11219809.4487,503884.1482,2187548.5301,52316.5314,32835.4248,15211611.358,Profit,724027.6694,551189.6055,11204809.4487,488884.1482,2177548.5301,42316.5314,22835.4248,0.0206,-1.7482
2024-10-17,15431367.7395,746187.5623,572761.1471,11334641.4506,506270.5662,2186053.3721,52534.4547,32919.1864,15331367.7395,Profit,726187.5623,552761.1471,11319641.4506,491270.5662,2176053.3721,42534.4547,22919.1864,0.0078,-0.9797
2024-10-18,15547493.5803,756062.2328,575282.0382,11433905.2807,510693.1137,2186232.2195,52409.3546,32909.3408,15447493.5803,Profit,736062.2328,555282.0382,11418905.2807,495693.1137,2176232.2195,42409.3546,22909.3408,0.0075,-0.2346
2024-10-21,16046149.3616,762641.7949,577511.462,11935507.3363,512130.8541,2173089.6763,52092.8802,33175.3578,15946149.3616,Profit,742641.7949,557511.462,11920507.3363,497130.8541,2163089.6763,42092.8802,23175.3578,0.0321,0.0
2024-10-22,16027993.4095,760095.6108,589124.9104,11916920.4816,513465.921,2162787.2385,52096.8747,33502.3725,15927993.4095,Profit,740095.6108,569124.9104,11901920.4816,498465.921,2152787.2385,42096.8747,23502.3725,-0.0011,-0.1131
2024-10-23,15636739.4926,744620.9754,585876.8926,11597516.8498,500610.3,2122682.5526,52202.2359,33229.6864,15536739.4926,Profit,724620.9754,565876.8926,11582516.8498,485610.3,2112682.5526,42202.2359,23229.6864,-0.0244,-2.5515
2024-10-24,16178472.4151,744124.336,586141.3013,11669843.1884,505209.3985,2588327.8033,51521.5998,33304.7877,16078472.4151,Profit,724124.336,566141.3013,11654843.1884,490209.3985,2578327.8033,41521.5998,23304.7877,0.0346,0.0
2024-10-25,16401482.97,748290.0309,592013.0503,11786708.3977,510132.7343,2680093.4465,51174.9319,33070.3783,16301482.97,Profit,728290.0309,572013.0503,11771708.3977,495132.7343,2670093.4465,41174.9319,23070.3783,0.0138,0.0
2024-10-28,16283396.0303,755969.6675,590833.8325,11721163.8597,512501.984,2617919.7968,51916.9575,33089.9324,16183396.0303,Profit,735969.6675,570833.8325,11706163.8597,497501.984,2607919.7968,41916.9575,23089.9324,-0.0072,-0.72
2024-10-29,16347512.499,757721.4389,598945.9967,11795626.4859,519737.6215,2591081.7614,51742.0626,32657.1321,16247512.499,Profit,737721.4389,578945.9967,11780626.4859,504737.6215,2581081.7614,41742.0626,22657.1321,0.0039,-0.3291
2024-10-30,16167105.1531,746355.3604,599922.9041,11639041.4802,525063.3266,2572152.4125,51803.0512,32766.6181,16067105.1531,Profit,726355.3604,579922.9041,11624041.4802,510063.3266,2562152.4125,41803.0512,22766.6181,-0.011,-1.429
2024-10-31,15473635.7912,732819.4031,563651.1074,11090654.4622,507854.7067,2495431.8167,50679.0816,32545.2135,15373635.7912,Profit,712819.4031,543651.1074,11075654.4622,492854.7067,2485431.8167,40679.0816,22545.2135,-0.0429,-5.6571
2024-11-01,15728530.7094,723917.333,569881.7974,11321708.5778,539888.708,2489601.6467,51115.0788,32417.5676,15628530.7094,Profit,703917.333,549881.7974,11306708.5778,524888.708,2479601.6467,41115.0788,22417.5676,0.0165,-4.103
2024-11-04,15669940.1384,719028.385,565682.4935,11347548.8685,532567.6378,2421583.523,51176.5665,32352.664,15569940.1384,Profit,699028.385,545682.4935,11332548.8685,517567.6378,2411583.523,41176.5665,22352.664,-0.0037,-4.4602
2024-11-05,16050934.8526,721609.973,568196.7019,11635842.9323,541124.5492,2500123.6336,51396.4991,32640.5637,15950934.8526,Profit,701609.973,548196.7019,11620842.9323,526124.5492,2490123.6336,41396.4991,22640.5637,0.0243,-2.1373
2024-11-06,17023358.4749,723455.2575,583631.4536,12180729.5461,564995.8461,2885691.3855,51516.4891,33338.497,16923358.4749,Profit,703455.2575,563631.4536,12165729.5461,549995.8461,2875691.3855,41516.4891,23338.497,0.0606,0.0
2024-11-07,17326263.4605,735261.7407,587997.0103,12392625.8135,570233.9042,2954799.0793,52025.8119,33320.1006,17226263.4605,Profit,715261.7407,567997.0103,12377625.8135,555233.9042,2944799.0793,42025.8119,23320.1006,0.0178,0.0
2024-11-08,17512891.3464,736875.8338,585982.5133,12330223.2104,567072.9651,3207563.7528,51816.5618,33356.5092,17412891.3464,Profit,716875.8338,565982.5133,12315223.2104,552072.9651,3197563.7528,41816.5618,23356.5092,0.0108,0.0
2024-11-11,17583852.8736,728012.8373,579700.199,12132264.7426,563422.8653,3494948.364,51988.4035,33515.4619,17483852.8736,Profit,708012.8373,559700.199,12117264.7426,548422.8653,3484948.364,41988.4035,23515.4619,0.0041,0.0
2024-11-12,17673513.3037,729634.9455,587969.1806,12412947.0811,570329.3963,3287467.4498,52041.2316,33124.0188,17573513.3037,Profit,709634.9455,567969.1806,12397947.0811,555329.3963,3277467.4498,42041.2316,23124.0188,0.0051,0.0
2024-11-13,17586949.8387,734421.6402,592511.5092,12275457.6673,586007.2545,3313513.7812,51863.9424,33174.044,17486949.8387,Profit,714421.6402,572511.5092,12260457.6673,571007.2545,3303513.7812,41863.9424,23174.044,-0.0049,-0.4898
2024-11-14,17500768.2486,747037.508,596865.5381,12357990.5665,580782.1397,3132769.2525,51717.1603,33606.0835,17400768.2486,Profit,727037.508,576865.5381,12342990.5665,565782.1397,3122769.2525,41717.1603,23606.0835,-0.0049,-0.9774
2024-11-15,17205512.4559,739232.6781,582392.6494,11999781.6525,558485.4192,3240781.7637,51518.6861,33319.6068,17105512.4559,Profit,719232.6781,562392.6494,11984781.6525,543485.4192,3230781.7637,41518.6861,23319.6068,-0.0169,-2.648
2024-11-18,17196696.3931,747184.0085,581925.1772,11813974.6412,554515.9219,3413873.1984,51789.3853,33434.0605,17096696.3931,Profit,727184.0085,561925.1772,11798974.6412,539515.9219,3403873.1984,41789.3853,23434.0605,-0.0005,-2.6979
2024-11-19,17782214.3131,744784.5056,582226.2896,12338447.6534,560072.4946,3471892.4921,51762.3586,33028.5192,17682214.3131,Profit,724784.5056,562226.2896,12323447.6534,545072.4946,3461892.4921,41762.3586,23028.5192,0.034,0.0
2024-11-20,17657516.1302,747771.268,579518.5831,12254949.9308,555813.6702,3435001.7979,51338.8816,33121.9987,17557516.1302,Profit,727771.268,559518.5831,12239949.9308,540813.6702,3425001.7979,41338.8816,23121.9987,-0.007,-0.7013
2024-11-21,17642305.6595,744445.3757,575656.1316,12291419.7892,542203.6763,3402954.8321,52605.5965,33020.2583,17542305.6595,Profit,724445.3757,555656.1316,12276419.7892,527203.6763,3392954.8321,42605.5965,23020.2583,-0.0009,-0.7868
2024-11-22,17406698.6025,749863.5512,582205.8289,11912032.1868,539493.1678,3537211.8931,52672.9832,33218.9915,17306698.6025,Profit,729863.5512,562205.8289,11897032.1868,524493.1678,3527211.8931,42672.9832,23218.9915,-0.0134,-2.1117
2024-11-25,16793784.7979,759701.9591,584746.8132,11415269.1972,551383.2855,3397294.7892,52356.6814,33032.0723,16693784.7979,Profit,739701.9591,564746.8132,11400269.1972,536383.2855,3387294.7892,42356.6814,23032.0723,-0.0352,-5.5585
2024-11-26,17026523.4932,772441.1973,601952.6783,11574643.792,573078.8974,3418443.4487,52666.566,33296.9135,16926523.4932,Profit,752441.1973,581952.6783,11559643.792,558078.8974,3408443.4487,42666.566,23296.9135,0.0139,-4.2497
2024-11-27,16771488.0797,769493.1189,592977.0007,11403695.278,565381.0509,3353482.4888,52968.0976,33491.0446,16671488.0797,Profit,749493.1189,572977.0007,11388695.278,550381.0509,3343482.4888,42968.0976,23491.0446,-0.015,-5.6839
2024-11-29,17123128.1201,775917.5953,592536.2407,11627244.7109,570231.0849,3470647.6874,53038.7999,33512.001,17023128.1201,Profit,755917.5953,572536.2407,11612244.7109,555231.0849,3460647.6874,43038.7999,23512.001,0.021,-3.7064
2024-12-02,17357070.6518,785879.1412,605038.8398,11697487.6528,579863.8695,3602395.3303,52980.0572,33425.761,17257070.6518,Profit,765879.1412,585038.8398,11682487.6528,564863.8695,3592395.3303,42980.0572,23425.761,0.0137,-2.3908
2024-12-03,17455148.2191,795918.2804,605347.6907,11835035.6608,587376.6992,3545195.2364,52819.1523,33455.4993,17355148.2191,Profit,775918.2804,585347.6907,11820035.6608,572376.6992,3535195.2364,42819.1523,23455.4993,0.0057,-1.8393
2024-12-04,17968763.2373,797659.4534,614516.6278,12255548.7205,600793.0384,3613438.335,53119.4458,33687.6165,17868763.2373,Profit,777659.4534,594516.6278,12240548.7205,585793.0384,3603438.335,43119.4458,23687.6165,0.0294,0.0
2024-12-05,18056391.1816,796170.434,620584.1242,12225253.2279,606165.8337,3722715.6177,54138.5973,31363.3468,17956391.1816,Profit,776170.434,600584.1242,12210253.2279,591165.8337,3712715.6177,44138.5973,21363.3468,0.0049,0.0
2024-12-06,18177543.0466,801068.5022,626257.7187,12088250.5783,628331.6544,3948877.1136,53677.6291,31079.8503,18077543.0466,Profit,781068.5022,606257.7187,12073250.5783,613331.6544,3938877.1136,43677.6291,21079.8503,0.0067,0.0
2024-12-09,17881801.7829,813621.9693,629449.4879,11775188.5101,625464.5062,3952981.5669,53616.536,31479.2066,17781801.7829,Profit,793621.9693,609449.4879,11760188.5101,610464.5062,3942981.5669,43616.536,21479.2066,-0.0163,-1.627
2024-12-10,17721326.8908,819126.3867,627291.5019,11487929.0906,624189.9427,4077212.7185,53739.8621,31837.3884,17621326.8908,Profit,799126.3867,607291.5019,11472929.0906,609189.9427,4067212.7185,43739.8621,21837.3884,-0.009,-2.5098
2024-12-11,18325441.2568,814147.0978,634717.1733,11837675.6426,638082.5168,4315041.3511,53741.7153,32035.7598,18225441.2568,Profit,794147.0978,614717.1733,11822675.6426,623082.5168,4305041.3511,43741.7153,22035.7598,0.0341,0.0
2024-12-12,18135236.6934,820973.0979,637049.577,11698311.3338,636031.9286,4257486.5195,53289.5327,32094.704,18035236.6934,Profit,800973.0979,617049.577,11683311.3338,621031.9286,4247486.5195,43289.5327,22094.704,-0.0104,-1.0379
2024-12-13,18104270.9198,824018.8706,635725.42,11469768.845,633752.3856,4455566.0079,53373.8719,32065.5188,18004270.9198,Profit,804018.8706,615725.42,11454768.845,618752.3856,4445566.0079,43373.8719,22065.5188,-0.0017,-1.2069
2024-12-16,18226826.8756,834154.1345,642226.4614,11283877.7846,649357.8132,4731852.2426,53365.2709,31993.1683,18126826.8756,Profit,814154.1345,622226.4614,11268877.7846,634357.8132,4721852.2426,43365.2709,21993.1683,0.0068,-0.5381
2024-12-17,18352557.8623,846163.2754,649303.7567,11197913.2814,647382.4377,4926679.9013,53306.6635,31808.5464,18252557.8623,Profit,826163.2754,629303.7567,11182913.2814,632382.4377,4916679.9013,43306.6635,21808.5464,0.0069,0.0
2024-12-18,17790291.3147,830241.52,626575.2518,11100219.3081,619251.5979,4530779.2661,51780.4401,31443.9307,17690291.3147,Profit,810241.52,606575.2518,11085219.3081,604251.5979,4520779.2661,41780.4401,21443.9307,-0.0306,-3.0637
2024-12-19,17948546.4807,837640.793,627238.0669,11273813.5071,628210.5066,4498466.5304,51825.9671,31351.1096,17848546.4807,Profit,817640.793,607238.0669,11258813.5071,613210.5066,4488466.5304,41825.9671,21351.1096,0.0089,-2.2014
2024-12-20,18153773.8022,853099.7338,626402.8875,11616577.081,632576.2158,4341117.5969,52240.6769,31759.6103,18053773.8022,Profit,833099.7338,606402.8875,11601577.081,617576.2158,4331117.5969,42240.6769,21759.6103,0.0114,-1.0831
2024-12-23,18721052.4976,857502.3311,625770.1434,12070346.9826,634291.8591,4448746.188,52349.7768,32045.2166,18621052.4976,Profit,837502.3311,605770.1434,12055346.9826,619291.8591,4438746.188,42349.7768,22045.2166,0.0312,0.0
2024-12-24,19111165.7242,866802.2316,631241.1549,12110301.9363,645133.3687,4773062.2094,52325.7143,32299.109,19011165.7242,Profit,846802.2316,611241.1549,12095301.9363,630133.3687,4763062.2094,42325.7143,22299.109,0.0208,0.0
2024-12-26,18997388.5908,869556.5896,629488.2261,12085255.6693,639500.246,4688913.0854,52473.0619,32201.7125,18897388.5908,Profit,849556.5896,609488.2261,12070255.6693,624500.246,4678913.0854,42473.0619,22201.7125,-0.006,-0.5953
2024-12-27,18520006.7408,859828.9193,619887.0764,11857741.8813,631519.7997,4466203.5683,52495.6314,32329.8644,18420006.7408,Profit,839828.9193,599887.0764,11842741.8813,616519.7997,4456203.5683,42495.6314,22329.8644,-0.0251,-3.0933
2024-12-30,18340294.0227,846249.0245,610110.1506,11868743.6063,623001.7281,4307680.3312,52213.6206,32295.5614,18240294.0227,Profit,826249.0245,590110.1506,11853743.6063,608001.7281,4297680.3312,42213.6206,22295.5614,-0.0097,-4.0336
2024-12-31,17920417.4938,840858.409,605748.8257,11600567.5915,618054.2461,4170536.054,52236.9291,32415.4384,17820417.4938,Profit,820858.409,585748.8257,11585567.5915,603054.2461,4160536.054,42236.9291,22415.4384,-0.0229,-6.2306
2025-01-02,18025953.1915,820448.9313,602764.8021,11971913.0772,621642.8362,3924794.2778,51981.7074,32407.5595,17925953.1915,Profit,800448.9313,582764.8021,11956913.0772,606642.8362,3914794.2778,41981.7074,22407.5595,0.0059,-5.6784
2025-01-03,18930234.7051,820167.7911,610648.4992,12525929.5829,633902.8894,4254308.2485,52394.532,32883.162,18830234.7051,Profit,800167.7911,590648.4992,12510929.5829,618902.8894,4244308.2485,42394.532,22883.162,0.0502,-0.9467
2025-01-06,19262842.0925,820316.9171,613122.5561,12871646.8818,639384.1417,4232899.4747,52541.9271,32930.194,19162842.0925,Profit,800316.9171,593122.5561,12856646.8818,624384.1417,4222899.4747,42541.9271,22930.194,0.0176,0.0
2025-01-07,18248065.3402,810522.6461,604932.0636,12064691.3798,623586.0873,4058765.3438,52413.2738,33154.5457,18148065.3402,Profit,790522.6461,584932.0636,12049691.3798,608586.0873,4048765.3438,42413.2738,23154.5457,-0.0527,-5.2681
2025-01-08,18319809.1065,814996.4078,610188.8365,12104166.2331,625816.7232,4078907.437,52743.4144,32990.0546,18219809.1065,Profit,794996.4078,590188.8365,12089166.2331,610816.7232,4068907.437,42743.4144,22990.0546,0.0039,-4.8956
2025-01-10,17956646.3401,797117.9474,603464.984,11767436.3028,618201.0789,4085907.798,51448.7096,33069.5193,17856646.3401,Profit,777117.9474,583464.984,11752436.3028,603201.0789,4075907.798,41448.7096,23069.5193,-0.0198,-6.7809
2025-01-13,17787795.7727,788273.1115,600471.4971,11526596.7125,616375.2635,4171430.7933,51561.4133,33086.9814,17687795.7727,Profit,768273.1115,580471.4971,11511596.7125,601375.2635,4161430.7933,41561.4133,23086.9814,-0.0094,-7.6575
2025-01-14,17532211.8074,782328.8173,596623.0943,11367776.5415,612694.8797,4088168.0831,51357.6873,33262.7044,17432211.8074,Profit,762328.8173,576623.0943,11352776.5415,597694.8797,4078168.0831,41357.6873,23262.7044,-0.0144,-8.9843
2025-01-15,18247563.4681,795667.7857,610319.5891,11724031.7946,626805.0844,4405409.4743,51722.0402,33607.6999,18147563.4681,Profit,775667.7857,590319.5891,11709031.7946,611805.0844,4395409.4743,41722.0402,23607.6999,0.0408,-5.2707
2025-01-16,17894719.7876,766398.3617,610132.7697,11537568.9002,621588.823,4273304.4956,52046.9215,33679.5159,17794719.7876,Profit,746398.3617,590132.7697,11522568.9002,606588.823,4263304.4956,42046.9215,23679.5159,-0.0193,-7.1024
2025-01-17,18471984.4139,774693.5452,618541.4939,11934032.575,638541.4092,4418631.2316,52416.9701,35127.1889,18371984.4139,Profit,754693.5452,598541.4939,11919032.575,623541.4092,4408631.2316,42416.9701,25127.1889,0.0323,-4.1056
2025-01-21,18616360.3643,746384.035,614824.376,12146075.9884,648905.4698,4372454.9795,52902.128,34813.3876,18516360.3643,Profit,726384.035,594824.376,12131075.9884,633905.4698,4362454.9795,42902.128,24813.3876,0.0078,-3.3561
2025-01-22,19106859.8489,750531.6959,640354.5505,12686902.1308,661137.8802,4280964.9748,52385.0825,34583.5341,19006859.8489,Profit,730531.6959,620354.5505,12671902.1308,646137.8802,4270964.9748,42385.0825,24583.5341,0.0263,-0.8098
2025-01-23,19096256.48,750062.9334,641175.6981,12701609.4599,662383.4891,4253402.8512,52851.2725,34770.7758,18996256.48,Profit,730062.9334,621175.6981,12686609.4599,647383.4891,4243402.8512,42851.2725,24770.7758,-0.0006,-0.8648
2025-01-24,18586121.8244,745296.3069,635819.7826,12274770.3859,659170.4203,4183366.7286,52951.4459,34746.7542,18486121.8244,Profit,725296.3069,615819.7826,12259770.3859,644170.4203,4173366.7286,42951.4459,24746.7542,-0.0267,-3.5131
2025-01-27,16469658.3724,771393.9506,624170.4784,10223958.912,662844.4058,4099166.7689,53121.9901,35001.8665,16369658.3724,Profit,751393.9506,604170.4784,10208958.912,647844.4058,4089166.7689,43121.9901,25001.8665,-0.1139,-14.5004
2025-01-28,17461828.1291,800305.3544,642906.3015,11146601.9756,671137.086,4112583.2352,53382.4827,34911.6938,17361828.1291,Profit,780305.3544,622906.3015,11131601.9756,656137.086,4102583.2352,43382.4827,24911.6938,0.0602,-9.3497
2025-01-29,16953215.1686,806290.2567,637716.3811,10719917.4318,669996.5118,4031159.2315,53069.247,35066.1087,16853215.1686,Profit,786290.2567,617716.3811,10704917.4318,654996.5118,4021159.2315,43069.247,25066.1087,-0.0291,-11.9901
2025-01-30,17074815.1118,799164.937,597429.3283,10786529.9335,662164.2374,4140953.3981,53582.5794,34990.6981,16974815.1118,Profit,779164.937,577429.3283,10771529.9335,647164.2374,4130953.3981,43582.5794,24990.6981,0.0072,-11.3588
2025-01-31,16806912.5717,797669.674,600431.941,10440660.6258,674000.6396,4205971.5311,53201.396,34976.7642,16706912.5717,Profit,777669.674,580431.941,10425660.6258,659000.6396,4195971.5311,43201.396,24976.7642,-0.0157,-12.7496
2025-02-03,16391089.6831,777000.924,599326.8767,10227488.7334,678794.8514,4021269.5084,52265.9706,34942.8187,16291089.6831,Profit,757000.924,579326.8767,10212488.7334,663794.8514,4011269.5084,42265.9706,24942.8187,-0.0247,-14.9082
2025-02-04,16392252.0556,779301.2028,590815.6689,10218172.913,679833.7721,4038044.9519,51290.6994,34792.8476,16292252.0556,Profit,759301.2028,570815.6689,10203172.913,664833.7721,4028044.9519,41290.6994,24792.8476,0.0001,-14.9022
2025-02-05,16705421.7624,775491.4891,590069.8793,10712925.4485,660979.5803,3879923.5418,51275.5647,34756.2587,16605421.7624,Profit,755491.4891,570069.8793,10697925.4485,645979.5803,3869923.5418,41275.5647,24756.2587,0.0191,-13.2764
2025-02-06,17042451.0828,779459.7306,594803.3869,11064191.2477,669686.7429,3847677.2522,51532.048,35100.6745,16942451.0828,Profit,759459.7306,574803.3869,11049191.2477,654686.7429,3837677.2522,41532.048,25100.6745,0.0202,-11.5268
2025-02-07,16928692.725,759500.9228,585138.4599,11145222.7301,641466.9835,3710903.5671,51394.0066,35066.055,16828692.725,Profit,739500.9228,565138.4599,11130222.7301,626466.9835,3700903.5671,41394.0066,25066.055,-0.0067,-12.1174
2025-02-10,17183394.233,761732.9256,589694.9929,11485446.1606,653777.4513,3605444.7212,50910.004,36387.9773,17083394.233,Profit,741732.9256,569694.9929,11470446.1606,638777.4513,3595444.7212,40910.004,26387.9773,0.015,-10.7951
2025-02-11,16884808.9822,777491.9532,587921.6832,11406478.9837,651982.7109,3373151.7945,51047.0812,36734.7754,16784808.9822,Profit,757491.9532,567921.6832,11391478.9837,636982.7109,3363151.7945,41047.0812,26734.7754,-0.0174,-12.3452
2025-02-12,16813470.7329,791200.3334,584124.5531,11256812.2984,640851.1304,3453227.5852,50984.8186,36270.0137,16713470.7329,Profit,771200.3334,564124.5531,11241812.2984,625851.1304,3443227.5852,40984.8186,26270.0137,-0.0042,-12.7155
2025-02-13,17323107.8743,803610.0921,583970.4193,11567556.533,642356.4029,3638310.0973,51188.4248,36115.9048,17223107.8743,Profit,783610.0921,563970.4193,11552556.533,627356.4029,3628310.0973,41188.4248,26115.9048,0.0303,-10.0698
2025-02-14,17534673.8583,809479.3506,577868.819,11808590.817,634241.3819,3617878.1622,50800.0447,35815.283,17434673.8583,Profit,789479.3506,557868.819,11793590.817,619241.3819,3607878.1622,40800.0447,25815.283,0.0122,-8.9715
2025-02-18,17593948.5952,810589.2773,580685.4571,11877961.9298,629809.3153,3607151.0452,51687.8561,36063.7144,17493948.5952,Profit,790589.2773,560685.4571,11862961.9298,614809.3153,3597151.0452,41687.8561,26063.7144,0.0034,-8.6638
2025-02-19,17690925.6637,813630.8361,589200.2684,11888552.6548,631084.8617,3680617.5219,51651.4316,36188.0893,17590925.6637,Profit,793630.8361,569200.2684,11873552.6548,616084.8617,3670617.5219,41651.4316,26188.0893,0.0055,-8.1604
2025-02-20,17654075.2705,814814.4847,589677.5524,11934253.6842,619115.1515,3608833.3473,51143.9323,36237.1181,17554075.2705,Profit,794814.4847,569677.5524,11919253.6842,604115.1515,3598833.3473,41143.9323,26237.1181,-0.0021,-8.3517
2025-02-21,16993648.8473,814972.2898,579229.1493,11465778.0744,602420.696,3444403.0084,50878.5956,35967.0338,16893648.8473,Profit,794972.2898,559229.1493,11450778.0744,587420.696,3434403.0084,40878.5956,25967.0338,-0.0374,-11.7802
2025-02-24,16573446.9205,821395.1683,573981.6779,11125895.523,592405.8471,3373216.7477,50810.2151,35741.7414,16473446.9205,Profit,801395.1683,553981.6779,11110895.523,577405.8471,3363216.7477,40810.2151,25741.7414,-0.0247,-13.9616
2025-02-25,16041152.1746,824532.7462,567779.0622,10861319.8708,595239.6081,3104908.8107,51341.5554,36030.5212,15941152.1746,Profit,804532.7462,547779.0622,10846319.8708,580239.6081,3094908.8107,41341.5554,26030.5212,-0.0321,-16.7249
2025-02-26,16361092.6575,805160.4494,572466.3948,11301143.3877,601757.4924,2992713.9024,51610.4941,36240.5366,16261092.6575,Profit,785160.4494,552466.3948,11286143.3877,586757.4924,2982713.9024,41610.4941,26240.5366,0.0199,-15.064
2025-02-27,15362187.3838,799510.3527,565409.023,10402895.0907,589400.2613,2918431.6351,50054.0942,36486.9267,15262187.3838,Profit,779510.3527,545409.023,10387895.0907,574400.2613,2908431.6351,40054.0942,26486.9267,-0.0611,-20.2496
2025-02-28,15940095.3134,815709.4684,572467.7082,10827893.2497,600060.8186,3035966.299,51397.0522,36600.7173,15840095.3134,Profit,795709.4684,552467.7082,10812893.2497,585060.8186,3025966.299,41397.0522,26600.7173,0.0376,-17.2495
2025-03-03,14855733.9367,802304.0822,559822.523,9879715.834,579137.2726,2947604.8061,50787.7285,36361.6902,14755733.9367,Profit,782304.0822,539822.523,9864715.834,564137.2726,2937604.8061,40787.7285,26361.6902,-0.068,-22.8788
2025-03-04,14942454.4358,798587.5603,562363.0449,10089366.8502,578124.9943,2828935.9375,49143.0571,35932.9914,14842454.4358,Profit,778587.5603,542363.0449,10074366.8502,563124.9943,2818935.9375,39143.0571,25932.9914,0.0058,-22.4286
2025-03-05,15037040.535,791388.0402,575555.4758,10119515.7972,586206.0153,2878515.2776,49838.9875,36020.9413,14937040.535,Profit,771388.0402,555555.4758,10104515.7972,571206.0153,2868515.2776,39838.9875,26020.9413,0.0063,-21.9376
2025-03-06,14205219.1757,786665.5412,567209.9356,9498423.8595,562258.2155,2705574.0248,49243.7839,35843.8153,14105219.1757,Profit,766665.5412,547209.9356,9483423.8595,547258.2155,2695574.0248,39243.7839,25843.8153,-0.0553,-26.2558
2025-03-07,14445534.5034,802624.3921,564529.1438,9722485.8717,560614.6895,2709251.9689,49816.4804,36211.9569,14345534.5034,Profit,782624.3921,544529.1438,9707485.8717,545614.6895,2699251.9689,39816.4804,26211.9569,0.0169,-25.0083
2025-03-10,13518743.1724,766901.0147,547932.7196,9268383.0157,549647.7974,2300883.7582,49120.228,35874.6388,13418743.1724,Profit,746901.0147,527932.7196,9253383.0157,534647.7974,2290883.7582,39120.228,25874.6388,-0.0642,-29.8196
2025-03-11,13761326.9106,745551.4145,549110.665,9435654.9825,556209.5962,2391505.9739,48030.3175,35263.961,13661326.9106,Profit,725551.4145,529110.665,9420654.9825,541209.5962,2381505.9739,38030.3175,25263.961,0.0179,-28.5602
2025-03-12,14486459.7175,729476.2229,550884.0386,9999525.763,560380.5777,2562430.9217,48242.747,35519.4465,14386459.7175,Profit,709476.2229,530884.0386,9984525.763,545380.5777,2552430.9217,38242.747,25519.4465,0.0527,-24.7958
2025-03-13,14367479.6501,705816.7358,545097.016,9998192.2643,546976.1697,2489005.0534,47230.9401,35161.4708,14267479.6501,Profit,685816.7358,525097.016,9983192.2643,531976.1697,2479005.0534,37230.9401,25161.4708,-0.0082,-25.4135
2025-03-14,15008860.0129,717592.8762,558371.0702,10509665.4046,557615.8231,2581413.7978,48323.7115,35877.3296,14908860.0129,Profit,697592.8762,538371.0702,10494665.4046,542615.8231,2571413.7978,38323.7115,25877.3296,0.0446,-22.0839
2025-03-17,14611323.8131,715111.7325,555311.1982,10264537.2097,548171.2308,2443456.6583,48571.6011,36164.1824,14511323.8131,Profit,695111.7325,535311.1982,10249537.2097,533171.2308,2433456.6583,38571.6011,26164.1824,-0.0265,-24.1476
2025-03-18,14105790.5964,710582.832,547795.9444,9910374.2386,539880.4968,2312590.8788,48458.0187,36108.1871,14005790.5964,Profit,690582.832,527795.9444,9895374.2386,524880.4968,2302590.8788,38458.0187,26108.1871,-0.0346,-26.772
2025-03-19,14441874.3825,720356.1525,554906.1501,10107451.8719,548453.3725,2425108.5077,49293.6573,36304.6705,14341874.3825,Profit,700356.1525,534906.1501,10092451.8719,533453.3725,2415108.5077,39293.6573,26304.6705,0.0238,-25.0273
2025-03-20,14547110.0107,717598.0944,554315.2952,10209261.6688,547600.0657,2432782.2145,49188.7131,36363.9591,14447110.0107,Profit,697598.0944,534315.2952,10194261.6688,532600.0657,2422782.2145,39188.7131,26363.9591,0.0073,-24.481
2025-03-21,14628368.9563,731622.5423,560687.9311,10138478.4714,551177.727,2561159.0521,49101.3732,36141.8593,14528368.9563,Profit,711622.5423,540687.9311,10123478.4714,536177.727,2551159.0521,39101.3732,26141.8593,0.0056,-24.0591
2025-03-24,15253881.6506,738320.179,562118.262,10436185.012,569788.1764,2860802.8071,49995.0725,36672.1415,15153881.6506,Profit,718320.179,542118.262,10421185.012,554788.1764,2850802.8071,39995.0725,26672.1415,0.0428,-20.8119
2025-03-25,15289178.0975,747275.525,564224.4548,10358354.7192,575770.0859,2956446.5076,50236.945,36869.8601,15189178.0975,Profit,727275.525,544224.4548,10343354.7192,560770.0859,2946446.5076,40236.945,26869.8601,0.0023,-20.6286
2025-03-26,14473323.3758,738410.0413,555723.4055,9744456.8428,561848.3476,2785991.1247,49975.2197,36918.3941,14373323.3758,Profit,718410.0413,535723.4055,9729456.8428,546848.3476,2775991.1247,39975.2197,26918.3941,-0.0534,-24.864
2025-03-27,14334229.4962,748287.4359,558192.0851,9572301.444,564107.1961,2804985.5129,49446.38,36909.4422,14234229.4962,Profit,728287.4359,538192.0851,9557301.444,549107.1961,2794985.5129,39446.38,26909.4422,-0.0096,-25.5861
2025-03-28,14020247.7731,728293.2055,541281.1919,9419793.2993,539826.8948,2706222.6954,48331.8109,36498.6752,13920247.7731,Profit,708293.2055,521281.1919,9404793.2993,524826.8948,2696222.6954,38331.8109,26498.6752,-0.0219,-27.2161
2025-03-31,13933659.7553,746013.0888,538995.5166,9353887.9506,535506.455,2673978.8604,48816.0891,36461.7948,13833659.7553,Profit,726013.0888,518995.5166,9338887.9506,520506.455,2663978.8604,38816.0891,26461.7948,-0.0062,-27.6656
2025-04-01,14173454.8015,748111.7658,547690.3347,9488134.2704,539828.8762,2764540.0632,49122.9847,36026.5065,14073454.8015,Profit,728111.7658,527690.3347,9473134.2704,524828.8762,2754540.0632,39122.9847,26026.5065,0.0172,-26.4207
2025-04-02,14329824.8345,748997.0779,546550.01,9492830.2128,549541.3804,2906115.8636,49488.7056,36301.5842,14229824.8345,Profit,728997.0779,526550.01,9477830.2128,534541.3804,2896115.8636,39488.7056,26301.5842,0.011,-25.609
2025-04-03,13064487.5055,667833.887,524281.4695,8598366.6461,491429.8999,2698867.8909,48786.5629,34921.1493,12964487.5055,Profit,647833.887,504281.4695,8583366.6461,476429.8999,2688867.8909,38786.5629,24921.1493,-0.0883,-32.1778
2025-04-04,12186169.0135,625622.3982,510918.0456,8048966.3564,475940.5179,2442912.5156,47497.643,34311.5369,12086169.0135,Profit,605622.3982,490918.0456,8033966.3564,460940.5179,2432912.5156,37497.643,24311.5369,-0.0672,-36.7374
2025-04-07,12400962.8081,603067.7157,508464.1658,8339029.8334,488140.4143,2381940.2416,46785.3684,33535.0689,12300962.8081,Profit,583067.7157,488464.1658,8324029.8334,473140.4143,2371940.2416,36785.3684,23535.0689,0.0176,-35.6224
2025-04-08,12096465.7047,571811.5818,502713.003,8207241.8292,474325.9505,2260460.5576,46340.309,33572.4735,11996465.7047,Profit,551811.5818,482713.003,8192241.8292,459325.9505,2250460.5576,36340.309,23572.4735,-0.0246,-37.2031
2025-04-09,14298208.0407,657332.8365,551862.3243,9712288.9768,529415.047,2764372.0605,48479.197,34457.5986,14198208.0407,Profit,637332.8365,531862.3243,9697288.9768,514415.047,2754372.0605,38479.197,24457.5986,0.182,-25.7731
2025-04-10,13324207.5517,623458.7301,533803.2851,9050846.9946,497254.1105,2538834.4741,46420.763,33589.1943,13224207.5517,Profit,603458.7301,513803.2851,9035846.9946,482254.1105,2528834.4741,36420.763,23589.1943,-0.0681,-30.8295
2025-04-11,13531915.1305,642979.8126,538892.0303,9250308.3801,502745.0933,2515293.3552,47395.9339,34300.5251,13431915.1305,Profit,622979.8126,518892.0303,9235308.3801,487745.0933,2505293.3552,37395.9339,24300.5251,0.0156,-29.7512
2025-04-14,13512844.1678,656734.1739,537655.5671,9225981.0329,494945.6932,2514062.0795,48247.5458,35218.0754,13412844.1678,Profit,636734.1739,517655.5671,9210981.0329,479945.6932,2504062.0795,38247.5458,25218.0754,-0.0014,-29.8502
2025-04-15,13695507.7158,658005.8687,536813.727,9385850.1365,489933.471,2541262.3169,48360.4041,35281.7917,13595507.7158,Profit,638005.8687,516813.727,9370850.1365,474933.471,2531262.3169,38360.4041,25281.7917,0.0135,-28.9019
2025-04-16,12825215.9481,630390.0665,515530.1001,8713285.1585,474082.0691,2408026.277,48379.252,35523.025,12725215.9481,Profit,610390.0665,495530.1001,8698285.1585,459082.0691,2398026.277,38379.252,25523.025,-0.0635,-33.4199
2025-04-17,12542600.0331,637664.43,509004.6089,8443012.2992,468289.3955,2400515.0968,48523.1243,35591.0785,12442600.0331,Profit,617664.43,489004.6089,8428012.2992,453289.3955,2390515.0968,38523.1243,25591.0785,-0.022,-34.8871
2025-04-21,11952579.718,623626.8004,495692.1311,8040472.8361,452725.5997,2256531.3846,47964.747,35566.219,11852579.718,Profit,603626.8004,475692.1311,8025472.8361,437725.5997,2246531.3846,37964.747,25566.219,-0.047,-37.9501
2025-04-22,12276467.7368,645199.1804,506576.8728,8208906.1812,468818.6197,2361576.9846,49138.6794,36251.2187,12176467.7368,Profit,625199.1804,486576.8728,8193906.1812,453818.6197,2351576.9846,39138.6794,26251.2187,0.0271,-36.2687
2025-04-23,12806982.4124,662998.0812,518676.2965,8553137.4923,490461.217,2496222.6954,49219.8326,36266.7975,12706982.4124,Profit,642998.0812,498676.2965,8538137.4923,475461.217,2486222.6954,39219.8326,26266.7975,0.0432,-33.5146
2025-04-24,13251456.7351,675267.7872,536600.3683,8863558.0779,506629.1873,2583718.007,49173.234,36510.0733,13151456.7351,Profit,655267.7872,516600.3683,8848558.0779,491629.1873,2573718.007,39173.234,26510.0733,0.0347,-31.2072
2025-04-25,13893073.6238,677776.6505,542552.1186,9238985.3474,512950.1982,2835161.6043,49178.9168,36468.788,13793073.6238,Profit,657776.6505,522552.1186,9223985.3474,497950.1982,2825161.6043,39178.9168,26468.788,0.0484,-27.8763
2025-04-28,13698716.6661,679922.7868,541088.8693,9040742.7938,508971.1896,2841747.4634,49474.9265,36768.6367,13598716.6661,Profit,659922.7868,521088.8693,9025742.7938,493971.1896,2831747.4634,39474.9265,26768.6367,-0.014,-28.8853
2025-04-29,13788441.1225,683235.664,544954.6867,9062892.3691,508020.5228,2902251.8375,50014.8319,37071.2104,13688441.1225,Profit,663235.664,524954.6867,9047892.3691,493020.5228,2892251.8375,40014.8319,27071.2104,0.0065,-28.4195
2025-04-30,13645560.7072,685673.0767,545260.2336,9031692.7486,498705.0214,2797073.9627,49880.0916,37275.5727,13545560.7072,Profit,665673.0767,525260.2336,9016692.7486,483705.0214,2787073.9627,39880.0916,27275.5727,-0.0104,-29.1612
2025-05-01,13936069.6764,689513.5672,587857.9938,9270829.9247,515228.9052,2785648.5164,50025.1171,36965.652,13836069.6764,Profit,669513.5672,567857.9938,9255829.9247,500228.9052,2775648.5164,40025.1171,26965.652,0.0213,-27.6531
2025-05-02,14193833.839,662029.683,599946.0366,9486139.9057,513293.924,2844661.3857,50414.6089,37348.2951,14093833.839,Profit,642029.683,579946.0366,9471139.9057,498293.924,2834661.3857,40414.6089,27348.2951,0.0185,-26.315
2025-05-05,14052295.6006,641807.2692,601739.0449,9438686.1527,503960.5748,2778440.2621,50337.2668,37325.03,13952295.6006,Profit,621807.2692,581739.0449,9423686.1527,488960.5748,2768440.2621,40337.2668,27325.03,-0.01,-27.0497
2025-05-06,13940678.4833,639184.4468,596495.0683,9395017.6103,499250.0454,2723834.8438,49891.621,37004.8478,13840678.4833,Profit,619184.4468,576495.0683,9380017.6103,484250.0454,2713834.8438,39891.621,27004.8478,-0.0079,-27.6292
2025-05-07,14256574.7728,632504.0627,597112.793,9695420.6857,509714.8119,2735018.3268,49951.1463,36852.9464,14156574.7728,Profit,612504.0627,577112.793,9680420.6857,494714.8119,2725018.3268,39951.1463,26852.9464,0.0227,-25.9892
2025-05-08,14502700.83,641619.6704,608611.9614,9799310.3372,522991.6504,2842862.6057,50202.2235,37102.3814,14402700.83,Profit,621619.6704,588611.9614,9784310.3372,507991.6504,2832862.6057,40202.2235,27102.3814,0.0173,-24.7115
2025-05-09,14604800.6883,645927.7807,610266.172,9753203.1707,526415.9398,2981292.059,50463.2171,37232.349,14504800.6883,Profit,625927.7807,590266.172,9738203.1707,511415.9398,2971292.059,40463.2171,27232.349,0.007,-24.1815
2025-05-12,15513748.5161,690216.6043,628099.0424,10336560.5514,571798.1119,3198627.7579,50965.0574,37481.391,15413748.5161,Profit,670216.6043,608099.0424,10321560.5514,556798.1119,3188627.7579,40965.0574,27481.391,0.0622,-19.4628
2025-05-13,16235161.8578,695781.055,626630.3728,10896316.4688,578079.8326,3349305.2377,51255.0361,37793.8547,16135161.8578,Profit,675781.055,606630.3728,10881316.4688,563079.8326,3339305.2377,41255.0361,27793.8547,0.0465,-15.7177
2025-05-14,16820033.8434,693572.708,631705.8594,11345952.5963,574810.9044,3484508.1392,51543.7738,37939.8623,16720033.8434,Profit,673572.708,611705.8594,11330952.5963,559810.9044,3474508.1392,41543.7738,27939.8623,0.036,-12.6815
2025-05-15,16738601.5484,691734.7252,632921.2485,11320196.2946,561766.0416,3440967.3791,52569.2027,38446.6565,16638601.5484,Profit,671734.7252,612921.2485,11305196.2946,546766.0416,3430967.3791,42569.2027,28446.6565,-0.0048,-13.1042
2025-05-16,16853264.1712,690821.3205,634241.3475,11363175.6946,562674.5148,3511326.9184,52984.6078,38039.7676,16753264.1712,Profit,670821.3205,614241.3475,11348175.6946,547674.5148,3501326.9184,42984.6078,28039.7676,0.0069,-12.5089
2025-05-19,16789049.2947,682706.7438,640663.7619,11377442.6065,564234.5346,3432167.0539,53540.4788,38294.1152,16689049.2947,Profit,662706.7438,620663.7619,11362442.6065,549234.5346,3422167.0539,43540.4788,28294.1152,-0.0038,-12.8423
2025-05-20,16640776.7055,674299.8231,637672.9747,11242077.1731,556756.4939,3438666.3853,53094.8953,38208.9602,16540776.7055,Profit,654299.8231,617672.9747,11227077.1731,541756.4939,3428666.3853,43094.8953,28208.9602,-0.0088,-13.612
2025-05-21,16199473.0153,654640.0182,625946.4867,10957397.5202,545282.3858,3325759.8339,52488.0785,37958.692,16099473.0153,Profit,634640.0182,605946.4867,10942397.5202,530282.3858,3315759.8339,42488.0785,27958.692,-0.0265,-15.903
2025-05-22,16382630.5793,653310.85,630113.2288,11060571.974,551525.4253,3394952.5985,52863.9466,39292.5561,16282630.5793,Profit,633310.85,610113.2288,11045571.974,536525.4253,3384952.5985,42863.9466,29292.5561,0.0113,-14.9522
2025-05-23,16073535.8211,628346.3007,618504.3427,10842483.4503,541309.6521,3350264.9731,53220.9458,39406.1563,15973535.8211,Profit,608346.3007,598504.3427,10827483.4503,526309.6521,3340264.9731,43220.9458,29406.1563,-0.0189,-16.5568
2025-05-27,16721145.8065,645128.9264,633818.3115,11205619.0815,555622.9092,3587720.0065,53472.892,39763.6793,16621145.8065,Profit,625128.9264,613818.3115,11190619.0815,540622.9092,3577720.0065,43472.892,29763.6793,0.0403,-13.1948
2025-05-28,16658873.7211,648198.674,631566.5513,11189833.2226,554161.0265,3541563.5131,53704.1883,39846.5452,16558873.7211,Profit,628198.674,611566.5513,11174833.2226,539161.0265,3531563.5131,43704.1883,29846.5452,-0.0037,-13.5181
2025-05-29,17014649.1572,645741.768,632473.1046,11536680.2613,556008.3509,3551600.8845,51987.8456,40156.9423,16914649.1572,Profit,625741.768,612473.1046,11521680.2613,541008.3509,3541600.8845,41987.8456,30156.9423,0.0214,-11.6711
2025-05-30,16506174.3423,646395.5086,632582.6494,11161229.398,552216.6595,3421057.237,52495.0952,40197.7947,16406174.3423,Profit,626395.5086,612582.6494,11146229.398,537216.6595,3411057.237,42495.0952,30197.7947,-0.0299,-14.3108
2025-06-02,16603025.4127,646723.4183,632441.8142,11305008.0847,554570.771,3371287.4082,52800.133,40193.7834,16503025.4127,Profit,626723.4183,612441.8142,11290008.0847,539570.771,3361287.4082,42800.133,30193.7834,0.0059,-13.808
2025-06-03,16958440.6326,652517.4344,634550.6638,11634566.9471,552692.5636,3390784.4049,52704.673,40623.9458,16858440.6326,Profit,632517.4344,614550.6638,11619566.9471,537692.5636,3380784.4049,42704.673,30623.9458,0.0214,-11.9629
2025-06-04,16842711.0536,648892.5017,633653.0395,11653044.4179,554910.0975,3259464.5775,52478.563,40267.8564,16742711.0536,Profit,628892.5017,613653.0395,11638044.4179,539910.0975,3249464.5775,42478.563,30267.8564,-0.0068,-12.5637
2025-06-05,16198173.0186,641042.303,638016.7674,11479444.4556,555998.266,2790990.1666,52240.7926,40440.2674,16098173.0186,Profit,621042.303,618016.7674,11464444.4556,540998.266,2780990.1666,42240.7926,30440.2674,-0.0383,-15.9097
2025-06-06,16509575.8437,653032.9852,643156.5327,11647683.0469,572430.6106,2899902.8932,52594.4292,40775.3458,16409575.8437,Profit,633032.9852,623156.5327,11632683.0469,557430.6106,2889902.8932,42594.4292,30775.3458,0.0192,-14.2931
2025-06-09,16713421.6208,644838.7622,646113.7633,11717336.4445,581315.5282,3030628.9981,52604.3565,40583.7679,16613421.6208,Profit,624838.7622,626113.7633,11702336.4445,566315.5282,3020628.9981,42604.3565,30583.7679,0.0123,-13.2349
2025-06-10,16998403.273,648743.0026,643612.6778,11826598.5736,583003.374,3202598.3861,52892.9158,40954.343,16898403.273,Profit,628743.0026,623612.6778,11811598.5736,568003.374,3192598.3861,42892.9158,30954.343,0.0171,-11.7555
2025-06-11,16863075.2169,635411.5378,645039.2194,11717474.7052,570395.368,3201486.208,52642.4632,40625.7154,16763075.2169,Profit,615411.5378,625039.2194,11702474.7052,555395.368,3191486.208,42642.4632,30625.7154,-0.008,-12.458
2025-06-12,16914110.6271,634278.9079,651034.435,11849360.0263,568289.6781,3117556.1809,52823.7433,40767.6557,16814110.6271,Profit,614278.9079,631034.435,11834360.0263,553289.6781,3107556.1809,42823.7433,30767.6557,0.003,-12.1931
2025-06-13,16692349.7541,624881.2614,645054.5784,11589816.813,564670.1873,3174858.5779,52331.1025,40737.2337,16592349.7541,Profit,604881.2614,625054.5784,11574816.813,549670.1873,3164858.5779,42331.1025,30737.2337,-0.0131,-13.3443
2025-06-16,16924945.6293,629290.9047,648817.339,11777119.9581,573626.9541,3202690.957,52638.6928,40760.8237,16824945.6293,Profit,609290.9047,628817.339,11762119.9581,558626.9541,3192690.957,42638.6928,30760.8237,0.0139,-12.1368
2025-06-17,16795597.2683,622532.1225,649476.3257,11769659.6412,572121.8891,3088548.8236,52448.6937,40809.7725,16695597.2683,Profit,602532.1225,629476.3257,11754659.6412,557121.8891,3078548.8236,42448.6937,30809.7725,-0.0076,-12.8083
2025-06-18,17049719.8448,628744.8633,655822.8338,11941862.2876,568908.9613,3160378.1568,52751.5423,41251.1997,16949719.8448,Profit,608744.8633,635822.8338,11926862.2876,553908.9613,3150378.1568,42751.5423,31251.1997,0.0151,-11.4891
2025-06-20,16987173.4634,645465.9469,654566.9517,11855560.4473,563591.1229,3174174.6674,52641.1654,41173.1618,16887173.4634,Profit,625465.9469,634566.9517,11840560.4473,548591.1229,3164174.6674,42641.1654,31173.1618,-0.0037,-11.8138
2025-06-23,17319091.3453,648345.9042,667669.063,11905302.7968,561414.0987,3442227.4711,52703.2625,41428.7489,17219091.3453,Profit,628345.9042,647669.063,11890302.7968,546414.0987,3432227.4711,42703.2625,31428.7489,0.0195,-10.0907
2025-06-24,17505354.1395,642467.9831,671210.5247,12175139.0812,571202.8318,3350669.4772,53005.2752,41658.9662,17405354.1395,Profit,622467.9831,651210.5247,12160139.0812,556202.8318,3340669.4772,43005.2752,31658.9662,0.0108,-9.1237
2025-06-25,17943452.5438,647690.8568,675397.8243,12725970.7869,570146.453,3229396.9903,52998.4595,41851.173,17843452.5438,Profit,627690.8568,655397.8243,12710970.7869,555146.453,3219396.9903,42998.4595,31851.173,0.025,-6.8494
2025-06-26,17877889.2947,641328.3447,677685.5022,12694250.2421,579820.2173,3189265.8567,53487.12,42052.0118,17777889.2947,Profit,621328.3447,657685.5022,12679250.2421,564820.2173,3179265.8567,43487.12,32052.0118,-0.0037,-7.1898
2025-06-27,18142507.3553,643274.4982,677411.5842,12951897.9084,597897.8186,3176580.017,53438.7745,42006.7545,18042507.3553,Profit,623274.4982,657411.5842,12936897.9084,582897.8186,3166580.017,43438.7745,32006.7545,0.0148,-5.816
2025-06-30,18065799.2614,654779.5923,677780.0485,12940302.5567,586011.1251,3110458.0241,54066.0535,42401.8611,17965799.2614,Profit,634779.5923,657780.0485,12925302.5567,571011.1251,3100458.0241,44066.0535,32401.8611,-0.0042,-6.2143
2025-07-01,17520371.5396,663233.7119,670476.4136,12556164.1999,588869.1948,2944487.2896,54357.8582,42782.8717,17420371.5396,Profit,643233.7119,650476.4136,12541164.1999,573869.1948,2934487.2896,44357.8582,32782.8717,-0.0302,-9.0458
2025-07-02,17974198.3655,676934.4218,668138.282,12859867.1624,586522.6073,3086019.0582,53826.8956,42889.9382,17874198.3655,Profit,656934.4218,648138.282,12844867.1624,571522.6073,3076019.0582,43826.8956,32889.9382,0.0259,-6.6898
2025-07-03,18103849.8589,678124.7551,676340.6618,12985826.7228,593774.5792,3072448.4699,54242.3242,43092.346,18003849.8589,Profit,658124.7551,656340.6618,12970826.7228,578774.5792,3062448.4699,44242.3242,33092.346,0.0072,-6.0167
2025-07-07,17898128.5557,670671.3123,678848.6988,12973128.9473,597477.9618,2880939.46,54232.759,42829.4166,17798128.5557,Profit,650671.3123,658848.6988,12958128.9473,582477.9618,2870939.46,44232.759,32829.4166,-0.0114,-7.0847
2025-07-08,18095763.4332,671895.2052,678390.0068,13137592.3539,587391.203,2923358.3672,54287.3161,42848.9809,17995763.4332,Profit,651895.2052,658390.0068,13122592.3539,572391.203,2913358.3672,44287.3161,32848.9809,0.011,-6.0587
2025-07-09,18356598.673,676302.0869,688606.4682,13389714.6333,596603.5669,2907810.8477,54627.1981,42933.8719,18256598.673,Profit,656302.0869,668606.4682,13374714.6333,581603.5669,2897810.8477,44627.1981,32933.8719,0.0144,-4.7046
2025-07-10,18581572.6818,679872.6644,685329.3533,13480154.2101,595417.7684,3043075.9608,54941.7936,42780.9312,18481572.6818,Profit,659872.6644,665329.3533,13465154.2101,580417.7684,3033075.9608,44941.7936,32780.9312,0.0123,-3.5367
2025-07-11,18691154.4478,675921.7882,687894.1922,13548504.0063,602855.6556,3079047.5637,54315.1008,42616.1409,18591154.4478,Profit,655921.7882,667894.1922,13533504.0063,587855.6556,3069047.5637,44315.1008,32616.1409,0.0059,-2.9678
2025-07-14,18660410.0441,668228.2285,687936.3382,13487539.7832,605048.3465,3114388.4603,54375.5739,42893.3136,18560410.0441,Profit,648228.2285,667936.3382,13472539.7832,590048.3465,3104388.4603,44375.5739,32893.3136,-0.0016,-3.1274
2025-07-15,19175414.4675,670630.8685,692624.4868,14049987.1925,607571.0993,3058034.9972,53955.729,42610.0943,19075414.4675,Profit,650630.8685,672624.4868,14034987.1925,592571.0993,3048034.9972,43955.729,32610.0943,0.0276,-0.4539
2025-07-16,19336031.8553,674097.2077,692451.6241,14107191.2397,599176.3878,3165652.9231,54521.2459,42941.2269,19236031.8553,Profit,654097.2077,672451.6241,14092191.2397,584176.3878,3155652.9231,44521.2459,32941.2269,0.0084,0.0
2025-07-17,19516301.8305,675661.0447,702873.6288,14283955.8302,602825.8885,3152810.6288,55111.0043,43063.8052,19416301.8305,Profit,655661.0447,682873.6288,14268955.8302,587825.8885,3142810.6288,45111.0043,33063.8052,0.0093,0.0
2025-07-18,19528886.3375,677764.3932,698926.0903,14201084.6334,607423.3013,3246079.3032,54891.9712,42716.6449,19428886.3375,Profit,657764.3932,678926.0903,14186084.6334,592423.3013,3236079.3032,44891.9712,32716.6449,0.0006,0.0
2025-07-21,19407877.761,680591.2248,697564.3287,14088465.704,614726.3319,3228291.1496,55113.9465,43125.0754,19307877.761,Profit,660591.2248,677564.3287,14073465.704,599726.3319,3218291.1496,45113.9465,33125.0754,-0.0062,-0.6196
2025-07-22,18999930.8218,683834.9367,688086.5118,13672709.1622,607237.2763,3250042.4169,54691.5525,43328.9654,18899930.8218,Profit,663834.9367,668086.5118,13657709.1622,592237.2763,3240042.4169,44691.5525,33328.9654,-0.021,-2.7086
2025-07-23,19277258.0309,681732.6792,687589.9626,13953018.6829,608264.1993,3248240.3713,55021.8298,43390.3058,19177258.0309,Profit,661732.6792,667589.9626,13938018.6829,593264.1993,3238240.3713,45021.8298,33390.3058,0.0146,-1.2885
2025-07-24,19297456.8992,681543.8133,695471.1938,14216759.7877,619716.8885,2986583.0385,54207.518,43174.6592,19197456.8992,Profit,661543.8133,675471.1938,14201759.7877,604716.8885,2976583.0385,44207.518,33174.6592,0.001,-1.1851
2025-07-25,19490501.502,685626.685,703120.4981,14274200.1329,620961.8572,3108628.4684,54514.2064,43449.654,19390501.502,Profit,665626.685,683120.4981,14259200.1329,605961.8572,3098628.4684,44514.2064,33449.654,0.01,-0.1966
2025-07-28,19880517.236,687121.4364,702436.9077,14561745.5594,625449.9143,3206801.3315,53928.3441,43033.7425,19780517.236,Profit,667121.4364,682436.9077,14546745.5594,610449.9143,3196801.3315,43928.3441,33033.7425,0.02,0.0
2025-07-29,19789832.4051,680571.3513,704990.1539,14510163.1953,622838.4455,3174628.7799,53805.8372,42834.6419,19689832.4051,Profit,660571.3513,684990.1539,14495163.1953,607838.4455,3164628.7799,43805.8372,32834.6419,-0.0046,-0.4561
2025-07-30,20129098.4593,675376.8988,707962.1034,14864068.436,622430.3084,3162439.2831,53833.148,42988.2817,20029098.4593,Profit,655376.8988,687962.1034,14849068.436,607430.3084,3152439.2831,43833.148,32988.2817,0.0171,0.0
2025-07-31,19986883.8571,672196.2024,737667.0819,14783227.0846,634542.4912,3062984.4163,53573.9227,42692.658,19886883.8571,Profit,652196.2024,717667.0819,14768227.0846,619542.4912,3052984.4163,43573.9227,32692.658,-0.0071,-0.7065
2025-08-01,19437318.5665,653164.6428,722223.3073,14389292.3868,580092.1527,2996736.6295,53454.3855,42355.0619,19337318.5665,Profit,633164.6428,702223.3073,14374292.3868,565092.1527,2986736.6295,43454.3855,32355.0619,-0.0275,-3.4367
2025-08-04,20034874.7015,656291.8146,738111.6413,14909467.1288,571718.2962,3062388.957,53998.8629,42898.0007,19934874.7015,Profit,636291.8146,718111.6413,14894467.1288,556718.2962,3052388.957,43998.8629,32898.0007,0.0307,-0.4681
2025-08-05,19861575.5304,654339.9032,726606.706,14752500.06,576888.7204,3054382.8334,54288.266,42569.0413,19761575.5304,Profit,634339.9032,706606.706,14737500.06,561888.7204,3044382.8334,44288.266,32569.0413,-0.0086,-1.329
2025-08-06,20064782.839,685702.5232,720693.1526,14806490.9107,598293.7857,3156138.7659,54747.5367,42716.1642,19964782.839,Profit,665702.5232,700693.1526,14791490.9107,583293.7857,3146138.7659,44747.5367,32716.1642,0.0102,-0.3195
2025-08-07,20227919.4538,707865.6517,715428.3776,14925495.3493,600806.4164,3181040.9234,54870.7067,42412.0287,20127919.4538,Profit,687865.6517,695428.3776,14910495.3493,585806.4164,3171040.9234,44870.7067,32412.0287,0.0081,0.0
2025-08-08,20487864.863,737739.6136,716972.4242,15082654.4702,599534.4607,3253413.7389,54929.0066,42621.1488,20387864.863,Profit,717739.6136,696972.4242,15067654.4702,584534.4607,3243413.7389,44929.0066,32621.1488,0.0129,0.0
2025-08-11,20568317.1533,733398.9009,718373.4363,15066981.7173,597265.3747,3354260.8578,55409.4954,42627.371,20468317.1533,Profit,713398.9009,698373.4363,15051981.7173,582265.3747,3344260.8578,45409.4954,32627.371,0.0039,0.0
2025-08-12,20681609.391,740837.1747,728129.5517,15147019.8596,597290.582,3369722.1941,55937.8073,42672.2217,20581609.391,Profit,720837.1747,708129.5517,15132019.8596,582290.582,3359722.1941,45937.8073,32672.2217,0.0055,0.0
2025-08-13,20534894.0605,752268.2161,715799.1541,15008462.1219,605272.3929,3353339.2473,56365.6687,43387.2596,20434894.0605,Profit,732268.2161,695799.1541,14993462.1219,590272.3929,3343339.2473,46365.6687,33387.2596,-0.0071,-0.7094
2025-08-14,20609557.7524,752624.1246,720446.8206,15086619.3057,624340.3446,3325185.4611,56808.1587,43533.5371,20509557.7524,Profit,732624.1246,700446.8206,15071619.3057,609340.3446,3315185.4611,46808.1587,33533.5371,0.0036,-0.3484
2025-08-15,20422424.273,748775.7762,717261.5654,14956490.7906,624475.4949,3275443.4294,56741.6142,43235.6023,20322424.273,Profit,728775.7762,697261.5654,14941490.7906,609475.4949,3265443.4294,46741.6142,33235.6023,-0.0091,-1.2532
2025-08-18,20596450.5869,746670.445,713183.2862,15089068.556,625854.8444,3321745.4251,56741.4642,43186.566,20496450.5869,Profit,726670.445,693183.2862,15074068.556,610854.8444,3311745.4251,46741.4642,33186.566,0.0085,-0.4118
2025-08-19,20051663.9382,747929.4626,705263.0741,14606321.7719,618365.8985,3273929.5965,56884.769,42969.3657,19951663.9382,Profit,727929.4626,685263.0741,14591321.7719,603365.8985,3263929.5965,46884.769,32969.3657,-0.0265,-3.0459
2025-08-20,19966629.5707,733908.3137,700367.064,14601105.4456,607588.9079,3223399.0832,57013.2723,43247.484,19866629.5707,Profit,713908.3137,680367.064,14586105.4456,592588.9079,3213399.0832,47013.2723,33247.484,-0.0042,-3.4571
2025-08-21,19927535.5947,731936.2426,699878.6428,14598708.0055,603886.5551,3192803.8105,57019.3292,43303.0092,19827535.5947,Profit,711936.2426,679878.6428,14583708.0055,588886.5551,3182803.8105,47019.3292,33303.0092,-0.002,-3.6461
2025-08-22,20347333.4042,738948.7387,701850.3236,14803886.2296,620706.4754,3380794.7687,57544.0463,43602.8219,20247333.4042,Profit,718948.7387,681850.3236,14788886.2296,605706.4754,3370794.7687,47544.0463,33602.8219,0.0211,-1.6163
2025-08-25,20526497.0179,735994.1116,696783.8439,14934749.994,617417.3951,3441594.1595,56777.4467,43180.067,20426497.0179,Profit,715994.1116,676783.8439,14919749.994,602417.3951,3431594.1595,46777.4467,33180.067,0.0088,-0.75
2025-08-26,20750088.9909,743067.7626,693816.5437,15099727.1807,619592.6376,3492441.953,57390.0677,44052.8457,20650088.9909,Profit,723067.7626,673816.5437,15084727.1807,604592.6376,3482441.953,47390.0677,34052.8457,0.0109,0.0
2025-08-27,20706555.8549,746028.638,699502.1334,15068161.4063,619985.6268,3467870.1309,60479.6745,44528.2451,20606555.8549,Profit,726028.638,679502.1334,15053161.4063,604985.6268,3457870.1309,50479.6745,34528.2451,-0.0021,-0.2098
2025-08-28,20470999.1179,749188.3347,700196.7063,14879200.5731,623749.0194,3415820.933,60439.7333,42403.8181,20370999.1179,Profit,729188.3347,680196.7063,14864200.5731,608749.0194,3405820.933,50439.7333,32403.8181,-0.0114,-1.345
2025-08-29,19825280.3553,747071.6378,695435.1962,14369881.3707,616118.9693,3292905.5609,60175.3738,43692.2465,19725280.3553,Profit,727071.6378,675435.1962,14354881.3707,601118.9693,3282905.5609,50175.3738,33692.2465,-0.0315,-4.4569
2025-09-02,19546526.989,741813.3533,695651.4993,14137568.8602,608345.3815,3259534.3322,60127.7957,43485.7668,19446526.989,Profit,721813.3533,675651.4993,14122568.8602,593345.3815,3249534.3322,50127.7957,33485.7668,-0.0141,-5.8003
2025-09-03,19618091.8837,770346.9948,696220.6189,14129445.276,610321.3992,3307544.0157,60519.4302,43694.1489,19518091.8837,Profit,750346.9948,676220.6189,14114445.276,595321.3992,3297544.0157,50519.4302,33694.1489,0.0037,-5.4554
2025-09-04,19832362.852,776545.7538,701605.8962,14251639.7976,638105.7526,3360004.6006,60743.8095,43717.2417,19732362.852,Profit,756545.7538,681605.8962,14236639.7976,623105.7526,3350004.6006,50743.8095,33717.2417,0.0109,-4.4228
2025-09-05,19541346.217,776253.7266,683691.7901,13866415.4666,629035.597,3482184.7814,60193.9033,43570.9519,19441346.217,Profit,756253.7266,663691.7901,13851415.4666,614035.597,3472184.7814,50193.9033,33570.9519,-0.0147,-5.8252
2025-09-08,19594205.3548,769669.5023,687464.7541,13960378.6211,637938.6932,3434884.5304,60187.2623,43681.9913,19494205.3548,Profit,749669.5023,667464.7541,13945378.6211,622938.6932,3424884.5304,50187.2623,33681.9913,0.0027,-5.5705
2025-09-09,19822894.9391,759178.7522,688600.7852,14181020.1958,645223.5511,3444770.0549,60002.9561,44098.6437,19722894.9391,Profit,739178.7522,668600.7852,14166020.1958,630223.5511,3434770.0549,50002.9561,34098.6437,0.0117,-4.4684
2025-09-10,20364680.7333,735802.1462,692358.1934,14748992.3315,624747.957,3458153.0326,60156.6495,44470.4231,20264680.7333,Profit,715802.1462,672358.1934,14733992.3315,609747.957,3448153.0326,50156.6495,34470.4231,0.0273,-1.8574
2025-09-11,20556873.9733,745775.9283,692743.3641,14725048.3082,623267.0362,3664512.546,60526.1046,45000.6859,20456873.9733,Profit,725775.9283,672743.3641,14710048.3082,608267.0362,3654512.546,50526.1046,35000.6859,0.0094,-0.9312
2025-09-12,20906580.7836,759092.2006,705239.2195,14783341.6315,618566.9069,3935214.1195,60130.5964,44996.1092,20806580.7836,Profit,739092.2006,685239.2195,14768341.6315,603566.9069,3925214.1195,50130.5964,34996.1092,0.017,0.0
2025-09-15,20999965.2421,765185.5974,710526.1192,14730568.6521,625466.0764,4062403.9859,60459.3433,45355.4678,20899965.2421,Profit,745185.5974,690526.1192,14715568.6521,610466.0764,4052403.9859,50459.3433,35355.4678,0.0045,0.0
2025-09-16,20795600.059,766749.0449,698965.6335,14433930.8556,629980.8131,4160185.1704,60483.2732,45305.2683,20695600.059,Profit,746749.0449,678965.6335,14418930.8556,614980.8131,4150185.1704,50483.2732,35305.2683,-0.0097,-0.9732
2025-09-17,20474389.2333,770127.0634,700922.5465,14067357.7369,623984.2746,4205689.6127,60660.4214,45647.5777,20374389.2333,Profit,750127.0634,680922.5465,14052357.7369,608984.2746,4195689.6127,50660.4214,35647.5777,-0.0154,-2.5027
2025-09-18,20926186.1858,768611.0401,700643.8355,14598024.9266,624608.6541,4127778.6869,60748.7208,45770.3219,20826186.1858,Profit,748611.0401,680643.8355,14583024.9266,609608.6541,4117778.6869,50748.7208,35770.3219,0.0221,-0.3513
2025-09-19,21078293.2963,792712.7997,713241.7081,14624096.2322,624876.0825,4216325.8311,61165.99,45874.6528,20978293.2963,Profit,772712.7997,693241.7081,14609096.2322,609876.0825,4206325.8311,51165.99,35874.6528,0.0073,0.0
2025-09-22,21797402.172,828554.9181,709888.0826,15229428.5463,615730.9394,4305603.9606,61847.9163,46347.8087,21697402.172,Profit,808554.9181,689888.0826,15214428.5463,600730.9394,4295603.9606,51847.9163,36347.8087,0.0341,0.0
2025-09-23,21277666.0878,824169.1909,703498.7833,14816915.6387,597703.9759,4227596.8538,61690.3637,46091.2814,21177666.0878,Profit,804169.1909,683498.7833,14801915.6387,582703.9759,4217596.8538,51690.3637,36091.2814,-0.0238,-2.3844
2025-09-24,21410972.6536,820906.171,707877.8384,14760485.3835,598979.8687,4415153.1639,61640.1589,45930.0692,21310972.6536,Profit,800906.171,687877.8384,14745485.3835,583979.8687,4405153.1639,51640.1589,35930.0692,0.0063,-1.7728
2025-09-25,21334548.5836,837786.6435,705270.3421,14856808.156,594828.7437,4232043.3342,61350.4841,46460.88,21234548.5836,Profit,817786.6435,685270.3421,14841808.156,579828.7437,4222043.3342,51350.4841,36460.88,-0.0036,-2.1234
2025-09-26,21574245.0831,834026.4868,712147.5603,14913590.2767,599875.6727,4406493.884,61361.7598,46749.4427,21474245.0831,Profit,814026.4868,692147.5603,14898590.2767,584875.6727,4396493.884,51361.7598,36749.4427,0.0112,-1.0238
2025-09-29,21885438.4535,829472.1896,715491.7075,15198078.778,605529.0767,4428247.8284,61630.1912,46988.6822,21785438.4535,Profit,809472.1896,695491.7075,15183078.778,590529.0767,4418247.8284,51630.1912,36988.6822,0.0144,0.0
2025-09-30,22294312.6009,830122.1877,720149.4945,15593387.6184,598442.7212,4443334.7042,61781.1634,47094.7116,22194312.6009,Profit,810122.1877,700149.4945,15578387.6184,583442.7212,4433334.7042,51781.1634,37094.7116,0.0187,0.0
2025-10-01,22535709.2451,833933.9544,723582.8026,15669904.8244,602152.4981,4596872.0551,61815.0923,47448.018,22435709.2451,Profit,813933.9544,703582.8026,15654904.8244,587152.4981,4586872.0551,51815.0923,37448.018,0.0108,0.0
2025-10-02,22480119.8359,840804.0515,719240.1837,15834073.5189,608012.0714,4369353.2887,61588.9896,47047.7321,22380119.8359,Profit,820804.0515,699240.1837,15819073.5189,593012.0714,4359353.2887,51588.9896,37047.7321,-0.0025,-0.2467
2025-10-03,22294248.2753,843109.0581,720968.7435,15716349.5081,599654.4456,4304435.973,61771.8597,47958.6873,22194248.2753,Profit,823109.0581,700968.7435,15701349.5081,584654.4456,4294435.973,51771.8597,37958.6873,-0.0083,-1.0715
2025-10-06,22372868.7572,838881.6241,736710.2977,15544342.0958,603538.1265,4539620.9102,61810.1413,47965.5616,22272868.7572,Profit,818881.6241,716710.2977,15529342.0958,588538.1265,4529620.9102,51810.1413,37965.5616,0.0035,-0.7226
2025-10-07,22117367.0446,837957.0344,730103.5138,15498009.0773,605768.7585,4336460.8404,61304.9101,47762.9101,22017367.0446,Profit,817957.0344,710103.5138,15483009.0773,590768.7585,4326460.8404,51304.9101,37762.9101,-0.0114,-1.8564
2025-10-08,22531086.3189,843179.5772,731368.1751,15840026.8957,615208.8516,4392847.5983,60960.4546,47494.7664,22431086.3189,Profit,823179.5772,711368.1751,15825026.8957,600208.8516,4382847.5983,50960.4546,37494.7664,0.0187,-0.0205
2025-10-09,22857788.2549,832901.5295,730458.5776,16185332.234,624232.6864,4376309.381,61262.9653,47290.881,22757788.2549,Profit,812901.5295,710458.5776,16170332.234,609232.6864,4366309.381,51262.9653,37290.881,0.0145,0.0
2025-10-10,21767833.006,804145.7862,714462.3178,15394430.3473,593067.6489,4154750.8058,60579.7352,46396.3648,21667833.006,Profit,784145.7862,694462.3178,15379430.3473,578067.6489,4144750.8058,50579.7352,36396.3648,-0.0477,-4.7684
2025-10-13,22449724.4227,811983.4837,718782.9859,15828123.6242,603209.3058,4379926.6639,60976.1774,46722.182,22349724.4227,Profit,791983.4837,698782.9859,15813123.6242,588209.3058,4369926.6639,50976.1774,36722.182,0.0313,-1.7852
2025-10-14,21747534.019,815013.9513,720471.3244,15181074.0272,595071.2996,4327178.2395,61540.4218,47184.7552,21647534.019,Profit,795013.9513,700471.3244,15166074.0272,580071.2996,4317178.2395,51540.4218,37184.7552,-0.0313,-4.8572
2025-10-15,21792570.4354,820119.8625,720223.643,15163129.3676,592774.0988,4386444.7708,62102.9979,47775.6949,21692570.4354,Profit,800119.8625,700223.643,15148129.3676,577774.0988,4376444.7708,52102.9979,37775.6949,0.0021,-4.6602
2025-10-16,21886271.7431,814075.239,717823.8974,15333355.9599,589875.2903,4322853.9788,61494.1694,46793.2084,21786271.7431,Profit,794075.239,697823.8974,15318355.9599,574875.2903,4312853.9788,51494.1694,36793.2084,0.0043,-4.2503
2025-10-17,22106418.9476,829230.7705,719921.1114,15437971.9756,585400.0081,4425225.8469,61640.2074,47029.0277,22006418.9476,Profit,809230.7705,699921.1114,15422971.9756,570400.0081,4415225.8469,51640.2074,37029.0277,0.0101,-3.2871
2025-10-20,22188469.1339,861995.7738,724472.4088,15390198.1157,594894.964,4507340.7732,62130.8555,47436.2429,22088469.1339,Profit,841995.7738,704472.4088,15375198.1157,579894.964,4497340.7732,52130.8555,37436.2429,0.0037,-2.9282
2025-10-21,22011486.9386,862879.7039,724968.205,15250259.2714,609537.9855,4454236.8502,61925.2647,47679.6579,21911486.9386,Profit,842879.7039,704968.205,15235259.2714,594537.9855,4444236.8502,51925.2647,37679.6579,-0.008,-3.7025
2025-10-22,21839326.7397,847119.4186,727649.8277,15148039.7352,597227.7252,4409513.8271,61894.7664,47881.4394,21739326.7397,Profit,827119.4186,707649.8277,15133039.7352,582227.7252,4399513.8271,51894.7664,37881.4394,-0.0078,-4.4556
2025-10-23,22105754.9547,850641.3214,727521.8097,15302726.072,605702.1113,4509098.9305,62163.9286,47900.7811,22005754.9547,Profit,830641.3214,707521.8097,15287726.072,590702.1113,4499098.9305,52163.9286,37900.7811,0.0122,-3.2901
2025-10-24,22354040.2994,862548.5234,732882.6402,15670637.4923,615171.5545,4362380.0286,62388.0934,48031.967,22254040.2994,Profit,842548.5234,712882.6402,15655637.4923,600171.5545,4352380.0286,52388.0934,38031.967,0.0112,-2.2038
2025-10-27,22989798.1809,881012.3075,742945.4082,16088811.1657,621899.9389,4544296.2124,62493.2268,48339.9213,22889798.1809,Profit,861012.3075,722945.4082,16073811.1657,606899.9389,4534296.2124,52493.2268,38339.9213,0.0284,0.0
2025-10-28,23834138.9686,879365.0606,755742.8885,16846905.2126,626531.3478,4614057.7732,62677.2923,48859.3936,23734138.9686,Profit,859365.0606,735742.8885,16831905.2126,611531.3478,4604057.7732,52677.2923,38859.3936,0.0367,0.0
2025-10-29,24275289.013,878938.5673,752692.1203,17297113.3542,627462.1189,4609432.6105,61494.8671,48155.3747,24175289.013,Profit,858938.5673,732692.1203,17282113.3542,612462.1189,4599432.6105,51494.8671,38155.3747,0.0185,0.0
2025-10-30,23798615.675,888992.1952,734474.1342,17036884.1203,610289.4392,4418022.0353,61475.7457,48478.0052,23698615.675,Profit,868992.1952,714474.1342,17021884.1203,595289.4392,4408022.0353,51475.7457,38478.0052,-0.0196,-1.9636
2025-10-31,24027793.1879,887578.0309,724971.407,17040980.8528,670264.8369,4593416.7462,61865.3706,48715.9435,23927793.1879,Profit,867578.0309,704971.407,17025980.8528,655264.8369,4583416.7462,51865.3706,38715.9435,0.0096,-1.0195
2025-11-03,24606013.1828,885703.6096,725893.2824,17458868.9395,699045.614,4725346.38,62422.8409,48732.5166,24506013.1828,Profit,865703.6096,705893.2824,17443868.9395,684045.614,4715346.38,52422.8409,38732.5166,0.0241,0.0
2025-11-04,23712207.4357,891049.1872,723797.7674,16807067.9277,687776.3928,4492624.6904,61873.2723,48018.198,23612207.4357,Profit,871049.1872,703797.7674,16792067.9277,672776.3928,4482624.6904,51873.2723,38018.198,-0.0363,-3.6325
2025-11-05,23640863.1827,893277.6845,715227.2938,16547855.1474,691673.53,4682679.1721,61958.2212,48192.1336,23540863.1827,Profit,873277.6845,695227.2938,16532855.1474,676673.53,4672679.1721,51958.2212,38192.1336,-0.003,-3.9224
2025-11-06,22830772.3615,891802.471,700841.4866,15938932.0163,671689.5008,4517631.4261,61834.3589,48041.1017,22730772.3615,Profit,871802.471,680841.4866,15923932.0163,656689.5008,4507631.4261,51834.3589,38041.1017,-0.0343,-7.2147
2025-11-07,22584930.4951,884171.1595,697816.8251,15884997.5386,672939.6245,4335241.5649,61623.3776,48140.4049,22484930.4951,Profit,864171.1595,677816.8251,15869997.5386,657939.6245,4325241.5649,51623.3776,38140.4049,-0.0108,-8.2138
2025-11-10,23619959.7265,885477.6317,708537.6291,16753870.2602,681834.165,4480065.5417,62038.9134,48135.5853,23519959.7265,Profit,865477.6317,688537.6291,16738870.2602,666834.165,4470065.5417,52038.9134,38135.5853,0.0458,-4.0074
2025-11-11,23093179.9565,904606.4328,712290.3581,16258113.9385,683755.5978,4423615.6895,62389.4635,48408.4762,22993179.9565,Profit,884606.4328,692290.3581,16243113.9385,668755.5978,4413615.6895,52389.4635,38408.4762,-0.0223,-6.1482
2025-11-12,23016980.2031,897792.7252,714969.2622,16294530.0055,669588.408,4328217.4619,62850.085,49032.2553,22916980.2031,Profit,877792.7252,694969.2622,16279530.0055,654588.408,4318217.4619,52850.085,39032.2553,-0.0033,-6.4579
2025-11-13,22133831.9587,896919.0533,704642.3581,15725604.6331,652041.2741,4044391.9699,61979.3887,48253.2815,22033831.9587,Profit,876919.0533,684642.3581,15710604.6331,637041.2741,4034391.9699,51979.3887,38253.2815,-0.0384,-10.0471
2025-11-14,22447189.5607,895589.9414,714645.5417,16012156.5995,644431.2743,4070167.2132,61921.6136,48277.3771,22347189.5607,Profit,875589.9414,694645.5417,15997156.5995,629431.2743,4060167.2132,51921.6136,38277.3771,0.0142,-8.7736
2025-11-17,22183667.7762,879944.2206,711384.3312,15722768.0966,639889.6915,4119103.488,62206.7612,48371.1871,22083667.7762,Profit,859944.2206,691384.3312,15707768.0966,624889.6915,4109103.488,52206.7612,38371.1871,-0.0117,-9.8445
2025-11-18,21560046.3258,877496.0734,690305.9909,15239875.6074,609876.2411,4030899.2393,62873.2154,48719.9583,21460046.3258,Profit,857496.0734,670305.9909,15224875.6074,594876.2411,4020899.2393,52873.2154,38719.9583,-0.0281,-12.379
2025-11-19,22082787.9144,883878.0882,683073.5331,15721626.2297,612134.6687,4070892.7153,62711.0877,48471.5917,21982787.9144,Profit,863878.0882,663073.5331,15706626.2297,597134.6687,4060892.7153,52711.0877,38471.5917,0.0242,-10.2545
2025-11-20,21524449.9102,878771.459,672799.1722,15269384.5206,598579.2283,3993967.176,62499.5274,48448.8268,21424449.9102,Profit,858771.459,652799.1722,15254384.5206,583579.2283,3983967.176,52499.5274,38448.8268,-0.0253,-12.5236
2025-11-21,21383935.4202,897338.8338,664868.7188,15142090.9811,609229.4951,3957744.538,63709.6701,48953.1833,21283935.4202,Profit,877338.8338,644868.7188,15127090.9811,594229.4951,3947744.538,53709.6701,38953.1833,-0.0065,-13.0947
2025-11-24,22010167.3733,912498.95,667894.9842,15461521.9288,625015.4814,4230240.2263,63626.8173,49368.9852,21910167.3733,Profit,892498.95,647894.9842,15446521.9288,610015.4814,4220240.2263,53626.8173,39368.9852,0.0293,-10.5496
2025-11-25,21637698.1696,915711.6551,671917.5162,15056632.7535,634199.249,4245439.5322,64675.2261,49122.2375,21537698.1696,Profit,895711.6551,651917.5162,15041632.7535,619199.249,4235439.5322,54675.2261,39122.2375,-0.0169,-12.0634
2025-11-26,21860596.0055,914703.2543,681723.1695,15214537.3298,630771.9876,4304342.8352,64879.6929,49637.7362,21760596.0055,Profit,894703.2543,661723.1695,15199537.3298,615771.9876,4294342.8352,54879.6929,39637.7362,0.0103,-11.1575
2025-11-28,21523758.8051,913755.6775,686933.0692,14854372.9538,638294.4226,4315868.051,64889.5106,49645.1204,21423758.8051,Profit,893755.6775,666933.0692,14839372.9538,623294.4226,4305868.051,54889.5106,39645.1204,-0.0154,-12.5264
2025-12-01,21776128.4416,927682.3091,679575.2162,15099428.146,640100.7613,4315567.0629,64384.1734,49390.7727,21676128.4416,Profit,907682.3091,659575.2162,15084428.146,625100.7613,4305567.0629,54384.1734,39390.7727,0.0117,-11.5008
2025-12-02,21924737.8076,938277.0979,684469.3306,15236295.3565,641899.9461,4308693.924,65065.2546,50036.8977,21824737.8076,Profit,918277.0979,664469.3306,15221295.3565,626899.9461,4298693.924,55065.2546,40036.8977,0.0068,-10.8968
2025-12-03,21856839.6827,929124.7091,665564.2375,15039388.4629,634630.5513,4472494.8414,65838.5982,49798.2824,21756839.6827,Profit,909124.7091,645564.2375,15024388.4629,619630.5513,4462494.8414,55838.5982,39798.2824,-0.0031,-11.1728
2025-12-04,22243760.7664,918043.6869,670041.1038,15360076.8449,625834.7393,4551462.3512,67483.5259,50818.5145,22143760.7664,Profit,898043.6869,650041.1038,15345076.8449,610834.7393,4541462.3512,57483.5259,40818.5145,0.0177,-9.6003
2025-12-05,22021273.577,905749.4452,668834.3849,15178079.5985,622847.665,4526125.1795,67840.1937,51797.1102,21921273.577,Profit,885749.4452,648834.3849,15163079.5985,607847.665,4516125.1795,57840.1937,41797.1102,-0.01,-10.5045
2025-12-08,22093527.7608,901360.1493,678586.9638,15413733.7205,614662.1203,4365477.9586,68106.9375,51599.9108,21993527.7608,Profit,881360.1493,658586.9638,15398733.7205,599662.1203,4355477.9586,58106.9375,41599.9108,0.0033,-10.2109
2025-12-09,22114425.7163,899513.1167,680312.9478,15373326.1024,617764.831,4423228.8986,68062.1531,52217.6665,22014425.7163,Profit,879513.1167,660312.9478,15358326.1024,602764.831,4413228.8986,58062.1531,42217.6665,0.0009,-10.1259
2025-12-10,22062660.8128,904115.6968,661271.7176,15264492.2635,627818.7411,4482711.1463,68826.452,53424.7954,21962660.8128,Profit,884115.6968,641271.7176,15249492.2635,612818.7411,4472711.1463,58826.452,43424.7954,-0.0023,-10.3363
2025-12-11,21686033.1097,897708.7053,665110.798,14961516.4456,621005.5094,4417867.1237,69303.0737,53521.454,21586033.1097,Profit,877708.7053,645110.798,14946516.4456,606005.5094,4407867.1237,59303.0737,43521.454,-0.0171,-11.8669
2025-12-12,21291173.7902,898190.5018,658075.8585,14467551.33,609754.4159,4535541.7706,68796.7622,53263.1512,21191173.7902,Profit,878190.5018,638075.8585,14452551.33,594754.4159,4525541.7706,58796.7622,43263.1512,-0.0182,-13.4717
2025-12-15,21531763.6938,884795.7914,653021.2791,14573590.777,599958.4544,4697457.1363,69311.9852,53628.2704,21431763.6938,Profit,864795.7914,633021.2791,14558590.777,584958.4544,4687457.1363,59311.9852,43628.2704,0.0113,-12.4939
2025-12-16,21762448.1476,884991.8183,654133.7383,14668333.6669,599053.7482,4833716.4065,68903.0551,53315.7144,21662448.1476,Profit,864991.8183,634133.7383,14653333.6669,584053.7482,4823716.4065,58903.0551,43315.7144,0.0107,-11.5564
2025-12-17,21018002.2793,878232.7804,655379.8125,14143630.3601,597054.4439,4621923.8347,68625.0642,53155.9836,20918002.2793,Profit,858232.7804,635379.8125,14128630.3601,582054.4439,4611923.8347,58625.0642,43155.9836,-0.0342,-14.5818
2025-12-18,21457993.0496,878854.1391,665812.4062,14400035.7809,611512.9812,4778501.2678,69352.8663,53923.608,21357993.0496,Profit,858854.1391,645812.4062,14385035.7809,596512.9812,4768501.2678,59352.8663,43923.608,0.0209,-12.7937
2025-12-19,22024045.4295,884079.866,668820.9935,14974084.0051,613415.6402,4759466.623,70052.3512,54125.9506,21924045.4295,Profit,864079.866,648820.9935,14959084.0051,598415.6402,4749466.623,60052.3512,44125.9506,0.0264,-10.4932
2025-12-22,22261867.4234,873263.0246,665846.3283,15161074.7877,614853.7369,4822369.1911,70336.0332,54124.3215,22161867.4234,Profit,853263.0246,645846.3283,15146074.7877,599853.7369,4812369.1911,60336.0332,44124.3215,0.0108,-9.5267
2025-12-23,22633358.504,874995.0211,666405.5472,15567829.9127,622885.4319,4776105.1194,70561.9302,54575.5415,22533358.504,Profit,854995.0211,646405.5472,15552829.9127,607885.4319,4766105.1194,60561.9302,44575.5415,0.0167,-8.017
2025-12-24,22538577.8535,877664.7679,666496.0585,15483361.1229,622119.0163,4763731.5718,70521.7814,54683.5346,22438577.8535,Profit,857664.7679,646496.0585,15468361.1229,607119.0163,4753731.5718,60521.7814,44683.5346,-0.0042,-8.4022
2025-12-26,22594837.8028,876349.3327,666072.687,15640977.6509,622493.8191,4663530.2958,70649.4786,54764.5387,22494837.8028,Profit,856349.3327,646072.687,15625977.6509,607493.8191,4653530.2958,60649.4786,44764.5387,0.0025,-8.1735
2025-12-29,22271290.5212,878274.4255,665823.4006,15464905.0245,621834.3255,4514880.7696,70806.3052,54766.2702,22171290.5212,Profit,858274.4255,645823.4006,15449905.0245,606834.3255,4504880.7696,60806.3052,44766.2702,-0.0143,-9.4884
2025-12-30,22175170.0337,876542.1216,666683.6431,15416914.7982,623385.582,4465987.8448,70780.6458,54875.3982,22075170.0337,Profit,856542.1216,646683.6431,15401914.7982,608385.582,4455987.8448,60780.6458,44875.3982,-0.0043,-9.8791
2025-12-31,22049772.4614,873454.1383,662032.5907,15345976.05,619388.757,4423895.5409,70393.665,54631.7195,21949772.4614,Profit,853454.1383,642032.5907,15330976.05,604388.757,4413895.5409,60393.665,44631.7195,-0.0057,-10.3887
2026-01-02,22149898.4129,872693.2383,648876.9314,15574490.2023,609171.0533,4319041.1832,70672.8892,54952.9152,22049898.4129,Profit,852693.2383,628876.9314,15559490.2023,594171.0533,4309041.1832,60672.8892,44952.9152,0.0045,-9.9818
2026-01-05,22281268.6731,862558.1903,650217.4791,15549297.7499,628228.6715,4463176.2471,71798.7614,55991.5738,22181268.6731,Profit,842558.1903,630217.4791,15534297.7499,613228.6715,4453176.2471,61798.7614,45991.5738,0.0059,-9.4479
2026-01-06,22068463.8616,848036.737,659004.1949,15500166.2571,650433.3574,4284818.9959,70790.8735,55213.4458,21968463.8616,Profit,828036.737,639004.1949,15485166.2571,635433.3574,4274818.9959,60790.8735,45213.4458,-0.0096,-10.3127
2026-01-07,22263727.1332,843550.277,667476.8812,15693570.225,653742.1435,4280006.7106,70440.7422,54940.1537,22163727.1332,Profit,823550.277,647476.8812,15678570.225,638742.1435,4270006.7106,60440.7422,44940.1537,0.0088,-9.5192
2026-01-08,22039647.2687,841980.6892,662130.2242,15403583.5328,668616.5592,4337009.3253,70822.7732,55504.1648,21939647.2687,Profit,821980.6892,642130.2242,15388583.5328,653616.5592,4327009.3253,60822.7732,45504.1648,-0.0101,-10.4298
2026-01-09,22169496.1442,844878.3238,665186.6145,15421893.7459,673028.6381,4438247.4265,70825.3019,55436.0936,22069496.1442,Profit,824878.3238,645186.6145,15406893.7459,658028.6381,4428247.4265,60825.3019,45436.0936,0.0059,-9.9021
2026-01-12,22179569.9358,846463.1393,661271.2083,15405251.667,669539.5107,4470875.4901,70910.5403,55258.3802,22079569.9358,Profit,826463.1393,641271.2083,15390251.667,654539.5107,4460875.4901,60910.5403,45258.3802,0.0005,-9.8612
2026-01-13,22234802.8577,849737.4498,652766.8151,15489992.1154,659549.0683,4456879.4763,70669.7556,55208.1773,22134802.8577,Profit,829737.4498,632766.8151,15474992.1154,644549.0683,4446879.4763,60669.7556,45208.1773,0.0025,-9.6367
2026-01-14,21882655.6461,845640.9108,636695.9114,15257513.0676,642955.996,4374312.9854,70481.8179,55054.9569,21782655.6461,Profit,825640.9108,616695.9114,15242513.0676,627955.996,4364312.9854,60481.8179,45054.9569,-0.0158,-11.0679
2026-01-15,22232499.002,841281.0262,633929.4334,15607962.7502,648138.7684,4374963.2566,70899.2109,55324.5562,22132499.002,Profit,821281.0262,613929.4334,15592962.7502,633138.7684,4364963.2566,60899.2109,45324.5562,0.016,-9.6461
2026-01-16,22173789.1335,833386.2072,639014.642,15555192.1722,651352.1348,4368685.455,70907.7564,55250.7658,22073789.1335,Profit,813386.2072,619014.642,15540192.1722,636352.1348,4358685.455,60907.7564,45250.7658,-0.0026,-9.8847
2026-01-20,21122077.4155,799729.4676,627780.9949,14783813.9273,625434.6098,4161173.0978,69754.7731,54390.545,21022077.4155,Profit,779729.4676,607780.9949,14768813.9273,610434.6098,4151173.0978,59754.7731,44390.545,-0.0474,-14.1589
2026-01-21,21645619.7102,801937.9437,612737.4054,15203173.5333,625594.6326,4277517.4817,69912.1522,54746.5612,21545619.7102,Profit,781937.9437,592737.4054,15188173.5333,610594.6326,4267517.4817,59912.1522,44746.5612,0.0248,-12.0312
2026-01-22,21945032.4961,803275.3335,621715.7437,15311475.8219,633055.4032,4450025.3569,70188.6459,55296.1911,21845032.4961,Profit,783275.3335,601715.7437,15296475.8219,618055.4032,4440025.3569,60188.6459,45296.1911,0.0138,-10.8144
2026-01-23,22103271.7419,798434.2109,639053.9155,15471542.0205,642985.9648,4425782.8439,70208.6717,55264.1146,22003271.7419,Profit,778434.2109,619053.9155,15456542.0205,627985.9648,4415782.8439,60208.6717,45264.1146,0.0072,-10.1713
2026-01-26,21846464.0916,820361.5515,643583.4419,15339029.6333,639596.0906,4279812.9061,69064.6408,55015.8275,21746464.0916,Profit,800361.5515,623583.4419,15324029.6333,624596.0906,4269812.9061,59064.6408,45015.8275,-0.0116,-11.2149
2026-01-27,21882454.7298,824585.4096,653743.2082,15414856.6763,652461.264,4212166.5587,69274.9769,55366.6361,21782454.7298,Profit,804585.4096,633743.2082,15399856.6763,637461.264,4202166.5587,59274.9769,45366.6361,0.0016,-11.0687
2026-01-28,22042435.7653,815794.9172,652814.4673,15603820.151,645676.752,4202467.1161,68101.8088,53760.553,21942435.7653,Profit,795794.9172,632814.4673,15588820.151,630676.752,4192467.1161,58101.8088,43760.553,0.0073,-10.4185
2026-01-29,21826398.11,818260.1832,585153.1418,15619757.8386,639625.4798,4040597.11,68716.4905,54287.8661,21726398.11,Profit,798260.1832,565153.1418,15604757.8386,624625.4798,4030597.11,58716.4905,44287.8661,-0.0098,-11.2965
2026-01-30,21915897.7624,824917.9346,582840.0442,15561718.4035,635397.6326,4189459.7976,67913.6518,53650.2981,21815897.7624,Profit,804917.9346,562840.0442,15546718.4035,620397.6326,4179459.7976,57913.6518,43650.2981,0.0041,-10.9328
2026-02-02,21598177.047,865612.3512,578287.1767,15239313.9193,650538.5311,4140262.698,69465.051,54697.3197,21498177.047,Profit,845612.3512,558287.1767,15224313.9193,635538.5311,4130262.698,59465.051,44697.3197,-0.0145,-12.224
2026-02-03,21101299.7125,862395.5846,560691.9701,14780641.9749,637796.71,4134466.6912,70145.1108,55161.6709,21001299.7125,Profit,842395.5846,540691.9701,14765641.9749,622796.71,4124466.6912,60145.1108,45161.6709,-0.023,-14.2433
2026-02-04,20476139.5405,885867.9257,565417.139,14293320.8194,623478.3899,3982847.1031,70004.9775,55203.1859,20376139.5405,Profit,865867.9257,545417.139,14278320.8194,608478.3899,3972847.1031,60004.9775,45203.1859,-0.0296,-16.784
2026-02-05,20153826.8109,884525.2989,537719.5192,14112026.7036,596264.5106,3898802.177,69559.8079,54928.7937,20053826.8109,Profit,864525.2989,517719.5192,14097026.7036,581264.5106,3888802.177,59559.8079,44928.7937,-0.0157,-18.0939
2026-02-06,21343169.329,889784.9678,546801.0921,15191726.048,561990.1977,4026975.5137,70058.7756,55832.7341,21243169.329,Profit,869784.9678,526801.0921,15176726.048,546990.1977,4016975.5137,60058.7756,45832.7341,0.059,-13.2604
2026-02-09,21673181.5907,874770.2633,560811.2908,15488943.7832,554772.6585,4066239.5689,71226.9231,56417.1028,21573181.5907,Profit,854770.2633,540811.2908,15473943.7832,539772.6585,4056239.5689,61226.9231,46417.1028,0.0155,-11.9192
2026-02-10,21569466.8933,869721.1381,559043.001,15330467.5531,548797.9931,4133351.592,71589.4472,56496.1689,21469466.8933,Profit,849721.1381,539043.001,15315467.5531,533797.9931,4123351.592,61589.4472,46496.1689,-0.0048,-12.3407
2026-02-11,21754410.6288,877444.1185,548215.3129,15487476.8865,542359.7404,4172318.2979,70721.6443,55874.6283,21654410.6288,Profit,857444.1185,528215.3129,15472476.8865,527359.7404,4162318.2979,60721.6443,45874.6283,0.0086,-11.589
2026-02-12,21378959.9504,835491.5666,546029.4923,15268829.1963,531665.2026,4072484.4274,69407.7052,55052.3601,21278959.9504,Profit,815491.5666,526029.4923,15253829.1963,516665.2026,4062484.4274,59407.7052,45052.3601,-0.0173,-13.1149
2026-02-13,21037164.306,817038.1744,545683.6471,14941377.8046,529857.9241,4078793.7223,69502.8341,54910.1993,20937164.306,Profit,797038.1744,525683.6471,14926377.8046,514857.9241,4068793.7223,59502.8341,44910.1993,-0.016,-14.504
2026-02-17,21238722.2859,845512.4419,541284.0444,15164558.0219,537802.3539,4024631.457,69692.5715,55241.3954,21138722.2859,Profit,825512.4419,521284.0444,15149558.0219,522802.3539,4014631.457,59692.5715,45241.3954,0.0096,-13.6848
2026-02-18,21542744.7762,848382.9528,545899.2131,15436157.3559,548416.4827,4037888.8561,70356.9898,55642.9257,21442744.7762,Profit,828382.9528,525899.2131,15421157.3559,533416.4827,4027888.8561,60356.9898,45642.9257,0.0143,-12.4493
2026-02-19,21554651.7081,837384.3621,545058.1869,15449893.1376,549325.8918,4047036.2755,70428.9489,55524.9054,21454651.7081,Profit,817384.3621,525058.1869,15434893.1376,534325.8918,4037036.2755,60428.9489,45524.9054,0.0006,-12.4009
2026-02-20,21729155.171,849803.9684,543097.937,15599786.1551,563115.6534,4046048.5706,71122.8622,56180.0243,21629155.171,Profit,829803.9684,523097.937,15584786.1551,548115.6534,4036048.5706,61122.8622,46180.0243,0.0081,-11.6917
2026-02-23,21726799.4306,854943.0052,525652.3018,15741961.0052,550143.973,3928249.2351,70347.5912,55502.3191,21626799.4306,Profit,834943.0052,505652.3018,15726961.0052,535143.973,3918249.2351,60347.5912,45502.3191,-0.0001,-11.7013
2026-02-24,21991700.3024,875299.1272,532583.9648,15870795.3445,559737.3246,4027658.606,70470.009,55155.9264,21891700.3024,Profit,855299.1272,512583.9648,15855795.3445,544737.3246,4017658.606,60470.009,45155.9264,0.0122,-10.6247
2026-02-25,22286803.2787,880541.4098,547545.4016,16066814.6197,564371.1455,4099672.6503,71584.4211,56273.6307,22186803.2787,Profit,860541.4098,527545.4016,16051814.6197,549371.1455,4089672.6503,61584.4211,46273.6307,0.0134,-9.4254
2026-02-26,21317709.2972,876623.5113,549196.5999,15193518.9351,557205.5284,4013922.9791,70029.0677,57212.6756,21217709.2972,Profit,856623.5113,529196.5999,15178518.9351,542205.5284,4003922.9791,60029.0677,47212.6756,-0.0435,-13.3638
2026-02-27,20519368.6044,845605.8917,535115.5487,14511830.7892,560888.4457,3941001.9874,68725.2255,56200.7162,20419368.6044,Profit,825605.8917,515115.5487,14496830.7892,545888.4457,3931001.9874,58725.2255,46200.7162,-0.0374,-16.6083
2026-03-02,21037684.1897,850191.5219,544862.852,14995474.7973,558465.0831,3962248.3135,69530.1266,56911.4953,20937684.1897,Profit,830191.5219,524862.852,14980474.7973,543465.0831,3952248.3135,59530.1266,46911.4953,0.0253,-14.5019
2026-03-03,20727281.1324,846636.0267,551865.2067,14791463.4146,558944.8735,3853400.8703,68388.5491,56582.1914,20627281.1324,Profit,826636.0267,531865.2067,14776463.4146,543944.8735,3843400.8703,58388.5491,46582.1914,-0.0148,-15.7634
2026-03-04,21095678.7767,841423.1366,552709.9283,15015120.1902,580037.8674,3980995.0255,68309.1763,57083.4523,20995678.7767,Profit,821423.1366,532709.9283,15000120.1902,565037.8674,3970995.0255,58309.1763,47083.4523,0.0178,-14.2662
2026-03-05,21138839.617,835163.6897,560994.7404,15053217.539,586052.3281,3979494.5852,67739.6604,56177.0742,21038839.617,Profit,815163.6897,540994.7404,15038217.539,571052.3281,3969494.5852,57739.6604,46177.0742,0.002,-14.0908
2026-03-06,20466054.3578,822344.1905,555582.4025,14521844.5772,568011.6009,3876152.1943,67057.7012,55061.6912,20366054.3578,Profit,802344.1905,535582.4025,14506844.5772,553011.6009,3866152.1943,57057.7012,45061.6912,-0.0318,-16.825
2026-03-09,20838347.3382,827727.5933,554966.8332,14883624.1965,567181.5748,3883265.4016,66832.8739,54748.8648,20738347.3382,Profit,807727.5933,534966.8332,14868624.1965,552181.5748,3873265.4016,56832.8739,44748.8648,0.0182,-15.312
2026-03-10,21007968.5902,829942.8574,549816.0915,15048621.9152,569332.8004,3887592.038,67603.5536,55059.3343,20907968.5902,Profit,809942.8574,529816.0915,15033621.9152,554332.8004,3877592.038,57603.5536,45059.3343,0.0081,-14.6226
2026-03-11,21220525.9389,831453.2472,549432.4289,15174399.5093,565676.4727,3976894.132,67535.3971,55134.7516,21120525.9389,Profit,811453.2472,529432.4289,15159399.5093,550676.4727,3966894.132,57535.3971,45134.7516,0.0101,-13.7588
2026-03-12,20875460.0852,817154.318,546538.3064,14971647.7223,558607.5538,3860481.3785,66851.7902,54179.0161,20775460.0852,Profit,797154.318,526538.3064,14956647.7223,543607.5538,3850481.3785,56851.7902,44179.0161,-0.0163,-15.1611
2026-03-13,20718795.8734,804944.4599,541867.6882,14842522.0329,557673.9947,3851042.0143,66631.2668,54114.4167,20618795.8734,Profit,784944.4599,521867.6882,14827522.0329,542673.9947,3841042.0143,56631.2668,44114.4167,-0.0075,-15.7978
2026-03-16,20971292.557,811201.5675,546257.5159,15041985.5195,566903.8383,3882322.7549,67511.4178,55109.943,20871292.557,Profit,791201.5675,526257.5159,15026985.5195,551903.8383,3872322.7549,57511.4178,45109.943,0.0122,-14.7717
2026-03-17,20952153.5717,817157.333,546477.3786,14962292.3988,577178.6876,3925612.968,67770.2132,55664.5926,20852153.5717,Profit,797157.333,526477.3786,14947292.3988,562178.6876,3915612.968,57770.2132,45664.5926,-0.0009,-14.8495
2026-03-18,20732829.3523,803778.735,536325.5215,14844043.3213,563170.9489,3863776.7735,67032.738,54701.3141,20632829.3523,Profit,783778.735,516325.5215,14829043.3213,548170.9489,3853776.7735,57032.738,44701.3141,-0.0105,-15.7408
2026-03-19,20480290.8542,801912.2818,533388.428,14716224.355,561091.5294,3747015.8493,66304.9576,54353.4531,20380290.8542,Profit,781912.2818,513388.428,14701224.355,546091.5294,3737015.8493,56304.9576,44353.4531,-0.0122,-16.7671
2026-03-20,19837863.3374,798205.997,523203.6066,14222897.7723,551578.0248,3622791.5232,65789.684,53396.7295,19737863.3374,Profit,778205.997,503203.6066,14207897.7723,536578.0248,3612791.5232,55789.684,43396.7295,-0.0314,-19.378
2026-03-23,20233084.6815,809412.4472,524713.5772,14463970.2386,564348.039,3749428.1248,66867.5289,54344.7258,20133084.6815,Profit,789412.4472,504713.5772,14448970.2386,549348.039,3739428.1248,56867.5289,44344.7258,0.0199,-17.7718
2026-03-24,20261798.5187,812493.117,512295.316,14474016.0254,558345.1296,3782985.8732,67202.2384,54460.8191,20161798.5187,Profit,792493.117,492295.316,14459016.0254,543345.1296,3772985.8732,57202.2384,44460.8191,0.0014,-17.6551
2026-03-25,20651471.2158,818028.2574,511441.16,14804421.8624,572046.1693,3822905.2595,67559.7229,55068.7842,20551471.2158,Profit,798028.2574,491441.16,14789421.8624,557046.1693,3812905.2595,57559.7229,45068.7842,0.0192,-16.0714
2026-03-26,19940688.7813,821454.0332,506024.4086,14232190.9595,562525.9435,3697301.4926,66806.8401,54385.1039,19840688.7813,Profit,801454.0332,486024.4086,14217190.9595,547525.9435,3687301.4926,56806.8401,44385.1039,-0.0344,-18.9601
2026-03-27,19523067.9931,809978.3058,494408.2505,13954189.2465,541510.1475,3603209.3696,66128.8333,53643.8398,19423067.9931,Profit,789978.3058,474408.2505,13939189.2465,526510.1475,3593209.3696,56128.8333,43643.8398,-0.0209,-20.6573
2026-03-30,19333190.7975,805865.0351,499271.5699,13809008.9812,547890.2286,3550987.023,66220.8751,53947.0846,19233190.7975,Profit,785865.0351,479271.5699,13794008.9812,532890.2286,3540987.023,56220.8751,43947.0846,-0.0097,-21.429
2026-03-31,20350089.4348,830034.4982,515344.0027,14594292.6669,568378.3001,3719071.5138,67932.9364,55035.5166,20250089.4348,Profit,810034.4982,495344.0027,14579292.6669,553378.3001,3709071.5138,57932.9364,45035.5166,0.0526,-17.2963
2026-04-01,20495626.1314,832993.3744,512348.792,14653453.6169,572552.5571,3800256.2816,68370.5152,55650.9941,20395626.1314,Profit,812993.3744,492348.792,14638453.6169,557552.5571,3790256.2816,58370.5152,45650.9941,0.0072,-16.7048
2026-04-02,20475203.0179,835739.7877,519140.9821,14822140.2499,571609.4026,3601989.5199,68505.6267,56077.449,20375203.0179,Profit,815739.7877,499140.9821,14807140.2499,556609.4026,3591989.5199,58505.6267,46077.449,-0.001,-16.7878
2026-04-06,20433402.8169,845219.2627,518260.2489,14840896.5236,579755.3811,3523867.3347,68940.152,56463.9139,20333402.8169,Profit,825219.2627,498260.2489,14825896.5236,564755.3811,3513867.3347,58940.152,46463.9139,-0.002,-16.9577
2026-04-07,20382409.1391,827182.6899,517105.5689,14869704.1072,582048.7563,3460003.9403,69289.3744,57074.7022,20282409.1391,Profit,807182.6899,497105.5689,14854704.1072,567048.7563,3450003.9403,59289.3744,47074.7022,-0.0025,-17.1649
2026-04-08,20641202.113,841401.3392,517845.4358,15140782.6971,599989.3787,3412271.7398,70712.7777,58198.7447,20541202.113,Profit,821401.3392,497845.4358,15125782.6971,584989.3787,3402271.7398,60712.7777,48198.7447,0.0127,-16.1132
2026-04-09,20809701.2053,844735.1035,514984.5303,15259832.4021,632243.5479,3428390.3737,71109.2084,58406.0394,20709701.2053,Profit,824735.1035,494984.5303,15244832.4021,617243.5479,3418390.3737,61109.2084,48406.0394,0.0082,-15.4284
2026-04-10,21251208.7079,844947.1441,512095.8231,15656001.6049,645229.3424,3462424.2183,71596.2406,58914.3345,21151208.7079,Profit,824947.1441,492095.8231,15641001.6049,630229.3424,3452424.2183,61596.2406,48914.3345,0.0212,-13.6341
2026-04-13,21342077.8959,840004.4487,530237.5044,15697665.7568,648705.9298,3493566.7916,72261.2238,59636.2408,21242077.8959,Profit,820004.4487,510237.5044,15682665.7568,633705.9298,3483566.7916,62261.2238,49636.2408,0.0043,-13.2648
2026-04-14,22004603.109,835465.2078,540134.8736,16229806.6271,670713.6111,3595966.299,72483.2212,60033.2693,21904603.109,Profit,815465.2078,520134.8736,16214806.6271,655713.6111,3585966.299,62483.2212,50033.2693,0.031,-10.5723
2026-04-15,22504449.8426,859309.2437,564566.3089,16411586.4865,668777.8586,3866864.3971,72860.0641,60485.4837,22404449.8426,Profit,839309.2437,544566.3089,16396586.4865,653777.8586,3856864.3971,62860.0641,50485.4837,0.0227,-8.5409
2026-04-16,22378540.4965,847311.7805,575466.3058,16325805.2703,670247.4199,3826725.6915,72627.9467,60356.0818,22278540.4965,Profit,827311.7805,555466.3058,16310805.2703,655247.4199,3816725.6915,62627.9467,50356.0818,-0.0056,-9.0526
2026-04-17,22732672.2775,866809.9018,577283.8119,16552670.4395,670642.6626,3930835.2694,73488.0014,60942.1909,22632672.2775,Profit,846809.9018,557283.8119,16537670.4395,655642.6626,3920835.2694,63488.0014,50942.1909,0.0158,-7.6133
2026-04-20,22663712.8908,875150.8107,570379.7429,16570514.7806,664005.3671,3848064.0718,74074.9334,61523.1843,22563712.8908,Profit,855150.8107,550379.7429,16555514.7806,649005.3671,3838064.0718,64074.9334,51523.1843,-0.003,-7.8936
2026-04-21,22402763.2936,852662.5998,578391.8835,16383337.7092,668022.1739,3786514.4681,72984.0623,60850.3968,22302763.2936,Profit,832662.5998,558391.8835,16368337.7092,653022.1739,3776514.4681,62984.0623,50850.3968,-0.0115,-8.9541
2026-04-22,22691205.3692,875663.6116,590726.3182,16609029.6733,683040.2625,3799698.4306,72595.9144,60451.1586,22591205.3692,Profit,855663.6116,570726.3182,16594029.6733,668040.2625,3789698.4306,62595.9144,50451.1586,0.0129,-7.7819
2026-04-23,22340158.8243,878165.1097,568377.1941,16405614.799,683589.7759,3671455.5185,72123.7958,60832.6313,22240158.8243,Profit,858165.1097,548377.1941,16390614.799,668589.7759,3661455.5185,62123.7958,50832.6313,-0.0155,-9.2085
2026-04-24,23086371.0591,869917.47,580079.389,17102290.0974,706950.8632,3694100.8863,72244.1641,60788.189,22986371.0591,Profit,849917.47,560079.389,17087290.0974,691950.8632,3684100.8863,62244.1641,50788.189,0.0334,-6.1759
2026-04-27,23667389.8447,854889.5392,577679.5446,17705210.7431,696044.3883,3700244.992,72461.0117,60859.6259,23567389.8447,Profit,834889.5392,557679.5446,17690210.7431,681044.3883,3690244.992,62461.0117,50859.6259,0.0252,-3.8146
2026-04-28,23480913.6007,868794.2091,586404.4975,17504658.2804,695462.4765,3691352.1533,73245.4379,60996.5461,23380913.6007,Profit,848794.2091,566404.4975,17489658.2804,680462.4765,3681352.1533,63245.4379,50996.5461,-0.0079,-4.5725
2026-04-29,23133167.6698,867314.7416,580030.3855,17187788.6686,704612.8119,3660811.9795,72219.9529,60389.1298,23033167.6698,Profit,847314.7416,560030.3855,17172788.6686,689612.8119,3650811.9795,62219.9529,50389.1298,-0.0148,-5.9857
2026-04-30,22320066.6208,867410.1107,554874.7288,16323182.8188,707013.949,3731634.3013,73863.2972,62087.415,22220066.6208,Profit,847410.1107,534874.7288,16308182.8188,692013.949,3721634.3013,63863.2972,52087.415,-0.0351,-9.2902
2026-05-01,22284824.8589,892353.5852,561950.2693,16174389.0432,713028.5232,3808031.6024,73427.2036,61644.632,22184824.8589,Profit,872353.5852,541950.2693,16159389.0432,698028.5232,3798031.6024,63427.2036,51644.632,-0.0016,-9.4334
2026-05-04,22358381.1398,884083.3385,562284.2951,16218539.307,724966.4653,3834358.3091,72956.3589,61193.0659,22258381.1398,Profit,864083.3385,542284.2951,16203539.307,709966.4653,3824358.3091,62956.3589,51193.0659,0.0033,-9.1345
2026-05-05,22200167.8984,907956.3422,559485.7127,16063824.2734,729285.0491,3805360.9639,73214.1346,61041.4225,22100167.8984,Profit,887956.3422,539485.7127,16048824.2734,714285.0491,3795360.9639,63214.1346,51041.4225,-0.0071,-9.7775
2026-05-06,23252333.7377,919135.3826,563325.3284,17000030.5178,733554.8041,3899126.7922,74550.066,62610.8466,23152333.7377,Profit,899135.3826,543325.3284,16985030.5178,718554.8041,3889126.7922,64550.066,52610.8466,0.0474,-5.5014
2026-05-07,23695841.71,919586.0314,573012.7686,17312925.7486,723895.6003,4029794.2455,74489.7713,62137.5443,23595841.71,Profit,899586.0314,553012.7686,17297925.7486,708895.6003,4019794.2455,64489.7713,52137.5443,0.0191,-3.699
2026-05-08,24266344.6641,941907.4483,567432.9913,17681689.3066,730649.3036,4207530.1925,74904.4458,62230.9759,24166344.6641,Profit,921907.4483,547432.9913,17666689.3066,715649.3036,4197530.1925,64904.4458,52230.9759,0.0241,-1.3804
2026-05-11,24728028.2121,938547.506,563287.2973,18005033.8198,719761.2854,4365008.9607,74458.7337,61930.6093,24628028.2121,Profit,918547.506,543287.2973,17990033.8198,704761.2854,4355008.9607,64458.7337,51930.6093,0.019,0.0
2026-05-12,24795065.5232,948320.0945,558363.6214,18171975.2335,713516.8969,4265091.9285,75283.606,62514.1424,24695065.5232,Profit,928320.0945,538363.6214,18156975.2335,698516.8969,4255091.9285,65283.606,52514.1424,0.0027,0.0
2026-05-13,25333560.7524,960921.699,554574.8899,18578140.5741,724715.6336,4379162.1612,74270.9602,61774.8344,25233560.7524,Profit,940921.699,534574.8899,18563140.5741,709715.6336,4369162.1612,64270.9602,51774.8344,0.0217,0.0
2026-05-14,26169836.8099,960339.0196,561250.0644,19424532.9272,718059.5565,4366787.0992,76006.8403,62861.3027,26069836.8099,Profit,940339.0196,541250.0644,19409532.9272,703059.5565,4356787.0992,66006.8403,52861.3027,0.033,0.0
2026-05-15,25168031.5013,968746.1045,579509.2406,18602467.6811,711179.4368,4167514.9913,75978.2233,62635.8237,25068031.5013,Profit,948746.1045,559509.2406,18587467.6811,696179.4368,4157514.9913,65978.2233,52635.8237,-0.0383,-3.8281
2026-05-18,24796901.492,961034.3396,581734.3188,18354787.0356,713117.9891,4046607.3116,76554.067,63066.4304,24696901.492,Profit,941034.3396,561734.3188,18339787.0356,698117.9891,4036607.3116,66554.067,53066.4304,-0.0147,-5.2463
2026-05-19,24586206.3096,965031.2297,573536.9208,18220231.235,698509.6294,3990021.8042,76059.7232,62815.7674,24486206.3096,Profit,945031.2297,553536.9208,18205231.235,683509.6294,3980021.8042,66059.7232,52815.7674,-0.0085,-6.0514
2026-05-20,24974716.738,975193.0799,578285.9722,18448389.6796,713469.9692,4118062.8445,77555.1177,63760.0748,24874716.738,Profit,955193.0799,558285.9722,18433389.6796,698469.9692,4108062.8445,67555.1177,53760.0748,0.0158,-4.5668
2026-05-21,24728161.5721,986323.4878,576919.7991,18163645.549,724440.1231,4133482.4386,78549.4079,64800.7666,24628161.5721,Profit,966323.4878,556919.7991,18148645.549,709440.1231,4123482.4386,68549.4079,54800.7666,-0.0099,-5.5089
2026-05-22,24515720.462,1000593.4773,577290.9072,17851377.0242,720021.0038,4222152.9077,78918.0584,65367.0834,24415720.462,Profit,980593.4773,557290.9072,17836377.0242,705021.0038,4212152.9077,68918.0584,55367.0834,-0.0086,-6.3207
2026-05-26,24549849.2644,999222.8845,573912.3994,17816282.6291,717392.1219,4298211.2967,79043.3851,65784.5479,24449849.2644,Profit,979222.8845,553912.3994,17801282.6291,702392.1219,4288211.2967,69043.3851,55784.5479,0.0014,-6.1903
2026-05-27,24483905.9237,1008775.375,570060.394,17653133.0297,736142.8061,4371327.8371,78802.1274,65664.3543,24383905.9237,Profit,988775.375,550060.394,17638133.0297,721142.8061,4361327.8371,68802.1274,55664.3543,-0.0027,-6.4423
2026-05-28,24630502.6971,1012549.2766,588903.7543,17761842.416,740784.6014,4381619.6815,78576.9441,66226.0233,24530502.6971,Profit,992549.2766,568903.7543,17746842.416,725784.6014,4371619.6815,68576.9441,56226.0233,0.006,-5.8821
2026-05-29,24312686.4927,1010285.8352,620475.4543,17490072.5224,731117.668,4315641.2459,78780.3746,66313.3923,24212686.4927,Profit,990285.8352,600475.4543,17475072.5224,716117.668,4305641.2459,68780.3746,56313.3923,-0.0129,-7.0965
2026-06-01,25249926.476,994473.3182,636436.13,18637700.337,707773.0422,4130112.7745,78598.7156,64832.1585,25149926.476,Profit,974473.3182,616436.13,18622700.337,692773.0422,4120112.7745,68598.7156,54832.1585,0.0385,-3.5152
2026-06-02,25186654.8648,1023113.9338,609755.7849,18505758.643,694781.3566,4207258.2216,79652.7125,66334.2124,25086654.8648,Profit,1003113.9338,589755.7849,18490758.643,679781.3566,4197258.2216,69652.7125,56334.2124,-0.0025,-3.7569
2026-06-03,24550913.3359,1010718.9593,592587.5733,17899987.5928,679623.691,4222065.8561,79919.6873,66009.9761,24450913.3359,Profit,990718.9593,572587.5733,17884987.5928,664623.691,4212065.8561,69919.6873,56009.9761,-0.0252,-6.1862
2026-06-04,24862813.8164,1014755.1811,594085.1492,18241649.2832,690467.8554,4173354.8361,81617.1707,66884.3407,24762813.8164,Profit,994755.1811,574085.1492,18226649.2832,675467.8554,4163354.8361,71617.1707,56884.3407,0.0127,-4.9944
2026-06-05,23454645.3928,1004091.1072,579456.23,17144887.014,670704.5228,3907443.4925,81391.5312,66671.495,23354645.3928,Profit,984091.1072,559456.23,17129887.014,655704.5228,3897443.4925,71391.5312,56671.495,-0.0566,-10.3753
2026-06-08,23942549.2104,986769.5754,573545.9936,17469614.735,669600.6132,4093576.8468,82063.7682,67377.6783,23842549.2104,Profit,966769.5754,553545.9936,17454614.735,654600.6132,4083576.8468,72063.7682,57377.6783,0.0208,-8.5109
2026-06-09,23733025.0384,950805.532,561942.4619,17431935.8305,666788.0831,3970754.5264,83143.5546,67655.0498,23633025.0384,Profit,930805.532,541942.4619,17416935.8305,651788.0831,3960754.5264,73143.5546,57655.0498,-0.0088,-9.3115
2026-06-10,22881301.7844,953013.093,552840.2475,16760891.9609,649093.4507,3815048.2556,82924.7122,67490.0645,22781301.7844,Profit,933013.093,532840.2475,16745891.9609,634093.4507,3805048.2556,72924.7122,57490.0645,-0.0359,-12.5661
2026-06-11,23549809.3445,970620.2701,545529.5513,17210526.4074,661645.1079,4008657.0407,83999.4985,68831.4686,23449809.3445,Profit,950620.2701,525529.5513,17195526.4074,646645.1079,3998657.0407,73999.4985,58831.4686,0.0292,-10.0116
2026-06-12,23601215.8463,954752.8089,545464.1679,17217698.9162,652788.5673,4077102.7502,84017.1357,69391.5,23501215.8463,Profit,934752.8089,525464.1679,17202698.9162,637788.5673,4067102.7502,74017.1357,59391.5,0.0022,-9.8152
2026-06-15,24316643.8021,972448.9684,558255.5168,17833270.0297,673470.9475,4125926.8749,83849.225,69422.2398,24216643.8021,Profit,952448.9684,538255.5168,17818270.0297,658470.9475,4115926.8749,73849.225,59422.2398,0.0303,-7.0814
2026-06-16,23854612.7228,982683.3532,550525.0925,17427639.9017,674090.4813,4064865.1737,84801.7327,70006.9877,23754612.7228,Profit,962683.3532,530525.0925,17412639.9017,659090.4813,4054865.1737,74801.7327,60006.9877,-0.019,-8.8469
2026-06-17,23548330.1143,974517.9337,531106.8816,17242418.1722,652565.6956,3992501.9755,84850.183,70369.2727,23448330.1143,Profit,954517.9337,511106.8816,17227418.1722,637565.6956,3982501.9755,74850.183,60369.2727,-0.0128,-10.0173
2026-06-18,24292603.8522,988083.7412,535469.3441,17874000.7564,676138.213,4061781.0309,85802.7455,71328.021,24192603.8522,Profit,968083.7412,515469.3441,17859000.7564,661138.213,4051781.0309,75802.7455,61328.021,0.0316,-7.1733
2026-06-22,24166933.5091,986928.4785,519585.7133,17739767.8244,645458.1131,4117040.7038,86494.3961,71658.2799,24066933.5091,Profit,966928.4785,499585.7133,17724767.8244,630458.1131,4107040.7038,76494.3961,61658.2799,-0.0052,-7.6535
2026-06-23,23262916.779,980547.475,530340.3335,17053367.1664,650859.8219,3889197.7455,86807.7577,71796.4789,23162916.779,Profit,960547.475,510340.3335,17038367.1664,635859.8219,3879197.7455,76807.7577,61796.4789,-0.0374,-11.1079
2026-06-24,23151213.7622,978820.7414,519554.6076,17005327.111,652864.107,3836396.9135,86685.4342,71564.8474,23051213.7622,Profit,958820.7414,499554.6076,16990327.111,637864.107,3826396.9135,76685.4342,61564.8474,-0.0048,-11.5347
2026-06-25,22724059.7775,917001.825,500542.0381,16691493.5923,631298.5706,3824131.4968,87174.5245,72417.7301,22624059.7775,Profit,897001.825,480542.0381,16676493.5923,616298.5706,3814131.4968,77174.5245,62417.7301,-0.0185,-13.167
2026-06-26,22540751.6225,944564.8041,528443.1168,16396959.3042,646274.215,3866018.4697,86687.9846,71803.7281,22440751.6225,Profit,924564.8041,508443.1168,16381959.3042,631274.215,3856018.4697,76687.9846,61803.7281,-0.0081,-13.8674
2026-06-29,23117155.9327,939096.7549,522945.2015,16628173.7735,667906.1929,4199061.8319,87640.429,72331.7491,23017155.9327,Profit,919096.7549,502945.2015,16613173.7735,652906.1929,4189061.8319,77640.429,62331.7491,0.0256,-11.6649
2026-06-30,23678100.8395,964767.3398,529408.1039,17069642.071,663086.4704,4289585.0244,88598.3056,73013.5245,23578100.8395,Profit,944767.3398,509408.1039,17054642.071,648086.4704,4279585.0244,78598.3056,63013.5245,0.0243,-9.5214
2026-07-01,23555039.8778,981504.7328,545388.8429,16855514.4204,672434.337,4337519.0464,89171.9236,73506.5747,23455039.8778,Profit,961504.7328,525388.8429,16840514.4204,657434.337,4327519.0464,79171.9236,63506.5747,-0.0052,-9.9916
2026-07-02,23004307.9088,1026916.2236,553071.3513,16586992.1834,673755.1547,4004500.3951,87486.1977,71586.4029,22904307.9088,Profit,1006916.2236,533071.3513,16571992.1834,658755.1547,3994500.3951,77486.1977,61586.4029,-0.0234,-12.0961
2026-07-06,23410483.8597,1043113.0938,549227.8314,16692901.3544,679708.5364,4283831.5566,89117.0317,72584.4554,23310483.8597,Profit,1023113.0938,529227.8314,16677901.3544,664708.5364,4273831.5566,79117.0317,62584.4554,0.0177,-10.544
2026-07-07,23325557.9116,1034982.7615,551433.4196,16787058.0619,683811.9878,4105886.6972,89427.9792,72957.0045,23225557.9116,Profit,1014982.7615,531433.4196,16772058.0619,668811.9878,4095886.6972,79427.9792,62957.0045,-0.0036,-10.8685
2026-07-08,23797997.771,1042239.6284,542676.4262,17369324.9658,676058.879,4008729.1638,87861.4618,71107.2461,23697997.771,Profit,1022239.6284,522676.4262,17354324.9658,661058.879,3998729.1638,77861.4618,61107.2461,0.0203,-9.0633
2026-07-09,23824875.6067,1051280.3669,543928.4491,17249212.4601,685307.7334,4134329.6292,89021.3461,71795.622,23724875.6067,Profit,1031280.3669,523928.4491,17234212.4601,670307.7334,4124329.6292,79021.3461,61795.622,0.0011,-8.9605
2026-07-10,24488072.912,1046586.6504,544091.0245,17915903.8478,679487.0253,4139903.4099,89954.9885,72145.9656,24388072.912,Profit,1026586.6504,524091.0245,17900903.8478,664487.0253,4129903.4099,79954.9885,62145.9656,0.0278,-6.4263
2026-07-13,23743683.0538,1053117.2586,552373.6982,17283684.7719,684894.6645,4007633.7587,89778.1834,72200.7185,23643683.0538,Profit,1033117.2586,532373.6982,17268684.7719,669894.6645,3997633.7587,79778.1834,62200.7185,-0.0304,-9.2708
2026-07-14,24312155.8305,1039223.5931,540813.6399,17886789.4851,681613.6779,3999870.8544,90702.732,73141.8482,24212155.8305,Profit,1019223.5931,520813.6399,17871789.4851,666613.6779,3989870.8544,80702.732,63141.8482,0.0239,-7.0986
2026-07-15,24402732.5814,1079559.8792,555135.522,17922941.9981,701288.3376,3977409.5948,92207.614,74189.6356,24302732.5814,Profit,1059559.8792,535135.522,17907941.9981,686288.3376,3967409.5948,82207.614,64189.6356,0.0037,-6.7524
2026-07-16,23930967.2975,1097686.814,562370.1871,17479094.9915,686804.7163,3940039.4313,91374.2128,73596.9445,23830967.2975,Profit,1077686.814,542370.1871,17464094.9915,671804.7163,3930039.4313,81374.2128,63596.9445,-0.0193,-8.5552
2026-07-17,23384731.7093,1097388.4728,551219.116,17063040.8559,678332.2039,3830510.0297,90947.8073,73293.2237,23284731.7093,Profit,1077388.4728,531219.116,17048040.8559,663332.2039,3820510.0297,80947.8073,63293.2237,-0.0228,-10.6424
2026-07-20,23369376.2742,1076943.3308,564681.5208,17151399.1371,687862.6673,3727765.5742,89065.1276,71658.9163,23269376.2742,Profit,1056943.3308,544681.5208,17136399.1371,672862.6673,3717765.5742,79065.1276,61658.9163,-0.0007,-10.7011
2026-07-21,23862476.6478,1083888.3511,559937.634,17540759.1033,683135.9876,3833328.2017,89541.5095,71885.8607,23762476.6478,Profit,1063888.3511,539937.634,17525759.1033,668135.9876,3823328.2017,79541.5095,61885.8607,0.0211,-8.8169
2026-07-22,24181025.2341,1077234.8536,549233.2108,17935482.0015,675349.5347,3781677.5149,89738.9474,72309.1712,24081025.2341,Profit,1057234.8536,529233.2108,17920482.0015,660349.5347,3771677.5149,79738.9474,62309.1712,0.0133,-7.5996
2026-07-23,23284732.746,1062875.1567,536716.7787,17650110.1443,644256.3464,3231291.7001,88438.5984,71044.0215,23184732.746,Profit,1042875.1567,516716.7787,17635110.1443,629256.3464,3221291.7001,78438.5984,61044.0215,-0.0371,-11.0245
2026-07-24,23105513.7368,1101193.8763,537266.7959,17500196.835,640437.063,3166221.8916,88768.8621,71428.4129,23005513.7368,Profit,1081193.8763,517266.7959,17485196.835,625437.063,3156221.8916,78768.8621,61428.4129,-0.0077,-11.7094
2026-07-27,22247476.7949,1115716.9579,548498.865,16650977.0106,639401.7976,3132345.2409,89079.7129,71457.2101,22147476.7949,Profit,1095716.9579,528498.865,16635977.0106,624401.7976,3122345.2409,79079.7129,61457.2101,-0.0371,-14.9881
2026-07-28,22269560.8008,1125257.2545,554018.4835,16679150.744,637394.8576,3111666.297,90223.2081,71849.956,22169560.8008,Profit,1105257.2545,534018.4835,16664150.744,622394.8576,3101666.297,80223.2081,61849.956,0.001,-14.9037
2026-07-29,21529184.268,1117495.9561,549319.5942,16064846.8506,624928.1045,3015292.7523,87585.8613,69715.1491,21429184.268,Profit,1097495.9561,529319.5942,16049846.8506,609928.1045,3005292.7523,77585.8613,59715.1491,-0.0332,-17.7328
2026-07-30,22049389.0064,1096369.1451,631392.3702,16409326.4066,646148.2588,3106430.5815,88706.0914,71016.1527,21949389.0064,Profit,1076369.1451,611392.3702,16394326.4066,631148.2588,3096430.5815,78706.0914,61016.1527,0.0242,-15.745
2026-07-31,22614975.5747,1016830.8217,651152.1337,16907804.6579,745939.5821,3133517.9942,88543.2402,71187.1449,22514975.5747,Profit,996830.8217,631152.1337,16892804.6579,730939.5821,3123517.9942,78543.2402,61187.1449,0.0257,-13.5838
2026-08-03,23269860.1926,998759.5349,683280.9821,17403879.2255,780108.1085,3242966.0858,88948.9559,71917.2999,23169860.1926,Profit,978759.5349,663280.9821,17388879.2255,765108.1085,3232966.0858,78948.9559,61917.2999,0.029,-11.0814
2026-08-04,23842262.4469,1021208.9538,692430.614,17899885.0529,764098.3832,3305191.5904,88378.3049,71069.5477,23742262.4469,Profit,1001208.9538,672430.614,17884885.0529,749098.3832,3295191.5904,78378.3049,61069.5477,0.0246,-8.8941
2026-08-05,24312644.371,1023491.506,682868.7019,18459458.6438,748718.3726,3236937.2667,89267.959,71901.9209,24212644.371,Profit,1003491.506,662868.7019,18444458.6438,733718.3726,3226937.2667,79267.959,61901.9209,0.0197,-7.0967
2026-08-06,24280119.9315,1027545.3582,699840.1103,18429573.7911,747220.9667,3214767.9448,89293.0554,71878.705,24180119.9315,Profit,1007545.3582,679840.1103,18414573.7911,732220.9667,3204767.9448,79293.0554,61878.705,-0.0013,-7.221
2026-08-07,24665974.6546,1025057.4946,696276.8166,18746993.9245,749283.3568,3288132.3265,88659.9029,71570.8327,24565974.6546,Profit,1005057.4946,676276.8166,18731993.9245,734283.3568,3278132.3265,78659.9029,61570.8327,0.0159,-5.7465
2026-08-10,24152161.1847,1008398.6874,704679.2426,18209126.73,759083.5923,3310911.1749,88531.7442,71430.0132,24052161.1847,Profit,988398.6874,684679.2426,18194126.73,744083.5923,3300911.1749,78531.7442,61430.0132,-0.0208,-7.7099
2026-08-11,24111289.7352,996366.834,700791.3754,18185355.2475,742397.534,3326640.549,88214.1338,71524.0614,24011289.7352,Profit,976366.834,680791.3754,18170355.2475,727397.534,3316640.549,78214.1338,61524.0614,-0.0017,-7.8661
2026-08-12,24578968.1291,987887.3975,685109.5306,18740386.5858,728948.3089,3274368.9672,89584.3711,72682.9681,24478968.1291,Profit,967887.3975,665109.5306,18725386.5858,713948.3089,3264368.9672,79584.3711,62682.9681,0.0194,-6.079
2026-08-13,24829568.2056,998298.4097,691697.7544,18852398.2005,723499.9171,3400793.1323,90274.0358,72606.7557,24729568.2056,Profit,978298.4097,671697.7544,18837398.2005,708499.9171,3390793.1323,80274.0358,62606.7557,0.0102,-5.1214
2026-08-14,24723459.1953,995967.2954,686520.2996,18755523.2256,713492.7272,3408425.147,90518.0466,73012.4539,24623459.1953,Profit,975967.2954,666520.2996,18740523.2256,698492.7272,3398425.147,80518.0466,63012.4539,-0.0043,-5.5269
2026-08-17,24637848.9044,994143.3953,665184.4042,18729519.9396,709340.9914,3376413.8085,90298.2667,72948.0987,24537848.9044,Profit,974143.3953,645184.4042,18714519.9396,694340.9914,3366413.8085,80298.2667,62948.0987,-0.0035,-5.854
2026-08-18,24225301.8174,1010333.4166,668111.4241,18322513.5079,705511.0279,3358035.2341,89115.6809,71681.5259,24125301.8174,Profit,990333.4166,648111.4241,18307513.5079,690511.0279,3348035.2341,79115.6809,61681.5259,-0.0167,-7.4304
2026-08-19,24111086.2904,1027661.3938,668684.9533,18055841.2513,719503.9907,3483703.8393,86462.3132,69228.5487,24011086.2904,Profit,1007661.3938,648684.9533,18040841.2513,704503.9907,3473703.8393,76462.3132,59228.5487,-0.0047,-7.8669
2026-08-20,23885465.4269,1006875.8174,662447.7813,17946144.0481,702009.474,3414612.4232,85217.5863,68158.2965,23785465.4269,Profit,986875.8174,642447.7813,17931144.0481,687009.474,3404612.4232,75217.5863,58158.2965,-0.0094,-8.729
2026-08-21,23834061.6258,998754.0961,664118.6843,17737641.9829,696749.2139,3583516.9607,85071.329,68209.3588,23734061.6258,Profit,978754.0961,644118.6843,17722641.9829,681749.2139,3573516.9607,75071.329,58209.3588,-0.0022,-8.9254
2026-08-24,23336666.9578,1007921.2927,673703.1187,17324798.6424,710223.9401,3466681.8105,85073.7402,68264.4134,23236666.9578,Profit,987921.2927,653703.1187,17309798.6424,695223.9401,3456681.8105,75073.7402,58264.4134,-0.0209,-10.8261
2026-08-25,23728880.3858,1006274.1233,679638.7608,17700730.9269,707333.4504,3478842.6633,86335.1755,69725.2858,23628880.3858,Profit,986274.1233,659638.7608,17685730.9269,692333.4504,3468842.6633,76335.1755,59725.2858,0.0168,-9.3274
2026-08-26,23481959.5676,1020522.5006,687914.0916,17465652.9013,707105.545,3444025.2894,86616.1629,70123.0768,23381959.5676,Profit,1000522.5006,667914.0916,17450652.9013,692105.545,3434025.2894,76616.1629,60123.0768,-0.0104,-10.2709
2026-08-27,25075156.4119,1023094.3607,699200.8172,18971263.8981,695431.7892,3529737.0149,85407.6463,71020.8855,24975156.4119,Profit,1003094.3607,679200.8172,18956263.8981,680431.7892,3519737.0149,75407.6463,61020.8855,0.0678,-4.183
2026-08-28,24250027.6896,1041771.2389,712311.4361,18138599.342,724439.2734,3476208.8292,85444.3172,71253.2528,24150027.6896,Profit,1021771.2389,692311.4361,18123599.342,709439.2734,3466208.8292,75444.3172,61253.2528,-0.0329,-7.336
2026-08-31,24635341.3598,1030848.6975,702541.3429,18378746.0677,705211.432,3661777.3778,85275.5479,70940.894,24535341.3598,Profit,1010848.6975,682541.3429,18363746.0677,690211.432,3651777.3778,75275.5479,60940.894,0.0159,-5.8636
2026-09-01,24295708.8865,1060075.674,695359.2839,18139871.1247,693542.1636,3551415.7571,85179.5758,70265.3074,24195708.8865,Profit,1040075.674,675359.2839,18124871.1247,678542.1636,3541415.7571,75179.5758,60265.3074,-0.0138,-7.1614
2026-09-02,24824034.3379,1057005.26,687892.672,18676882.2793,692058.0006,3552135.618,86806.4678,71254.0402,24724034.3379,Profit,1037005.26,667892.672,18661882.2793,677058.0006,3542135.618,76806.4678,61254.0402,0.0217,-5.1426
2026-09-03,25259750.4772,1061877.9432,702537.5016,18911626.69,698946.5664,3724722.614,88091.8938,71947.2683,25159750.4772,Profit,1041877.9432,682537.5016,18896626.69,683946.5664,3714722.614,78091.8938,61947.2683,0.0176,-3.4776
2026-09-04,25246695.3475,1039047.4255,690732.4017,19140272.319,700474.9219,3517138.0977,87800.6585,71229.5231,25146695.3475,Profit,1019047.4255,670732.4017,19125272.319,685474.9219,3507138.0977,77800.6585,61229.5231,-0.0005,-3.5275
2026-09-08,24875183.1155,1022714.9818,680021.4995,18679682.8548,693484.6341,3642200.0831,86785.1641,70293.8981,24775183.1155,Profit,1002714.9818,660021.4995,18664682.8548,678484.6341,3632200.0831,76785.1641,60293.8981,-0.0147,-4.9471
2026-09-09,24706258.912,1020904.7468,677542.5486,18528012.3192,681843.406,3642433.2974,85963.01,69559.584,24606258.912,Profit,1000904.7468,657542.5486,18513012.3192,666843.406,3632433.2974,75963.01,59559.584,-0.0068,-5.5926
2026-09-10,24302815.0043,1059100.5512,679811.6464,18119613.3742,681649.2618,3606607.7997,85766.9332,70265.4377,24202815.0043,Profit,1039100.5512,659811.6464,18104613.3742,666649.2618,3596607.7997,75766.9332,60265.4377,-0.0163,-7.1343
2026-09-11,24429752.2822,1081016.559,686393.5141,18171466.9767,697094.32,3636798.274,86006.5409,70976.0975,24329752.2822,Profit,1061016.559,666393.5141,18156466.9767,682094.32,3626798.274,76006.5409,60976.0975,0.0052,-6.6492
2026-09-14,23835921.3343,1087012.36,702108.3322,17615743.4342,690433.0096,3583488.3454,85963.1925,71172.6604,23735921.3343,Profit,1067012.36,682108.3322,17600743.4342,675433.0096,3573488.3454,75963.1925,61172.6604,-0.0243,-8.9183
2026-09-15,23895627.7463,1081955.7875,690989.1888,17726971.8916,676879.4644,3561677.0843,85622.7364,71531.5933,23795627.7463,Profit,1061955.7875,670989.1888,17711971.8916,661879.4644,3551677.0843,75622.7364,61531.5933,0.0025,-8.6902
2026-09-16,24092962.9983,1087789.5952,682978.5803,17910039.2629,671621.2659,3584369.7208,84992.2162,71172.357,23992962.9983,Profit,1067789.5952,662978.5803,17895039.2629,656621.2659,3574369.7208,74992.2162,61172.357,0.0083,-7.9361
2026-09-17,24743195.5701,1106051.9957,695394.5484,18419524.5223,687918.7127,3676426.5839,85781.4413,72097.7658,24643195.5701,Profit,1086051.9957,675394.5484,18404524.5223,672918.7127,3666426.5839,75781.4413,62097.7658,0.027,-5.4515
