date,ticker,holding_value_cad
2010-09-17,AAPL,20000.000000000004
2010-09-20,AAPL,20471.969978174395
2010-09-21,AAPL,20578.58978696686
2010-09-22,AAPL,20891.213116200368
2010-09-23,AAPL,20941.513845957477
2010-09-24,AAPL,21091.57135462836
2010-09-27,AAPL,21001.655104709895
2010-09-28,AAPL,20784.43141029281
2010-09-29,AAPL,20809.525463131336
2010-09-30,AAPL,20542.765944167553
2010-10-01,AAPL,20289.99996715131
2010-10-04,AAPL,20048.54567117617
2010-10-05,AAPL,20654.756513777913
2010-10-06,AAPL,20480.306506433888
2010-10-07,AAPL,20671.732247512064
2010-10-08,AAPL,20956.786140480708
2010-10-11,AAPL,21047.112999024394
2010-10-12,AAPL,21219.545158267334
2010-10-13,AAPL,21164.364051707595
2010-10-14,AAPL,21330.932719782373
2010-10-15,AAPL,22368.528984041637
2010-10-18,AAPL,22688.245283983968
2010-10-19,AAPL,22409.587500228772
2010-10-20,AAPL,22367.426206591044
2010-10-21,AAPL,22268.141041012528
2010-10-22,AAPL,22184.632631982517
2010-10-25,AAPL,22145.0781165312
2010-10-26,AAPL,22139.303786093085
2010-10-27,AAPL,22332.51743444223
2010-10-28,AAPL,21892.776713845207
2010-10-29,AAPL,21557.593373574546
2010-11-01,AAPL,21673.922316602246
2010-11-02,AAPL,21965.001597854138
2010-11-03,AAPL,22193.696524092404
2010-11-04,AAPL,22427.29059781331
2010-11-05,AAPL,22326.43808045395
2010-11-08,AAPL,22448.14247696955
2010-11-09,AAPL,22250.487216463014
2010-11-10,AAPL,22397.761971822394
2010-11-11,AAPL,22296.275944012694
2010-11-12,AAPL,21827.370279349954
2010-11-15,AAPL,21726.45206461056
2010-11-16,AAPL,21691.862394021915
2010-11-17,AAPL,21564.41182308822
2010-11-18,AAPL,22062.214949626537
2010-11-19,AAPL,22013.55196170031
2010-11-22,AAPL,22444.827105612763
2010-11-23,AAPL,22237.211653025857
2010-11-24,AAPL,22373.127800644117
2010-11-26,AAPL,22570.973114285756
2010-11-29,AAPL,22780.23569404355
2010-11-30,AAPL,22453.822954007614
2010-12-01,AAPL,22598.195292970428
2010-12-02,AAPL,22469.489432811057
2010-12-03,AAPL,22449.911613560504
2010-12-06,AAPL,22639.955363322937
2010-12-07,AAPL,22579.300257205243
2010-12-08,AAPL,22792.692386565264
2010-12-09,AAPL,22699.761096170176
2010-12-10,AAPL,22746.586903790412
2010-12-13,AAPL,22717.01135109947
2010-12-14,AAPL,22610.90069700228
2010-12-15,AAPL,22602.05266771251
2010-12-16,AAPL,22709.51715710543
2010-12-17,AAPL,22818.804748794337
2010-12-20,AAPL,23055.336433936827
2010-12-21,AAPL,23189.086914348918
2010-12-22,AAPL,23197.651037103537
2010-12-23,AAPL,22967.23155463934
2010-12-27,AAPL,23041.63149119444
2010-12-28,AAPL,23097.410913179505
2010-12-29,AAPL,22875.391310019837
2010-12-30,AAPL,22776.176534491362
2010-12-31,AAPL,22555.034460622162
2011-01-03,AAPL,23042.83985372009
2011-01-04,AAPL,23257.186941425625
2011-01-05,AAPL,23358.36559935016
2011-01-06,AAPL,23356.352443919073
2011-01-07,AAPL,23477.01272135911
2011-01-10,AAPL,23894.01041678887
2011-01-11,AAPL,23786.67497582102
2011-01-12,AAPL,23888.336978755815
2011-01-13,AAPL,23981.838428556213
2011-01-14,AAPL,24258.72003671545
2011-01-18,AAPL,23735.196385893272
2011-01-19,AAPL,23676.32449437654
2011-01-20,AAPL,23393.774140854246
2011-01-21,AAPL,22841.22397973142
2011-01-24,AAPL,23565.816808486976
2011-01-25,AAPL,23970.106753549888
2011-01-26,AAPL,24062.305987424585
2011-01-27,AAPL,23990.14210812569
2011-01-28,AAPL,23607.013758439185
2011-01-31,AAPL,23906.72989883073
2011-02-01,AAPL,24072.566510385113
2011-02-02,AAPL,23925.073545870615
2011-02-03,AAPL,23909.6417005673
2011-02-04,AAPL,24118.953553360116
2011-02-07,AAPL,24455.868488861714
2011-02-08,AAPL,24735.910610267656
2011-02-09,AAPL,25048.80846069631
2011-02-10,AAPL,24814.587915530064
2011-02-11,AAPL,24846.690471017366
2011-02-14,AAPL,24958.779586697783
2011-02-15,AAPL,25016.02546805864
2011-02-16,AAPL,25157.272488799772
2011-02-17,AAPL,24786.075252594695
2011-02-18,AAPL,24225.078285467316
2011-02-22,AAPL,23470.250583885467
2011-02-23,AAPL,23905.575502010106
2011-02-24,AAPL,23726.5219853936
2011-02-25,AAPL,24005.773391904113
2011-02-28,AAPL,24184.310714820345
2011-03-01,AAPL,23924.719249285423
2011-03-02,AAPL,24095.609866432536
2011-03-03,AAPL,24637.099404359396
2011-03-04,AAPL,24582.86152447016
2011-03-07,AAPL,24329.656782808688
2011-03-08,AAPL,24291.81039923829
2011-03-09,AAPL,24001.336472416722
2011-03-10,AAPL,23716.019789927937
2011-03-11,AAPL,24088.986162723962
2011-03-14,AAPL,24258.933553200564
2011-03-15,AAPL,23874.26600775323
2011-03-16,AAPL,23009.688486487223
2011-03-17,AAPL,23258.695634831438
2011-03-18,AAPL,22883.624599539275
2011-03-21,AAPL,23312.849046660627
2011-03-22,AAPL,23433.302846620554
2011-03-23,AAPL,23418.039937437326
2011-03-24,AAPL,23645.83621737011
2011-03-25,AAPL,24165.755897630344
2011-03-28,AAPL,24038.481301821743
2011-03-29,AAPL,24083.88992310122
2011-03-30,AAPL,23804.50477549563
2011-03-31,AAPL,23807.465850267225
2011-04-01,AAPL,23328.257428613935
2011-04-04,AAPL,23217.522148229247
2011-04-05,AAPL,22959.04988448993
2011-04-06,AAPL,22785.292045971273
2011-04-07,AAPL,22799.424021683888
2011-04-08,AAPL,22534.595536426146
2011-04-11,AAPL,22203.940622707923
2011-04-12,AAPL,22494.020365249275
2011-04-13,AAPL,22782.20192277461
2011-04-14,AAPL,22496.357314910536
2011-04-15,AAPL,22136.424833046534
2011-04-18,AAPL,22610.269532886934
2011-04-19,AAPL,22731.417848007237
2011-04-20,AAPL,22926.609456762446
2011-04-21,AAPL,23469.368361924993
2011-04-25,AAPL,23679.19640841809
2011-04-26,AAPL,23418.145522512383
2011-04-27,AAPL,23503.901720473605
2011-04-28,AAPL,23186.538794537544
2011-04-29,AAPL,23348.83244024002
2011-05-02,AAPL,23109.48515309601
2011-05-03,AAPL,23227.083463359402
2011-05-04,AAPL,23539.969582113044
2011-05-05,AAPL,23571.722533685162
2011-05-06,AAPL,23435.926049151967
2011-05-09,AAPL,23608.435637449948
2011-05-10,AAPL,23607.147499534254
2011-05-11,AAPL,23388.853876356592
2011-05-12,AAPL,23531.309259623376
2011-05-13,AAPL,23242.785137187864
2011-05-16,AAPL,22736.800340500136
2011-05-17,AAPL,23096.52165221403
2011-05-18,AAPL,23228.62031278523
2011-05-19,AAPL,23225.907949523764
2011-05-20,AAPL,22944.129540216887
2011-05-23,AAPL,22889.994899067708
2011-05-24,AAPL,22826.737707433615
2011-05-25,AAPL,23120.231367401804
2011-05-26,AAPL,23104.959072878577
2011-05-27,AAPL,23176.850777317326
2011-05-31,AAPL,23692.14583129007
2011-06-01,AAPL,23596.86585955871
2011-06-02,AAPL,23830.81892253481
2011-06-03,AAPL,23593.294737686785
2011-06-06,AAPL,23253.45157610361
2011-06-07,AAPL,22747.621637525972
2011-06-08,AAPL,22842.81479486228
2011-06-09,AAPL,22679.23535757911
2011-06-10,AAPL,22378.500907797013
2011-06-13,AAPL,22453.17067287726
2011-06-14,AAPL,22638.83146885733
2011-06-15,AAPL,22464.508163603372
2011-06-16,AAPL,22500.442284147743
2011-06-17,AAPL,22059.218679829923
2011-06-20,AAPL,21696.51752266442
2011-06-21,AAPL,22237.35947213094
2011-06-22,AAPL,22058.36461388946
2011-06-23,AAPL,22817.115387593425
2011-06-24,AAPL,22595.778567919126
2011-06-27,AAPL,23018.40042834692
2011-06-28,AAPL,23149.124136607377
2011-06-29,AAPL,22792.13161249996
2011-06-30,AAPL,22756.033248505504
2011-07-01,AAPL,23273.256989849287
2011-07-05,AAPL,23599.97944610539
2011-07-06,AAPL,23880.305474046487
2011-07-07,AAPL,24073.826492280794
2011-07-08,AAPL,24344.84930194188
2011-07-11,AAPL,24056.104624016243
2011-07-12,AAPL,24045.88164241573
2011-07-13,AAPL,24118.639144469947
2011-07-14,AAPL,24108.42320187444
2011-07-15,AAPL,24466.457498722422
2011-07-18,AAPL,25266.761865298788
2011-07-19,AAPL,25183.518592123917
2011-07-20,AAPL,25784.999223363113
2011-07-21,AAPL,25733.88900803057
2011-07-22,AAPL,26271.16687463016
2011-07-25,AAPL,26472.707665898793
2011-07-26,AAPL,26794.845383562424
2011-07-27,AAPL,26147.95847737875
2011-07-28,AAPL,26123.265647825443
2011-07-29,AAPL,26184.279743198327
2011-08-01,AAPL,26604.11650397962
2011-08-02,AAPL,26195.7322043395
2011-08-03,AAPL,26589.555148961772
2011-08-04,AAPL,25912.778281196992
2011-08-05,AAPL,25854.363925005506
2011-08-08,AAPL,24559.280857707454
2011-08-09,AAPL,26010.7659235198
2011-08-10,AAPL,25338.82954486263
2011-08-11,AAPL,25987.71318213238
2011-08-12,AAPL,26180.950293831535
2011-08-15,AAPL,26518.49170077847
2011-08-16,AAPL,26262.412698740445
2011-08-17,AAPL,26265.828962502284
2011-08-18,AAPL,25482.38535924501
2011-08-19,AAPL,24650.196646336455
2011-08-22,AAPL,24810.078259657635
2011-08-23,AAPL,25941.351948842388
2011-08-24,AAPL,26129.354387153722
2011-08-25,AAPL,25861.29265226424
2011-08-26,AAPL,26570.02191007624
2011-08-29,AAPL,26812.374852356872
2011-08-30,AAPL,26850.31274299232
2011-08-31,AAPL,26471.87706330834
2011-09-01,AAPL,26120.557977233984
2011-09-02,AAPL,25807.990960040508
2011-09-06,AAPL,26457.02710908534
2011-09-07,AAPL,26676.19591521847
2011-09-08,AAPL,26625.294523701035
2011-09-09,AAPL,26460.79297676237
2011-09-12,AAPL,26597.924525911283
2011-09-13,AAPL,26775.574934197037
2011-09-14,AAPL,27133.97291297021
2011-09-15,AAPL,27263.387366299965
2011-09-16,AAPL,27633.007865384192
2011-09-19,AAPL,28646.833409745643
2011-09-20,AAPL,28845.260614467596
2011-09-21,AAPL,28938.309221612748
2011-09-22,AAPL,29180.748978288426
2011-09-23,AAPL,29225.287109282428
2011-09-26,AAPL,29304.093462969908
2011-09-27,AAPL,28605.80539591353
2011-09-28,AAPL,28540.98085249859
2011-09-29,AAPL,28387.521158075877
2011-09-30,AAPL,27848.201980025184
2011-10-03,AAPL,27492.056482853222
2011-10-04,AAPL,27767.92212795691
2011-10-05,AAPL,27787.64776631254
2011-10-06,AAPL,27671.778704945093
2011-10-07,AAPL,26849.864593007078
2011-10-10,AAPL,28234.291404483287
2011-10-11,AAPL,28950.822226174496
2011-10-12,AAPL,28740.358322896056
2011-10-13,AAPL,29397.372010945182
2011-10-14,AAPL,30107.926717388174
2011-10-17,AAPL,29977.700432147984
2011-10-18,AAPL,30174.478163364045
2011-10-19,AAPL,28406.948811886345
2011-10-20,AAPL,28396.294104645604
2011-10-21,AAPL,27871.932812227973
2011-10-24,AAPL,28636.58227212512
2011-10-25,AAPL,28367.962109505334
2011-10-26,AAPL,28450.585950239867
2011-10-27,AAPL,28284.538168535368
2011-10-28,AAPL,28344.96802649294
2011-10-31,AAPL,28271.384614518276
2011-11-01,AAPL,28426.374119361815
2011-11-02,AAPL,28292.44062481963
2011-11-03,AAPL,28696.087674092192
2011-11-04,AAPL,28644.914107714612
2011-11-07,AAPL,28584.93239974228
2011-11-08,AAPL,28957.281686432976
2011-11-09,AAPL,28268.848226381913
2011-11-10,AAPL,27598.336073070503
2011-11-11,AAPL,27554.342291796795
2011-11-14,AAPL,27140.27516878361
2011-11-15,AAPL,27980.05192908625
2011-11-16,AAPL,27608.86407822118
2011-11-17,AAPL,27132.94756457466
2011-11-18,AAPL,27049.326531464587
2011-11-21,AAPL,26941.51713082648
2011-11-22,AAPL,27443.794718212208
2011-11-23,AAPL,27040.436268144796
2011-11-25,AAPL,26806.77649704385
2011-11-28,AAPL,27306.6772470733
2011-11-29,AAPL,27013.566039710313
2011-11-30,AAPL,27399.8103222785
2011-12-01,AAPL,27747.168794870726
2011-12-02,AAPL,27849.03023628063
2011-12-05,AAPL,28017.17564147626
2011-12-06,AAPL,27806.3058222426
2011-12-07,AAPL,27642.918784429537
2011-12-08,AAPL,27996.534932470135
2011-12-09,AAPL,28227.698203129734
2011-12-12,AAPL,28304.451513691103
2011-12-13,AAPL,28114.00654064345
2011-12-14,AAPL,27816.37394573303
2011-12-15,AAPL,27540.247857444196
2011-12-16,AAPL,27824.072270872177
2011-12-19,AAPL,27848.54689127037
2011-12-20,AAPL,28630.270630971718
2011-12-21,AAPL,28666.842954636428
2011-12-22,AAPL,28620.75858887659
2011-12-23,AAPL,28942.377766504946
2011-12-27,AAPL,29172.790209964136
2011-12-28,AAPL,28971.19076032047
2011-12-29,AAPL,29076.93303982247
2011-12-30,AAPL,28953.471238390925
2012-01-03,AAPL,29172.217704223825
2012-01-04,AAPL,29458.557388773166
2012-01-05,AAPL,29969.896521933777
2012-01-06,AAPL,30388.947260489644
2012-01-09,AAPL,30459.543788007697
2012-01-10,AAPL,30247.561805983438
2012-01-11,AAPL,30281.386571361672
2012-01-12,AAPL,30214.030332480364
2012-01-13,AAPL,30238.375904453485
2012-01-17,AAPL,30245.759820702464
2012-01-18,AAPL,30588.927738982435
2012-01-19,AAPL,30355.352435941535
2012-01-20,AAPL,29972.5431878152
2012-01-23,AAPL,30287.780334240117
2012-01-24,AAPL,29843.48303107064
2012-01-25,AAPL,31777.576357953116
2012-01-26,AAPL,31216.926648405926
2012-01-27,AAPL,31485.755634840825
2012-01-30,AAPL,31946.831579604346
2012-01-31,AAPL,32260.527183933424
2012-02-01,AAPL,31979.98060050221
2012-02-02,AAPL,31948.9761297955
2012-02-03,AAPL,32137.400908407064
2012-02-06,AAPL,32468.46877708551
2012-02-07,AAPL,32787.81435609763
2012-02-08,AAPL,33411.463160428786
2012-02-09,AAPL,34465.82868094208
2012-02-10,AAPL,34744.42311365224
2012-02-13,AAPL,35321.436163498256
2012-02-14,AAPL,35783.8659435575
2012-02-15,AAPL,34867.02381013833
2012-02-16,AAPL,35171.14167499224
2012-02-17,AAPL,35192.36896774869
2012-02-21,AAPL,36031.22127206083
2012-02-22,AAPL,36067.627005940456
2012-02-23,AAPL,36247.80676335757
2012-02-24,AAPL,36686.857661464215
2012-02-27,AAPL,36904.83687575171
2012-02-28,AAPL,37474.524667723774
2012-02-29,AAPL,37626.28796194057
2012-03-01,AAPL,37701.727324901236
2012-03-02,AAPL,37903.91570463021
2012-03-05,AAPL,37241.413939013124
2012-03-06,AAPL,37331.902694671895
2012-03-07,AAPL,37282.25424604514
2012-03-08,AAPL,37801.12746089481
2012-03-09,AAPL,37930.74839170468
2012-03-12,AAPL,38554.728029271
2012-03-13,AAPL,39562.448409959165
2012-03-14,AAPL,41098.25840938196
2012-03-15,AAPL,40874.3992795813
2012-03-16,AAPL,40812.64843501802
2012-03-19,AAPL,41750.86802663372
2012-03-20,AAPL,42316.03677739335
2012-03-21,AAPL,42067.74291488952
2012-03-22,AAPL,42146.950491862204
2012-03-23,AAPL,41830.814699131806
2012-03-26,AAPL,42337.61836673498
2012-03-27,AAPL,42888.976589677164
2012-03-28,AAPL,43351.5682668515
2012-03-29,AAPL,42871.231258062595
2012-03-30,AAPL,42110.220963752414
2012-04-02,AAPL,43133.708715649074
2012-04-03,AAPL,43844.542635957216
2012-04-04,AAPL,43723.52571559698
2012-04-05,AAPL,44203.01335111543
2012-04-09,AAPL,44603.64770624637
2012-04-10,AAPL,44307.07800109152
2012-04-11,AAPL,44195.74205894651
2012-04-12,AAPL,43563.93270148096
2012-04-13,AAPL,42456.74648741919
2012-04-16,AAPL,40879.995288559316
2012-04-17,AAPL,42340.849270031715
2012-04-18,AAPL,42350.32377076683
2012-04-19,AAPL,40998.6963762733
2012-04-20,AAPL,39923.83561952395
2012-04-23,AAPL,39936.184380635605
2012-04-24,AAPL,38926.85441413657
2012-04-25,AAPL,42233.05394740361
2012-04-26,AAPL,42044.403920631936
2012-04-27,AAPL,41575.61557271926
2012-04-30,AAPL,40578.06186159158
2012-05-01,AAPL,40266.80879199882
2012-05-02,AAPL,40747.90366699312
2012-05-03,AAPL,40362.80439590556
2012-05-04,AAPL,39565.486913785804
2012-05-07,AAPL,39778.780497075764
2012-05-08,AAPL,39936.949285846014
2012-05-09,AAPL,40076.063488071
2012-05-10,AAPL,40178.079787590985
2012-05-11,AAPL,39715.61715884172
2012-05-14,AAPL,39317.01472982187
2012-05-15,AAPL,39003.28393046777
2012-05-16,AAPL,38784.216016739694
2012-05-17,AAPL,37880.16140907741
2012-05-18,AAPL,38070.524260400016
2012-05-21,AAPL,40289.57528051608
2012-05-22,AAPL,39900.64209803644
2012-05-23,AAPL,41215.32644793506
2012-05-24,AAPL,40837.784721886565
2012-05-25,AAPL,40659.37644739541
2012-05-29,AAPL,41252.895963975316
2012-05-30,AAPL,41880.91129774381
2012-05-31,AAPL,42029.368605943826
2012-06-01,AAPL,40938.977457821115
2012-06-04,AAPL,41331.33628940259
2012-06-05,AAPL,41209.908760417144
2012-06-06,AAPL,41370.73829307883
2012-06-07,AAPL,41176.30455052903
2012-06-08,AAPL,42150.38787263907
2012-06-11,AAPL,41293.01594616193
2012-06-12,AAPL,41591.753664857955
2012-06-13,AAPL,41311.65757774699
2012-06-14,AAPL,41174.17877101788
2012-06-15,AAPL,41346.23786299562
2012-06-18,AAPL,42276.16785305186
2012-06-19,AAPL,42032.94442048576
2012-06-20,AAPL,41977.27527624575
2012-06-21,AAPL,41626.55919826672
2012-06-22,AAPL,41987.373902091196
2012-06-25,AAPL,41342.14585475342
2012-06-26,AAPL,41282.39174127622
2012-06-27,AAPL,41427.106645149215
2012-06-28,AAPL,41338.875063761654
2012-06-29,AAPL,41840.821817912205
2012-07-02,AAPL,42455.34572542344
2012-07-03,AAPL,42657.3135496623
2012-07-05,AAPL,43441.942052095204
2012-07-06,AAPL,43442.05702251027
2012-07-09,AAPL,44071.52943031456
2012-07-10,AAPL,43625.71404839926
2012-07-11,AAPL,43319.52671607422
2012-07-12,AAPL,43005.310225374866
2012-07-13,AAPL,43169.96193775361
2012-07-16,AAPL,43337.99002619917
2012-07-17,AAPL,43272.10259302867
2012-07-18,AAPL,43096.87125612922
2012-07-19,AAPL,43523.67193919427
2012-07-20,AAPL,42966.332908333854
2012-07-23,AAPL,43181.70065176494
2012-07-24,AAPL,43125.43084576461
2012-07-25,AAPL,41155.26496457269
2012-07-26,AAPL,40824.76725529956
2012-07-27,AAPL,41385.829919806965
2012-07-30,AAPL,41970.14945684691
2012-07-31,AAPL,43002.508701383354
2012-08-01,AAPL,42733.82284138353
2012-08-02,AAPL,42993.318107183404
2012-08-03,AAPL,43223.88540875268
2012-08-06,AAPL,43707.72549569847
2012-08-07,AAPL,43491.2667064918
2012-08-08,AAPL,43349.14684913019
2012-08-09,AAPL,43490.61207902645
2012-08-10,AAPL,43526.28341005067
2012-08-13,AAPL,44181.92683845906
2012-08-14,AAPL,44218.839380698955
2012-08-15,AAPL,44056.84371954164
2012-08-16,AAPL,44396.22934579957
2012-08-17,AAPL,45231.5410305948
2012-08-20,AAPL,46443.458253773024
2012-08-21,AAPL,45691.60570497278
2012-08-22,AAPL,46889.15631893826
2012-08-23,AAPL,46445.56760893916
2012-08-24,AAPL,46448.87359495594
2012-08-27,AAPL,47197.192563244294
2012-08-28,AAPL,46999.95025769798
2012-08-29,AAPL,46958.75565408077
2012-08-30,AAPL,46522.84884487582
2012-08-31,AAPL,46323.60746190843
2012-09-04,AAPL,47006.2947475414
2012-09-05,AAPL,46859.46344949725
2012-09-06,AAPL,46916.24710286286
2012-09-07,AAPL,46974.92424857448
2012-09-10,AAPL,45677.912493905395
2012-09-11,AAPL,45354.083068705855
2012-09-12,AAPL,46141.911972080496
2012-09-13,AAPL,47025.76228904689
2012-09-14,AAPL,47392.787741619715
2012-09-17,AAPL,48040.71876687895
2012-09-18,AAPL,48282.25753091414
2012-09-19,AAPL,48308.55994627832
2012-09-20,AAPL,48220.466798655834
2012-09-21,AAPL,48216.543726533724
2012-09-24,AAPL,47805.43767829213
2012-09-25,AAPL,46466.32563469535
2012-09-26,AAPL,46220.359336512774
2012-09-27,AAPL,47211.197836866835
2012-09-28,AAPL,46332.59392496327
2012-10-01,AAPL,45751.25188703993
2012-10-02,AAPL,45889.71146179956
2012-10-03,AAPL,46794.408965252194
2012-10-04,AAPL,46241.20183032901
2012-10-05,AAPL,44985.98064836745
2012-10-08,AAPL,43992.72307662707
2012-10-09,AAPL,43942.77429712016
2012-10-10,AAPL,44285.26647091976
2012-10-11,AAPL,43379.68205283665
2012-10-12,AAPL,43567.961358678134
2012-10-15,AAPL,43850.43897581539
2012-10-16,AAPL,45210.15184072327
2012-10-17,AAPL,44582.95772420521
2012-10-18,AAPL,43811.410039404356
2012-10-19,AAPL,42766.89912589636
2012-10-22,AAPL,44489.81057099001
2012-10-23,AAPL,43019.78476599767
2012-10-24,AAPL,43317.01848395788
2012-10-25,AAPL,42786.631803257
2012-10-26,AAPL,42602.46327633773
2012-10-31,AAPL,42018.01234453771
2012-11-01,AAPL,42001.82732569899
2012-11-02,AAPL,40576.6212119008
2012-11-05,AAPL,41132.958357715666
2012-11-06,AAPL,40889.69269111955
2012-11-07,AAPL,39467.628319888056
2012-11-08,AAPL,38090.730897430905
2012-11-09,AAPL,38823.21445079571
2012-11-12,AAPL,38526.45938517576
2012-11-13,AAPL,38569.662451554046
2012-11-14,AAPL,38148.38738741698
2012-11-15,AAPL,37373.6486870144
2012-11-16,AAPL,37533.06572600533
2012-11-19,AAPL,39979.523534443964
2012-11-20,AAPL,39665.569833264744
2012-11-21,AAPL,39761.08678483123
2012-11-23,AAPL,40238.2116610034
2012-11-26,AAPL,41600.784708277824
2012-11-27,AAPL,41214.214285144466
2012-11-28,AAPL,41052.85213443749
2012-11-29,AAPL,41507.35834119747
2012-11-30,AAPL,41234.44203919037
2012-12-03,AAPL,41277.70141760868
2012-12-04,AAPL,40544.03531140324
2012-12-05,AAPL,37881.49178102313
2012-12-06,AAPL,38464.45279009735
2012-12-07,AAPL,37403.38613682042
2012-12-10,AAPL,37096.96417099527
2012-12-11,AAPL,37891.01790112826
2012-12-12,AAPL,37676.01383962238
2012-12-13,AAPL,36993.77939664465
2012-12-14,AAPL,35650.824056315796
2012-12-17,AAPL,36219.186169012144
2012-12-18,AAPL,37312.55481625147
2012-12-19,AAPL,36839.05268132125
2012-12-20,AAPL,36569.477560355954
2012-12-21,AAPL,36622.6361261446
2012-12-24,AAPL,36575.35512953412
2012-12-26,AAPL,36069.001958251196
2012-12-27,AAPL,36346.587466910816
2012-12-28,AAPL,35970.157903652915
2012-12-31,AAPL,37551.120773840055
2013-01-02,AAPL,38393.73190682423
2013-01-03,AAPL,37885.10982959508
2013-01-04,AAPL,36843.51071782366
2013-01-07,AAPL,36636.60151207213
2013-01-08,AAPL,36784.514470551854
2013-01-09,AAPL,36193.296708608184
2013-01-10,AAPL,36606.52619002592
2013-01-11,AAPL,36318.705968090784
2013-01-14,AAPL,35019.31972240042
2013-01-15,AAPL,33907.65200848623
2013-01-16,AAPL,35356.74381259729
2013-01-17,AAPL,35131.24224829574
2013-01-18,AAPL,35240.72458578975
2013-01-22,AAPL,35566.19409915518
2013-01-23,AAPL,36405.3748903675
2013-01-24,AAPL,32036.407610947626
2013-01-25,AAPL,31443.98852548331
2013-01-28,AAPL,32125.138961690453
2013-01-29,AAPL,32595.9216943542
2013-01-30,AAPL,32508.875012142285
2013-01-31,AAPL,32279.90321837387
2013-02-01,AAPL,32132.75985777456
2013-02-04,AAPL,31300.9207487812
2013-02-05,AAPL,32380.948135203333
2013-02-06,AAPL,32307.16059208356
2013-02-07,AAPL,33378.57458271606
2013-02-08,AAPL,33953.30699494084
2013-02-11,AAPL,34464.51707967638
2013-02-12,AAPL,33478.1131524747
2013-02-13,AAPL,33385.29917882968
2013-02-14,AAPL,33314.78946570667
2013-02-15,AAPL,33060.20038639445
2013-02-19,AAPL,33206.15415514812
2013-02-20,AAPL,32544.27416830637
2013-02-21,AAPL,32410.638658309337
2013-02-22,AAPL,32881.38619594807
2013-02-25,AAPL,32424.123045561602
2013-02-26,AAPL,32928.34339832838
2013-02-27,AAPL,32506.852471371196
2013-02-28,AAPL,32388.113842297196
2013-03-01,AAPL,31585.240238894447
2013-03-04,AAPL,30854.861348025774
2013-03-05,AAPL,31648.15955828836
2013-03-06,AAPL,31318.316476480573
2013-03-07,AAPL,31644.457041656366
2013-03-08,AAPL,31638.537238448174
2013-03-11,AAPL,32074.866387953356
2013-03-12,AAPL,31341.35279352299
2013-03-13,AAPL,31392.195526665393
2013-03-14,AAPL,31660.32530526992
2013-03-15,AAPL,32262.943908984726
2013-03-18,AAPL,33216.30205402859
2013-03-19,AAPL,33308.806311453445
2013-03-20,AAPL,33114.44295895369
2013-03-21,AAPL,33074.70542937227
2013-03-22,AAPL,33693.58648098085
2013-03-25,AAPL,33790.63558930315
2013-03-26,AAPL,33445.97774829738
2013-03-27,AAPL,32798.39163428333
2013-03-28,AAPL,32070.530360871016
2013-04-01,AAPL,31110.503931753563
2013-04-02,AAPL,31115.464083946237
2013-04-03,AAPL,31229.23317548756
2013-04-04,AAPL,30936.091465769554
2013-04-05,AAPL,30769.079340379532
2013-04-08,AAPL,31010.82927456484
2013-04-09,AAPL,30955.005272214752
2013-04-10,AAPL,31551.699380051366
2013-04-11,AAPL,31317.483527555127
2013-04-12,AAPL,31072.5378850981
2013-04-15,AAPL,30565.321262534708
2013-04-16,AAPL,31110.53678044358
2013-04-17,AAPL,29490.12263354518
2013-04-18,AAPL,28680.543204708814
2013-04-19,AAPL,28595.89682320319
2013-04-22,AAPL,29188.13758720741
2013-04-23,AAPL,29727.025039617867
2013-04-24,AAPL,29709.260937323295
2013-04-25,AAPL,29698.453718307468
2013-04-26,AAPL,30272.336757261794
2013-04-29,AAPL,31105.973158866123
2013-04-30,AAPL,31812.128487181737
2013-05-01,AAPL,31605.855138215557
2013-05-02,AAPL,32047.020084158346
2013-05-03,AAPL,32356.63775825523
2013-05-06,AAPL,33116.80337196496
2013-05-07,AAPL,32892.61340892912
2013-05-08,AAPL,33164.35419710059
2013-05-09,AAPL,32893.387699479536
2013-05-10,AAPL,32932.00602726535
2013-05-13,AAPL,33010.63875216274
2013-05-14,AAPL,32346.947394700004
2013-05-15,AAPL,31328.173429820887
2013-05-16,AAPL,31718.7326224564
2013-05-17,AAPL,31950.29007739621
2013-05-20,AAPL,32661.560416014585
2013-05-21,AAPL,32447.799912059363
2013-05-22,AAPL,32748.501513151445
2013-05-23,AAPL,32732.454928077797
2013-05-24,AAPL,33002.37496028828
2013-05-28,AAPL,32873.80049488898
2013-05-29,AAPL,33135.60220799509
2013-05-30,AAPL,33429.53228627352
2013-05-31,AAPL,33391.20959669787
2013-06-03,AAPL,33309.35066117374
2013-06-04,AAPL,33389.44046010691
2013-06-05,AAPL,33067.85413116858
2013-06-06,AAPL,32235.30408266983
2013-06-07,AAPL,32391.494911034017
2013-06-10,AAPL,32107.231732960798
2013-06-11,AAPL,32018.899259168185
2013-06-12,AAPL,31666.667448778335
2013-06-13,AAPL,31840.800700897194
2013-06-14,AAPL,31429.558565225532
2013-06-17,AAPL,31569.24996586083
2013-06-18,AAPL,31654.860691051974
2013-06-19,AAPL,30944.39514533903
2013-06-20,AAPL,31090.327797077687
2013-06-21,AAPL,31095.804142970643
2013-06-24,AAPL,30447.657254891288
2013-06-25,AAPL,30397.66154868434
2013-06-26,AAPL,29923.105909338556
2013-06-27,AAPL,29638.816921580325
2013-06-28,AAPL,30109.153850593837
2013-07-01,AAPL,30893.242695976456
2013-07-02,AAPL,31644.85357227158
2013-07-03,AAPL,31798.378964074327
2013-07-05,AAPL,31675.738379893224
2013-07-08,AAPL,31524.275416556586
2013-07-09,AAPL,31937.631600064386
2013-07-10,AAPL,31759.652704878456
2013-07-11,AAPL,31876.10600366122
2013-07-12,AAPL,31830.448670871614
2013-07-15,AAPL,31961.958401357497
2013-07-16,AAPL,32092.88858709807
2013-07-17,AAPL,32216.979206309956
2013-07-18,AAPL,32232.24680816318
2013-07-19,AAPL,31624.421687080565
2013-07-22,AAPL,31645.24775655179
2013-07-23,AAPL,31000.732995054397
2013-07-24,AAPL,32576.203095003577
2013-07-25,AAPL,32381.816279153798
2013-07-26,AAPL,32592.209792382204
2013-07-29,AAPL,32997.97323582591
2013-07-30,AAPL,33507.82244626072
2013-07-31,AAPL,33429.879543853705
2013-08-01,AAPL,33906.34040722052
2013-08-02,AAPL,34486.68759910333
2013-08-05,AAPL,35003.11124021168
2013-08-06,AAPL,34676.65626614572
2013-08-07,AAPL,34779.50082192115
2013-08-08,AAPL,34487.61909409883
2013-08-09,AAPL,33851.741191741094
2013-08-12,AAPL,34784.18176024868
2013-08-13,AAPL,36609.262016637396
2013-08-14,AAPL,37192.91754087198
2013-08-15,AAPL,37212.16687322236
2013-08-16,AAPL,37564.15466477208
2013-08-19,AAPL,37931.32089744498
2013-08-20,AAPL,37583.964771187755
2013-08-21,AAPL,37922.4564438102
2013-08-22,AAPL,38221.61181013645
2013-08-23,AAPL,38082.51637859148
2013-08-26,AAPL,38228.883102305364
2013-08-27,AAPL,37093.23584467825
2013-08-28,AAPL,37226.01259606482
2013-08-29,AAPL,37412.29986349023
2013-08-30,AAPL,37381.98521527389
2013-09-03,AAPL,37199.18460166036
2013-09-04,AAPL,37783.95228868555
2013-09-05,AAPL,37592.61570833742
2013-09-06,AAPL,37416.24405262736
2013-09-09,AAPL,37929.112996208794
2013-09-10,AAPL,37030.823333644614
2013-09-11,AAPL,34947.92544098193
2013-09-12,AAPL,35263.589620377075
2013-09-13,AAPL,34754.965196812926
2013-09-16,AAPL,33565.99512994708
2013-09-17,AAPL,33869.05714405042
2013-09-18,AAPL,34640.56259482127
2013-09-19,AAPL,34949.713348252895
2013-09-20,AAPL,34755.22798633307
2013-09-23,AAPL,36469.955414942306
2013-09-24,AAPL,36399.227492664184
2013-09-25,AAPL,35834.713369369914
2013-09-26,AAPL,36279.501056554654
2013-09-27,AAPL,35947.57677560075
2013-09-30,AAPL,35651.25108928603
2013-10-01,AAPL,36445.330629104035
2013-10-02,AAPL,36563.2574262676
2013-10-03,AAPL,36074.83729339934
2013-10-04,AAPL,35987.377656227196
2013-10-07,AAPL,36336.07353977015
2013-10-08,AAPL,35917.11665461433
2013-10-09,AAPL,36575.434904924165
2013-10-10,AAPL,36751.04634809382
2013-10-11,AAPL,36994.48095081002
2013-10-14,AAPL,37238.3918595315
2013-10-15,AAPL,37381.644996698706
2013-10-16,AAPL,37473.86065491841
2013-10-17,AAPL,37507.48832815654
2013-10-18,AAPL,37846.42111175923
2013-10-21,AAPL,38807.58082068229
2013-10-22,AAPL,38647.58892961605
2013-10-23,AAPL,39409.22100270157
2013-10-24,AAPL,40072.933477179315
2013-10-25,AAPL,39733.36483679129
2013-10-28,AAPL,40012.36518545667
2013-10-29,AAPL,39012.21408148258
2013-10-30,AAPL,39673.990829584276
2013-10-31,AAPL,39636.38846485401
2013-11-01,AAPL,39257.122182579595
2013-11-04,AAPL,39660.15683841682
2013-11-05,AAPL,39684.821511950126
2013-11-06,AAPL,39459.038387448425
2013-11-07,AAPL,38909.132545872024
2013-11-08,AAPL,39692.9468700595
2013-11-11,AAPL,39574.593039925705
2013-11-12,AAPL,39706.10746308159
2013-11-13,AAPL,39625.69856258826
2013-11-14,AAPL,40312.79226535359
2013-11-15,AAPL,39920.08852252693
2013-11-18,AAPL,39316.85517904179
2013-11-19,AAPL,39533.65418682364
2013-11-20,AAPL,39112.93989675188
2013-11-21,AAPL,39808.24577202164
2013-11-22,AAPL,39816.537719916116
2013-11-25,AAPL,40191.944281113465
2013-11-26,AAPL,40905.21604348791
2013-11-27,AAPL,42060.64525151069
2013-11-29,AAPL,42854.67082562367
2013-12-02,AAPL,42621.67037465808
2013-12-03,AAPL,43901.92225841314
2013-12-04,AAPL,43941.53543223949
2013-12-05,AAPL,43925.4067254408
2013-12-06,AAPL,43418.42004370753
2013-12-09,AAPL,43822.94462227057
2013-12-10,AAPL,43682.76283762001
2013-12-11,AAPL,43291.93616279436
2013-12-12,AAPL,43367.288711359965
2013-12-13,AAPL,42713.70301874769
2013-12-16,AAPL,42872.92765826851
2013-12-17,AAPL,42813.757782206616
2013-12-18,AAPL,42631.292694498276
2013-12-19,AAPL,42263.46948802502
2013-12-20,AAPL,42636.393626791025
2013-12-23,AAPL,43952.54678240042
2013-12-24,AAPL,43832.50124473072
2013-12-26,AAPL,43536.00427596091
2013-12-27,AAPL,43561.63329317972
2013-12-30,AAPL,42902.60879603451
2013-12-31,AAPL,43380.85287400228
2014-01-02,AAPL,42764.61144927013
2014-01-03,AAPL,41747.07165660167
2014-01-06,AAPL,42155.155625361636
2014-01-07,AAPL,42178.69171175932
2014-01-08,AAPL,42693.37906496673
2014-01-09,AAPL,42329.422618575554
2014-01-10,AAPL,42303.073276511364
2014-01-13,AAPL,42339.70895122111
2014-01-14,AAPL,43442.08752486528
2014-01-15,AAPL,44308.24647592215
2014-01-16,AAPL,44030.440411772404
2014-01-17,AAPL,43089.00634120498
2014-01-21,AAPL,43806.99892960198
2014-01-22,AAPL,44387.77080812001
2014-01-23,AAPL,45009.22344288997
2014-01-24,AAPL,43922.35648993916
2014-01-27,AAPL,44422.29947399862
2014-01-28,AAPL,41057.76770626514
2014-01-29,AAPL,40590.60536850834
2014-01-30,AAPL,40594.66922073053
2014-01-31,AAPL,40469.881740023266
2014-02-03,AAPL,40389.519766229954
2014-02-04,AAPL,40893.451519791575
2014-02-05,AAPL,41372.26106449465
2014-02-06,AAPL,41481.992113498796
2014-02-07,AAPL,41880.10885117338
2014-02-10,AAPL,42750.036016242266
2014-02-11,AAPL,43219.27486047519
2014-02-12,AAPL,43088.6731616348
2014-02-13,AAPL,43724.81150717768
2014-02-14,AAPL,43695.557402381906
2014-02-18,AAPL,43745.787742088985
2014-02-19,AAPL,43411.96527611905
2014-02-20,AAPL,43140.50370181273
2014-02-21,AAPL,42751.7558797982
2014-02-24,AAPL,42668.34132416824
2014-02-25,AAPL,42327.59013093957
2014-02-26,AAPL,42067.30415024428
2014-02-27,AAPL,42994.67898148414
2014-02-28,AAPL,42632.33446723883
2014-03-03,AAPL,42817.230358008484
2014-03-04,AAPL,43186.91890080775
2014-03-05,AAPL,43033.12368047986
2014-03-06,AAPL,42570.90741690572
2014-03-07,AAPL,43022.90539154935
2014-03-10,AAPL,43123.54439242359
2014-03-11,AAPL,43462.02667970604
2014-03-12,AAPL,43689.66106252373
2014-03-13,AAPL,42916.39351416694
2014-03-14,AAPL,42553.140968276144
2014-03-17,AAPL,42584.76956409319
2014-03-18,AAPL,43090.85994585598
2014-03-19,AAPL,43442.118027220306
2014-03-20,AAPL,43509.66901190671
2014-03-21,AAPL,43631.471954492365
2014-03-24,AAPL,44240.12767816543
2014-03-25,AAPL,44552.26531605367
2014-03-26,AAPL,43994.54617892307
2014-03-27,AAPL,43466.39555547839
2014-03-28,AAPL,43445.62579804719
2014-03-31,AAPL,43389.72436664207
2014-04-01,AAPL,43688.43158298307
2014-04-02,AAPL,43778.82179257178
2014-04-03,AAPL,43487.101961864544
2014-04-04,AAPL,42704.03846487748
2014-04-07,AAPL,42011.90248819441
2014-04-08,AAPL,41821.701533986896
2014-04-09,AAPL,42293.591736771246
2014-04-10,AAPL,41785.971544587635
2014-04-11,AAPL,41654.504048131785
2014-04-14,AAPL,41859.5573028973
2014-04-15,AAPL,41602.91518045897
2014-04-16,AAPL,41862.22977846374
2014-04-17,AAPL,42229.353777106626
2014-04-21,AAPL,42820.62550475532
2014-04-22,AAPL,42880.668217437684
2014-04-23,AAPL,42349.55182655141
2014-04-24,AAPL,45796.05046121908
2014-04-25,AAPL,46191.00903198196
2014-04-28,AAPL,47943.9699894368
2014-04-29,AAPL,47499.08140984701
2014-04-30,AAPL,47291.8390245253
2014-05-01,AAPL,47436.48119201326
2014-05-02,AAPL,47560.431031125074
2014-05-05,AAPL,48153.03313071949
2014-05-06,AAPL,47347.8601190155
2014-05-07,AAPL,47208.79284349054
2014-05-08,AAPL,46961.35304692717
2014-05-09,AAPL,46947.61056282476
2014-05-12,AAPL,47473.267032163094
2014-05-13,AAPL,47567.13920289369
2014-05-14,AAPL,47555.52015196743
2014-05-15,AAPL,47149.36252424351
2014-05-16,AAPL,47824.75505435754
2014-05-19,AAPL,48393.11482071889
2014-05-20,AAPL,48485.283552238565
2014-05-21,AAPL,48758.69493093094
2014-05-22,AAPL,48677.78156841233
2014-05-23,AAPL,49098.258878648965
2014-05-27,AAPL,50016.67071018399
2014-05-28,AAPL,49877.93896056421
2014-05-29,AAPL,50643.67242723195
2014-05-30,AAPL,50597.99163109232
2014-06-02,AAPL,50377.63323311355
2014-06-03,AAPL,51180.797782056456
2014-06-04,AAPL,51873.41006474477
2014-06-05,AAPL,52065.957353953556
2014-06-06,AAPL,51929.47808593499
2014-06-09,AAPL,52629.52355790731
2014-06-10,AAPL,52962.50134327679
2014-06-11,AAPL,52512.35228061416
2014-06-12,AAPL,51565.066450553575
2014-06-13,AAPL,51073.122122513414
2014-06-16,AAPL,51510.92477039939
2014-06-17,AAPL,51450.145308526626
2014-06-18,AAPL,51593.8888297091
2014-06-19,AAPL,51211.61454596306
2014-06-20,AAPL,50390.18143270031
2014-06-23,AAPL,50180.28768882718
2014-06-24,AAPL,49922.49820857323
2014-06-25,AAPL,49876.69305667854
2014-06-26,AAPL,50106.99991506268
2014-06-27,AAPL,50561.60936056271
2014-06-30,AAPL,51079.881913652054
2014-07-01,AAPL,51405.025286452306
2014-07-02,AAPL,51341.915913923294
2014-07-03,AAPL,51479.00053637219
2014-07-07,AAPL,52685.26074586236
2014-07-08,AAPL,52405.1998537764
2014-07-09,AAPL,52309.35910797975
2014-07-10,AAPL,52157.34710225281
2014-07-11,AAPL,52559.35640969449
2014-07-14,AAPL,53242.87899058792
2014-07-15,AAPL,52841.97949960183
2014-07-16,AAPL,52459.006008025404
2014-07-17,AAPL,51538.11175405905
2014-07-18,AAPL,52200.32492047098
2014-07-21,AAPL,51926.22841195824
2014-07-22,AAPL,52402.58838292
2014-07-23,AAPL,53746.0036049091
2014-07-24,AAPL,53661.533198528574
2014-07-25,AAPL,54379.478860225536
2014-07-28,AAPL,55068.05310037668
2014-07-29,AAPL,54965.76931866656
2014-07-30,AAPL,55131.33140902579
2014-07-31,AAPL,53605.69981083848
2014-08-01,AAPL,54047.944070881844
2014-08-04,AAPL,53743.32643667266
2014-08-05,AAPL,53726.91851600882
2014-08-06,AAPL,53418.3637316675
2014-08-07,AAPL,53393.93838430434
2014-08-08,AAPL,53838.7706518541
2014-08-11,AAPL,54310.84856143855
2014-08-12,AAPL,54342.709444420725
2014-08-13,AAPL,54990.84929349507
2014-08-14,AAPL,55045.948278329764
2014-08-15,AAPL,55314.552016604546
2014-08-18,AAPL,55866.994246317314
2014-08-19,AAPL,56853.050915938795
2014-08-20,AAPL,56953.16433777276
2014-08-21,AAPL,56979.11714922175
2014-08-22,AAPL,57405.7418571617
2014-08-25,AAPL,57688.998457519374
2014-08-26,AAPL,57168.68459297893
2014-08-27,AAPL,57554.87021717207
2014-08-28,AAPL,57438.114241174146
2014-08-29,AAPL,57588.11309147
2014-09-02,AAPL,58388.97823211166
2014-09-03,AAPL,55665.50976708871
2014-09-04,AAPL,55153.741254622866
2014-09-05,AAPL,55769.91932830999
2014-09-08,AAPL,55647.412485223955
2014-09-09,AAPL,55836.60686171593
2014-09-10,AAPL,57245.85789750552
2014-09-11,AAPL,57899.30750268773
2014-09-12,AAPL,58262.510775543495
2014-09-15,AAPL,58115.70763351936
2014-09-16,AAPL,57354.48851539407
2014-09-17,AAPL,57564.75767286741
2014-09-18,AAPL,57651.61899461423
2014-09-19,AAPL,57298.42518687386
2014-09-22,AAPL,57557.42302965346
2014-09-23,AAPL,58743.80743534792
2014-09-24,AAPL,58387.15512981568
2014-09-25,AAPL,56242.358573484635
2014-09-26,AAPL,58205.975833688026
2014-09-29,AAPL,57732.710678592935
2014-09-30,AAPL,58435.38169943167
2014-10-01,AAPL,57326.66332861407
2014-10-02,AAPL,57640.29792823313
2014-10-03,AAPL,58019.83403903269
2014-10-06,AAPL,57602.31311089765
2014-10-07,AAPL,57136.48818409157
2014-10-08,AAPL,58320.81250765492
2014-10-09,AAPL,58272.17063674371
2014-10-10,AAPL,58263.526738599045
2014-10-13,AAPL,57723.555279418004
2014-10-14,AAPL,57412.41014123529
2014-10-15,AAPL,56978.65022855649
2014-10-16,AAPL,56108.14117240729
2014-10-17,AAPL,56846.92698158549
2014-10-20,AAPL,58208.78205034954
2014-10-21,AAPL,59484.86449680734
2014-10-22,AAPL,59792.58867855821
2014-10-23,AAPL,60956.59843368061
2014-10-24,AAPL,61046.08999696385
2014-10-27,AAPL,61168.38801623477
2014-10-28,AAPL,61735.20624050028
2014-10-29,AAPL,61857.02795376594
2014-10-30,AAPL,61949.88885411099
2014-10-31,AAPL,63005.84753609016
2014-11-03,AAPL,64080.6895221595
2014-11-04,AAPL,64033.894216894274
2014-11-05,AAPL,64067.81048933755
2014-11-06,AAPL,64519.57852315105
2014-11-07,AAPL,64354.30033932697
2014-11-10,AAPL,64159.655426627054
2014-11-11,AAPL,64689.90836623286
2014-11-12,AAPL,65222.41144110489
2014-11-13,AAPL,66550.35727643064
2014-11-14,AAPL,67016.72420662202
2014-11-17,AAPL,66991.2805498683
2014-11-18,AAPL,67848.57739362538
2014-11-19,AAPL,67624.1176020644
2014-11-20,AAPL,68374.44503311382
2014-11-21,AAPL,68020.50274450805
2014-11-24,AAPL,69546.06395264533
2014-11-25,AAPL,68820.53024355427
2014-11-26,AAPL,69495.55674540812
2014-11-28,AAPL,70637.22704498348
2014-12-01,AAPL,67850.01100431116
2014-12-02,AAPL,67903.29627218988
2014-12-03,AAPL,68428.68760567307
2014-12-04,AAPL,68268.69806094184
2014-12-05,AAPL,68277.49447086158
2014-12-08,AAPL,67009.18073959295
2014-12-09,AAPL,67738.19875616088
2014-12-10,AAPL,66808.42362421475
2014-12-11,AAPL,66920.58547628019
2014-12-12,AAPL,65822.93007499356
2014-12-15,AAPL,65393.75724724224
2014-12-16,AAPL,64488.442657684274
2014-12-17,AAPL,66121.56924761953
2014-12-18,AAPL,67876.58324820048
2014-12-19,AAPL,67556.78951920311
2014-12-22,AAPL,68337.74366102404
2014-12-23,AAPL,68000.48616061227
2014-12-24,AAPL,67664.28920362105
2014-12-26,AAPL,68857.41462977415
2014-12-29,AAPL,68861.87970528155
2014-12-30,AAPL,67826.11592865828
2014-12-31,AAPL,66555.48401840842
2015-01-02,AAPL,66633.5677009155
2015-01-05,AAPL,65084.836434640725
2015-01-06,AAPL,65184.24595597431
2015-01-07,AAPL,66372.24698648465
2015-01-08,AAPL,68690.57144050422
2015-01-09,AAPL,69026.5408030003
2015-01-12,AAPL,67725.82418536422
2015-01-13,AAPL,68452.88535854111
2015-01-14,AAPL,68245.59604651938
2015-01-15,AAPL,66237.68702049712
2015-01-16,AAPL,66009.86493087932
2015-01-20,AAPL,68266.90076833086
2015-01-21,AAPL,70457.74649539673
2015-01-22,AAPL,72260.33713079833
2015-01-23,AAPL,72826.73536109862
2015-01-26,AAPL,72943.0173774263
2015-01-27,AAPL,70345.67615039632
2015-01-28,AAPL,74613.69471272179
2015-01-29,AAPL,78140.36526804767
2015-01-30,AAPL,77437.65905218391
2015-02-02,AAPL,77535.0460327464
2015-02-03,AAPL,76797.60936619391
2015-02-04,AAPL,77961.09119594103
2015-02-05,AAPL,77731.38734565223
2015-02-06,AAPL,77683.4751849264
2015-02-09,AAPL,77745.71172083494
2015-02-10,AAPL,79750.67375009562
2015-02-11,AAPL,82311.06958619566
2015-02-12,AAPL,82225.29461755445
2015-02-13,AAPL,82532.67858073012
2015-02-17,AAPL,82727.68013635023
2015-02-18,AAPL,83633.27393977334
2015-02-19,AAPL,83669.1728652927
2015-02-20,AAPL,84499.8012654254
2015-02-23,AAPL,87302.11831816586
2015-02-24,AAPL,86904.91430480675
2015-02-25,AAPL,83439.61918044396
2015-02-26,AAPL,84987.47995643326
2015-02-27,AAPL,83822.46362359531
2015-03-02,AAPL,84412.81089525351
2015-03-03,AAPL,84049.04215566244
2015-03-04,AAPL,83423.67818044536
2015-03-05,AAPL,82320.35403379567
2015-03-06,AAPL,83329.3156256995
2015-03-09,AAPL,83558.33434616796
2015-03-10,AAPL,82056.46642887343
2015-03-11,AAPL,81397.35511733318
2015-03-12,AAPL,81372.82887756496
2015-03-13,AAPL,82570.69624675561
2015-03-16,AAPL,83207.67692656395
2015-03-17,AAPL,84624.51131707762
2015-03-18,AAPL,85590.95497242354
2015-03-19,AAPL,84776.08455815932
2015-03-20,AAPL,82743.18941070858
2015-03-23,AAPL,83062.91274965591
2015-03-24,AAPL,82692.73382284139
2015-03-25,AAPL,80557.11612903529
2015-03-26,AAPL,80831.86257234338
2015-03-27,AAPL,80895.77204510782
2015-03-30,AAPL,83655.77294610048
2015-03-31,AAPL,82331.83699729186
2015-04-01,AAPL,81754.3476414406
2015-04-02,AAPL,82280.3349440141
2015-04-06,AAPL,82724.06912678329
2015-04-07,AAPL,82097.97309504582
2015-04-08,AAPL,81970.313700297
2015-04-09,AAPL,83071.16715619036
2015-04-10,AAPL,83509.47661243661
2015-04-13,AAPL,83390.30391138738
2015-04-14,AAPL,82224.58602438406
2015-04-15,AAPL,81877.1947031018
2015-04-16,AAPL,80351.1759596393
2015-04-17,AAPL,79581.81271272461
2015-04-20,AAPL,81248.02027984269
2015-04-21,AAPL,81259.01989832861
2015-04-22,AAPL,82191.77487572636
2015-04-23,AAPL,82191.55666657125
2015-04-24,AAPL,82703.76863635232
2015-04-27,AAPL,83777.37879654602
2015-04-28,AAPL,81869.81078685283
2015-04-29,AAPL,80219.4972930333
2015-04-30,AAPL,79126.156801814
2015-05-01,AAPL,82018.88752749318
2015-05-04,AAPL,81315.13015354886
2015-05-05,AAPL,79036.9303743859
2015-05-06,AAPL,78321.16915057511
2015-05-07,AAPL,79670.30004462729
2015-05-08,AAPL,80818.65270628626
2015-05-11,AAPL,80101.54233984974
2015-05-12,AAPL,79044.51842178
2015-05-13,AAPL,78900.78428593752
2015-05-14,AAPL,81026.83597194347
2015-05-15,AAPL,81032.07768433628
2015-05-18,AAPL,81900.56889238441
2015-05-19,AAPL,83195.04895158714
2015-05-20,AAPL,83196.13061202272
2015-05-21,AAPL,83997.1975374745
2015-05-22,AAPL,85335.39216408577
2015-05-26,AAPL,84426.97102698614
2015-05-27,AAPL,86372.45815663476
2015-05-28,AAPL,86127.70256731284
2015-05-29,AAPL,85060.70437915272
2015-06-01,AAPL,85814.473883649
2015-06-02,AAPL,84573.8469053953
2015-06-03,AAPL,84756.59824597382
2015-06-04,AAPL,84587.82636933283
2015-06-05,AAPL,84177.46880195667
2015-06-08,AAPL,83253.01750412838
2015-06-09,AAPL,82229.78081007686
2015-06-10,AAPL,82842.91803360234
2015-06-11,AAPL,82952.8743307666
2015-06-12,AAPL,81981.32270412294
2015-06-15,AAPL,81941.37635072641
2015-06-16,AAPL,82433.7383263968
2015-06-17,AAPL,82094.03359857868
2015-06-18,AAPL,81784.33849542675
2015-06-19,AAPL,81434.15972816301
2015-06-22,AAPL,82152.94068512044
2015-06-23,AAPL,82041.7267523955
2015-06-24,AAPL,83318.94717132892
2015-06-25,AAPL,82484.23849462901
2015-06-26,AAPL,82066.21310446868
2015-06-29,AAPL,80782.30093811166
2015-06-30,AAPL,81962.91101336801
2015-07-01,AAPL,82727.39622981507
2015-07-02,AAPL,83238.47257345554
2015-07-06,AAPL,83351.22570194131
2015-07-07,AAPL,83895.75139735983
2015-07-08,AAPL,81691.89055004194
2015-07-09,AAPL,80081.04241094369
2015-07-10,AAPL,82129.94894844304
2015-07-13,AAPL,84016.97010253015
2015-07-14,AAPL,83890.10611534677
2015-07-15,AAPL,85946.13612590996
2015-07-16,AAPL,87104.27065818921
2015-07-17,AAPL,88284.93704548558
2015-07-20,AAPL,89822.6334982494
2015-07-21,AAPL,88776.56461830057
2015-07-22,AAPL,85461.26599789863
2015-07-23,AAPL,85444.7079117947
2015-07-24,AAPL,85181.17460345766
2015-07-27,AAPL,83677.65721265727
2015-07-28,AAPL,83613.11892211248
2015-07-29,AAPL,83092.751091867
2015-07-30,AAPL,83511.93557151794
2015-07-31,AAPL,82904.8260826107
2015-08-03,AAPL,80933.98445693841
2015-08-04,AAPL,78839.93443401474
2015-08-05,AAPL,79701.79959201926
2015-08-06,AAPL,79685.95713809073
2015-08-07,AAPL,79776.9785117948
2015-08-10,AAPL,82279.18758619849
2015-08-11,AAPL,78533.24263966443
2015-08-12,AAPL,78677.21610167703
2015-08-13,AAPL,79243.73868773239
2015-08-14,AAPL,79804.97263469489
2015-08-17,AAPL,80712.71098830915
2015-08-18,AAPL,80156.35037914426
2015-08-19,AAPL,79684.09884076973
2015-08-20,AAPL,77541.20281578971
2015-08-21,AAPL,73199.66653886963
2015-08-24,AAPL,71712.87382395825
2015-08-25,AAPL,72587.94180901491
2015-08-26,AAPL,76791.2601836805
2015-08-27,AAPL,78415.9493529512
2015-08-28,AAPL,79103.42316198675
2015-08-31,AAPL,78463.09191579661
2015-09-01,AAPL,74710.560806914
2015-09-02,AAPL,78695.43539296184
2015-09-03,AAPL,76671.56424992598
2015-09-04,AAPL,76315.99829749932
2015-09-08,AAPL,77988.58320315086
2015-09-09,AAPL,76658.64298307401
2015-09-10,AAPL,78318.70315248879
2015-09-11,AAPL,79799.30154299682
2015-09-14,AAPL,80524.19704896754
2015-09-15,AAPL,81167.9046712245
2015-09-16,AAPL,80730.5806756788
2015-09-17,AAPL,79064.03523632053
2015-09-18,AAPL,78497.03869059491
2015-09-21,AAPL,80335.37104707076
2015-09-22,AAPL,79242.44116447667
2015-09-23,AAPL,80110.89013849477
2015-09-24,AAPL,80803.64085494817
2015-09-25,AAPL,80439.62105751196
2015-09-28,AAPL,79066.5903951369
2015-09-29,AAPL,76994.44340945002
2015-09-30,AAPL,77758.10036964162
2015-10-01,AAPL,76358.044620722
2015-10-02,AAPL,76764.58939372112
2015-10-05,AAPL,76286.28196470831
2015-10-06,AAPL,76486.95930469647
2015-10-07,AAPL,76000.60863929933
2015-10-08,AAPL,75005.9033788632
2015-10-09,AAPL,76387.47704697786
2015-10-12,AAPL,76036.33393602859
2015-10-13,AAPL,76387.66240744296
2015-10-14,AAPL,75306.55805325524
2015-10-15,AAPL,75955.57308528507
2015-10-16,AAPL,75578.54286026684
2015-10-19,AAPL,76422.56648692177
2015-10-20,AAPL,77696.98068919369
2015-10-21,AAPL,78538.13944081205
2015-10-22,AAPL,79554.9166746051
2015-10-23,AAPL,82549.41498829414
2015-10-26,AAPL,79683.52164235941
2015-10-27,AAPL,79821.00044908852
2015-10-28,AAPL,82538.13850227806
2015-10-29,AAPL,83534.37357313503
2015-10-30,AAPL,82283.57992532085
2015-11-02,AAPL,83508.1743965109
2015-11-03,AAPL,84555.59241908547
2015-11-04,AAPL,84514.97501387857
2015-11-05,AAPL,84158.2523182963
2015-11-06,AAPL,85163.13597996793
2015-11-09,AAPL,84585.66070212667
2015-11-10,AAPL,81831.26754178705
2015-11-11,AAPL,81375.81810835657
2015-11-12,AAPL,81391.90692746025
2015-11-13,AAPL,79146.79047181513
2015-11-16,AAPL,80578.88542517702
2015-11-17,AAPL,80072.18968898391
2015-11-18,AAPL,82758.86996752204
2015-11-19,AAPL,83297.62602517243
2015-11-20,AAPL,84117.69826413444
2015-11-23,AAPL,83109.2833682859
2015-11-24,AAPL,83622.18046788736
2015-11-25,AAPL,82971.81394689681
2015-11-27,AAPL,83170.89577908412
2015-11-30,AAPL,83371.33144656716
2015-12-01,AAPL,82897.96305273201
2015-12-02,AAPL,82118.88832524708
2015-12-03,AAPL,81560.1180300359
2015-12-04,AAPL,84088.22125751355
2015-12-07,AAPL,84450.0777340786
2015-12-08,AAPL,84940.66118781803
2015-12-09,AAPL,83074.97995056743
2015-12-10,AAPL,83503.37614143333
2015-12-11,AAPL,81939.49693639038
2015-12-14,AAPL,81633.05854622023
2015-12-15,AAPL,80170.93519751214
2015-12-16,AAPL,81230.86153197844
2015-12-17,AAPL,80458.26972810201
2015-12-18,AAPL,77806.59207511276
2015-12-21,AAPL,79356.62555731322
2015-12-22,AAPL,78946.5542428072
2015-12-23,AAPL,79566.85482709155
2015-12-24,AAPL,79065.90995798654
2015-12-28,AAPL,78151.45873993365
2015-12-29,AAPL,79589.39137477869
2015-12-30,AAPL,78748.83797759062
2015-12-31,AAPL,77008.10142549236
2016-01-04,AAPL,77792.7416596003
2016-01-05,AAPL,75962.37041778372
2016-01-06,AAPL,74961.3816722142
2016-01-07,AAPL,71679.009170885
2016-01-08,AAPL,72515.98675353112
2016-01-11,AAPL,73976.2447659132
2016-01-12,AAPL,75499.8022039594
2016-01-13,AAPL,73570.75115099463
2016-01-14,AAPL,75605.55152246638
2016-01-15,AAPL,74577.43445161225
2016-01-19,AAPL,74148.67457882114
2016-01-20,AAPL,74632.12752049172
2016-01-21,AAPL,72498.18276354152
2016-01-22,AAPL,75851.89088791418
2016-01-25,AAPL,74906.52905255462
2016-01-26,AAPL,74312.4229522244
2016-01-27,AAPL,69343.05435566591
2016-01-28,AAPL,69977.24758949275
2016-01-29,AAPL,72430.31736996493
2016-02-01,AAPL,71385.81818813196
2016-02-02,AAPL,70104.36732719126
2016-02-03,AAPL,70512.50291532124
2016-02-04,AAPL,70454.03928609473
2016-02-05,AAPL,69320.64685640384
2016-02-08,AAPL,70288.8713800157
2016-02-09,AAPL,69763.02251120727
2016-02-10,AAPL,69969.35686488349
2016-02-11,AAPL,69353.12717182635
2016-02-12,AAPL,69096.6704098531
2016-02-16,AAPL,71171.11445750624
2016-02-17,AAPL,71354.18489964491
2016-02-18,AAPL,70185.63263996005
2016-02-19,AAPL,70436.17663773011
2016-02-22,AAPL,70448.7717640169
2016-02-23,AAPL,69399.68315092142
2016-02-24,AAPL,70302.12113376784
2016-02-25,AAPL,69798.73372992652
2016-02-26,AAPL,69759.97696837563
2016-02-29,AAPL,69478.37688052884
2016-03-01,AAPL,71620.12320135825
2016-03-02,AAPL,72103.6723427639
2016-03-03,AAPL,72324.13867215271
2016-03-04,AAPL,73017.9968587267
2016-03-07,AAPL,72006.6701611416
2016-03-08,AAPL,71880.84325402878
2016-03-09,AAPL,71127.14179324753
2016-03-10,AAPL,71900.68620913447
2016-03-11,AAPL,71808.06698129456
2016-03-14,AAPL,72416.23701362236
2016-03-15,AAPL,74251.18126235639
2016-03-16,AAPL,75230.9802565295
2016-03-17,AAPL,72986.68736446982
2016-03-18,AAPL,73061.95075230539
2016-03-21,AAPL,73542.68898437952
2016-03-22,AAPL,74006.06903011427
2016-03-23,AAPL,74454.73286272111
2016-03-24,AAPL,74505.9369314537
2016-03-28,AAPL,73697.35469499289
2016-03-29,AAPL,75280.55362243623
2016-03-30,AAPL,75468.21349583738
2016-03-31,AAPL,75122.53265277104
2016-04-01,AAPL,76253.92600504088
2016-04-04,AAPL,76970.21046155696
2016-04-05,AAPL,76860.6342706629
2016-04-06,AAPL,77103.67468909889
2016-04-07,AAPL,75917.01810854427
2016-04-08,AAPL,75037.42404327018
2016-04-11,AAPL,74807.83047072643
2016-04-12,AAPL,75114.0928857715
2016-04-13,AAPL,76147.22407452336
2016-04-14,AAPL,76447.69338845031
2016-04-15,AAPL,75069.95832439771
2016-04-18,AAPL,73204.84255388241
2016-04-19,AAPL,71900.43280495434
2016-04-20,AAPL,71889.44491814342
2016-04-21,AAPL,71560.07814234089
2016-04-22,AAPL,71173.90894249275
2016-04-25,AAPL,70804.76944208378
2016-04-26,AAPL,69945.51340860063
2016-04-27,AAPL,65672.28598257237
2016-04-28,AAPL,63212.02233898629
2016-04-29,AAPL,62506.70934493612
2016-05-02,AAPL,62432.24371100098
2016-05-03,AAPL,64163.93044899936
2016-05-04,AAPL,64482.48531311606
2016-05-05,AAPL,64064.66405410085
2016-05-06,AAPL,64052.83617935948
2016-05-09,AAPL,64463.49877028583
2016-05-10,AAPL,64721.630815449964
2016-05-11,AAPL,63489.61488665091
2016-05-12,AAPL,62097.51555972057
2016-05-13,AAPL,62615.28365078464
2016-05-16,AAPL,64682.85528321907
2016-05-17,AAPL,64399.816892016504
2016-05-18,AAPL,65358.50825651824
2016-05-19,AAPL,66055.98918433418
2016-05-20,AAPL,66878.55323106755
2016-05-23,AAPL,67719.6720949909
2016-05-24,AAPL,68659.5200430975
2016-05-25,AAPL,69700.96664309382
2016-05-26,AAPL,69684.34285960987
2016-05-27,AAPL,69761.86576805165
2016-05-31,AAPL,69937.40682117127
2016-06-01,AAPL,68912.90075988405
2016-06-02,AAPL,68340.93702296076
2016-06-03,AAPL,67784.93071038109
2016-06-06,AAPL,67794.37236242616
2016-06-07,AAPL,67709.02208042017
2016-06-08,AAPL,67149.99603469385
2016-06-09,AAPL,67824.33036772232
2016-06-10,AAPL,67299.03054130418
2016-06-13,AAPL,66570.25419724137
2016-06-14,AAPL,66879.85779332825
2016-06-15,AAPL,67068.49374208992
2016-06-16,AAPL,68013.55055389932
2016-06-17,AAPL,65636.62638322315
2016-06-20,AAPL,65121.80059625066
2016-06-21,AAPL,65723.60032905002
2016-06-22,AAPL,65500.435714409745
2016-06-23,AAPL,65514.14769615713
2016-06-24,AAPL,64671.778235678095
2016-06-27,AAPL,64358.26564547911
2016-06-28,AAPL,65497.207157448
2016-06-29,AAPL,65569.10590089175
2016-06-30,AAPL,66492.33241184938
2016-07-01,AAPL,66687.98624859983
2016-07-05,AAPL,65801.92333772725
2016-07-06,AAPL,66421.23376864105
2016-07-07,AAPL,66594.86490506963
2016-07-08,AAPL,67572.48884669658
2016-07-11,AAPL,68063.51341141624
2016-07-12,AAPL,67793.37751638563
2016-07-13,AAPL,67145.36436940136
2016-07-14,AAPL,68200.65199957015
2016-07-15,AAPL,68517.49638547093
2016-07-18,AAPL,69297.09199932613
2016-07-19,AAPL,69567.52822523689
2016-07-20,AAPL,69686.53668283604
2016-07-21,AAPL,69410.05864429702
2016-07-22,AAPL,69510.94870301642
2016-07-25,AAPL,68823.61098141092
2016-07-26,AAPL,68266.15698013546
2016-07-27,AAPL,72757.72730237641
2016-07-28,AAPL,73467.98871694425
2016-07-29,AAPL,72661.16388539936
2016-08-01,AAPL,73937.12432243711
2016-08-02,AAPL,73112.26086740251
2016-08-03,AAPL,73977.77926900402
2016-08-04,AAPL,74125.12676074845
2016-08-05,AAPL,76136.29015341746
2016-08-08,AAPL,76686.6253742991
2016-08-09,AAPL,76723.98137385423
2016-08-10,AAPL,75828.27737246145
2016-08-11,AAPL,75466.2261500913
2016-08-12,AAPL,75279.32883556555
2016-08-15,AAPL,76035.14669051794
2016-08-16,AAPL,75622.94725016577
2016-08-17,AAPL,75636.340130353
2016-08-18,AAPL,74905.79934236922
2016-08-19,AAPL,75702.51616272867
2016-08-22,AAPL,75491.14892047473
2016-08-23,AAPL,75495.76885409222
2016-08-24,AAPL,75143.37983925728
2016-08-25,AAPL,74792.05840684792
2016-08-26,AAPL,74412.12341909813
2016-08-29,AAPL,74759.95819769563
2016-08-30,AAPL,74500.04528426554
2016-08-31,AAPL,74857.89891331841
2016-09-01,AAPL,75204.08891108
2016-09-02,AAPL,75269.7510960904
2016-09-06,AAPL,74343.24206246602
2016-09-07,AAPL,75113.52038003119
2016-09-08,AAPL,73218.7234717499
2016-09-09,AAPL,72247.79831655156
2016-09-12,AAPL,74123.12533699237
2016-09-13,AAPL,76409.99013131499
2016-09-14,AAPL,79245.72603347845
2016-09-15,AAPL,81648.0445878733
2016-09-16,AAPL,81626.42311083665
2016-09-19,AAPL,80469.68934055316
2016-09-20,AAPL,80750.41424544447
2016-09-21,AAPL,80476.08075709661
2016-09-22,AAPL,80322.65625769892
2016-09-23,AAPL,79758.85307391004
2016-09-26,AAPL,80065.74196040044
2016-09-27,AAPL,80527.47018629432
2016-09-28,AAPL,81116.44250564175
2016-09-29,AAPL,79007.46744577502
2016-09-30,AAPL,79701.6447339092
2016-10-03,AAPL,79463.4565362558
2016-10-04,AAPL,79983.82202016629
2016-10-05,AAPL,80072.29292772397
2016-10-06,AAPL,80883.53590807623
2016-10-07,AAPL,81581.76531675758
2016-10-10,AAPL,82990.5259685319
2016-10-11,AAPL,82768.32804391213
2016-10-12,AAPL,83754.80001482884
2016-10-13,AAPL,83123.73209922371
2016-10-14,AAPL,83267.71729291131
2016-10-17,AAPL,83023.14237138447
2016-10-18,AAPL,82747.40812104085
2016-10-19,AAPL,82525.24539144611
2016-10-20,AAPL,83052.99479160557
2016-10-21,AAPL,83511.07212023747
2016-10-24,AAPL,84670.50886844241
2016-10-25,AAPL,84742.90738124144
2016-10-26,AAPL,82992.84414751315
2016-10-27,AAPL,82377.63745651655
2016-10-28,AAPL,81822.51101956234
2016-10-31,AAPL,81794.17433175207
2016-11-01,AAPL,80183.91746907413
2016-11-02,AAPL,80321.79046008346
2016-11-03,AAPL,79430.30516902293
2016-11-04,AAPL,78863.00125341216
2016-11-07,AAPL,79830.13707758345
2016-11-08,AAPL,80034.52866587862
2016-11-09,AAPL,80327.52255649155
2016-11-10,AAPL,78476.85082424403
2016-11-11,AAPL,78951.10378637465
2016-11-14,AAPL,77586.280603834
2016-11-15,AAPL,77930.15946161936
2016-11-16,AAPL,79717.2361299926
2016-11-17,AAPL,79762.97323817226
2016-11-18,AAPL,80376.83782554812
2016-11-21,AAPL,81115.73625880638
2016-11-22,AAPL,81213.82713986925
2016-11-23,AAPL,80955.91565019524
2016-11-25,AAPL,81627.49303959723
2016-11-28,AAPL,80785.5318414084
2016-11-29,AAPL,80906.01379738834
2016-11-30,AAPL,80168.85399836602
2016-12-01,AAPL,78858.71684569985
2016-12-02,AAPL,78944.94700333133
2016-12-05,AAPL,78232.86717913752
2016-12-06,AAPL,78883.91179094343
2016-12-07,AAPL,79503.30668991728
2016-12-08,AAPL,80088.81581880288
2016-12-09,AAPL,81050.36267300115
2016-12-12,AAPL,80445.9913570404
2016-12-13,AAPL,81643.25337180072
2016-12-14,AAPL,81661.92081307077
2016-12-15,AAPL,83832.50593740073
2016-12-16,AAPL,83580.35470015481
2016-12-19,AAPL,84443.89514135025
2016-12-20,AAPL,84539.77812117695
2016-12-21,AAPL,84761.84465103665
2016-12-22,AAPL,84627.55685990925
2016-12-23,AAPL,85220.05102809361
2016-12-27,AAPL,85749.76900331912
2016-12-28,AAPL,85524.03045918247
2016-12-29,AAPL,85085.84301235627
2016-12-30,AAPL,84020.2338545169
2017-01-03,AAPL,84315.22682255092
2017-01-04,AAPL,83470.28343257548
2017-01-05,AAPL,83454.95717234722
2017-01-06,AAPL,84178.68889615733
2017-01-09,AAPL,85115.67431556234
2017-01-10,AAPL,85032.93785074777
2017-01-11,AAPL,85728.37042810759
2017-01-12,AAPL,84453.49869051045
2017-01-13,AAPL,84518.08625409026
2017-01-17,AAPL,84653.9672066835
2017-01-18,AAPL,84920.43108743711
2017-01-19,AAPL,86095.94257673572
2017-01-20,AAPL,86592.50918472838
2017-01-23,AAPL,86239.06901181287
2017-01-24,AAPL,85388.41698877935
2017-01-25,AAPL,86187.40975409003
2017-01-26,AAPL,86325.23347206431
2017-01-27,AAPL,86465.92675774514
2017-01-30,AAPL,86168.16042173964
2017-01-31,AAPL,85435.84111182492
2017-02-01,AAPL,90941.40826088242
2017-02-02,AAPL,90400.23078551072
2017-02-03,AAPL,90759.68461503448
2017-02-06,AAPL,92227.89904940585
2017-02-07,AAPL,93562.13540887
2017-02-08,AAPL,93842.07898420589
2017-02-09,AAPL,94338.35933932838
2017-02-10,AAPL,93809.83564861851
2017-02-13,AAPL,94632.23545190178
2017-02-14,AAPL,95754.61418509674
2017-02-15,AAPL,96243.01554728499
2017-02-16,AAPL,95887.62556998343
2017-02-17,AAPL,96498.75198441284
2017-02-21,AAPL,97536.91136907239
2017-02-22,AAPL,98073.9780655219
2017-02-23,AAPL,97107.97786749121
2017-02-24,AAPL,97116.39182480575
2017-02-27,AAPL,97471.0262822369
2017-02-28,AAPL,98487.92083278
2017-03-01,AAPL,101184.9648730187
2017-03-02,AAPL,100934.45137760366
2017-03-03,AAPL,101686.95151486428
2017-03-06,AAPL,101346.62266193585
2017-03-07,AAPL,101580.91125081711
2017-03-08,AAPL,101628.931342953
2017-03-09,AAPL,101679.00213187998
2017-03-10,AAPL,101651.79872387533
2017-03-13,AAPL,101572.67092229267
2017-03-14,AAPL,101687.63429834964
2017-03-15,AAPL,102354.1858381789
2017-03-16,AAPL,101682.09460141165
2017-03-17,AAPL,101309.43559850079
2017-03-20,AAPL,102540.55053465936
2017-03-21,AAPL,101056.5898460945
2017-03-22,AAPL,102524.55556895574
2017-03-23,AAPL,101973.96459755898
2017-03-24,AAPL,102070.91750614623
2017-03-27,AAPL,102226.13695181989
2017-03-28,AAPL,104359.14082843458
2017-03-29,AAPL,104505.62017622853
2017-03-30,AAPL,103904.38121749446
2017-03-31,AAPL,103751.68408194717
2017-04-03,AAPL,104359.919811655
2017-04-04,AAPL,105464.89577814558
2017-04-05,AAPL,104795.85243054497
2017-04-06,AAPL,104593.54673406592
2017-04-07,AAPL,104177.28578782656
2017-04-10,AAPL,103696.74934056256
2017-04-11,AAPL,102453.57658883248
2017-04-12,AAPL,102339.04259208075
2017-04-13,AAPL,101605.95368428562
2017-04-17,AAPL,102276.22651142688
2017-04-18,AAPL,102494.31131078945
2017-04-19,AAPL,102749.38138877692
2017-04-20,AAPL,104211.44138643997
2017-04-21,AAPL,104278.75069862125
2017-04-24,AAPL,105155.18190431365
2017-04-25,AAPL,106601.42056506318
2017-04-26,AAPL,105973.62109411479
2017-04-27,AAPL,106300.65326659106
2017-04-28,AAPL,106489.43938079283
2017-05-01,AAPL,108654.27598436967
2017-05-02,AAPL,109829.76635665324
2017-05-03,AAPL,109452.55781017494
2017-05-04,AAPL,109272.87782211308
2017-05-05,AAPL,110838.04985774172
2017-05-08,AAPL,113789.38733908249
2017-05-09,AAPL,114722.15874082525
2017-05-10,AAPL,113694.3983128913
2017-05-11,AAPL,114969.90825360878
2017-05-12,AAPL,116645.54808743195
2017-05-15,AAPL,115722.81899949462
2017-05-16,AAPL,115178.05163157097
2017-05-17,AAPL,111453.6155379935
2017-05-18,AAPL,113133.47877481896
2017-05-19,AAPL,112953.47499252693
2017-05-22,AAPL,113633.2223204033
2017-05-23,AAPL,113065.90432678253
2017-05-24,AAPL,112467.06097608474
2017-05-25,AAPL,112802.50475954056
2017-05-26,AAPL,112635.07029385031
2017-05-30,AAPL,112790.02695000383
2017-05-31,AAPL,112357.19618598554
2017-06-01,AAPL,112677.11896340796
2017-06-02,AAPL,114389.48832534095
2017-06-05,AAPL,113085.37186828803
2017-06-06,AAPL,113277.65167530667
2017-06-07,AAPL,114225.79157130771
2017-06-08,AAPL,114030.29024633234
2017-06-09,AAPL,109196.80729503708
2017-06-12,AAPL,106288.1261840193
2017-06-13,AAPL,105754.51094635668
2017-06-14,AAPL,104464.7470205065
2017-06-15,AAPL,104440.36859984336
2017-06-16,AAPL,102571.17255276087
2017-06-19,AAPL,105419.02023620086
2017-06-20,AAPL,104821.65273021888
2017-06-21,AAPL,105789.42441117551
2017-06-22,AAPL,105071.37316440347
2017-06-23,AAPL,105755.70757720734
2017-06-26,AAPL,105180.19618176212
2017-06-27,AAPL,103280.62448175326
2017-06-28,AAPL,103772.05730876313
2017-06-29,AAPL,101887.0094224121
2017-06-30,AAPL,101837.37739813035
2017-07-03,AAPL,101461.33967281766
2017-07-05,AAPL,101925.04820545261
2017-07-06,AAPL,100673.11423882782
2017-07-07,AAPL,101247.51347148241
2017-07-10,AAPL,101866.51183984106
2017-07-11,AAPL,102448.95900155
2017-07-12,AAPL,101597.83771151623
2017-07-13,AAPL,102597.51485582006
2017-07-14,AAPL,102904.18084048535
2017-07-17,AAPL,103247.22909568028
2017-07-18,AAPL,103268.35314969666
2017-07-19,AAPL,103645.0877365047
2017-07-20,AAPL,103089.74778306538
2017-07-21,AAPL,102743.32784447366
2017-07-24,AAPL,103690.13736852899
2017-07-25,AAPL,104083.89696210623
2017-07-26,AAPL,104573.96891481538
2017-07-27,AAPL,102707.70813281946
2017-07-28,AAPL,101400.63529366495
2017-07-31,AAPL,101167.38847752422
2017-08-01,AAPL,102312.89503482665
2017-08-02,AAPL,107535.02726206639
2017-08-03,AAPL,106617.2559799867
2017-08-04,AAPL,107702.89110706186
2017-08-07,AAPL,109369.98324247543
2017-08-08,AAPL,110506.84590163319
2017-08-09,AAPL,111499.93453725347
2017-08-10,AAPL,107996.94084842535
2017-08-11,AAPL,109279.67750094675
2017-08-14,AAPL,111084.67782239466
2017-08-15,AAPL,112740.19548724697
2017-08-16,AAPL,111804.23541623748
2017-08-17,AAPL,109214.92804025185
2017-08-18,AAPL,108438.32165718825
2017-08-21,AAPL,108134.94523419473
2017-08-22,AAPL,109697.16792672679
2017-08-23,AAPL,109946.48948396117
2017-08-24,AAPL,109153.68400404885
2017-08-25,AAPL,109230.83619156043
2017-08-28,AAPL,110235.7996286221
2017-08-29,AAPL,111544.1301033373
2017-08-30,AAPL,112644.99998357566
2017-08-31,AAPL,112452.81637629207
2017-09-01,AAPL,111171.33970566637
2017-09-05,AAPL,109673.76558142417
2017-09-06,AAPL,108612.08184204192
2017-09-07,AAPL,107162.3471421405
2017-09-08,AAPL,105289.92019176128
2017-09-11,AAPL,107131.33093975879
2017-09-12,AAPL,106988.07076358657
2017-09-13,AAPL,106415.48994055796
2017-09-14,AAPL,105624.01717892634
2017-09-15,AAPL,106534.47024213709
2017-09-18,AAPL,106238.0014293873
2017-09-19,AAPL,106604.21270371469
2017-09-20,AAPL,104781.21364647208
2017-09-21,AAPL,103523.35753030409
2017-09-22,AAPL,102340.57944150658
2017-09-25,AAPL,101639.45700176866
2017-09-26,AAPL,103638.90514377638
2017-09-27,AAPL,104710.70393334908
2017-09-28,AAPL,104392.41889775752
2017-09-29,AAPL,105206.18418823615
2017-10-02,AAPL,105204.21326683507
2017-10-03,AAPL,105617.0438713026
2017-10-04,AAPL,104752.70098353672
2017-10-05,AAPL,106660.91188902024
2017-10-06,AAPL,106602.86825375895
2017-10-09,AAPL,106987.40909711622
2017-10-10,AAPL,106621.29871519389
2017-10-11,AAPL,107018.86406414317
2017-10-12,AAPL,106434.53279542823
2017-10-13,AAPL,107221.17445329222
2017-10-16,AAPL,109569.06742099773
2017-10-17,AAPL,110150.94442330136
2017-10-18,AAPL,109106.59775324346
2017-10-19,AAPL,106479.88041199766
2017-10-20,AAPL,107686.18989452286
2017-10-23,AAPL,108009.45854565711
2017-10-24,AAPL,108836.63783333795
2017-10-25,AAPL,109256.44643809923
2017-10-26,AAPL,110484.46186572112
2017-10-27,AAPL,114847.14566000762
2017-10-30,AAPL,117068.22860623478
2017-10-31,AAPL,119229.43777589969
2017-11-01,AAPL,117615.41269920972
2017-11-02,AAPL,117913.39959070532
2017-11-03,AAPL,120433.88192209887
2017-11-06,AAPL,121497.08608656193
2017-11-07,AAPL,122248.31451025185
2017-11-08,AAPL,122717.55804715477
2017-11-09,AAPL,122112.48752336363
2017-11-10,AAPL,121611.06165558337
2017-11-13,AAPL,121138.79369286382
2017-11-14,AAPL,119768.8320366704
2017-11-15,AAPL,118554.28457195577
2017-11-16,AAPL,119726.50415324759
2017-11-17,AAPL,119402.93047856318
2017-11-20,AAPL,119370.86781077091
2017-11-21,AAPL,121460.02572521697
2017-11-22,AAPL,122254.9264822854
2017-11-24,AAPL,122061.87942372136
2017-11-27,AAPL,121705.3796299642
2017-11-28,AAPL,121689.10545039544
2017-11-29,AAPL,119589.34444807867
2017-11-30,AAPL,121580.28947204178
2017-12-01,AAPL,119537.97144322598
2017-12-04,AAPL,118343.84178569233
2017-12-05,AAPL,118097.79805845473
2017-12-06,AAPL,118385.12555003958
2017-12-07,AAPL,119379.07763694033
2017-12-08,AAPL,119574.81594175084
2017-12-11,AAPL,121845.55202927477
2017-12-12,AAPL,121309.99167989609
2017-12-13,AAPL,121545.2469587979
2017-12-14,AAPL,121062.59646369774
2017-12-15,AAPL,122581.03419877119
2017-12-18,AAPL,124603.43888243126
2017-12-19,AAPL,123457.1486492384
2017-12-20,AAPL,122916.8792055122
2017-12-21,AAPL,122340.89385039675
2017-12-22,AAPL,122581.07877913621
2017-12-26,AAPL,119470.63632135969
2017-12-27,AAPL,118385.897494255
2017-12-28,AAPL,118234.22101443325
2017-12-29,AAPL,116545.50974831804
2018-01-02,AAPL,118368.53226891064
2018-01-03,AAPL,118499.54926904627
2018-01-04,AAPL,118888.74993371604
2018-01-05,AAPL,119152.107266928
2018-01-08,AAPL,118925.71409532597
2018-01-09,AAPL,119186.49046003653
2018-01-10,AAPL,119559.70319800769
2018-01-11,AAPL,120622.2503886704
2018-01-12,AAPL,121544.71903342262
2018-01-16,AAPL,120126.37360316812
2018-01-17,AAPL,122166.82864199294
2018-01-18,AAPL,122485.15356527951
2018-01-19,AAPL,122068.18637220477
2018-01-22,AAPL,121051.97929781703
2018-01-23,AAPL,121038.53479825979
2018-01-24,AAPL,118028.33246440729
2018-01-25,AAPL,115768.01879695898
2018-01-26,AAPL,116004.78746193659
2018-01-29,AAPL,113739.04202896035
2018-01-30,AAPL,113002.55328174839
2018-01-31,AAPL,112996.12667017993
2018-02-01,AAPL,113176.20788152698
2018-02-02,AAPL,109080.81153157956
2018-02-05,AAPL,107229.59075694176
2018-02-06,AAPL,112144.98191679615
2018-02-07,AAPL,109852.85194673069
2018-02-08,AAPL,107198.65667628509
2018-02-09,AAPL,108718.43416864425
2018-02-12,AAPL,113024.55721139025
2018-02-13,AAPL,114146.50421894497
2018-02-14,AAPL,115896.42667257319
2018-02-15,AAPL,119266.72807807478
2018-02-16,AAPL,119189.20751596798
2018-02-20,AAPL,119561.67881207875
2018-02-21,AAPL,119474.925421742
2018-02-22,AAPL,120845.30472556563
2018-02-23,AAPL,122558.37798799897
2018-02-26,AAPL,125151.27525653654
2018-02-27,AAPL,125281.6517072168
2018-02-28,AAPL,125777.44871732905
2018-03-01,AAPL,123970.62294725017
2018-03-02,AAPL,125208.54225491242
2018-03-05,AAPL,126468.29890243143
2018-03-06,AAPL,125588.54294004223
2018-03-07,AAPL,124917.67414381064
2018-03-08,AAPL,126069.88887288168
2018-03-09,AAPL,127379.11799390236
2018-03-12,AAPL,128509.94118676687
2018-03-13,AAPL,128087.33575068408
2018-03-14,AAPL,127320.53235525578
2018-03-15,AAPL,128336.8708244036
2018-03-16,AAPL,128441.533789805
2018-03-19,AAPL,126383.98100782598
2018-03-20,AAPL,126328.7553209012
2018-03-21,AAPL,122324.25364256777
2018-03-22,AAPL,120146.21186560382
2018-03-23,AAPL,116897.32391107766
2018-03-26,AAPL,122720.62705333643
2018-03-27,AAPL,119406.6728828902
2018-03-28,AAPL,118399.95204091258
2018-03-29,AAPL,119258.9546702156
2018-04-02,AAPL,118595.23984940285
2018-04-03,AAPL,118916.27009694588
2018-04-04,AAPL,121165.33074172812
2018-04-05,AAPL,121694.01867588809
2018-04-06,AAPL,118461.7662365209
2018-04-09,AAPL,119312.47926426443
2018-04-10,AAPL,120509.67088897472
2018-04-11,AAPL,119615.97769667802
2018-04-12,AAPL,120898.62518846938
2018-04-13,AAPL,121335.32036623475
2018-04-16,AAPL,121911.3151066902
2018-04-17,AAPL,123332.18753974105
2018-04-18,AAPL,123659.62093550255
2018-04-19,AAPL,120331.91489561391
2018-04-20,AAPL,116264.13021596138
2018-04-23,AAPL,116895.65097422176
2018-04-24,AAPL,115196.47974667091
2018-04-25,AAPL,116082.80779339864
2018-04-26,AAPL,116431.30189213148
2018-04-27,AAPL,115041.80699705255
2018-04-30,AAPL,116934.72449099782
2018-05-01,AAPL,119941.80619929863
2018-05-02,AAPL,125062.75742227882
2018-05-03,AAPL,125400.67189649097
2018-05-04,AAPL,130329.8641988228
2018-05-07,AAPL,131292.9267854319
2018-05-08,AAPL,132947.84848119388
2018-05-09,AAPL,132765.05021391535
2018-05-10,AAPL,133814.2467584209
2018-05-11,AAPL,133355.41625625358
2018-05-14,AAPL,132999.2426030616
2018-05-15,AAPL,132826.57581031855
2018-05-16,AAPL,133376.95561156518
2018-05-17,AAPL,132450.85953290103
2018-05-18,AAPL,132781.4088615442
2018-05-21,AAPL,133727.31973929403
2018-05-22,AAPL,132422.25536290059
2018-05-23,AAPL,134205.12270628157
2018-05-24,AAPL,134206.90592088253
2018-05-25,AAPL,135384.25224415213
2018-05-29,AAPL,135364.17230921128
2018-05-30,AAPL,133809.40861564828
2018-05-31,AAPL,133882.23416141752
2018-06-01,AAPL,136471.67527849824
2018-06-04,AAPL,137232.33127622324
2018-06-05,AAPL,138978.6521056245
2018-06-06,AAPL,138607.10291916924
2018-06-07,AAPL,138863.90224605266
2018-06-08,AAPL,137503.5253683394
2018-06-11,AAPL,137485.44920348967
2018-06-12,AAPL,138341.45087032605
2018-06-13,AAPL,137061.67059990627
2018-06-14,AAPL,137809.33259439425
2018-06-15,AAPL,137693.94687803704
2018-06-18,AAPL,137948.46556729922
2018-06-19,AAPL,136408.7184177443
2018-06-20,AAPL,137256.99125708654
2018-06-21,AAPL,136599.1023860819
2018-06-22,AAPL,136176.39840392908
2018-06-25,AAPL,134095.43389130745
2018-06-26,AAPL,135789.09357794034
2018-06-27,AAPL,135593.85504248508
2018-06-28,AAPL,136185.81424628917
2018-06-29,AAPL,134881.00562041087
2018-07-02,AAPL,136394.00924362137
2018-07-03,AAPL,133862.3067382518
2018-07-05,AAPL,134699.31716958794
2018-07-06,AAPL,136302.31212543696
2018-07-09,AAPL,138121.9043042577
2018-07-10,AAPL,138244.42991802376
2018-07-11,AAPL,136710.70346408206
2018-07-12,AAPL,139188.77579032775
2018-07-13,AAPL,139447.76190143236
2018-07-16,AAPL,138791.87914685384
2018-07-17,AAPL,139708.74708995802
2018-07-18,AAPL,139112.77799963678
2018-07-19,AAPL,140739.86277694377
2018-07-20,AAPL,139223.05574469623
2018-07-23,AAPL,139501.01432062106
2018-07-24,AAPL,140505.03922368222
2018-07-25,AAPL,141085.28317682497
2018-07-26,AAPL,140409.71232525085
2018-07-27,AAPL,138050.68834429933
2018-07-30,AAPL,136828.21495995042
2018-07-31,AAPL,137059.84045860526
2018-08-01,AAPL,144980.16877656934
2018-08-02,AAPL,149347.98635183857
2018-08-03,AAPL,149422.66784859382
2018-08-06,AAPL,150203.1151820545
2018-08-07,AAPL,149241.96016580143
2018-08-08,AAPL,149675.6614201052
2018-08-09,AAPL,150721.5120908989
2018-08-10,AAPL,151118.53074379292
2018-08-13,AAPL,152338.43958398543
2018-08-14,AAPL,152430.0686584548
2018-08-15,AAPL,153375.19820664922
2018-08-16,AAPL,155785.78759192355
2018-08-17,AAPL,158033.98243909032
2018-08-20,AAPL,156306.40648001418
2018-08-21,AAPL,155660.31967406592
2018-08-22,AAPL,155427.61016864047
2018-08-23,AAPL,156303.62841937266
2018-08-24,AAPL,156473.31771299912
2018-08-27,AAPL,157146.47887852698
2018-08-28,AAPL,157578.95769229508
2018-08-29,AAPL,160098.70796716821
2018-08-30,AAPL,162187.03293268883
2018-08-31,AAPL,165011.37033941614
2018-09-04,AAPL,167166.53769645278
2018-09-05,AAPL,166099.2227530675
2018-09-06,AAPL,163371.5989287573
2018-09-07,AAPL,161771.15913172468
2018-09-10,AAPL,159582.7277833751
2018-09-11,AAPL,163352.07272887678
2018-09-12,AAPL,159762.3233033769
2018-09-13,AAPL,163396.34337768063
2018-09-14,AAPL,162000.38198333821
2018-09-17,AAPL,157504.58121908997
2018-09-18,AAPL,157443.75013784718
2018-09-19,AAPL,156993.80285999467
2018-09-20,AAPL,157660.87293985923
2018-09-21,AAPL,156099.9853119429
2018-09-24,AAPL,158584.30358196195
2018-09-25,AAPL,159745.32645262775
2018-09-26,AAPL,158806.19413669655
2018-09-27,AAPL,162948.10188537405
2018-09-28,AAPL,162268.78393680288
2018-10-01,AAPL,161558.20576700987
2018-10-02,AAPL,163178.37120239815
2018-10-03,AAPL,165363.10707312071
2018-10-04,AAPL,163319.4797893742
2018-10-05,AAPL,161131.27603551978
2018-10-08,AAPL,160743.37524044068
2018-10-09,AAPL,163327.75296658868
2018-10-10,AAPL,156088.4507290767
2018-10-11,AAPL,155249.19016247435
2018-10-12,AAPL,160709.71237217754
2018-10-15,AAPL,156821.76253869693
2018-10-16,AAPL,159592.2022841102
2018-10-17,AAPL,159606.74017577805
2018-10-18,AAPL,156626.1227799565
2018-10-19,AAPL,159582.28901872988
2018-10-22,AAPL,160562.74498670333
2018-10-23,AAPL,161985.62822885026
2018-10-24,AAPL,155612.50136674012
2018-10-25,AAPL,159587.68558923274
2018-10-26,AAPL,157443.65159177716
2018-10-29,AAPL,154621.05281928575
2018-10-30,AAPL,155551.48727136725
2018-10-31,AAPL,159718.51018989828
2018-11-01,AAPL,161496.82798971178
2018-11-02,AAPL,150993.1285233153
2018-11-05,AAPL,146604.46845422982
2018-11-06,AAPL,148559.95800998883
2018-11-07,AAPL,152670.71112251954
2018-11-08,AAPL,152349.1552959362
2018-11-09,AAPL,150469.96855441833
2018-11-12,AAPL,142886.83673215602
2018-11-13,AAPL,141835.47921311433
2018-11-14,AAPL,137758.13321833164
2018-11-15,AAPL,140797.26351641474
2018-11-16,AAPL,141847.6707697809
2018-11-19,AAPL,136523.5550917112
2018-11-20,AAPL,130758.36362842876
2018-11-21,AAPL,130725.79884494621
2018-11-23,AAPL,126986.08811051052
2018-11-26,AAPL,128714.77153970728
2018-11-27,AAPL,129021.8786353528
2018-11-28,AAPL,134115.94085921848
2018-11-29,AAPL,132809.61650092938
2018-11-30,AAPL,132354.12014079888
2018-12-03,AAPL,135848.26580033722
2018-12-04,AAPL,130162.90603913782
2018-12-06,AAPL,130484.35862698108
2018-12-07,AAPL,124860.25932632969
2018-12-10,AAPL,126436.63980425935
2018-12-11,AAPL,125935.46734065922
2018-12-12,AAPL,125755.89528400743
2018-12-13,AAPL,127256.61818982134
2018-12-14,AAPL,123365.59700382406
2018-12-17,AAPL,122399.67892751844
2018-12-18,AAPL,124506.05190186878
2018-12-19,AAPL,120573.80560989928
2018-12-20,AAPL,117923.55687492581
2018-12-21,AAPL,113934.30168143059
2018-12-24,AAPL,111186.13569418433
2018-12-26,AAPL,119007.68565493016
2018-12-27,AAPL,118684.04862920071
2018-12-28,AAPL,118720.98463479063
2018-12-31,AAPL,119911.63937018737
2019-01-02,AAPL,119673.93451754426
2019-01-03,AAPL,106969.51125372657
2019-01-04,AAPL,110781.26385804111
2019-01-07,AAPL,109727.85798854331
2019-01-08,AAPL,111650.55047365466
2019-01-09,AAPL,112938.39275113879
2019-01-10,AAPL,113412.74425933948
2019-01-11,AAPL,112519.16134478783
2019-01-14,AAPL,110917.20816167939
2019-01-15,AAPL,113161.56440478408
2019-01-16,AAPL,114386.60702595938
2019-01-17,AAPL,115456.90885380127
2019-01-18,AAPL,115863.82904040061
2019-01-22,AAPL,113948.67298331334
2019-01-23,AAPL,114468.62551226359
2019-01-24,AAPL,113600.93675078591
2019-01-25,AAPL,116533.67248823665
2019-01-28,AAPL,115482.39239825003
2019-01-29,AAPL,114346.5480484828
2019-01-30,AAPL,121466.10742554023
2019-01-31,AAPL,121907.10108902794
2019-02-01,AAPL,121503.64174655547
2019-02-04,AAPL,125269.90830053549
2019-02-05,AAPL,127471.69498771225
2019-02-06,AAPL,128060.69546307973
2019-02-07,AAPL,126542.34923507133
2019-02-08,AAPL,126552.03725229156
2019-02-11,AAPL,126044.15896325781
2019-02-12,AAPL,126690.6845338513
2019-02-13,AAPL,126091.96788524358
2019-02-14,AAPL,127103.62306972886
2019-02-15,AAPL,126523.22660481103
2019-02-19,AAPL,126622.38741463448
2019-02-20,AAPL,126783.38119074625
2019-02-21,AAPL,126317.25593306
2019-02-22,AAPL,127507.74407867168
2019-02-25,AAPL,128442.57790888056
2019-02-26,AAPL,128723.48348156696
2019-02-27,AAPL,128634.81313553418
2019-02-28,AAPL,127608.38073321091
2019-03-01,AAPL,129833.92171594048
2019-03-04,AAPL,131056.9488353497
2019-03-05,AAPL,131092.9697702891
2019-03-06,AAPL,131057.3265952849
2019-03-07,AAPL,129726.60504565264
2019-03-08,AAPL,129875.10458788268
2019-03-11,AAPL,134294.34678737467
2019-03-12,AAPL,135445.32734423503
2019-03-13,AAPL,135508.24197095894
2019-03-14,AAPL,137024.97861315648
2019-03-15,AAPL,138963.57924957637
2019-03-18,AAPL,140414.50588765842
2019-03-19,AAPL,138746.25935542423
2019-03-20,AAPL,140228.0027574129
2019-03-21,AAPL,145912.91202229206
2019-03-22,AAPL,143378.01146231577
2019-03-25,AAPL,141756.88637591197
2019-03-26,AAPL,139927.21668826079
2019-03-27,AAPL,141487.04142642152
2019-03-28,AAPL,141836.5162931849
2019-03-29,AAPL,142040.54185321985
2019-04-01,AAPL,142734.26395236378
2019-04-02,AAPL,144889.3820363654
2019-04-03,AAPL,145653.55284392228
2019-04-04,AAPL,146263.13771625585
2019-04-05,AAPL,147573.8192186423
2019-04-08,AAPL,149223.3701535864
2019-04-09,AAPL,148666.10855178104
2019-04-10,AAPL,149606.648668713
2019-04-11,AAPL,148941.77006573963
2019-04-12,AAPL,148334.93979069754
2019-04-15,AAPL,148889.82690148163
2019-04-16,AAPL,148983.23449788196
2019-04-17,AAPL,151548.69841758476
2019-04-18,AAPL,152659.31966608838
2019-04-22,AAPL,152832.2891360466
2019-04-23,AAPL,155823.39934199385
2019-04-24,AAPL,156208.17481885123
2019-04-25,AAPL,155006.74336679364
2019-04-26,AAPL,153889.57818997148
2019-04-29,AAPL,154072.42807662004
2019-04-30,AAPL,150734.689108266
2019-05-01,AAPL,158060.4397125646
2019-05-02,AAPL,157563.51176898173
2019-05-03,AAPL,159128.61810723034
2019-05-06,AAPL,156979.60518690202
2019-05-07,AAPL,152987.65170815535
2019-05-08,AAPL,152894.9808609454
2019-05-09,AAPL,151448.64130779082
2019-05-10,AAPL,148630.87833173707
2019-05-13,AAPL,140400.06654206064
2019-05-14,AAPL,142758.00182357157
2019-05-15,AAPL,144266.7562340948
2019-05-16,AAPL,143491.63742742199
2019-05-17,AAPL,142995.1505948194
2019-05-20,AAPL,138521.15901440792
2019-05-21,AAPL,140595.9221636212
2019-05-22,AAPL,137683.60188701647
2019-05-23,AAPL,136029.90263179012
2019-05-24,AAPL,135190.75468926784
2019-05-28,AAPL,134937.72123006143
2019-05-29,AAPL,134660.37974024194
2019-05-30,AAPL,135230.92159815447
2019-05-31,AAPL,133039.51978969332
2019-06-03,AAPL,131126.8508477074
2019-06-04,AAPL,135368.2314687635
2019-06-05,AAPL,137428.0062299887
2019-06-06,AAPL,139194.14655114565
2019-06-07,AAPL,141881.15062391394
2019-06-10,AAPL,143528.48192594686
2019-06-11,AAPL,145301.17321442734
2019-06-12,AAPL,145114.975107732
2019-06-13,AAPL,145322.794691464
2019-06-14,AAPL,144927.54282882594
2019-06-17,AAPL,146033.0279500118
2019-06-18,AAPL,149320.4075302337
2019-06-19,AAPL,148309.787079484
2019-06-20,AAPL,147817.44622082863
2019-06-21,AAPL,147540.96348961958
2019-06-24,AAPL,147188.57212844965
2019-06-25,AAPL,144736.1827851278
2019-06-26,AAPL,147369.25165522203
2019-06-27,AAPL,147110.46967526255
2019-06-28,AAPL,145503.60561299647
2019-07-01,AAPL,148179.3683947737
2019-07-02,AAPL,149354.63586523215
2019-07-03,AAPL,150121.38294862042
2019-07-05,AAPL,150284.4086508433
2019-07-08,AAPL,146975.20111610464
2019-07-09,AAPL,148402.50485339397
2019-07-10,AAPL,149465.32421891682
2019-07-11,AAPL,148148.79095703718
2019-07-12,AAPL,148900.83825164256
2019-07-15,AAPL,150318.65810285677
2019-07-16,AAPL,149946.68892243627
2019-07-17,AAPL,149110.42931830054
2019-07-18,AAPL,150989.55036243837
2019-07-19,AAPL,148761.2500897473
2019-07-22,AAPL,152532.80293648518
2019-07-23,AAPL,154177.98030298695
2019-07-24,AAPL,153992.63626223206
2019-07-25,AAPL,152884.6968746349
2019-07-26,AAPL,153831.9498560054
2019-07-29,AAPL,155008.20513349943
2019-07-30,AAPL,154441.605118389
2019-07-31,AAPL,157351.5344796275
2019-08-01,AAPL,154751.46446499106
2019-08-02,AAPL,151568.95667398567
2019-08-05,AAPL,143643.51334571885
2019-08-06,AAPL,146665.42389122766
2019-08-07,AAPL,148969.40519938452
2019-08-08,AAPL,151501.4713866793
2019-08-09,AAPL,149848.91479659858
2019-08-12,AAPL,149612.15317062594
2019-08-13,AAPL,155975.48643044083
2019-08-14,AAPL,152186.0451256533
2019-08-15,AAPL,151592.62415514342
2019-08-16,AAPL,154711.74805242463
2019-08-19,AAPL,157728.89319154588
2019-08-20,AAPL,158031.67129911407
2019-08-21,AAPL,159216.70186951282
2019-08-22,AAPL,159257.46240115477
2019-08-23,AAPL,152089.042944031
2019-08-26,AAPL,154620.88857583568
2019-08-27,AAPL,152746.0378614001
2019-08-28,AAPL,154145.83785980463
2019-08-29,AAPL,156713.42286634856
2019-08-30,AAPL,156502.92611438007
2019-09-03,AAPL,154763.4425051725
2019-09-04,AAPL,156459.21389330653
2019-09-05,AAPL,159094.81680520214
2019-09-06,AAPL,158426.80584500206
2019-09-09,AAPL,158867.80185482476
2019-09-10,AAPL,160721.25164771377
2019-09-11,AAPL,166192.33471125766
2019-09-12,AAPL,166114.46219890073
2019-09-13,AAPL,163527.1140126411
2019-09-16,AAPL,164275.57845369956
2019-09-17,AAPL,164998.08773697398
2019-09-18,AAPL,166700.59545289664
2019-09-19,AAPL,165218.3499352177
2019-09-20,AAPL,162996.93380942036
2019-09-23,AAPL,163663.49708092463
2019-09-24,AAPL,162641.01121407351
2019-09-25,AAPL,165407.72967217478
2019-09-26,AAPL,164415.66638495005
2019-09-27,AAPL,163483.4581036076
2019-09-30,AAPL,167251.5383745436
2019-10-01,AAPL,167733.08609219315
2019-10-02,AAPL,164136.98044517485
2019-10-03,AAPL,165999.23134065358
2019-10-04,AAPL,170461.45839736873
2019-10-07,AAPL,170359.3693614637
2019-10-08,AAPL,168589.81277654492
2019-10-09,AAPL,170568.2565276213
2019-10-10,AAPL,172488.99920834656
2019-10-11,AAPL,175792.13442810197
2019-10-14,AAPL,175537.2778665996
2019-10-15,AAPL,175304.73495095925
2019-10-16,AAPL,174473.57627911627
2019-10-17,AAPL,174372.4891282568
2019-10-18,AAPL,175064.3294667297
2019-10-21,AAPL,177603.08740144808
2019-10-22,AAPL,177183.01835350165
2019-10-23,AAPL,179449.11808306308
2019-10-24,AAPL,179599.22721110398
2019-10-25,AAPL,181652.96719870597
2019-10-28,AAPL,183354.0201869278
2019-10-29,AAPL,179382.63937347225
2019-10-30,AAPL,180414.97046198868
2019-10-31,AAPL,184602.7396746009
2019-11-01,AAPL,189795.09691067456
2019-11-04,AAPL,190912.2104681267
2019-11-05,AAPL,190705.51712519527
2019-11-06,AAPL,191168.14634372963
2019-11-07,AAPL,193339.09280364978
2019-11-08,AAPL,194549.3605533221
2019-11-11,AAPL,196093.50473466943
2019-11-12,AAPL,195983.60240321019
2019-11-13,AAPL,198183.24454019577
2019-11-14,AAPL,196947.88508401992
2019-11-15,AAPL,198867.36543651452
2019-11-18,AAPL,199625.69621625324
2019-11-19,AAPL,199363.48154818694
2019-11-20,AAPL,198047.00929101734
2019-11-21,AAPL,196865.5076084605
2019-11-22,AAPL,196723.99075919425
2019-11-25,AAPL,200475.20792047615
2019-11-26,AAPL,198629.1256194911
2019-11-27,AAPL,201149.28415665447
2019-11-29,AAPL,200870.66860692928
2019-12-02,AAPL,198666.002966706
2019-12-03,AAPL,195203.25830848955
2019-12-04,AAPL,195755.63484082228
2019-12-05,AAPL,197883.58940451426
2019-12-06,AAPL,202951.1568135457
2019-12-09,AAPL,199802.5817193286
2019-12-10,AAPL,200942.00657630776
2019-12-11,AAPL,202170.18859371476
2019-12-12,AAPL,202392.01814373932
2019-12-13,AAPL,205163.38938414806
2019-12-16,AAPL,208026.07529013607
2019-12-17,AAPL,208711.17460815035
2019-12-18,AAPL,207573.97173041737
2019-12-19,AAPL,207823.717974287
2019-12-20,AAPL,208062.3543219256
2019-12-23,AAPL,211392.60144262062
2019-12-24,AAPL,211538.27834384417
2019-12-26,AAPL,215733.30242428026
2019-12-27,AAPL,214353.2609129214
2019-12-30,AAPL,215317.41923797608
2019-12-31,AAPL,215704.30406999963
2020-01-02,AAPL,220702.9807370589
2020-01-03,AAPL,218496.95891520486
2020-01-06,AAPL,219919.94304975687
2020-01-07,AAPL,219554.41925158483
2020-01-08,AAPL,223374.45441845382
2020-01-09,AAPL,229055.2575970808
2020-01-10,AAPL,229066.47542472184
2020-01-13,AAPL,233916.80975399617
2020-01-14,AAPL,231001.56594397986
2020-01-15,AAPL,229794.81769680942
2020-01-16,AAPL,232586.36976456406
2020-01-17,AAPL,235472.77711741484
2020-01-21,AAPL,233965.24514742728
2020-01-22,AAPL,235679.3507972612
2020-01-23,AAPL,237299.0352339742
2020-01-24,AAPL,236561.9669420169
2020-01-27,AAPL,230345.9975982915
2020-01-28,AAPL,236805.20445259303
2020-01-29,AAPL,242071.4360461815
2020-01-30,AAPL,242103.44474826878
2020-01-31,AAPL,231664.11228996198
2020-02-03,AAPL,231754.3194854206
2020-02-04,AAPL,239458.27113590302
2020-02-05,AAPL,241599.50126303214
2020-02-06,AAPL,244454.06884991575
2020-02-07,AAPL,241403.69960717662
2020-02-10,AAPL,242801.8078980452
2020-02-11,AAPL,240858.4512405777
2020-02-12,AAPL,245863.35038806035
2020-02-13,AAPL,244148.72854452618
2020-02-14,AAPL,244081.04381874469
2020-02-18,AAPL,239778.22441568045
2020-02-19,AAPL,242750.43020052247
2020-02-20,AAPL,240685.4794242845
2020-02-21,AAPL,234697.15384871679
2020-02-24,AAPL,224480.76310322515
2020-02-25,AAPL,216904.5787789016
2020-02-26,AAPL,220781.1887753211
2020-02-27,AAPL,207186.49796830854
2020-02-28,AAPL,208116.5006947498
2020-03-02,AAPL,226249.37411513843
2020-03-03,AAPL,219187.87010501727
2020-03-04,AAPL,229853.73886136117
2020-03-05,AAPL,222770.72599828342
2020-03-06,AAPL,219913.1222539082
2020-03-09,AAPL,205188.8213092268
2020-03-10,AAPL,222125.98833496092
2020-03-11,AAPL,214633.98347147772
2020-03-12,AAPL,194491.30049371583
2020-03-13,AAPL,219067.41630505733
2020-03-16,AAPL,191752.93749410484
2020-03-17,AAPL,203213.317515907
2020-03-18,AAPL,202719.77533373097
2020-03-19,AAPL,201150.50894352514
2020-03-20,AAPL,186264.01759188133
2020-03-23,AAPL,184218.82999535897
2020-03-24,AAPL,202819.85825320994
2020-03-25,AAPL,199080.93119466465
2020-03-26,AAPL,206252.1545221149
2020-03-27,AAPL,197424.06438718658
2020-03-30,AAPL,204499.03401387998
2020-03-31,AAPL,204522.11491128744
2020-04-01,AAPL,194182.35152509427
2020-04-02,AAPL,196888.72928596803
2020-04-03,AAPL,193559.46762597357
2020-04-06,AAPL,210217.86659020744
2020-04-07,AAPL,205704.7897613449
2020-04-08,AAPL,211689.20165013048
2020-04-09,AAPL,212484.11413887393
2020-04-13,AAPL,215891.02775573527
2020-04-14,AAPL,226275.54044307253
2020-04-15,AAPL,227142.36340693475
2020-04-16,AAPL,229537.34731811564
2020-04-17,AAPL,225052.58371371336
2020-04-20,AAPL,221145.68487876252
2020-04-21,AAPL,216103.2678346097
2020-04-22,AAPL,221565.04767987356
2020-04-23,AAPL,219279.62118890672
2020-04-24,AAPL,226042.8262449771
2020-04-27,AAPL,225610.48117230408
2020-04-28,AAPL,220766.5945716132
2020-04-29,AAPL,227097.00640502528
2020-04-30,AAPL,231692.44897777223
2020-05-01,AAPL,230514.60288514738
2020-05-04,AAPL,234091.7923793855
2020-05-05,AAPL,236725.2178923999
2020-05-06,AAPL,240733.27192192525
2020-05-07,AAPL,241333.84686785395
2020-05-08,AAPL,245652.62604159678
2020-05-11,AAPL,250918.06222761987
2020-05-12,AAPL,248099.70562881074
2020-05-13,AAPL,246126.58336551726
2020-05-14,AAPL,247928.45367607343
2020-05-15,AAPL,246541.80723168608
2020-05-18,AAPL,252347.1139844851
2020-05-19,AAPL,247312.0409688862
2020-05-20,AAPL,252101.72019204285
2020-05-21,AAPL,250995.80803788677
2020-05-22,AAPL,254065.8278362615
2020-05-26,AAPL,248541.02777919863
2020-05-27,AAPL,249196.89645576713
2020-05-28,AAPL,249018.64773205607
2020-05-29,AAPL,249187.61670083716
2020-06-01,AAPL,249377.26157364936
2020-06-02,AAPL,248421.76122474932
2020-06-03,AAPL,249577.58227071734
2020-06-04,AAPL,247502.9552089341
2020-06-05,AAPL,253068.0887646687
2020-06-08,AAPL,253692.1434849551
2020-06-09,AAPL,262481.89919863275
2020-06-10,AAPL,268572.8065404557
2020-06-11,AAPL,258796.31372000623
2020-06-12,AAPL,261856.1996975105
2020-06-15,AAPL,265251.06957681035
2020-06-16,AAPL,271358.7579065624
2020-06-17,AAPL,270920.8754832864
2020-06-18,AAPL,271710.1098413268
2020-06-19,AAPL,270115.66727655736
2020-06-22,AAPL,276327.83086491073
2020-06-23,AAPL,281623.74124993023
2020-06-24,AAPL,278181.16099471465
2020-06-25,AAPL,282991.6170143075
2020-06-26,AAPL,274929.5817939421
2020-06-29,AAPL,281387.5662077079
2020-06-30,AAPL,282608.34788452095
2020-07-01,AAPL,282075.3098452686
2020-07-02,AAPL,281205.98568829504
2020-07-06,AAPL,287817.73716636875
2020-07-07,AAPL,287776.09441276634
2020-07-08,AAPL,293496.1447369594
2020-07-09,AAPL,294919.6521042167
2020-07-10,AAPL,296496.6919022817
2020-07-13,AAPL,294542.8119323336
2020-07-14,AAPL,300500.0415301295
2020-07-15,AAPL,300749.98017346923
2020-07-16,AAPL,297242.6223015388
2020-07-17,AAPL,297322.9748899921
2020-07-20,AAPL,302892.4702824941
2020-07-21,AAPL,296572.79293171276
2020-07-22,AAPL,296829.6556096412
2020-07-23,AAPL,282727.4220395001
2020-07-24,AAPL,282637.74511575175
2020-07-27,AAPL,288413.0844779147
2020-07-28,AAPL,283566.65445008245
2020-07-29,AAPL,288729.7083083253
2020-07-30,AAPL,293795.98523310607
2020-07-31,AAPL,323900.0850781072
2020-08-03,AAPL,332017.40229743737
2020-08-04,AAPL,333446.1232210675
2020-08-05,AAPL,331894.9329957114
2020-08-06,AAPL,344269.2879295612
2020-08-07,AAPL,338558.1865270629
2020-08-10,AAPL,342954.88748619775
2020-08-11,AAPL,331183.0526099927
2020-08-12,AAPL,341245.0193173761
2020-08-13,AAPL,346252.80914958025
2020-08-14,AAPL,346818.87420031044
2020-08-17,AAPL,344807.09137520107
2020-08-18,AAPL,346659.29057153437
2020-08-19,AAPL,347139.8950625134
2020-08-20,AAPL,355518.6127716646
2020-08-21,AAPL,374089.9153113845
2020-08-24,AAPL,378649.1351643819
2020-08-25,AAPL,375146.61308888905
2020-08-26,AAPL,379152.22458367806
2020-08-27,AAPL,373837.5482113185
2020-08-28,AAPL,372357.87193046586
2020-08-31,AAPL,383377.2700204554
2020-09-01,AAPL,399026.1020383551
2020-09-02,AAPL,391090.2738313727
2020-09-03,AAPL,361347.2420943762
2020-09-04,AAPL,360647.5157239641
2020-09-08,AAPL,339034.92660429486
2020-09-09,AAPL,352066.84192224906
2020-09-10,AAPL,340293.84091754846
2020-09-11,AAPL,336422.03386887646
2020-09-14,AAPL,346219.01019388705
2020-09-15,AAPL,346755.39176051616
2020-09-16,AAPL,336358.2651762121
2020-09-17,AAPL,331798.9866648397
2020-09-18,AAPL,320937.1778188751
2020-09-21,AAPL,333335.08291713265
2020-09-22,AAPL,339014.2131589037
2020-09-23,AAPL,325932.15900830744
2020-09-24,AAPL,329677.06452843593
2020-09-25,AAPL,342647.393245277
2020-09-28,AAPL,350319.9438944375
2020-09-29,AAPL,348005.39469343494
2020-09-30,AAPL,351874.4846861754
2020-10-01,AAPL,353638.0088438059
2020-10-02,AAPL,342718.05781651003
2020-10-05,AAPL,352129.44214008277
2020-10-06,AAPL,342166.22563389764
2020-10-07,AAPL,347984.07120094344
2020-10-08,AAPL,346213.5315016591
2020-10-09,AAPL,350036.19925639953
2020-10-12,AAPL,372224.56725370407
2020-10-13,AAPL,362282.02665155
2020-10-14,AAPL,362721.91284491715
2020-10-15,AAPL,363799.9646172682
2020-10-16,AAPL,357684.9604149822
2020-10-19,AAPL,347803.417483856
2020-10-20,AAPL,351683.2067642023
2020-10-21,AAPL,349358.3336891941
2020-10-22,AAPL,346495.8190656613
2020-10-23,AAPL,344321.92560897954
2020-10-26,AAPL,345951.3496822828
2020-10-27,AAPL,349648.76068931574
2020-10-28,AAPL,336934.6705252928
2020-10-29,AAPL,350666.18081889907
2020-10-30,AAPL,330259.0353841396
2020-11-02,AAPL,328469.5232200351
2020-11-03,AAPL,330718.74810826743
2020-11-04,AAPL,344004.41251760337
2020-11-05,AAPL,353861.91724664165
2020-11-06,AAPL,353144.9500066401
2020-11-09,AAPL,344252.4740929421
2020-11-10,AAPL,344464.57573805144
2020-11-11,AAPL,354946.6748444263
2020-11-12,AAPL,357002.63915760943
2020-11-13,AAPL,357797.44136860786
2020-11-16,AAPL,359217.124209813
2020-11-17,AAPL,356742.14669943403
2020-11-18,AAPL,351811.8938536816
2020-11-19,AAPL,354186.21828517644
2020-11-20,AAPL,349981.7314356802
2020-11-23,AAPL,339858.4596873837
2020-11-24,AAPL,342487.46470525576
2020-11-25,AAPL,344274.1049553188
2020-11-27,AAPL,345470.1750318984
2020-11-30,AAPL,352223.7131877636
2020-12-01,AAPL,362686.2438602279
2020-12-02,AAPL,363262.57178025355
2020-12-03,AAPL,361328.88906199625
2020-12-04,AAPL,357109.30120043195
2020-12-07,AAPL,361497.47792450717
2020-12-08,AAPL,363495.26251499896
2020-12-09,AAPL,355771.2332759107
2020-12-10,AAPL,358108.5114240705
2020-12-11,AAPL,356683.9787084177
2020-12-14,AAPL,354492.9781232417
2020-12-15,AAPL,371212.5343092836
2020-12-16,AAPL,371919.5859375697
2020-12-17,AAPL,373503.96272518364
2020-12-18,AAPL,369260.9936353317
2020-12-21,AAPL,375958.34879959153
2020-12-22,AAPL,388442.4347824455
2020-12-23,AAPL,384150.72058294225
2020-12-24,AAPL,386510.64790286927
2020-12-28,AAPL,400369.6674257843
2020-12-29,AAPL,394098.62959957914
2020-12-30,AAPL,389637.36923288455
2020-12-31,AAPL,385517.9980318942
2021-01-04,AAPL,376552.4197048968
2021-01-05,AAPL,379844.5388818212
2021-01-06,AAPL,366486.9194170015
2021-01-07,AAPL,379585.1492010964
2021-01-08,AAPL,382828.37310292956
2021-01-11,AAPL,376381.8669599898
2021-01-12,AAPL,374616.3624956183
2021-01-13,AAPL,379585.2993665365
2021-01-14,AAPL,372236.0267538502
2021-01-15,AAPL,369217.33537996316
2021-01-19,AAPL,371445.44325318414
2021-01-20,AAPL,381292.5091378017
2021-01-21,AAPL,394408.76581371133
2021-01-22,AAPL,403504.9927662492
2021-01-25,AAPL,415437.851920921
2021-01-26,AAPL,414970.0795360639
2021-01-27,AAPL,414111.73388056125
2021-01-28,AAPL,400771.0502617806
2021-01-29,AAPL,384824.4026348404
2021-02-01,AAPL,392528.26043192274
2021-02-02,AAPL,394825.8198211812
2021-02-03,AAPL,390682.4291887828
2021-02-04,AAPL,402182.9808121417
2021-02-05,AAPL,399357.8831928739
2021-02-08,AAPL,399041.62069805345
2021-02-09,AAPL,395345.6034140113
2021-02-10,AAPL,392602.93488967296
2021-02-11,AAPL,391751.0909284589
2021-02-12,AAPL,393223.97691581777
2021-02-16,AAPL,386079.3985686418
2021-02-17,AAPL,380083.48025301
2021-02-18,AAPL,376355.09997029544
2021-02-19,AAPL,374397.8717803005
2021-02-22,AAPL,363211.13073168584
2021-02-23,AAPL,362521.00087142887
2021-02-24,AAPL,359463.909378911
2021-02-25,AAPL,346429.92224715074
2021-02-26,AAPL,351507.06974199234
2021-03-01,AAPL,369726.7270550728
2021-03-02,AAPL,361031.8266264912
2021-03-03,AAPL,352340.14067686134
2021-03-04,AAPL,346948.01413244504
2021-03-05,AAPL,351496.70598029176
2021-03-08,AAPL,336645.2149078618
2021-03-09,AAPL,349629.4245425703
2021-03-10,AAPL,346538.8367715744
2021-03-11,AAPL,350101.6174225698
2021-03-12,AAPL,345524.19704896753
2021-03-15,AAPL,353609.6533853156
2021-03-16,AAPL,357436.8049862434
2021-03-17,AAPL,355395.7211296383
2021-03-18,AAPL,343150.191719033
2021-03-19,AAPL,342946.4805678882
2021-03-22,AAPL,352844.75286757335
2021-03-23,AAPL,351765.3331819165
2021-03-24,AAPL,344773.9447006382
2021-03-25,AAPL,347398.3391702327
2021-03-26,AAPL,348452.8407781761
2021-03-29,AAPL,349354.7907233422
2021-03-30,AAPL,346140.17099150957
2021-03-31,AAPL,351034.72200388275
2021-04-01,AAPL,353181.9118219151
2021-04-05,AAPL,360391.9693399713
2021-04-06,AAPL,362269.042033653
2021-04-07,AAPL,368758.59638486087
2021-04-08,AAPL,374752.1190924564
2021-04-09,AAPL,381273.5366729815
2021-04-12,AAPL,376486.97103637154
2021-04-13,AAPL,385645.34301775286
2021-04-14,AAPL,378166.14914337656
2021-04-15,AAPL,385110.94645053486
2021-04-16,AAPL,383333.5390287018
2021-04-19,AAPL,385759.8183561296
2021-04-20,AAPL,382440.2235963403
2021-04-21,AAPL,382075.0188997285
2021-04-22,AAPL,376909.3887656542
2021-04-23,AAPL,383340.92763762077
2021-04-26,AAPL,382119.0783783822
2021-04-27,AAPL,380896.1990780781
2021-04-28,AAPL,377233.6311458139
2021-04-29,AAPL,374969.55630335864
2021-04-30,AAPL,369074.6664802113
2021-05-03,AAPL,371942.57767424703
2021-05-04,AAPL,359790.42066501704
2021-05-05,AAPL,359245.36704422324
2021-05-06,AAPL,361737.7520139767
2021-05-07,AAPL,362338.3973499554
2021-05-10,AAPL,351220.3757608578
2021-05-11,AAPL,348658.20374916174
2021-05-12,AAPL,339945.15441934543
2021-05-13,AAPL,347586.278257499
2021-05-14,AAPL,353269.11336223705
2021-05-17,AAPL,349229.28995679464
2021-05-18,AAPL,344423.26851035416
2021-05-19,AAPL,345380.8172097103
2021-05-20,AAPL,351749.00034397276
2021-05-21,AAPL,346319.29489817616
2021-05-24,AAPL,350934.88544957887
2021-05-25,AAPL,350258.36198599427
2021-05-26,AAPL,351655.9517368276
2021-05-27,AAPL,346250.28449311893
2021-05-28,AAPL,344757.17544438416
2021-06-01,AAPL,342532.540146965
2021-06-02,AAPL,345037.20348778006
2021-06-03,AAPL,342288.7465549936
2021-06-04,AAPL,348255.6055116348
2021-06-07,AAPL,347966.91714574915
2021-06-08,AAPL,350969.0692042124
2021-06-09,AAPL,352003.63400365
2021-06-10,AAPL,349165.2490892701
2021-06-11,AAPL,354136.1216865644
2021-06-14,AAPL,362650.4176710936
2021-06-15,AAPL,361725.10996098985
2021-06-16,AAPL,363215.7506653033
2021-06-17,AAPL,372314.8988049177
2021-06-18,AAPL,370868.3316572681
2021-06-21,AAPL,374855.91391390737
2021-06-22,AAPL,378971.5732129257
2021-06-23,AAPL,376062.4627226027
2021-06-24,AAPL,376155.3705496477
2021-06-25,AAPL,374632.4958950869
2021-06-28,AAPL,380567.597207486
2021-06-29,AAPL,386504.7586020161
2021-06-30,AAPL,388605.3079728933
2021-07-01,AAPL,389471.90803493035
2021-07-02,AAPL,395797.68351038
2021-07-06,AAPL,404629.6380590554
2021-07-07,AAPL,412860.81353065703
2021-07-08,AAPL,411198.76601549616
2021-07-09,AAPL,414454.1533179758
2021-07-12,AAPL,412526.53118302685
2021-07-13,AAPL,417234.5344847894
2021-07-14,AAPL,426684.17580055783
2021-07-15,AAPL,427298.0192709187
2021-07-16,AAPL,422016.602197202
2021-07-19,AAPL,416065.86725468957
2021-07-20,AAPL,425902.8415524666
2021-07-21,AAPL,419035.09084774496
2021-07-22,AAPL,422333.59205587284
2021-07-23,AAPL,427636.0252521959
2021-07-26,AAPL,427997.3350327056
2021-07-27,AAPL,422614.7275693894
2021-07-28,AAPL,417069.5167441505
2021-07-29,AAPL,415100.6835812393
2021-07-30,AAPL,416111.89765474433
2021-08-02,AAPL,415158.6732507955
2021-08-03,AAPL,423183.7255388711
2021-08-04,AAPL,422021.05319469934
2021-08-05,AAPL,420728.8467341129
2021-08-06,AAPL,420487.2469653677
2021-08-09,AAPL,420842.4140408441
2021-08-10,AAPL,418631.02615084214
2021-08-11,AAPL,418209.0237228547
2021-08-12,AAPL,427354.89677768433
2021-08-13,AAPL,427749.0787115618
2021-08-16,AAPL,435477.1530321922
2021-08-17,AAPL,434652.8667755679
2021-08-18,AAPL,423810.706138904
2021-08-19,AAPL,430240.23185543955
2021-08-20,AAPL,436751.54611744906
2021-08-23,AAPL,435273.9932697727
2021-08-24,AAPL,432476.781841995
2021-08-25,AAPL,429188.5833908577
2021-08-26,AAPL,427890.39142968296
2021-08-27,AAPL,430438.3376122663
2021-08-30,AAPL,442456.9506185643
2021-08-31,AAPL,439200.62243574916
2021-09-01,AAPL,440825.52277517
2021-09-02,AAPL,442914.1551105758
2021-09-03,AAPL,442821.17454714567
2021-09-07,AAPL,453382.3920697631
2021-09-08,AAPL,450745.14437703165
2021-09-09,AAPL,446958.16672399547
2021-09-10,AAPL,431374.9100767111
2021-09-13,AAPL,434121.1145278963
2021-09-14,AAPL,429918.94351104635
2021-09-15,AAPL,432227.14822220546
2021-09-16,AAPL,432314.1245143673
2021-09-17,AAPL,425980.7985328837
2021-09-20,AAPL,420377.6965841586
2021-09-21,AAPL,420946.61243191524
2021-09-22,AAPL,426539.26145820966
2021-09-23,AAPL,425951.11739511765
2021-09-24,AAPL,427124.8339381403
2021-09-27,AAPL,421190.2417804366
2021-09-28,AAPL,412519.80893324816
2021-09-29,AAPL,417203.81626695284
2021-09-30,AAPL,413308.54117559834
2021-10-01,AAPL,413841.3563130255
2021-10-04,AAPL,401401.49170594045
2021-10-05,AAPL,406790.6290195652
2021-10-06,AAPL,410603.4797086603
2021-10-07,AAPL,412549.208510814
2021-10-08,AAPL,408927.8750698622
2021-10-11,AAPL,408664.2924884901
2021-10-12,AAPL,404254.7875792533
2021-10-13,AAPL,402015.8349456566
2021-10-14,AAPL,407771.2515773237
2021-10-15,AAPL,411089.4807701422
2021-10-18,AAPL,415794.025574113
2021-10-19,AAPL,421419.97144041036
2021-10-20,AAPL,421885.4303389563
2021-10-21,AAPL,423261.30945202283
2021-10-22,AAPL,421222.8159492591
2021-10-25,AAPL,421827.52044479
2021-10-26,AAPL,423665.0456620255
2021-10-27,AAPL,421709.2416973763
2021-10-28,AAPL,431972.162612278
2021-10-29,AAPL,425301.68236912263
2021-11-01,AAPL,422366.7973888107
2021-11-02,AAPL,426623.00450073986
2021-11-03,AAPL,431274.22649547184
2021-11-04,AAPL,430858.0101295975
2021-11-05,AAPL,432516.16272865626
2021-11-08,AAPL,429999.2515191346
2021-11-09,AAPL,431024.93074792245
2021-11-10,AAPL,422880.5391690126
2021-11-11,AAPL,422734.45635183394
2021-11-12,AAPL,432711.7438290217
2021-11-15,AAPL,431085.15882106987
2021-11-16,AAPL,435113.3256342261
2021-11-17,AAPL,443860.5610650109
2021-11-18,AAPL,457257.4394070718
2021-11-19,AAPL,465897.06722202856
2021-11-22,AAPL,468779.9480333724
2021-11-23,AAPL,470890.2346945048
2021-11-24,AAPL,471328.19454683596
2021-11-26,AAPL,459789.63229645666
2021-11-29,AAPL,469661.10241142235
2021-11-30,AAPL,485493.58910887607
2021-12-01,AAPL,483330.54745157517
2021-12-02,AAPL,481826.19476551434
2021-12-03,AAPL,476052.8662124475
2021-12-06,AAPL,485098.12607608794
2021-12-07,AAPL,497566.9209937386
2021-12-08,AAPL,508181.6044520299
2021-12-09,AAPL,508993.36127974745
2021-12-10,AAPL,523837.6842987485
2021-12-13,AAPL,516115.8653072315
2021-12-14,AAPL,514120.553753831
2021-12-15,AAPL,530762.0332963708
2021-12-16,AAPL,505543.82883392315
2021-12-17,AAPL,504759.5968621055
2021-12-20,AAPL,504389.77692454617
2021-12-21,AAPL,513456.5292167981
2021-12-22,AAPL,518802.9233457048
2021-12-23,AAPL,518715.34873811755
2021-12-27,AAPL,530641.3612872558
2021-12-28,AAPL,527565.1354328026
2021-12-29,AAPL,527335.5348212539
2021-12-30,AAPL,522717.0324681145
2021-12-31,AAPL,516866.13407990587
2022-01-03,AAPL,529794.109103639
2022-01-04,AAPL,524323.9786521057
2022-01-05,AAPL,510730.96782095404
2022-01-06,AAPL,503156.9257004866
2022-01-07,AAPL,500691.38984215265
2022-01-10,AAPL,501264.78249709174
2022-01-11,AAPL,506734.4812229849
2022-01-12,AAPL,504167.001801516
2022-01-13,AAPL,493555.4507004514
2022-01-14,AAPL,498516.1402038402
2022-01-18,AAPL,488437.9368582481
2022-01-19,AAPL,476783.7566043465
2022-01-20,AAPL,471156.2809276283
2022-01-21,AAPL,467771.51905951387
2022-01-24,AAPL,469606.08085564274
2022-01-25,AAPL,463314.9466701518
2022-01-26,AAPL,462210.8693499667
2022-01-27,AAPL,464725.436570822
2022-01-28,AAPL,499463.5034629558
2022-01-31,AAPL,510396.47195683874
2022-02-01,AAPL,508895.85698243487
2022-02-02,AAPL,511807.47101220425
2022-02-03,AAPL,503338.30208875437
2022-02-04,AAPL,505612.37466465007
2022-02-07,AAPL,500709.6279041175
2022-02-08,AAPL,510788.38733110495
2022-02-09,AAPL,513853.5126746671
2022-02-10,AAPL,501820.80523401644
2022-02-11,AAPL,492428.45907264395
2022-02-14,AAPL,494529.4472081664
2022-02-15,AAPL,506125.46416372166
2022-02-16,AAPL,503232.2148980072
2022-02-17,AAPL,492860.05097178154
2022-02-18,AAPL,489746.01862145314
2022-02-22,AAPL,481376.49619917193
2022-02-23,AAPL,468021.35915678355
2022-02-24,AAPL,480074.78238916036
2022-02-25,AAPL,483085.8434816233
2022-02-28,AAPL,482015.39618101134
2022-03-01,AAPL,476774.44869339647
2022-03-02,AAPL,485073.53883160965
2022-03-03,AAPL,483960.61113579985
2022-03-04,AAPL,478263.435231534
2022-03-07,AAPL,467779.64207128825
2022-03-08,AAPL,465709.4143876324
2022-03-09,AAPL,480276.9261885243
2022-03-10,AAPL,465587.2946898216
2022-03-11,AAPL,452455.9792358738
2022-03-14,AAPL,442416.89868009277
2022-03-15,AAPL,456465.7390509451
2022-03-16,AAPL,466719.96210199705
2022-03-17,AAPL,467126.02118365094
2022-03-18,AAPL,475630.9459061851
2022-03-21,AAPL,478786.0156556857
2022-03-22,AAPL,488531.7128292436
2022-03-23,AAPL,491898.1287039831
2022-03-24,AAPL,502001.2172785987
2022-03-25,AAPL,502152.027960805
2022-03-28,AAPL,506260.8453469596
2022-03-29,AAPL,514637.0454386544
2022-03-30,AAPL,509620.95661955077
2022-03-31,AAPL,501591.4486413078
2022-04-01,AAPL,501370.5834349688
2022-04-04,AAPL,512360.7673078575
2022-04-05,AAPL,501082.2517120034
2022-04-06,AAPL,494138.7918157958
2022-04-07,AAPL,497996.13840185496
2022-04-08,AAPL,492250.95882979827
2022-04-11,AAPL,480916.64738761407
2022-04-12,AAPL,486291.24211690103
2022-04-13,AAPL,493856.98525046895
2022-04-14,AAPL,478824.0802484112
2022-04-18,AAPL,478830.5702110247
2022-04-19,AAPL,485811.65124264255
2022-04-20,AAPL,480618.02698566817
2022-04-21,AAPL,479351.2524501604
2022-04-22,AAPL,472427.5674653435
2022-04-25,AAPL,477716.3754943141
2022-04-26,AAPL,461287.18765001884
2022-04-27,AAPL,461721.38867367787
2022-04-28,AAPL,482620.47609014245
2022-04-29,AAPL,463613.1517708025
2022-05-02,AAPL,468265.90357595537
2022-05-03,AAPL,471017.2183447733
2022-05-04,AAPL,488920.9041085734
2022-05-05,AAPL,462101.1054522725
2022-05-06,AAPL,466463.90421697404
2022-05-09,AAPL,453847.04148273356
2022-05-10,AAPL,462873.07782370865
2022-05-11,AAPL,437465.58278503397
2022-05-12,AAPL,427956.1216584084
2022-05-13,AAPL,438706.5969085629
2022-05-16,AAPL,431842.163921533
2022-05-17,AAPL,440960.72563694784
2022-05-18,AAPL,416311.4346759219
2022-05-19,AAPL,405043.5268606085
2022-05-20,AAPL,406383.33811203565
2022-05-23,AAPL,422683.1021176612
2022-05-24,AAPL,414473.9024196815
2022-05-25,AAPL,415296.2271402447
2022-05-26,AAPL,423438.9880163286
2022-05-27,AAPL,438845.83312020794
2022-05-31,AAPL,433409.6424044678
2022-06-01,AAPL,432727.58159028017
2022-06-02,AAPL,438531.0183140832
2022-06-03,AAPL,421025.0269476575
2022-06-06,AAPL,422719.18171097565
2022-06-07,AAPL,429851.63419886504
2022-06-08,AAPL,427172.534928716
2022-06-09,AAPL,415226.10222606186
2022-06-10,AAPL,403381.08281483245
2022-06-13,AAPL,390431.5613967826
2022-06-14,AAPL,395511.1279630105
2022-06-15,AAPL,403712.26096125593
2022-06-16,AAPL,387112.0581440584
2022-06-17,AAPL,394815.0102558303
2022-06-21,AAPL,404436.42206437123
2022-06-22,AAPL,403285.28899573575
2022-06-23,AAPL,413264.64594039466
2022-06-24,AAPL,421797.5929418489
2022-06-27,AAPL,420297.3463420403
2022-06-28,AAPL,407051.3561112407
2022-06-29,AAPL,412797.27947149274
2022-06-30,AAPL,405609.88989588374
2022-07-01,AAPL,412164.81079389184
2022-07-05,AAPL,424919.21333957143
2022-07-06,AAPL,429302.37829208403
2022-07-07,AAPL,437554.29771143175
2022-07-08,AAPL,439004.68469246355
2022-07-11,AAPL,433590.97655870556
2022-07-12,AAPL,437053.4161933718
2022-07-13,AAPL,434638.5752490752
2022-07-14,AAPL,449078.4253088833
2022-07-15,AAPL,450769.04414535454
2022-07-18,AAPL,438415.7287974611
2022-07-19,AAPL,448597.72696450417
2022-07-20,AAPL,453954.5223964715
2022-07-21,AAPL,461201.13112117746
2022-07-22,AAPL,456784.4276561568
2022-07-25,AAPL,452564.6872828174
2022-07-26,AAPL,449654.1408354736
2022-07-27,AAPL,464652.10187035747
2022-07-28,AAPL,464966.79232072714
2022-07-29,AAPL,479805.5732964552
2022-08-01,AAPL,476850.79374166764
2022-08-02,AAPL,473597.46182864904
2022-08-03,AAPL,491602.5233425138
2022-08-04,AAPL,490690.7375610223
2022-08-05,AAPL,493055.7822375871
2022-08-08,AAPL,488699.61421559914
2022-08-09,AAPL,489724.9579184818
2022-08-10,AAPL,499000.03425649105
2022-08-11,AAPL,495393.06977108686
2022-08-12,AAPL,507197.01424178417
2022-08-15,AAPL,515397.35183246416
2022-08-16,AAPL,513289.315306598
2022-08-17,AAPL,519610.6538625602
2022-08-18,AAPL,519059.39653202303
2022-08-19,AAPL,513712.4955947561
2022-08-22,AAPL,503576.4691693928
2022-08-23,AAPL,500129.0718884196
2022-08-24,AAPL,501448.7680098809
2022-08-25,AAPL,507133.23147110984
2022-08-26,AAPL,489974.4671825163
2022-08-29,AAPL,484010.6960027368
2022-08-30,AAPL,479057.2871768569
2022-08-31,AAPL,475229.8587083989
2022-09-01,AAPL,479472.3514922457
2022-09-02,AAPL,471331.5075718577
2022-09-06,AAPL,468093.7107428825
2022-09-07,AAPL,473330.190808655
2022-09-08,AAPL,467065.03993696807
2022-09-09,AAPL,472924.7065790764
2022-09-12,AAPL,489065.45007632626
2022-09-13,AAPL,464974.99041522155
2022-09-14,AAPL,471421.9353228065
2022-09-15,AAPL,463697.8333473332
2022-09-16,AAPL,461565.4794055138
2022-09-19,AAPL,473252.3722620031
2022-09-20,AAPL,482722.12166873226
2022-09-21,AAPL,474786.30050075485
2022-09-22,AAPL,474685.1288818353
2022-09-23,AAPL,470629.94871380954
2022-09-26,AAPL,476761.9216108247
2022-09-27,AAPL,480239.92213921936
2022-09-28,AAPL,471885.93245464657
2022-09-29,AAPL,450256.9940726885
2022-09-30,AAPL,436726.7711661707
2022-10-03,AAPL,448682.63613552996
2022-10-04,AAPL,457216.8618895599
2022-10-05,AAPL,460408.2270951951
2022-10-06,AAPL,459982.8764471608
2022-10-07,AAPL,442863.81214678864
2022-10-10,AAPL,443902.9992261788
2022-10-11,AAPL,441365.89780397125
2022-10-12,AAPL,440200.5224818781
2022-10-13,AAPL,455128.6894358144
2022-10-14,AAPL,442049.5893209848
2022-10-17,AAPL,450787.0076861242
2022-10-18,AAPL,455888.19338305376
2022-10-19,AAPL,457006.06715304626
2022-10-20,AAPL,453859.49348258524
2022-10-21,AAPL,465592.56221189944
2022-10-24,AAPL,472801.0453391698
2022-10-25,AAPL,478988.17353305966
2022-10-26,AAPL,467079.58721397596
2022-10-27,AAPL,452251.54541354865
2022-10-28,AAPL,488859.7069990704
2022-10-31,AAPL,482522.5799548847
2022-11-01,AAPL,472845.90961072897
2022-11-02,AAPL,455738.77173116826
2022-11-03,AAPL,440223.13645862025
2022-11-04,AAPL,431954.37270029844
2022-11-07,AAPL,432865.35134254943
2022-11-08,AAPL,432994.7681422142
2022-11-09,AAPL,419837.9808754927
2022-11-10,AAPL,453741.3085885716
2022-11-11,AAPL,462480.0831353418
2022-11-14,AAPL,455013.18405637215
2022-11-15,AAPL,460482.5284856801
2022-11-16,AAPL,457362.3628156584
2022-11-17,AAPL,464653.8710069484
2022-11-18,AAPL,467640.20407483313
2022-11-21,AAPL,459786.2113400248
2022-11-22,AAPL,464592.19993777527
2022-11-23,AAPL,467209.1940667758
2022-11-25,AAPL,457536.59696018224
2022-11-28,AAPL,448046.5541020271
2022-11-29,AAPL,442645.69449873606
2022-11-30,AAPL,461763.6649377307
2022-12-01,AAPL,460069.7377689076
2022-12-02,AAPL,459716.87714073743
2022-12-05,AAPL,458212.0340706613
2022-12-06,AAPL,450449.41700614226
2022-12-07,AAPL,443940.4162304439
2022-12-08,AAPL,447419.25205409905
2022-12-09,AAPL,447459.00835436047
2022-12-12,AAPL,455732.83315728005
2022-12-13,AAPL,455086.8378583969
2022-12-14,AAPL,448480.67535029614
2022-12-15,AAPL,429954.6641151056
2022-12-16,AAPL,425154.6258229184
2022-12-19,AAPL,417348.822116366
2022-12-20,AAPL,416150.11710557994
2022-12-21,AAPL,425782.41356219177
2022-12-22,AAPL,416995.1496562854
2022-12-23,AAPL,414218.1659825536
2022-12-27,AAPL,408469.87751662027
2022-12-28,AAPL,394829.94937078335
2022-12-29,AAPL,405771.690811236
2022-12-30,AAPL,406386.7989561625
2023-01-03,AAPL,394479.64390142955
2023-01-04,AAPL,394166.07734552555
2023-01-05,AAPL,391608.7247059221
2023-01-06,AAPL,403678.24614274263
2023-01-09,AAPL,402023.8781820409
2023-01-10,AAPL,405177.6175595958
2023-01-11,AAPL,413853.65345476713
2023-01-12,AAPL,412159.94449509925
2023-01-13,AAPL,417196.664637869
2023-01-17,AAPL,420349.44671074336
2023-01-18,AAPL,419623.6666364772
2023-01-19,AAPL,420840.56747519807
2023-01-20,AAPL,427305.7551374179
2023-01-23,AAPL,436067.6598546305
2023-01-24,AAPL,440062.22245789855
2023-01-25,AAPL,438748.3757495954
2023-01-26,AAPL,443784.1855143847
2023-01-27,AAPL,448684.1307509258
2023-01-30,AAPL,441058.6241185406
2023-01-31,AAPL,444835.4468336913
2023-02-01,AAPL,447369.75611724734
2023-02-02,AAPL,463640.48188089725
2023-02-03,AAPL,477772.19480399427
2023-02-06,AAPL,470997.30734595255
2023-02-07,AAPL,479811.7465038436
2023-02-08,AAPL,471127.8644644279
2023-02-09,AAPL,467803.309552446
2023-02-10,AAPL,466686.15141462884
2023-02-13,AAPL,474785.42062512937
2023-02-14,AAPL,472846.36714605417
2023-02-15,AAPL,481796.0631314281
2023-02-16,AAPL,477763.0980631943
2023-02-17,AAPL,475849.3333827628
2023-02-21,AAPL,464149.2306602165
2023-02-22,AAPL,466392.4888185406
2023-02-23,AAPL,468165.8722758464
2023-02-24,AAPL,462215.214762389
2023-02-27,AAPL,464355.0793225474
2023-02-28,AAPL,463977.36162137386
2023-03-01,AAPL,457468.4124650455
2023-03-02,AAPL,459420.2652015526
2023-03-03,AAPL,475411.758329372
2023-03-06,AAPL,484403.32935551344
2023-03-07,AAPL,480954.94192116975
2023-03-08,AAPL,487385.46952275076
2023-03-09,AAPL,480288.62970751064
2023-03-10,AAPL,474207.17340307264
2023-03-13,AAPL,477815.5433431426
2023-03-14,AAPL,482681.29074704024
2023-03-15,AAPL,487522.6761546197
2023-03-16,AAPL,495407.11023973447
2023-03-17,AAPL,492346.2364551946
2023-03-20,AAPL,497786.3385113819
2023-03-21,AAPL,504910.2996129017
2023-03-22,AAPL,500530.60019718605
2023-03-23,AAPL,502511.0922987185
2023-03-24,AAPL,510100.50525977917
2023-03-27,AAPL,500864.0707129058
2023-03-28,AAPL,496828.6396465857
2023-03-29,AAPL,504800.6061052576
2023-03-30,AAPL,508177.4115513826
2023-03-31,AAPL,516131.5270933649
2023-04-03,AAPL,516452.75677938305
2023-04-04,AAPL,515120.12531305983
2023-04-05,AAPL,509677.6792682063
2023-04-06,AAPL,513284.40912011033
2023-04-10,AAPL,506920.59251528524
2023-04-11,AAPL,501437.4657141798
2023-04-12,AAPL,497918.42778661306
2023-04-13,AAPL,511529.65556271456
2023-04-14,AAPL,510566.0298557051
2023-04-17,AAPL,512001.3299026787
2023-04-18,AAPL,515422.45761697774
2023-04-19,AAPL,521258.16583238816
2023-04-20,AAPL,519138.967790921
2023-04-21,AAPL,516732.0339955786
2023-04-24,AAPL,517821.9957643961
2023-04-25,AAPL,515996.8169619373
2023-04-26,AAPL,516040.6019193959
2023-04-27,AAPL,530191.9489737835
2023-04-28,AAPL,532853.1410152029
2023-05-01,AAPL,531320.820015927
2023-05-02,AAPL,530834.6406329849
2023-05-03,AAPL,527322.3038381818
2023-05-04,AAPL,520181.62979244796
2023-05-05,AAPL,539009.194348336
2023-05-08,AAPL,535862.508053795
2023-05-09,AAPL,531956.7096499597
2023-05-10,AAPL,536874.6489296255
2023-05-11,AAPL,541579.2406602963
2023-05-12,AAPL,540926.0960786642
2023-05-15,AAPL,537481.1741811174
2023-05-16,AAPL,536245.7677982415
2023-05-17,AAPL,538457.9604811489
2023-05-18,AAPL,547321.3535725062
2023-05-19,AAPL,547785.1512658712
2023-05-22,AAPL,544781.6453721124
2023-05-23,AAPL,536571.239657942
2023-05-24,AAPL,540540.5064235614
2023-05-25,AAPL,546003.684684486
2023-05-26,AAPL,553497.12550499
2023-05-30,AAPL,558377.5140392955
2023-05-31,AAPL,558423.2441084702
2023-06-01,AAPL,562325.9899304687
2023-06-02,AAPL,563041.9505927546
2023-06-05,AAPL,558735.2972782983
2023-06-06,AAPL,556959.0630239659
2023-06-07,AAPL,550871.5109411947
2023-06-08,AAPL,558633.3842175184
2023-06-09,AAPL,559133.8457416132
2023-06-12,AAPL,568940.7799123691
2023-06-13,AAPL,565076.7791202464
2023-06-14,AAPL,566493.53373537
2023-06-15,AAPL,570900.8377823756
2023-06-16,AAPL,565242.4585273557
2023-06-20,AAPL,567360.5608303774
2023-06-21,AAPL,561667.7115678539
2023-06-22,AAPL,569954.2042334453
2023-06-23,AAPL,570667.7458243449
2023-06-26,AAPL,564300.2736295878
2023-06-27,AAPL,573840.43420337
2023-06-28,AAPL,580932.2434763676
2023-06-29,AAPL,582017.9466471577
2023-06-30,AAPL,594788.9119716113
2023-07-03,AAPL,590160.1561345163
2023-07-05,AAPL,588161.7802676043
2023-07-06,AAPL,592966.612122199
2023-07-07,AAPL,587045.6451318476
2023-07-10,AAPL,580277.3016021246
2023-07-11,AAPL,577604.856538039
2023-07-12,AAPL,579633.0050497822
2023-07-13,AAPL,579336.9163433027
2023-07-14,AAPL,582218.7553819059
2023-07-17,AAPL,592469.8413830613
2023-07-18,AAPL,591812.3537353419
2023-07-19,AAPL,595099.0153370535
2023-07-20,AAPL,589130.3637804714
2023-07-21,AAPL,587324.8941920232
2023-07-24,AAPL,588019.2122602573
2023-07-25,AAPL,591215.241979875
2023-07-26,AAPL,595518.9131025447
2023-07-27,AAPL,590744.8158901315
2023-07-28,AAPL,600135.9067622783
2023-07-31,AAPL,599533.5486017487
2023-08-01,AAPL,602113.2993552742
2023-08-02,AAPL,594770.1483306062
2023-08-03,AAPL,591120.0840175637
2023-08-04,AAPL,562910.5323693338
2023-08-07,AAPL,553196.588147348
2023-08-08,AAPL,560338.5784870175
2023-08-09,AAPL,554290.0060676223
2023-08-10,AAPL,552699.35283388
2023-08-11,AAPL,554286.8784030657
2023-08-14,AAPL,560243.5824218213
2023-08-15,AAPL,554832.0634186195
2023-08-16,AAPL,553554.1461381908
2023-08-17,AAPL,545739.9566303438
2023-08-18,AAPL,548408.8540359074
2023-08-21,AAPL,552280.4475680942
2023-08-22,AAPL,556899.4966172888
2023-08-23,AAPL,569239.4167386601
2023-08-24,AAPL,554883.5842425773
2023-08-25,AAPL,563596.8118938537
2023-08-28,AAPL,568159.1054457028
2023-08-29,AAPL,580427.6430173306
2023-08-30,AAPL,589024.9054075044
2023-08-31,AAPL,589549.292509607
2023-09-01,AAPL,596689.950130996
2023-09-05,AAPL,599516.0472889742
2023-09-06,AAPL,579194.3577212958
2023-09-07,AAPL,563080.0480341702
2023-09-08,AAPL,563311.2300755098
2023-09-11,AAPL,564919.2978076315
2023-09-12,AAPL,554427.7077761766
2023-09-13,AAPL,547490.8387349875
2023-09-14,AAPL,550827.8479931562
2023-09-15,AAPL,548984.7948106579
2023-09-18,AAPL,556826.3167749344
2023-09-19,AAPL,557567.7680206741
2023-09-20,AAPL,546303.4500979126
2023-09-21,AAPL,543988.1923037397
2023-09-22,AAPL,545786.0104937487
2023-09-25,AAPL,550093.4005573954
2023-09-26,AAPL,538741.4423296667
2023-09-27,AAPL,534186.0634270663
2023-09-28,AAPL,534123.8104668128
2023-09-29,AAPL,536832.6636111129
2023-10-02,AAPL,544788.6538747611
2023-10-03,AAPL,548196.6608837331
2023-10-04,AAPL,553487.4562584498
2023-10-05,AAPL,557070.603097256
2023-10-06,AAPL,563229.1341601505
2023-10-09,AAPL,567983.8694161333
2023-10-10,AAPL,562280.2903636491
2023-10-11,AAPL,567222.8145414582
2023-10-12,AAPL,572358.4772848963
2023-10-13,AAPL,566628.3119105126
2023-10-16,AAPL,564486.8096085234
2023-10-17,AAPL,560674.5924298787
2023-10-18,AAPL,558071.1741951954
2023-10-19,AAPL,558091.0359209811
2023-10-20,AAPL,549080.0536653742
2023-10-23,AAPL,549382.193569822
2023-10-24,AAPL,552311.4895801609
2023-10-25,AAPL,546883.3069057801
2023-10-26,AAPL,535092.1030341397
2023-10-27,AAPL,540599.6317192583
2023-10-30,AAPL,546310.4891029164
2023-10-31,AAPL,549347.4044607583
2023-11-01,AAPL,559806.3499333407
2023-11-02,AAPL,567394.9792185109
2023-11-03,AAPL,560564.4273088992
2023-11-06,AAPL,568460.2129627501
2023-11-07,AAPL,580223.3429361004
2023-11-08,AAPL,585195.5857930355
2023-11-09,AAPL,582990.7465240221
2023-11-10,AAPL,598164.4996698707
2023-11-13,AAPL,593035.0218654958
2023-11-14,AAPL,597412.6025407055
2023-11-15,AAPL,597045.8938433578
2023-11-16,AAPL,605750.0810658744
2023-11-17,AAPL,604452.1612795597
2023-11-20,AAPL,610241.8297095754
2023-11-21,AAPL,606416.1328363484
2023-11-22,AAPL,609660.8912412722
2023-11-24,AAPL,600979.8271501932
2023-11-27,AAPL,600936.5466547599
2023-11-28,AAPL,600481.2802354594
2023-11-29,AAPL,597633.1486454844
2023-11-30,AAPL,599107.3720437939
2023-12-01,AAPL,599842.9856080504
2023-12-04,AAPL,595668.9565332056
2023-12-05,AAPL,609916.0692506698
2023-12-06,AAPL,606226.300256736
2023-12-07,AAPL,613404.4218090901
2023-12-08,AAPL,617547.9626069284
2023-12-11,AAPL,608757.2214325502
2023-12-12,AAPL,614892.209370042
2023-12-13,AAPL,623406.8784218363
2023-12-14,AAPL,617348.1932985857
2023-12-15,AAPL,613782.639279619
2023-12-18,AAPL,608975.1537201377
2023-12-19,AAPL,610272.1373187867
2023-12-20,AAPL,603143.4178498844
2023-12-21,AAPL,601779.432308939
2023-12-22,AAPL,596051.709469292
2023-12-26,AAPL,594362.5617848665
2023-12-27,AAPL,592296.3791827528
2023-12-28,AAPL,593921.6478967688
2023-12-29,AAPL,591329.8064789817
2024-01-02,AAPL,574045.4053364105
2024-01-03,AAPL,571460.8563278074
2024-01-04,AAPL,564115.4363971932
2024-01-05,AAPL,561558.6797266802
2024-01-08,AAPL,576211.6685116681
2024-01-09,AAPL,575729.6186783283
2024-01-10,AAPL,578601.8541677714
2024-01-11,AAPL,577897.2732302417
2024-01-12,AAPL,577976.2438273792
2024-01-16,AAPL,574952.3553214644
2024-01-17,AAPL,573629.8975637065
2024-01-18,AAPL,591569.3485119309
2024-01-19,AAPL,598848.9912871197
2024-01-22,AAPL,605772.6035355515
2024-01-23,AAPL,610888.4233238839
2024-01-24,AAPL,609031.1372732678
2024-01-25,AAPL,608537.6584421368
2024-01-26,AAPL,600956.0986643254
2024-01-29,AAPL,598486.0132624239
2024-01-30,AAPL,585872.9938249156
2024-01-31,AAPL,573677.192638327
2024-02-01,AAPL,581641.3739574647
2024-02-02,AAPL,580657.4266430094
2024-02-05,AAPL,589555.9232523206
2024-02-06,AAPL,593720.5106751204
2024-02-07,AAPL,592438.4708840944
2024-02-08,AAPL,588937.9056519925
2024-02-09,AAPL,590950.4838846674
2024-02-12,AAPL,585284.7957961186
2024-02-13,AAPL,583243.4421109882
2024-02-14,AAPL,580181.1652181176
2024-02-15,AAPL,576835.1014531791
2024-02-16,AAPL,571590.7494334775
2024-02-20,AAPL,570669.0480402707
2024-02-21,AAPL,572809.3818674294
2024-02-22,AAPL,578476.754624509
2024-02-23,AAPL,572670.0447633793
2024-02-26,AAPL,569292.997644749
2024-02-27,AAPL,574164.8666366648
2024-02-28,AAPL,572599.9667758964
2024-02-29,AAPL,570307.5200506058
2024-03-01,AAPL,566624.5483891707
2024-03-04,AAPL,552571.414225266
2024-03-05,AAPL,537248.549143752
2024-03-06,AAPL,531966.9748655902
2024-03-07,AAPL,529467.2974866529
2024-03-08,AAPL,534770.0943649011
2024-03-11,AAPL,541901.2634075448
2024-03-12,AAPL,543720.7453086205
2024-03-13,AAPL,536055.2195864537
2024-03-14,AAPL,543527.8648398416
2024-03-15,AAPL,543175.5157127016
2024-03-18,AAPL,546962.9063206981
2024-03-19,AAPL,556028.8022006745
2024-03-20,AAPL,563291.5466711842
2024-03-21,AAPL,538922.5535820792
2024-03-22,AAPL,544505.7328003086
2024-03-25,AAPL,539595.512962797
2024-03-26,AAPL,535560.1053598269
2024-03-27,AAPL,547520.2993172635
2024-03-28,AAPL,540265.255518228
2024-04-01,AAPL,536648.6452496337
2024-04-02,AAPL,532811.9276409056
2024-04-03,AAPL,533988.4081665598
2024-04-04,AAPL,530079.0034458276
2024-04-05,AAPL,536171.3115496463
2024-04-08,AAPL,531974.4080548743
2024-04-09,AAPL,535669.4351855458
2024-04-10,AAPL,533327.2226948784
2024-04-11,AAPL,557264.3470173154
2024-04-12,AAPL,565104.9445256016
2024-04-15,AAPL,552673.2522033259
2024-04-16,AAPL,544322.1485108046
2024-04-17,AAPL,538831.21076048
2024-04-18,AAPL,534588.077427178
2024-04-19,AAPL,527224.8441212343
2024-04-22,AAPL,528861.9547880016
2024-04-23,AAPL,530607.7429993576
2024-04-24,AAPL,538766.0671155049
2024-04-25,AAPL,540751.9323241903
2024-04-26,AAPL,538043.0909115652
2024-04-29,AAPL,550987.086710687
2024-04-30,AAPL,544403.3528188635
2024-05-01,AAPL,541625.322679721
2024-05-02,AAPL,551106.2406410563
2024-05-03,AAPL,582960.5093048607
2024-05-06,AAPL,577186.6622117587
2024-05-07,AAPL,581241.9831598845
2024-05-08,AAPL,583561.0912897944
2024-05-09,AAPL,587604.1596765437
2024-05-10,AAPL,582399.1228461232
2024-05-13,AAPL,592988.4330377108
2024-05-14,AAPL,595816.292293275
2024-05-15,AAPL,601415.9568612232
2024-05-16,AAPL,602020.3070601689
2024-05-17,AAPL,601891.9414185848
2024-05-20,AAPL,605600.7978477539
2024-05-21,AAPL,611276.3992016831
2024-05-22,AAPL,607779.177496958
2024-05-23,AAPL,596196.0724229148
2024-05-24,AAPL,604805.6953058753
2024-05-28,AAPL,603289.519437743
2024-05-29,AAPL,606986.845976716
2024-05-30,AAPL,609195.7655222965
2024-05-31,AAPL,610419.0038118559
2024-06-03,AAPL,615982.5160501046
2024-06-04,AAPL,619081.4239250149
2024-06-05,AAPL,624602.997771451
2024-06-06,AAPL,619721.9241073251
2024-06-07,AAPL,629872.157591121
2024-06-10,AAPL,618939.0225074532
2024-06-11,AAPL,664006.2473515745
2024-06-12,AAPL,679656.571638535
2024-06-13,AAPL,685676.7205557248
2024-06-14,AAPL,680325.0213633801
2024-06-17,AAPL,693307.956938183
2024-06-18,AAPL,684690.4315989382
2024-06-20,AAPL,668738.9951022604
2024-06-21,AAPL,661948.1924539051
2024-06-24,AAPL,662135.0358027258
2024-06-25,AAPL,664896.069091119
2024-06-26,AAPL,680026.9288868096
2024-06-27,AAPL,682436.8472202735
2024-06-28,AAPL,671195.0236111692
2024-07-01,AAPL,690730.1466037036
2024-07-02,AAPL,702460.5240867712
2024-07-03,AAPL,703453.3945132364
2024-07-05,AAPL,718453.9552873017
2024-07-08,AAPL,723202.7777790814
2024-07-09,AAPL,726147.6956878586
2024-07-10,AAPL,738825.3824643369
2024-07-11,AAPL,721879.5691941231
2024-07-12,AAPL,731511.5981685448
2024-07-15,AAPL,745726.2821899565
2024-07-16,AAPL,748269.2330253222
2024-07-17,AAPL,729282.7441607935
2024-07-18,AAPL,714880.9868497308
2024-07-19,AAPL,716917.7792596187
2024-07-22,AAPL,717257.0029887615
2024-07-23,AAPL,721297.7719672095
2024-07-24,AAPL,701884.5809656859
2024-07-25,AAPL,699781.3262705521
2024-07-26,AAPL,701850.5168741375
2024-07-29,AAPL,703867.2715831145
2024-07-30,AAPL,705620.1574578494
2024-07-31,AAPL,714026.9021385905
2024-08-01,AAPL,703952.2394125152
2024-08-02,AAPL,709400.6451482719
2024-08-05,AAPL,675233.3477085457
2024-08-06,AAPL,665560.9547330973
2024-08-07,AAPL,671188.7072773457
2024-08-08,AAPL,682554.0231902367
2024-08-09,AAPL,691377.2399873673
2024-08-12,AAPL,696607.8987960017
2024-08-13,AAPL,707812.3570202108
2024-08-14,AAPL,708631.4391058023
2024-08-15,AAPL,718424.5909047609
2024-08-16,AAPL,722263.6759655052
2024-08-19,AAPL,718800.3893039034
2024-08-20,AAPL,719506.223184324
2024-08-21,AAPL,717310.6073582005
2024-08-22,AAPL,711908.5722410737
2024-08-23,AAPL,715373.0086068261
2024-08-26,AAPL,713900.8757930027
2024-08-27,AAPL,715454.2903439399
2024-08-28,AAPL,711206.2015511153
2024-08-29,AAPL,721724.6665036747
2024-08-30,AAPL,720153.5535478228
2024-09-03,AAPL,703522.5456983936
2024-09-04,AAPL,696276.4883624131
2024-09-05,AAPL,700529.8751796706
2024-09-06,AAPL,697210.7590722217
2024-09-09,AAPL,698317.5252923182
2024-09-10,AAPL,697737.6473674357
2024-09-11,AAPL,705300.8705372122
2024-09-12,AAPL,705755.4565193622
2024-09-13,AAPL,704641.5034751568
2024-09-16,AAPL,685421.8076821824
2024-09-17,AAPL,687062.8484600768
2024-09-18,AAPL,699115.7367280734
2024-09-19,AAPL,723583.2289605314
2024-09-20,AAPL,721576.5494140498
2024-09-23,AAPL,713201.8228207359
2024-09-24,AAPL,713812.8553817652
2024-09-25,AAPL,710355.1670754765
2024-09-26,AAPL,714598.7532514337
2024-09-27,AAPL,716773.479657041
2024-09-30,AAPL,733167.5147103473
2024-10-01,AAPL,712064.4392752078
2024-10-02,AAPL,713173.7559614506
2024-10-03,AAPL,712256.7003115463
2024-10-04,AAPL,717783.6801138255
2024-10-07,AAPL,703263.9373472243
2024-10-08,AAPL,718731.7942001416
2024-10-09,AAPL,732504.3583172649
2024-10-10,AAPL,734321.6557804544
2024-10-11,AAPL,729916.7708048353
2024-10-14,AAPL,741947.2492272346
2024-10-15,AAPL,752524.2622770806
2024-10-16,AAPL,744027.6693901359
2024-10-17,AAPL,746187.5622658652
2024-10-18,AAPL,756062.2327817726
2024-10-21,AAPL,762641.794889964
2024-10-22,AAPL,760095.6108049667
2024-10-23,AAPL,744620.9753902307
2024-10-24,AAPL,744124.3360458531
2024-10-25,AAPL,748290.0309387734
2024-10-28,AAPL,755969.6675196377
2024-10-29,AAPL,757721.438885247
2024-10-30,AAPL,746355.3604134806
2024-10-31,AAPL,732819.4030642196
2024-11-01,AAPL,723917.3329867015
2024-11-04,AAPL,719028.3850223114
2024-11-05,AAPL,721609.9729561427
2024-11-06,AAPL,723455.2575032274
2024-11-07,AAPL,735261.7407083962
2024-11-08,AAPL,736875.833828801
2024-11-11,AAPL,728012.8372680589
2024-11-12,AAPL,729634.9454688283
2024-11-13,AAPL,734421.6401538634
2024-11-14,AAPL,747037.5080420632
2024-11-15,AAPL,739232.6780645364
2024-11-18,AAPL,747184.0085068722
2024-11-19,AAPL,744784.5055544788
2024-11-20,AAPL,747771.2680016687
2024-11-21,AAPL,744445.375678736
2024-11-22,AAPL,749863.5512343365
2024-11-25,AAPL,759701.9591427995
2024-11-26,AAPL,772441.1973253659
2024-11-27,AAPL,769493.1189033418
2024-11-29,AAPL,775917.5953069547
2024-12-02,AAPL,785879.1412226189
2024-12-03,AAPL,795918.2804367751
2024-12-04,AAPL,797659.4534071835
2024-12-05,AAPL,796170.4340203559
2024-12-06,AAPL,801068.502188896
2024-12-09,AAPL,813621.9692977373
2024-12-10,AAPL,819126.3867426441
2024-12-11,AAPL,814147.0978417003
2024-12-12,AAPL,820973.0978614095
2024-12-13,AAPL,824018.8706338813
2024-12-16,AAPL,834154.1345003692
2024-12-17,AAPL,846163.2753522671
2024-12-18,AAPL,830241.5199933553
2024-12-19,AAPL,837640.7930049185
2024-12-20,AAPL,853099.7337848309
2024-12-23,AAPL,857502.3310838238
2024-12-24,AAPL,866802.2316461464
2024-12-26,AAPL,869556.589611461
2024-12-27,AAPL,859828.9193297179
2024-12-30,AAPL,846249.0245112232
2024-12-31,AAPL,840858.4090065478
2025-01-02,AAPL,820448.931314797
2025-01-03,AAPL,820167.7911086105
2025-01-06,AAPL,820316.9171222859
2025-01-07,AAPL,810522.6461215318
2025-01-08,AAPL,814996.4077611131
2025-01-10,AAPL,797117.9474449116
2025-01-13,AAPL,788273.1115170792
2025-01-14,AAPL,782328.8172641452
2025-01-15,AAPL,795667.78571204
2025-01-16,AAPL,766398.3616950487
2025-01-17,AAPL,774693.5451854849
2025-01-21,AAPL,746384.034973531
2025-01-22,AAPL,750531.6959356316
2025-01-23,AAPL,750062.9333974039
2025-01-24,AAPL,745296.3069156347
2025-01-27,AAPL,771393.9505852464
2025-01-28,AAPL,800305.3543833996
2025-01-29,AAPL,806290.2566562005
2025-01-30,AAPL,799164.937026715
2025-01-31,AAPL,797669.6740424491
2025-02-03,AAPL,777000.9239867235
2025-02-04,AAPL,779301.2027782483
2025-02-05,AAPL,775491.48913905
2025-02-06,AAPL,779459.7305562738
2025-02-07,AAPL,759500.922813556
2025-02-10,AAPL,761732.9256028791
2025-02-11,AAPL,777491.9532441131
2025-02-12,AAPL,791200.3333672769
2025-02-13,AAPL,803610.0921499608
2025-02-14,AAPL,809479.3506095544
2025-02-18,AAPL,810589.2773428976
2025-02-19,AAPL,813630.8360977072
2025-02-20,AAPL,814814.4846767901
2025-02-21,AAPL,814972.2897836351
2025-02-24,AAPL,821395.168333112
2025-02-25,AAPL,824532.7461551782
2025-02-26,AAPL,805160.4494263916
2025-02-27,AAPL,799510.3527339261
2025-02-28,AAPL,815709.4683533375
2025-03-03,AAPL,802304.082200562
2025-03-04,AAPL,798587.5602949437
2025-03-05,AAPL,791388.0401673783
2025-03-06,AAPL,786665.5412079778
2025-03-07,AAPL,802624.3921232596
2025-03-10,AAPL,766901.0146960346
2025-03-11,AAPL,745551.4145349823
2025-03-12,AAPL,729476.2229449977
2025-03-13,AAPL,705816.7357505902
2025-03-14,AAPL,717592.8761515226
2025-03-17,AAPL,715111.7324727603
2025-03-18,AAPL,710582.8319606491
2025-03-19,AAPL,720356.1525361771
2025-03-20,AAPL,717598.0944005655
2025-03-21,AAPL,731622.5422727446
2025-03-24,AAPL,738320.1789972046
2025-03-25,AAPL,747275.5249572615
2025-03-26,AAPL,738410.0412814181
2025-03-27,AAPL,748287.4358922619
2025-03-28,AAPL,728293.2055300301
2025-03-31,AAPL,746013.0887951711
2025-04-01,AAPL,748111.7657907173
2025-04-02,AAPL,748997.0778743895
2025-04-03,AAPL,667833.8869901826
2025-04-04,AAPL,625622.3982077755
2025-04-07,AAPL,603067.7156974035
2025-04-08,AAPL,571811.5817911265
2025-04-09,AAPL,657332.8365360025
2025-04-10,AAPL,623458.7300790292
2025-04-11,AAPL,642979.8126029163
2025-04-14,AAPL,656734.1738530998
2025-04-15,AAPL,658005.8686531052
2025-04-16,AAPL,630390.0664622852
2025-04-17,AAPL,637664.4299837212
2025-04-21,AAPL,623626.8004015049
2025-04-22,AAPL,645199.1803782574
2025-04-23,AAPL,662998.081167236
2025-04-24,AAPL,675267.7872136943
2025-04-25,AAPL,677776.6504941616
2025-04-28,AAPL,679922.7868077784
2025-04-29,AAPL,683235.6640104591
2025-04-30,AAPL,685673.0766974678
2025-05-01,AAPL,689513.5672128778
2025-05-02,AAPL,662029.6830148341
2025-05-05,AAPL,641807.2692273941
2025-05-06,AAPL,639184.4468022503
2025-05-07,AAPL,632504.0626790547
2025-05-08,AAPL,641619.670358703
2025-05-09,AAPL,645927.780747195
2025-05-12,AAPL,690216.6042619769
2025-05-13,AAPL,695781.055034226
2025-05-14,AAPL,693572.7079943856
2025-05-15,AAPL,691734.7252418251
2025-05-16,AAPL,690821.3204891827
2025-05-19,AAPL,682706.743789134
2025-05-20,AAPL,674299.8231332677
2025-05-21,AAPL,654640.0182451011
2025-05-22,AAPL,653310.8499692397
2025-05-23,AAPL,628346.3007447737
2025-05-27,AAPL,645128.9264156495
2025-05-28,AAPL,648198.6740391641
2025-05-29,AAPL,645741.7680009648
2025-05-30,AAPL,646395.5085516871
2025-06-02,AAPL,646723.418253454
2025-06-03,AAPL,652517.4344422269
2025-06-04,AAPL,648892.5017233831
2025-06-05,AAPL,641042.3030122719
2025-06-06,AAPL,653032.9852467149
2025-06-09,AAPL,644838.7622050481
2025-06-10,AAPL,648743.0026424425
2025-06-11,AAPL,635411.5377738818
2025-06-12,AAPL,634278.9079030664
2025-06-13,AAPL,624881.261370926
2025-06-16,AAPL,629290.9047139278
2025-06-17,AAPL,622532.1224993349
2025-06-18,AAPL,628744.8632860986
2025-06-20,AAPL,645465.9469362262
2025-06-23,AAPL,648345.9042141584
2025-06-24,AAPL,642467.9830857404
2025-06-25,AAPL,647690.8567548404
2025-06-26,AAPL,641328.344712276
2025-06-27,AAPL,643274.498201065
2025-06-30,AAPL,654779.5923289863
2025-07-01,AAPL,663233.711859738
2025-07-02,AAPL,676934.4218137828
2025-07-03,AAPL,678124.7551012842
2025-07-07,AAPL,670671.3122535469
2025-07-08,AAPL,671895.2051705715
2025-07-09,AAPL,676302.0868772768
2025-07-10,AAPL,679872.6643994814
2025-07-11,AAPL,675921.7882076019
2025-07-14,AAPL,668228.22847484
2025-07-15,AAPL,670630.8684771301
2025-07-16,AAPL,674097.2077205684
2025-07-17,AAPL,675661.0446915814
2025-07-18,AAPL,677764.393240115
2025-07-21,AAPL,680591.2248009488
2025-07-22,AAPL,683834.9367404621
2025-07-23,AAPL,681732.6792377039
2025-07-24,AAPL,681543.8133481122
2025-07-25,AAPL,685626.6849618229
2025-07-28,AAPL,687121.4364450584
2025-07-29,AAPL,680571.351343488
2025-07-30,AAPL,675376.8988302582
2025-07-31,AAPL,672196.2024098737
2025-08-01,AAPL,653164.6427963058
2025-08-04,AAPL,656291.8146226413
2025-08-05,AAPL,654339.9032277592
2025-08-06,AAPL,685702.5232017337
2025-08-07,AAPL,707865.6516734296
2025-08-08,AAPL,737739.6135961667
2025-08-11,AAPL,733398.900882832
2025-08-12,AAPL,740837.1746747863
2025-08-13,AAPL,752268.2161237326
2025-08-14,AAPL,752624.1246410694
2025-08-15,AAPL,748775.7762497403
2025-08-18,AAPL,746670.4450481305
2025-08-19,AAPL,747929.4626001241
2025-08-20,AAPL,733908.3136749566
2025-08-21,AAPL,731936.2425697437
2025-08-22,AAPL,738948.7386806933
2025-08-25,AAPL,735994.1116376808
2025-08-26,AAPL,743067.7626241036
2025-08-27,AAPL,746028.6379572244
2025-08-28,AAPL,749188.3346793475
2025-08-29,AAPL,747071.6378309916
2025-09-02,AAPL,741813.3532740524
2025-09-03,AAPL,770346.9947906671
2025-09-04,AAPL,776545.7537671583
2025-09-05,AAPL,776253.7265665658
2025-09-08,AAPL,769669.502290727
2025-09-09,AAPL,759178.7522472023
2025-09-10,AAPL,735802.1462395524
2025-09-11,AAPL,745775.9282922483
2025-09-12,AAPL,759092.2006416757
2025-09-15,AAPL,765185.5974449351
2025-09-16,AAPL,766749.0449243378
2025-09-17,AAPL,770127.0634256585
2025-09-18,AAPL,768611.0400693014
2025-09-19,AAPL,792712.7996797722
2025-09-22,AAPL,828554.9180824062
2025-09-23,AAPL,824169.1909320722
2025-09-24,AAPL,820906.1710018334
2025-09-25,AAPL,837786.643534932
2025-09-26,AAPL,834026.4868372953
2025-09-29,AAPL,829472.1895951306
2025-09-30,AAPL,830122.1877415259
2025-10-01,AAPL,833933.9544238505
2025-10-02,AAPL,840804.0514635735
2025-10-03,AAPL,843109.0581201259
2025-10-06,AAPL,838881.6241143172
2025-10-07,AAPL,837957.0343827239
2025-10-08,AAPL,843179.5772185889
2025-10-09,AAPL,832901.529481934
2025-10-10,AAPL,804145.7862404346
2025-10-13,AAPL,811983.4836786591
2025-10-14,AAPL,815013.9513079176
2025-10-15,AAPL,820119.8625235397
2025-10-16,AAPL,814075.2389859516
2025-10-17,AAPL,829230.7704941805
2025-10-20,AAPL,861995.7737813958
2025-10-21,AAPL,862879.7038737522
2025-10-22,AAPL,847119.4185969575
2025-10-23,AAPL,850641.3213995607
2025-10-24,AAPL,862548.5233809937
2025-10-27,AAPL,881012.3074656157
2025-10-28,AAPL,879365.0606316428
2025-10-29,AAPL,878938.567318463
2025-10-30,AAPL,888992.1951512519
2025-10-31,AAPL,887578.0308899696
2025-11-03,AAPL,885703.6095548392
2025-11-04,AAPL,891049.1871591656
2025-11-05,AAPL,893277.6845239967
2025-11-06,AAPL,891802.4709723167
2025-11-07,AAPL,884171.1595071383
2025-11-10,AAPL,885477.6316845325
2025-11-11,AAPL,904606.4328058929
2025-11-12,AAPL,897792.7252352553
2025-11-13,AAPL,896919.0533195244
2025-11-14,AAPL,895589.941355703
2025-11-17,AAPL,879944.2205780151
2025-11-18,AAPL,877496.0734083754
2025-11-19,AAPL,883878.0881874703
2025-11-20,AAPL,878771.4589933378
2025-11-21,AAPL,897338.8337682658
2025-11-24,AAPL,912498.950015087
2025-11-25,AAPL,915711.6551375586
2025-11-26,AAPL,914703.2543197201
2025-11-28,AAPL,913755.6775441194
2025-12-01,AAPL,927682.3090564308
2025-12-02,AAPL,938277.0979402465
2025-12-03,AAPL,929124.7091131184
2025-12-04,AAPL,918043.6868806556
2025-12-05,AAPL,905749.445209089
2025-12-08,AAPL,901360.1492832182
2025-12-09,AAPL,899513.1167165576
2025-12-10,AAPL,904115.6968403783
2025-12-11,AAPL,897708.705325195
2025-12-12,AAPL,898190.5017543548
2025-12-15,AAPL,884795.7914258349
2025-12-16,AAPL,884991.8183298506
2025-12-17,AAPL,878232.7803647425
2025-12-18,AAPL,878854.1391461124
2025-12-19,AAPL,884079.8659585741
2025-12-22,AAPL,873263.0246229088
2025-12-23,AAPL,874995.0210771273
2025-12-24,AAPL,877664.7678559615
2025-12-26,AAPL,876349.3326788623
2025-12-29,AAPL,878274.42546468
2025-12-30,AAPL,876542.1216405763
2025-12-31,AAPL,873454.1383014319
2026-01-02,AAPL,872693.2382848668
2026-01-05,AAPL,862558.190281199
2026-01-06,AAPL,848036.7370363817
2026-01-07,AAPL,843550.2770317737
2026-01-08,AAPL,841980.6891936726
2026-01-09,AAPL,844878.3237595045
2026-01-12,AAPL,846463.1393117636
2026-01-13,AAPL,849737.4498060285
2026-01-14,AAPL,845640.9107909355
2026-01-15,AAPL,841281.0261743055
2026-01-16,AAPL,833386.2072104752
2026-01-20,AAPL,799729.4675743541
2026-01-21,AAPL,801937.9436626197
2026-01-22,AAPL,803275.3334963254
2026-01-23,AAPL,798434.210878266
2026-01-26,AAPL,820361.551453015
2026-01-27,AAPL,824585.4096442816
2026-01-28,AAPL,815794.9171814136
2026-01-29,AAPL,818260.1832112223
2026-01-30,AAPL,824917.9345869959
2026-02-02,AAPL,865612.3512013002
2026-02-03,AAPL,862395.5845729413
2026-02-04,AAPL,885867.9257413129
2026-02-05,AAPL,884525.2988878841
2026-02-06,AAPL,889784.9677824741
2026-02-09,AAPL,874770.2633010213
2026-02-10,AAPL,869721.1380850998
2026-02-11,AAPL,877444.1185124425
2026-02-12,AAPL,835491.566568105
2026-02-13,AAPL,817038.1744012036
2026-02-17,AAPL,845512.4419106113
2026-02-18,AAPL,848382.9528438284
2026-02-19,AAPL,837384.3620526303
2026-02-20,AAPL,849803.9684033144
2026-02-23,AAPL,854943.0051764844
2026-02-24,AAPL,875299.1272103062
2026-02-25,AAPL,880541.4097625369
2026-02-26,AAPL,876623.5113091002
2026-02-27,AAPL,845605.8917410417
2026-03-02,AAPL,850191.5219408132
2026-03-03,AAPL,846636.0266599968
2026-03-04,AAPL,841423.1366463271
2026-03-05,AAPL,835163.6897150283
2026-03-06,AAPL,822344.1904510736
2026-03-09,AAPL,827727.5933219552
2026-03-10,AAPL,829942.8573573792
2026-03-11,AAPL,831453.2471633983
2026-03-12,AAPL,817154.3179837662
2026-03-13,AAPL,804944.4599041851
2026-03-16,AAPL,811201.5675394877
2026-03-17,AAPL,817157.3330242429
2026-03-18,AAPL,803778.7349781768
2026-03-19,AAPL,801912.2817967108
2026-03-20,AAPL,798205.9969507031
2026-03-23,AAPL,809412.4472133284
2026-03-24,AAPL,812493.1170262739
2026-03-25,AAPL,818028.2573816873
2026-03-26,AAPL,821454.0331856237
2026-03-27,AAPL,809978.3057865783
2026-03-30,AAPL,805865.0350565913
2026-03-31,AAPL,830034.4981635236
2026-04-01,AAPL,832993.3744192234
2026-04-02,AAPL,835739.7876942238
2026-04-06,AAPL,845219.2626595333
2026-04-07,AAPL,827182.6898666015
2026-04-08,AAPL,841401.3391941654
2026-04-09,AAPL,844735.1034710273
2026-04-10,AAPL,844947.1441114265
2026-04-13,AAPL,840004.4486511624
2026-04-14,AAPL,835465.2078407008
2026-04-15,AAPL,859309.2436682977
2026-04-16,AAPL,847311.7805257011
2026-04-17,AAPL,866809.9018152656
2026-04-20,AAPL,875150.8106822064
2026-04-21,AAPL,852662.5998424202
2026-04-22,AAPL,875663.6115820728
2026-04-23,AAPL,878165.109716971
2026-04-24,AAPL,869917.4700126656
2026-04-27,AAPL,854889.5392408106
2026-04-28,AAPL,868794.2090575101
2026-04-29,AAPL,867314.7416004727
2026-04-30,AAPL,867410.1107329341
2026-05-01,AAPL,892353.5851764187
2026-05-04,AAPL,884083.338534376
2026-05-05,AAPL,907956.3422138985
2026-05-06,AAPL,919135.3825910391
2026-05-07,AAPL,919586.031423057
2026-05-08,AAPL,941907.4483466081
2026-05-11,AAPL,938547.5060101371
2026-05-12,AAPL,948320.0945291446
2026-05-13,AAPL,960921.6990468719
2026-05-14,AAPL,960339.0195979978
2026-05-15,AAPL,968746.1044973143
2026-05-18,AAPL,961034.3395512776
2026-05-19,AAPL,965031.2297188669
2026-05-20,AAPL,975193.0799072541
2026-05-21,AAPL,986323.4877988235
2026-05-22,AAPL,1000593.47728255
2026-05-26,AAPL,999222.8844622411
2026-05-27,AAPL,1008775.375026455
2026-05-28,AAPL,1012549.2765545291
2026-05-29,AAPL,1010285.8352225242
2026-06-01,AAPL,994473.3181822661
2026-06-02,AAPL,1023113.9338042585
2026-06-03,AAPL,1010718.9592784176
2026-06-04,AAPL,1014755.1810596331
2026-06-05,AAPL,1004091.1072495652
2026-06-08,AAPL,986769.5753555988
2026-06-09,AAPL,950805.5320009592
2026-06-10,AAPL,953013.093018574
2026-06-11,AAPL,970620.2700819293
2026-06-12,AAPL,954752.8089149467
2026-06-15,AAPL,972448.9683868901
2026-06-16,AAPL,982683.3531755063
2026-06-17,AAPL,974517.9337423153
2026-06-18,AAPL,988083.7411654622
2026-06-22,AAPL,986928.4785472245
2026-06-23,AAPL,980547.4750385152
2026-06-24,AAPL,978820.7414137045
2026-06-25,AAPL,917001.824979364
2026-06-26,AAPL,944564.8041303005
2026-06-29,AAPL,939096.7548779132
2026-06-30,AAPL,964767.3397676097
2026-07-01,AAPL,981504.7327923311
2026-07-02,AAPL,1026916.2236395129
2026-07-06,AAPL,1043113.0938163281
2026-07-07,AAPL,1034982.7614767457
2026-07-08,AAPL,1042239.6283780772
2026-07-09,AAPL,1051280.36685417
2026-07-10,AAPL,1046586.6503862302
2026-07-13,AAPL,1053117.2585609553
2026-07-14,AAPL,1039223.5930554116
2026-07-15,AAPL,1079559.8791731328
2026-07-16,AAPL,1097686.8140196332
2026-07-17,AAPL,1097388.4728315524
2026-07-20,AAPL,1076943.3308477825
2026-07-21,AAPL,1083888.3510567658
2026-07-22,AAPL,1077234.8535863496
2026-07-23,AAPL,1062875.15667652
2026-07-24,AAPL,1101193.8762533537
2026-07-27,AAPL,1115716.9578546614
2026-07-28,AAPL,1125257.2545158737
2026-07-29,AAPL,1117495.9560916254
2026-07-30,AAPL,1096369.1451316131
2026-07-31,AAPL,1016830.8217381369
2026-08-03,AAPL,998759.5349188615
2026-08-04,AAPL,1021208.9538020717
2026-08-05,AAPL,1023491.506032662
2026-08-06,AAPL,1027545.358175077
2026-08-07,AAPL,1025057.494592871
2026-08-10,AAPL,1008398.687366347
2026-08-11,AAPL,996366.8339916369
2026-08-12,AAPL,987887.3975062213
2026-08-13,AAPL,998298.4097010628
2026-08-14,AAPL,995967.2953749514
2026-08-17,AAPL,994143.3953250684
2026-08-18,AAPL,1010333.4165500148
2026-08-19,AAPL,1027661.3938262296
2026-08-20,AAPL,1006875.8174044561
2026-08-21,AAPL,998754.0961143285
2026-08-24,AAPL,1007921.2926616496
2026-08-25,AAPL,1006274.1232567318
2026-08-26,AAPL,1020522.5006487616
2026-08-27,AAPL,1023094.3606776779
2026-08-28,AAPL,1041771.2389071148
2026-08-31,AAPL,1030848.6975259775
2026-09-01,AAPL,1060075.6739964609
2026-09-02,AAPL,1057005.260013806
2026-09-03,AAPL,1061877.9431839671
2026-09-04,AAPL,1039047.4255308466
2026-09-08,AAPL,1022714.9817713235
2026-09-09,AAPL,1020904.7467764877
2026-09-10,AAPL,1059100.5512479453
2026-09-11,AAPL,1081016.559024638
2026-09-14,AAPL,1087012.3600235197
2026-09-15,AAPL,1081955.7875403042
2026-09-16,AAPL,1087789.5952243637
2026-09-17,AAPL,1106051.995722162
2010-09-17,AMZN,15000.0
2010-09-20,AMZN,15227.3179951106
2010-09-21,AMZN,15220.120942847783
2010-09-22,AMZN,15349.029624863115
2010-09-23,AMZN,15426.709234650792
2010-09-24,AMZN,16148.062969638984
2010-09-27,AMZN,16006.747399650461
2010-09-28,AMZN,16111.805567338904
2010-09-29,AMZN,16030.836771533399
2010-09-30,AMZN,15833.160607559646
2010-10-01,AMZN,15370.558130489319
2010-10-04,AMZN,15567.455070632659
2010-10-05,AMZN,16012.523053669856
2010-10-06,AMZN,15323.536475376137
2010-10-07,AMZN,15551.592579491926
2010-10-08,AMZN,15434.258699701233
2010-10-11,AMZN,15184.213995486507
2010-10-12,AMZN,15486.709469592652
2010-10-13,AMZN,15235.539002306346
2010-10-14,AMZN,15280.021327499815
2010-10-15,AMZN,16291.075994554572
2010-10-18,AMZN,16249.855445495446
2010-10-19,AMZN,15995.46431690002
2010-10-20,AMZN,15913.142647559804
2010-10-21,AMZN,16525.594957625624
2010-10-22,AMZN,16991.985872162913
2010-10-25,AMZN,16871.390216237876
2010-10-26,AMZN,17007.820953420167
2010-10-27,AMZN,16922.697602418335
2010-10-28,AMZN,16662.288046549813
2010-10-29,AMZN,16478.853274893725
2010-11-01,AMZN,16131.801077338945
2010-11-02,AMZN,16273.604151683687
2010-11-03,AMZN,16643.66498857269
2010-11-04,AMZN,16576.65957055239
2010-11-05,AMZN,16742.168278411325
2010-11-08,AMZN,16873.561470579407
2010-11-09,AMZN,16689.815400960913
2010-11-10,AMZN,16996.54178636737
2010-11-11,AMZN,16706.286783084706
2010-11-12,AMZN,16348.570183006657
2010-11-15,AMZN,15656.216104742301
2010-11-16,AMZN,15802.259879631456
2010-11-17,AMZN,15822.143792248746
2010-11-18,AMZN,16350.637671360719
2010-11-19,AMZN,16470.23286653867
2010-11-22,AMZN,16991.80770792028
2010-11-23,AMZN,16868.913537480406
2010-11-24,AMZN,17538.83066826601
2010-11-26,AMZN,17677.85947083262
2010-11-29,AMZN,17969.569155788642
2010-11-30,AMZN,17623.630974212523
2010-12-01,AMZN,17559.437027097934
2010-12-02,AMZN,17360.445188717047
2010-12-03,AMZN,17300.930500282582
2010-12-06,AMZN,17530.84068723104
2010-12-07,AMZN,17465.378054081004
2010-12-08,AMZN,17428.308144520568
2010-12-09,AMZN,17284.23396554447
2010-12-10,AMZN,17351.75429780447
2010-12-13,AMZN,17136.224510439904
2010-12-14,AMZN,17097.224161942813
2010-12-15,AMZN,17247.130772554094
2010-12-16,AMZN,17526.370918374672
2010-12-17,AMZN,17599.298829075884
2010-12-20,AMZN,18262.08547445856
2010-12-21,AMZN,18402.126484865177
2010-12-22,AMZN,18354.288406793996
2010-12-23,AMZN,18043.985031593154
2010-12-27,AMZN,17999.514453492608
2010-12-28,AMZN,17895.75238172309
2010-12-29,AMZN,17955.9229495123
2010-12-30,AMZN,17905.94494268071
2010-12-31,AMZN,17525.48792855679
2011-01-03,AMZN,17936.36403979915
2011-01-04,AMZN,18085.724410589613
2011-01-05,AMZN,18249.76277398463
2011-01-06,AMZN,18110.594964151787
2011-01-07,AMZN,18038.22504036432
2011-01-10,AMZN,17943.185185088503
2011-01-11,AMZN,17870.451101420484
2011-01-12,AMZN,17774.968772311317
2011-01-13,AMZN,17922.245991957156
2011-01-14,AMZN,18299.8171369202
2011-01-18,AMZN,18555.3046608549
2011-01-19,AMZN,18181.572857428146
2011-01-20,AMZN,17814.29020801491
2011-01-21,AMZN,17272.553439483545
2011-01-24,AMZN,17198.016177052185
2011-01-25,AMZN,17273.37769383682
2011-01-26,AMZN,17088.65857335472
2011-01-27,AMZN,17949.728315845394
2011-01-28,AMZN,16736.559041541637
2011-01-31,AMZN,16643.007151369125
2011-02-01,AMZN,16716.85133531816
2011-02-02,AMZN,16788.52426492566
2011-02-03,AMZN,16836.54833863475
2011-02-04,AMZN,17051.717881816414
2011-02-07,AMZN,17074.272300224373
2011-02-08,AMZN,17751.74085390924
2011-02-09,AMZN,18043.33111008723
2011-02-10,AMZN,18146.52344785009
2011-02-11,AMZN,18346.441348722896
2011-02-14,AMZN,18426.311791340308
2011-02-15,AMZN,18295.50595381826
2011-02-16,AMZN,18003.790395315784
2011-02-17,AMZN,18084.3617478108
2011-02-18,AMZN,17946.572263547336
2011-02-22,AMZN,17412.723667912294
2011-02-23,AMZN,17164.19042298671
2011-02-24,AMZN,17125.45634192916
2011-02-25,AMZN,17019.062921345383
2011-02-28,AMZN,16521.02729632825
2011-03-01,AMZN,16160.612780576052
2011-03-02,AMZN,16391.52734396924
2011-03-03,AMZN,16486.890244300375
2011-03-04,AMZN,16324.566956471803
2011-03-07,AMZN,16118.000201005812
2011-03-08,AMZN,15868.390139229155
2011-03-09,AMZN,16029.08841253702
2011-03-10,AMZN,15826.353167212035
2011-03-11,AMZN,16015.138739693557
2011-03-14,AMZN,15928.255282602426
2011-03-15,AMZN,15885.362730650908
2011-03-16,AMZN,15990.67737653479
2011-03-17,AMZN,15576.531657762807
2011-03-18,AMZN,15593.83512563516
2011-03-21,AMZN,15742.242024050214
2011-03-22,AMZN,15548.02929463928
2011-03-23,AMZN,15893.893077960234
2011-03-24,AMZN,16327.31186051763
2011-03-25,AMZN,16366.073351458663
2011-03-28,AMZN,16176.894251364296
2011-03-29,AMZN,16685.431777452628
2011-03-30,AMZN,17061.534535800572
2011-03-31,AMZN,17136.105081661874
2011-04-01,AMZN,16979.16783593749
2011-04-04,AMZN,17333.58154505598
2011-04-05,AMZN,17478.248952224574
2011-04-06,AMZN,17153.71984749663
2011-04-07,AMZN,17364.568418332252
2011-04-08,AMZN,17296.965856421808
2011-04-11,AMZN,17199.993604360523
2011-04-12,AMZN,17005.0917121649
2011-04-13,AMZN,17202.399800560466
2011-04-14,AMZN,17133.12915145527
2011-04-15,AMZN,16943.186490321048
2011-04-18,AMZN,16918.68205448824
2011-04-19,AMZN,16754.15618673701
2011-04-20,AMZN,17142.70694788337
2011-04-21,AMZN,17321.940175971453
2011-04-25,AMZN,17318.075382400508
2011-04-26,AMZN,16965.9934712268
2011-04-27,AMZN,18380.478550460943
2011-04-28,AMZN,18162.090303818983
2011-04-29,AMZN,18183.066696077905
2011-05-02,AMZN,18694.47442853656
2011-05-03,AMZN,18435.98943805823
2011-05-04,AMZN,18753.378268139146
2011-05-05,AMZN,18656.895478282888
2011-05-06,AMZN,18602.68851799981
2011-05-09,AMZN,18990.436561129914
2011-05-10,AMZN,19185.581226579234
2011-05-11,AMZN,19170.954138044006
2011-05-12,AMZN,19482.788551022193
2011-05-13,AMZN,19252.06585681338
2011-05-16,AMZN,18285.569871056075
2011-05-17,AMZN,18637.528437754114
2011-05-18,AMZN,18759.187205588485
2011-05-19,AMZN,18880.082412383003
2011-05-20,AMZN,18931.006060194715
2011-05-23,AMZN,18699.42974390032
2011-05-24,AMZN,18492.08768030156
2011-05-25,AMZN,18378.510912396705
2011-05-26,AMZN,18724.425599786988
2011-05-27,AMZN,18568.670894749965
2011-05-31,AMZN,18653.72572104309
2011-06-01,AMZN,18295.838788117686
2011-06-02,AMZN,18564.463477635494
2011-06-03,AMZN,18011.097087112525
2011-06-06,AMZN,17786.827462614878
2011-06-07,AMZN,17891.55475385272
2011-06-08,AMZN,18003.682713630675
2011-06-09,AMZN,18070.609817698172
2011-06-10,AMZN,17836.247482532726
2011-06-13,AMZN,17833.35965552303
2011-06-14,AMZN,18011.745135071993
2011-06-15,AMZN,17805.503382510145
2011-06-16,AMZN,17695.69351573523
2011-06-17,AMZN,17873.8558005187
2011-06-20,AMZN,17981.27709173305
2011-06-21,AMZN,18488.8728925389
2011-06-22,AMZN,18245.12854582737
2011-06-23,AMZN,18624.759347749194
2011-06-24,AMZN,18564.56724362296
2011-06-27,AMZN,19427.01139598537
2011-06-28,AMZN,19453.963142843346
2011-06-29,AMZN,19398.041106993827
2011-06-30,AMZN,19303.38107438912
2011-07-01,AMZN,19775.369478703175
2011-07-05,AMZN,20051.598453038387
2011-07-06,AMZN,20248.39358504308
2011-07-07,AMZN,20338.814874952197
2011-07-08,AMZN,20570.937431067407
2011-07-11,AMZN,20112.084234487636
2011-07-12,AMZN,19991.31628786643
2011-07-13,AMZN,20026.41464366499
2011-07-14,AMZN,19739.93633075637
2011-07-15,AMZN,19871.46461449304
2011-07-18,AMZN,19909.961795843356
2011-07-19,AMZN,20291.912648617043
2011-07-20,AMZN,20001.367883709
2011-07-21,AMZN,19725.794788728534
2011-07-22,AMZN,20140.126503138432
2011-07-25,AMZN,19747.519079236754
2011-07-26,AMZN,19811.342992924336
2011-07-27,AMZN,20637.238023512462
2011-07-28,AMZN,20787.142676274918
2011-07-29,AMZN,20776.650564447817
2011-08-01,AMZN,20664.60679216913
2011-08-02,AMZN,19853.42891116196
2011-08-03,AMZN,19801.23853516362
2011-08-04,AMZN,19263.81490758301
2011-08-05,AMZN,19531.26488780874
2011-08-08,AMZN,18753.18639895477
2011-08-09,AMZN,19861.939679983083
2011-08-10,AMZN,18832.825815411405
2011-08-11,AMZN,19208.231579579377
2011-08-12,AMZN,19564.015782871957
2011-08-15,AMZN,19545.420134778313
2011-08-16,AMZN,18997.247917175162
2011-08-17,AMZN,18834.824779056762
2011-08-18,AMZN,17690.442565199628
2011-08-19,AMZN,17251.40475652845
2011-08-22,AMZN,17207.764306327637
2011-08-23,AMZN,18714.033338249712
2011-08-24,AMZN,18737.126165083202
2011-08-25,AMZN,18503.151483984144
2011-08-26,AMZN,19220.274307672025
2011-08-29,AMZN,19772.935872619746
2011-08-30,AMZN,20220.071344011005
2011-08-31,AMZN,20614.292035340477
2011-09-01,AMZN,20290.068355028474
2011-09-02,AMZN,20177.10047810668
2011-09-06,AMZN,20971.926405768085
2011-09-07,AMZN,21274.68618946495
2011-09-08,AMZN,20968.231945044492
2011-09-09,AMZN,20633.471122382518
2011-09-12,AMZN,21108.42958335672
2011-09-13,AMZN,21279.721776630337
2011-09-14,AMZN,21598.36558780495
2011-09-15,AMZN,21909.226949919535
2011-09-16,AMZN,22989.943835843515
2011-09-19,AMZN,23418.2957056544
2011-09-20,AMZN,22659.877934652228
2011-09-21,AMZN,22666.542452035967
2011-09-22,AMZN,22571.47714472549
2011-09-23,AMZN,22507.018888020182
2011-09-26,AMZN,23263.347634331272
2011-09-27,AMZN,22367.680745339996
2011-09-28,AMZN,22992.827747155574
2011-09-29,AMZN,22511.19693740235
2011-09-30,AMZN,21990.68912362771
2011-10-03,AMZN,21664.294188974178
2011-10-04,AMZN,22058.593194256457
2011-10-05,AMZN,22452.17366902174
2011-10-06,AMZN,22616.57227659966
2011-10-07,AMZN,22721.95936288989
2011-10-10,AMZN,23387.2187713324
2011-10-11,AMZN,23713.296534477067
2011-10-12,AMZN,23562.091870098036
2011-10-13,AMZN,23667.490703481188
2011-10-14,AMZN,24506.06476302851
2011-10-17,AMZN,24082.854204219293
2011-10-18,AMZN,24263.15445991435
2011-10-19,AMZN,22973.280584535347
2011-10-20,AMZN,23367.189977902417
2011-10-21,AMZN,23192.334499776152
2011-10-24,AMZN,23350.937874846473
2011-10-25,AMZN,22556.470233519158
2011-10-26,AMZN,19618.02108472656
2011-10-27,AMZN,20124.794589027955
2011-10-28,AMZN,21182.506751315348
2011-10-31,AMZN,20765.157991873624
2011-11-01,AMZN,21174.093874935228
2011-11-02,AMZN,21373.524271451824
2011-11-03,AMZN,21640.326203718087
2011-11-04,AMZN,21573.207230466218
2011-11-07,AMZN,21608.033445278776
2011-11-08,AMZN,21638.327240072726
2011-11-09,AMZN,21034.550158128925
2011-11-10,AMZN,21026.806866045292
2011-11-11,AMZN,21685.1726887921
2011-11-14,AMZN,21813.07503651388
2011-11-15,AMZN,21825.021830014342
2011-11-16,AMZN,21179.714858897838
2011-11-17,AMZN,20473.43655982468
2011-11-18,AMZN,19804.136151417417
2011-11-21,AMZN,19239.400532795924
2011-11-22,AMZN,19521.526547777383
2011-11-23,AMZN,19388.72566230763
2011-11-25,AMZN,18725.148046001617
2011-11-28,AMZN,19627.30716168046
2011-11-29,AMZN,18987.838495745593
2011-11-30,AMZN,19194.565794814833
2011-12-01,AMZN,19633.313841860636
2011-12-02,AMZN,19506.488310989927
2011-12-05,AMZN,19481.279049581866
2011-12-06,AMZN,19014.26358127096
2011-12-07,AMZN,19321.115269001904
2011-12-08,AMZN,19006.4302281416
2011-12-09,AMZN,19275.99076939543
2011-12-12,AMZN,19062.771243638625
2011-12-13,AMZN,18172.408167101094
2011-12-14,AMZN,18357.428796301494
2011-12-15,AMZN,18341.955917075968
2011-12-16,AMZN,18432.449647391426
2011-12-19,AMZN,18194.056101505324
2011-12-20,AMZN,18376.547190030113
2011-12-21,AMZN,17555.677957363274
2011-12-22,AMZN,17900.733149121515
2011-12-23,AMZN,17715.342486494104
2011-12-27,AMZN,17614.415379816146
2011-12-28,AMZN,17420.842866969397
2011-12-29,AMZN,17376.99096909601
2011-12-30,AMZN,17233.249624419335
2012-01-03,AMZN,17683.413887935345
2012-01-04,AMZN,17611.474690888303
2012-01-05,AMZN,17729.19426689656
2012-01-06,AMZN,18290.865852114544
2012-01-09,AMZN,17955.122189344867
2012-01-10,AMZN,17843.949659791135
2012-01-11,AMZN,17849.2064838732
2012-01-12,AMZN,17563.217633169614
2012-01-13,AMZN,17893.884593948682
2012-01-17,AMZN,18017.879075425477
2012-01-18,AMZN,18804.37044065956
2012-01-19,AMZN,19216.019902185875
2012-01-20,AMZN,18957.87949309989
2012-01-23,AMZN,18362.538781722043
2012-01-24,AMZN,18483.453567004766
2012-01-25,AMZN,18604.810826120836
2012-01-26,AMZN,18898.073085191227
2012-01-27,AMZN,19150.10892165603
2012-01-30,AMZN,18870.224643573623
2012-01-31,AMZN,19133.18331860596
2012-02-01,AMZN,17516.830321074154
2012-02-02,AMZN,17762.33085817735
2012-02-03,AMZN,18271.4048348424
2012-02-06,AMZN,17845.553137974824
2012-02-07,AMZN,17937.0492868862
2012-02-08,AMZN,18102.61868805856
2012-02-09,AMZN,18001.30588516303
2012-02-10,AMZN,18192.023854430026
2012-02-13,AMZN,18747.710295804853
2012-02-14,AMZN,18709.97080194793
2012-02-15,AMZN,17995.015316903937
2012-02-16,AMZN,17546.853932730926
2012-02-17,AMZN,17811.77437228104
2012-02-21,AMZN,17761.588833474518
2012-02-22,AMZN,17677.416996999273
2012-02-23,AMZN,17485.710314078107
2012-02-24,AMZN,17514.42999842067
2012-02-27,AMZN,17447.02713708988
2012-02-28,AMZN,17913.463082150032
2012-02-29,AMZN,17354.583389349566
2012-03-01,AMZN,17358.42468873467
2012-03-02,AMZN,17355.53098817851
2012-03-05,AMZN,17533.156822385263
2012-03-06,AMZN,17753.93364458779
2012-03-07,AMZN,17977.1010001997
2012-03-08,AMZN,18223.42579165617
2012-03-09,AMZN,17854.077611737695
2012-03-12,AMZN,17835.803050850554
2012-03-13,AMZN,17898.301500886904
2012-03-14,AMZN,17690.221328282954
2012-03-15,AMZN,17926.116659074563
2012-03-16,AMZN,17959.20626198367
2012-03-19,AMZN,17943.073587705756
2012-03-20,AMZN,18701.507021498484
2012-03-21,AMZN,18639.411888319082
2012-03-22,AMZN,18840.15600139399
2012-03-23,AMZN,19058.573615768255
2012-03-26,AMZN,19704.536466239508
2012-03-27,AMZN,19966.224497387575
2012-03-28,AMZN,19660.535771855793
2012-03-29,AMZN,20027.76947504852
2012-03-30,AMZN,19806.35635197945
2012-04-02,AMZN,19226.680389011508
2012-04-03,AMZN,19369.297928465425
2012-04-04,AMZN,18917.992239087278
2012-04-05,AMZN,18929.232249163673
2012-04-09,AMZN,18730.03092095903
2012-04-10,AMZN,18355.17922800716
2012-04-11,AMZN,18472.6051266924
2012-04-12,AMZN,18573.773048775234
2012-04-13,AMZN,18410.067519679644
2012-04-16,AMZN,18202.629521488696
2012-04-17,AMZN,18216.964890549727
2012-04-18,AMZN,18521.007065223774
2012-04-19,AMZN,18570.681605488244
2012-04-20,AMZN,18432.087445359706
2012-04-23,AMZN,18309.338155732516
2012-04-24,AMZN,18413.87553563481
2012-04-25,AMZN,18742.958596718385
2012-04-26,AMZN,18880.883172550435
2012-04-27,AMZN,21778.307557165925
2012-04-30,AMZN,22437.92248745998
2012-05-01,AMZN,22156.618768982975
2012-05-02,AMZN,22294.051924761177
2012-05-03,AMZN,22164.929837224452
2012-05-04,AMZN,21830.44898694376
2012-05-07,AMZN,21898.19251396925
2012-05-08,AMZN,21911.543085073754
2012-05-09,AMZN,21860.799559353494
2012-05-10,AMZN,22228.963240735786
2012-05-11,AMZN,22216.82849374859
2012-05-14,AMZN,21864.625195948036
2012-05-15,AMZN,22029.787364565807
2012-05-16,AMZN,22157.505674498498
2012-05-17,AMZN,21726.35603872364
2012-05-18,AMZN,21373.91779906467
2012-05-21,AMZN,21799.699013374717
2012-05-22,AMZN,21481.79135335647
2012-05-23,AMZN,21854.996495450614
2012-05-24,AMZN,21649.804149856358
2012-05-25,AMZN,21434.270446794155
2012-05-29,AMZN,21554.268958829052
2012-05-30,AMZN,21067.8218409783
2012-05-31,AMZN,21569.675271194694
2012-06-01,AMZN,21157.72430095008
2012-06-04,AMZN,21882.78032805715
2012-06-05,AMZN,21735.73413457209
2012-06-06,AMZN,21938.077810133043
2012-06-07,AMZN,21941.4864249289
2012-06-08,AMZN,22097.607247695283
2012-06-11,AMZN,21793.49459046371
2012-06-12,AMZN,21753.664114066883
2012-06-13,AMZN,21587.994862604697
2012-06-14,AMZN,21511.562402515447
2012-06-15,AMZN,21896.359967473607
2012-06-18,AMZN,22376.524348460545
2012-06-19,AMZN,22321.213161442913
2012-06-20,AMZN,22255.511670736818
2012-06-21,AMZN,22134.097634004964
2012-06-22,AMZN,22313.22709610558
2012-06-25,AMZN,22195.948036081852
2012-06-26,AMZN,22670.77923688274
2012-06-27,AMZN,22654.11598557457
2012-06-28,AMZN,22386.00621029646
2012-06-29,AMZN,22780.694827493942
2012-07-02,AMZN,22877.465421126755
2012-07-03,AMZN,22745.623881578864
2012-07-05,AMZN,22518.636762918864
2012-07-06,AMZN,22469.105145618272
2012-07-09,AMZN,22497.744558159207
2012-07-10,AMZN,21923.58385531758
2012-07-11,AMZN,21793.6198927882
2012-07-12,AMZN,21533.272988081924
2012-07-13,AMZN,21701.54813632371
2012-07-16,AMZN,21477.73469060115
2012-07-17,AMZN,21535.232794750875
2012-07-18,AMZN,21527.101848600858
2012-07-19,AMZN,22310.81306851035
2012-07-20,AMZN,22602.63043515148
2012-07-23,AMZN,22505.21570925684
2012-07-24,AMZN,22288.076570162124
2012-07-25,AMZN,21632.13456425464
2012-07-26,AMZN,21754.842739056607
2012-07-27,AMZN,23371.22510432071
2012-07-30,AMZN,23187.694398072435
2012-07-31,AMZN,22870.28011595686
2012-08-01,AMZN,22758.48107478069
2012-08-02,AMZN,22734.640349697904
2012-08-03,AMZN,22969.58416596293
2012-08-06,AMZN,22873.7846653449
2012-08-07,AMZN,23074.068683947076
2012-08-08,AMZN,22822.426375095118
2012-08-09,AMZN,22738.567794431096
2012-08-10,AMZN,22593.07613290922
2012-08-13,AMZN,22601.667173531972
2012-08-14,AMZN,22631.22090147191
2012-08-15,AMZN,22988.2894535905
2012-08-16,AMZN,23364.53317705349
2012-08-17,AMZN,23337.219228163787
2012-08-20,AMZN,23269.636244741545
2012-08-21,AMZN,23121.55630707945
2012-08-22,AMZN,23628.69005556375
2012-08-23,AMZN,23441.65284207861
2012-08-24,AMZN,23863.639745375236
2012-08-27,AMZN,23620.042237325215
2012-08-28,AMZN,23764.652866878027
2012-08-29,AMZN,23888.79027131869
2012-08-30,AMZN,23924.71483931935
2012-08-31,AMZN,23970.794769150045
2012-09-04,AMZN,23933.13946279239
2012-09-05,AMZN,23866.86628023082
2012-09-06,AMZN,24177.559267346867
2012-09-07,AMZN,24804.681738621963
2012-09-10,AMZN,24568.18926394021
2012-09-11,AMZN,24337.382382232132
2012-09-12,AMZN,24416.156429510265
2012-09-13,AMZN,24846.284068201014
2012-09-14,AMZN,24834.64269911649
2012-09-17,AMZN,24556.651660843152
2012-09-18,AMZN,24676.162668521836
2012-09-19,AMZN,24963.273366599362
2012-09-20,AMZN,24954.320123944883
2012-09-21,AMZN,24584.339558857508
2012-09-24,AMZN,24446.628388546844
2012-09-25,AMZN,24145.505366463614
2012-09-26,AMZN,24054.64160272115
2012-09-27,AMZN,24651.021931822484
2012-09-28,AMZN,24490.200314038953
2012-10-01,AMZN,24243.084551659147
2012-10-02,AMZN,24112.351154543452
2012-10-03,AMZN,24726.94926691614
2012-10-04,AMZN,25044.179511242623
2012-10-05,AMZN,24706.419264188204
2012-10-08,AMZN,24758.98358931119
2012-10-09,AMZN,24046.26396761979
2012-10-10,AMZN,23471.83895518745
2012-10-11,AMZN,23386.11258674902
2012-10-12,AMZN,23248.334849578478
2012-10-15,AMZN,23387.064101275602
2012-10-16,AMZN,23531.23617269271
2012-10-17,AMZN,23733.160868606155
2012-10-18,AMZN,23508.760068237556
2012-10-19,AMZN,23334.425377897453
2012-10-22,AMZN,22743.40563886565
2012-10-23,AMZN,22785.793065821574
2012-10-24,AMZN,22246.660236220985
2012-10-25,AMZN,21695.61389654988
2012-10-26,AMZN,23298.573250303143
2012-10-31,AMZN,22789.05092625828
2012-11-01,AMZN,22663.394231133192
2012-11-02,AMZN,22670.252575550123
2012-11-05,AMZN,22858.848236696092
2012-11-06,AMZN,23106.494576106154
2012-11-07,AMZN,22653.31326755832
2012-11-08,AMZN,22224.68925676143
2012-11-09,AMZN,22167.330159877936
2012-11-12,AMZN,22183.002739683117
2012-11-13,AMZN,22217.919015541407
2012-11-14,AMZN,21864.405916880183
2012-11-15,AMZN,21649.06016730471
2012-11-16,AMZN,22110.049376947245
2012-11-19,AMZN,22405.919490646054
2012-11-20,AMZN,22816.6389739828
2012-11-21,AMZN,23254.735057371498
2012-11-23,AMZN,23311.01733740392
2012-11-26,AMZN,23726.929035811667
2012-11-27,AMZN,23674.52721214075
2012-11-28,AMZN,24018.450767280952
2012-11-29,AMZN,24425.25063727979
2012-11-30,AMZN,24506.00798541272
2012-12-03,AMZN,24328.97537939847
2012-12-04,AMZN,24536.429040379982
2012-12-05,AMZN,24641.990375215202
2012-12-06,AMZN,24579.781686804232
2012-12-07,AMZN,24520.494108832903
2012-12-10,AMZN,23944.348147287663
2012-12-11,AMZN,24214.26501702676
2012-12-12,AMZN,24285.57770245136
2012-12-13,AMZN,24219.165512623556
2012-12-14,AMZN,24052.303931229908
2012-12-17,AMZN,24455.84398294322
2012-12-18,AMZN,25119.0202402411
2012-12-19,AMZN,24921.90206318109
2012-12-20,AMZN,25299.365526459023
2012-12-21,AMZN,25004.652501412915
2012-12-24,AMZN,25096.685100901002
2012-12-26,AMZN,24127.248426215858
2012-12-27,AMZN,24183.702996944452
2012-12-28,AMZN,23886.062987912243
2012-12-31,AMZN,24433.02917064219
2013-01-02,AMZN,24833.542388079575
2013-01-03,AMZN,24931.280159029535
2013-01-04,AMZN,25003.514991248416
2013-01-07,AMZN,25912.281846695216
2013-01-08,AMZN,25745.41634960393
2013-01-09,AMZN,25729.47946020803
2013-01-10,AMZN,25611.133372577326
2013-01-11,AMZN,25812.255350474516
2013-01-14,AMZN,26271.034148799125
2013-01-15,AMZN,26188.420759984703
2013-01-16,AMZN,25931.31996862221
2013-01-17,AMZN,26088.721224516965
2013-01-18,AMZN,26470.66816159301
2013-01-22,AMZN,26274.990961264615
2013-01-23,AMZN,26209.19745166398
2013-01-24,AMZN,26854.972348648498
2013-01-25,AMZN,28017.31782543037
2013-01-28,AMZN,27208.683190040552
2013-01-29,AMZN,25560.207766916796
2013-01-30,AMZN,26789.255195151844
2013-01-31,AMZN,25969.650732822814
2013-02-01,AMZN,25907.772920862448
2013-02-04,AMZN,25391.541048910978
2013-02-05,AMZN,26053.35855912769
2013-02-06,AMZN,25566.67845726734
2013-02-07,AMZN,25456.717836133277
2013-02-08,AMZN,25694.210771562117
2013-02-11,AMZN,25342.577207768223
2013-02-12,AMZN,25398.217313387642
2013-02-13,AMZN,26431.834230245633
2013-02-14,AMZN,26377.646848450757
2013-02-15,AMZN,26131.96031570965
2013-02-19,AMZN,26718.083474842297
2013-02-20,AMZN,26504.62117583179
2013-02-21,AMZN,26515.13482399592
2013-02-22,AMZN,26564.621410773652
2013-02-25,AMZN,26113.450812964093
2013-02-26,AMZN,26100.286237497505
2013-02-27,AMZN,26414.43874347873
2013-02-28,AMZN,26607.331882784896
2013-03-01,AMZN,26755.335464343007
2013-03-04,AMZN,27532.11981512686
2013-03-05,AMZN,27760.543994820837
2013-03-06,AMZN,27643.55273857367
2013-03-07,AMZN,27620.467743135458
2013-03-08,AMZN,27573.890519704444
2013-03-11,AMZN,27263.949346535326
2013-03-12,AMZN,27516.870130666834
2013-03-13,AMZN,27665.406247104016
2013-03-14,AMZN,26692.90162331772
2013-03-15,AMZN,26124.86115588784
2013-03-18,AMZN,25793.30924744207
2013-03-19,AMZN,25788.35784777595
2013-03-20,AMZN,25860.745392202803
2013-03-21,AMZN,25402.765396196817
2013-03-22,AMZN,25799.492134016058
2013-03-25,AMZN,25608.783953993163
2013-03-26,AMZN,25905.388260999523
2013-03-27,AMZN,26412.36929727585
2013-03-28,AMZN,26494.31897534024
2013-04-01,AMZN,26037.321819441964
2013-04-02,AMZN,26158.53811344298
2013-04-03,AMZN,25696.863656713398
2013-04-04,AMZN,25714.505832431638
2013-04-05,AMZN,25487.242657087998
2013-04-08,AMZN,25851.16368007706
2013-04-09,AMZN,25977.762100484633
2013-04-10,AMZN,26307.767308362494
2013-04-11,AMZN,26698.929839834916
2013-04-12,AMZN,27069.85017235596
2013-04-15,AMZN,26747.645034177516
2013-04-16,AMZN,27273.208013605745
2013-04-17,AMZN,26862.26141980586
2013-04-18,AMZN,26042.83512171946
2013-04-19,AMZN,26156.120170150116
2013-04-22,AMZN,26478.080577226043
2013-04-23,AMZN,27005.05124995595
2013-04-24,AMZN,27021.941611727252
2013-04-25,AMZN,27412.73998331913
2013-04-26,AMZN,25368.01945318588
2013-04-29,AMZN,24785.036683560727
2013-04-30,AMZN,25024.973014317096
2013-05-01,AMZN,24503.960075546864
2013-05-02,AMZN,24927.934195395923
2013-05-03,AMZN,25460.70793202871
2013-05-06,AMZN,25220.802926853463
2013-05-07,AMZN,25361.014270107433
2013-05-08,AMZN,25381.058726327978
2013-05-09,AMZN,25536.461018577378
2013-05-10,AMZN,26127.396570109915
2013-05-13,AMZN,26173.17890691995
2013-05-14,AMZN,26656.23698846305
2013-05-15,AMZN,26545.63810861362
2013-05-16,AMZN,26276.79414002796
2013-05-17,AMZN,27131.89831716368
2013-05-20,AMZN,26903.70516363048
2013-05-21,AMZN,27048.40781207784
2013-05-22,AMZN,26598.997320357583
2013-05-23,AMZN,26422.716528290264
2013-05-24,AMZN,26449.969783866545
2013-05-28,AMZN,27136.417032240548
2013-05-29,AMZN,26955.133936437785
2013-05-30,AMZN,26927.76712562994
2013-05-31,AMZN,27245.99978855233
2013-06-03,AMZN,26885.786931228602
2013-06-04,AMZN,26915.17032632119
2013-06-05,AMZN,27056.23333381192
2013-06-06,AMZN,26842.534135094178
2013-06-07,AMZN,27672.654203436156
2013-06-10,AMZN,28029.151063699264
2013-06-11,AMZN,27409.963753692176
2013-06-12,AMZN,27131.6477125147
2013-06-13,AMZN,27456.717183517
2013-06-14,AMZN,27296.291051195138
2013-06-17,AMZN,27699.044047682757
2013-06-18,AMZN,28158.641226814176
2013-06-19,AMZN,27738.95871157885
2013-06-20,AMZN,27803.61862671263
2013-06-21,AMZN,28017.59192426519
2013-06-24,AMZN,27899.978072093214
2013-06-25,AMZN,28001.95850143641
2013-06-26,AMZN,28446.37256296768
2013-06-27,AMZN,28474.209257492363
2013-06-28,AMZN,28575.55925951547
2013-07-01,AMZN,29029.369037534572
2013-07-02,AMZN,29247.09748912415
2013-07-03,AMZN,29258.558736117222
2013-07-05,AMZN,29575.066534229074
2013-07-08,AMZN,30085.08615187425
2013-07-09,AMZN,30051.12726408901
2013-07-10,AMZN,30079.220436809126
2013-07-11,AMZN,30475.559520561983
2013-07-12,AMZN,31287.00758470633
2013-07-15,AMZN,31250.335118456383
2013-07-16,AMZN,31205.815594135333
2013-07-17,AMZN,31502.699873522964
2013-07-18,AMZN,30948.965407421816
2013-07-19,AMZN,30964.342352055155
2013-07-22,AMZN,30709.571400788624
2013-07-23,AMZN,30367.431445923565
2013-07-24,AMZN,30136.033293871806
2013-07-25,AMZN,30541.092636269543
2013-07-26,AMZN,31432.234936637487
2013-07-29,AMZN,30746.95848185792
2013-07-30,AMZN,30471.04080548511
2013-07-31,AMZN,30333.443190406022
2013-08-01,AMZN,30924.051781185593
2013-08-02,AMZN,30917.4499149641
2013-08-05,AMZN,30590.195484678527
2013-08-06,AMZN,30556.970790200838
2013-08-07,AMZN,30274.359228711983
2013-08-08,AMZN,29958.19601199248
2013-08-09,AMZN,29981.222271966086
2013-08-12,AMZN,29906.30714471244
2013-08-13,AMZN,29770.262103747715
2013-08-14,AMZN,29438.3264569332
2013-08-15,AMZN,28996.717992761183
2013-08-16,AMZN,28843.643582758923
2013-08-19,AMZN,28888.8463963182
2013-08-20,AMZN,29160.648674471086
2013-08-21,AMZN,29091.329079145384
2013-08-22,AMZN,29814.53102341979
2013-08-23,AMZN,29851.861326873302
2013-08-26,AMZN,29457.91081868101
2013-08-27,AMZN,28884.219999556222
2013-08-28,AMZN,28915.2166620766
2013-08-29,AMZN,29261.74807184522
2013-08-30,AMZN,29026.89040092828
2013-09-03,AMZN,29778.199222864543
2013-09-04,AMZN,30130.65116746525
2013-09-05,AMZN,30229.675245090042
2013-09-06,AMZN,30091.993442511688
2013-09-09,AMZN,30413.16287866428
2013-09-10,AMZN,30452.66052076168
2013-09-11,AMZN,30320.9951876076
2013-09-12,AMZN,30192.33123669479
2013-09-13,AMZN,30158.61316431442
2013-09-16,AMZN,29897.868816297658
2013-09-17,AMZN,30642.42305980445
2013-09-18,AMZN,31498.394563967486
2013-09-19,AMZN,31272.31001361358
2013-09-20,AMZN,31856.056344278582
2013-09-23,AMZN,31355.45397945825
2013-09-24,AMZN,31658.106081470003
2013-09-25,AMZN,31508.951284805655
2013-09-26,AMZN,32141.187657198945
2013-09-27,AMZN,31863.039991020003
2013-09-30,AMZN,31477.337899906935
2013-10-01,AMZN,32464.818109318447
2013-10-02,AMZN,32417.17385828046
2013-10-03,AMZN,31807.871726966237
2013-10-04,AMZN,32187.291081215488
2013-10-07,AMZN,31278.29124175909
2013-10-08,AMZN,30666.46348546689
2013-10-09,AMZN,30353.48373092892
2013-10-10,AMZN,31018.005030366236
2013-10-11,AMZN,31605.4810630336
2013-10-14,AMZN,31586.164926574143
2013-10-15,AMZN,31107.0303740666
2013-10-16,AMZN,31443.238047006646
2013-10-17,AMZN,31289.06136811865
2013-10-18,AMZN,33123.894631186966
2013-10-21,AMZN,32905.101109839234
2013-10-22,AMZN,33477.66225019481
2013-10-23,AMZN,33218.84638326588
2013-10-24,AMZN,33893.22740936139
2013-10-25,AMZN,37173.926152552966
2013-10-28,AMZN,36621.378142836824
2013-10-29,AMZN,37085.58801378848
2013-10-30,AMZN,36958.82513408002
2013-10-31,AMZN,37164.55980379745
2013-11-01,AMZN,36700.23833546304
2013-11-04,AMZN,36575.32953858724
2013-11-05,AMZN,36706.56022930326
2013-11-06,AMZN,36328.270553823226
2013-11-07,AMZN,35118.458990246
2013-11-08,AMZN,35962.75584189457
2013-11-11,AMZN,36380.58035859959
2013-11-12,AMZN,35934.00483197089
2013-11-13,AMZN,36503.22000869285
2013-11-14,AMZN,37753.17726232694
2013-11-15,AMZN,37794.11588115597
2013-11-18,AMZN,37376.888508341086
2013-11-19,AMZN,37389.64585125309
2013-11-20,AMZN,37072.29422029976
2013-11-21,AMZN,37941.87277376274
2013-11-22,AMZN,38396.2131288121
2013-11-25,AMZN,38912.818949888206
2013-11-26,AMZN,39375.36856504039
2013-11-27,AMZN,40108.41653103125
2013-11-29,AMZN,40840.51494034434
2013-12-02,AMZN,40837.96777902935
2013-12-03,AMZN,40148.08842167365
2013-12-04,AMZN,40412.23355309099
2013-12-05,AMZN,40040.01125110455
2013-12-06,AMZN,40390.889085253875
2013-12-09,AMZN,40092.96910384039
2013-12-10,AMZN,40325.6848881481
2013-12-11,AMZN,39684.51289373972
2013-12-12,AMZN,39713.80035424011
2013-12-13,AMZN,39852.235928614224
2013-12-16,AMZN,40274.27765167782
2013-12-17,AMZN,40262.832067475305
2013-12-18,AMZN,41261.607106730175
2013-12-19,AMZN,41301.29466016313
2013-12-20,AMZN,42049.65887747391
2013-12-23,AMZN,41821.224908535834
2013-12-24,AMZN,41497.63165554391
2013-12-26,AMZN,42037.14234996679
2013-12-27,AMZN,41685.16420478054
2013-12-30,AMZN,40972.45828803089
2013-12-31,AMZN,41521.37644603451
2014-01-02,AMZN,41424.312175078674
2014-01-03,AMZN,41191.32033408732
2014-01-06,AMZN,41072.75300953995
2014-01-07,AMZN,41855.26602597152
2014-01-08,AMZN,42508.2614694047
2014-01-09,AMZN,42596.521294216385
2014-01-10,AMZN,42497.597066881426
2014-01-13,AMZN,41599.99582325585
2014-01-14,AMZN,42550.930826590724
2014-01-15,AMZN,42368.306604346166
2014-01-16,AMZN,42333.69183720618
2014-01-17,AMZN,42878.11477431877
2014-01-21,AMZN,43720.25799226519
2014-01-22,AMZN,43834.79802178955
2014-01-23,AMZN,43567.551657841126
2014-01-24,AMZN,41972.66843047091
2014-01-27,AMZN,41965.857074425665
2014-01-28,AMZN,43044.340054845874
2014-01-29,AMZN,41927.93550062847
2014-01-30,AMZN,44071.41971449344
2014-01-31,AMZN,39042.18968422509
2014-02-03,AMZN,37531.54486019001
2014-02-04,AMZN,37655.18105533272
2014-02-05,AMZN,37648.85916149251
2014-02-06,AMZN,38411.946401930705
2014-02-07,AMZN,38945.32707169773
2014-02-10,AMZN,39028.657033180316
2014-02-11,AMZN,39046.698610057865
2014-02-12,AMZN,37583.89577979161
2014-02-13,AMZN,38393.96356051776
2014-02-14,AMZN,38413.58512139315
2014-02-18,AMZN,37918.915038497835
2014-02-19,AMZN,37559.4892363998
2014-02-20,AMZN,38023.178319565304
2014-02-21,AMZN,37774.198685108735
2014-02-24,AMZN,38079.995092325626
2014-02-25,AMZN,38879.14590803071
2014-02-26,AMZN,39155.96419486078
2014-02-27,AMZN,39272.96132465441
2014-02-28,AMZN,39257.390552987876
2014-03-03,AMZN,39065.73868983368
2014-03-04,AMZN,39591.468086411616
2014-03-05,AMZN,40283.33466031976
2014-03-06,AMZN,39950.948708276606
2014-03-07,AMZN,40388.20291667265
2014-03-10,AMZN,40280.15119813822
2014-03-11,AMZN,40022.04798817982
2014-03-12,AMZN,40390.07266229588
2014-03-13,AMZN,40212.119867336165
2014-03-14,AMZN,40563.254179680924
2014-03-17,AMZN,40575.84902114086
2014-03-18,AMZN,41105.468663324405
2014-03-19,AMZN,40844.03711037177
2014-03-20,AMZN,40637.90695519267
2014-03-21,AMZN,39517.02675857244
2014-03-24,AMZN,38635.22339707654
2014-03-25,AMZN,38806.90324441654
2014-03-26,AMZN,37459.693766339886
2014-03-27,AMZN,36635.88188689638
2014-03-28,AMZN,36639.58026331762
2014-03-31,AMZN,36394.324457316936
2014-04-01,AMZN,37024.39740676398
2014-04-02,AMZN,36926.60285819824
2014-04-03,AMZN,36039.07083105462
2014-04-04,AMZN,34711.62192111958
2014-04-07,AMZN,34126.724375348334
2014-04-08,AMZN,34969.71142613624
2014-04-09,AMZN,35413.72021296174
2014-04-10,AMZN,33873.764434240424
2014-04-11,AMZN,33445.54765599813
2014-04-14,AMZN,33924.946518096396
2014-04-15,AMZN,33977.236744384565
2014-04-16,AMZN,34943.12775485645
2014-04-17,AMZN,34980.49525743754
2014-04-21,AMZN,35696.656777354736
2014-04-22,AMZN,35545.551963265534
2014-04-23,AMZN,35052.99831494478
2014-04-24,AMZN,36393.991623017515
2014-04-25,AMZN,32841.84497230949
2014-04-28,AMZN,32032.043459022876
2014-04-29,AMZN,32236.62691363407
2014-04-30,AMZN,32621.211073070834
2014-05-01,AMZN,33048.623175448054
2014-05-02,AMZN,33085.62651814861
2014-05-05,AMZN,33250.124976016356
2014-05-06,AMZN,31702.15572207422
2014-05-07,AMZN,31221.50383673107
2014-05-08,AMZN,30645.998091750018
2014-05-09,AMZN,31182.814786196384
2014-05-12,AMZN,32277.455892929167
2014-05-13,AMZN,32482.070673121478
2014-05-14,AMZN,31719.001053322667
2014-05-15,AMZN,31460.02268494166
2014-05-16,AMZN,31712.955216166087
2014-05-19,AMZN,31612.821038260285
2014-05-20,AMZN,32140.753014760874
2014-05-21,AMZN,32643.941697872604
2014-05-22,AMZN,32528.76928317934
2014-05-23,AMZN,33225.17219280374
2014-05-27,AMZN,33071.02879734568
2014-05-28,AMZN,32994.73338667384
2014-05-29,AMZN,33287.67651638654
2014-05-30,AMZN,33248.97963445657
2014-06-02,AMZN,32938.96406303229
2014-06-03,AMZN,32823.12793758901
2014-06-04,AMZN,32845.38867867394
2014-06-05,AMZN,34633.50766889383
2014-06-06,AMZN,35292.879825934186
2014-06-09,AMZN,34977.213902815
2014-06-10,AMZN,35517.87581234411
2014-06-11,AMZN,35658.480683210924
2014-06-12,AMZN,34619.16642628634
2014-06-13,AMZN,34711.70415077002
2014-06-16,AMZN,34797.60085205581
2014-06-17,AMZN,34591.54901082951
2014-06-18,AMZN,35581.069298711605
2014-06-19,AMZN,34661.32478493031
2014-06-20,AMZN,34167.76284446719
2014-06-23,AMZN,34376.03097055787
2014-06-24,AMZN,34081.04188882813
2014-06-25,AMZN,34364.98674536349
2014-06-26,AMZN,34136.687867994006
2014-06-27,AMZN,33920.80175214417
2014-06-30,AMZN,33942.74727956907
2014-07-01,AMZN,34738.068542981964
2014-07-02,AMZN,34756.8188611324
2014-07-03,AMZN,35132.31077064845
2014-07-07,AMZN,34813.58668767221
2014-07-08,AMZN,33835.03426888052
2014-07-09,AMZN,34401.16974940841
2014-07-10,AMZN,34213.12815947853
2014-07-11,AMZN,36330.46921804823
2014-07-14,AMZN,37294.48460935043
2014-07-15,AMZN,37354.78635301059
2014-07-16,AMZN,37452.91373587576
2014-07-17,AMZN,37100.205313079605
2014-07-18,AMZN,37697.71727879898
2014-07-21,AMZN,37813.336083023234
2014-07-22,AMZN,37955.10978963567
2014-07-23,AMZN,37657.08604223472
2014-07-24,AMZN,37710.01452723825
2014-07-25,AMZN,34299.98616453501
2014-07-28,AMZN,33878.11085862113
2014-07-29,AMZN,33991.3880756565
2014-07-30,AMZN,34441.121612432085
2014-07-31,AMZN,33366.25673663148
2014-08-01,AMZN,32821.26210766341
2014-08-04,AMZN,33525.658914020416
2014-08-05,AMZN,33539.42259122597
2014-08-06,AMZN,33572.82153424865
2014-08-07,AMZN,33299.65071977049
2014-08-08,AMZN,34057.73565647324
2014-08-11,AMZN,34075.75765486258
2014-08-12,AMZN,34209.86442549537
2014-08-13,AMZN,34907.60454586392
2014-08-14,AMZN,35590.30838729382
2014-08-15,AMZN,35631.90092762877
2014-08-18,AMZN,35659.25207564606
2014-08-19,AMZN,35854.43589807179
2014-08-20,AMZN,35973.28319500043
2014-08-21,AMZN,35678.84426878915
2014-08-22,AMZN,35543.86821328022
2014-08-25,AMZN,35902.44039329267
2014-08-26,AMZN,36644.86449728316
2014-08-27,AMZN,36588.01835679054
2014-08-28,AMZN,36137.94611216907
2014-08-29,AMZN,36037.10906653684
2014-09-02,AMZN,36616.68322136614
2014-09-03,AMZN,36082.63492515144
2014-09-04,AMZN,36788.51578091411
2014-09-05,AMZN,36925.794266635516
2014-09-08,AMZN,36639.21414558825
2014-09-09,AMZN,35546.77170308048
2014-09-10,AMZN,35532.217054951594
2014-09-11,AMZN,35694.48748086203
2014-09-12,AMZN,35909.49648044044
2014-09-15,AMZN,35038.72363919718
2014-09-16,AMZN,35261.66388434595
2014-09-17,AMZN,34736.6236505527
2014-09-18,AMZN,34824.74642594698
2014-09-19,AMZN,35576.55058363473
2014-09-22,AMZN,34968.11969504547
2014-09-23,AMZN,35039.109335414745
2014-09-24,AMZN,35631.3683927497
2014-09-25,AMZN,35000.01892587193
2014-09-26,AMZN,35322.690032069564
2014-09-29,AMZN,35110.92518798612
2014-09-30,AMZN,35377.42365368526
2014-10-01,AMZN,34716.042743755446
2014-10-02,AMZN,34757.59221141635
2014-10-03,AMZN,35561.98810411057
2014-10-06,AMZN,35247.005470229604
2014-10-07,AMZN,34697.68595321786
2014-10-08,AMZN,35323.81579514114
2014-10-09,AMZN,34419.57157046885
2014-10-10,AMZN,34070.54390345456
2014-10-13,AMZN,33530.03666398224
2014-10-14,AMZN,33911.61748332892
2014-10-15,AMZN,33812.983017619335
2014-10-16,AMZN,33401.104487781064
2014-10-17,AMZN,33433.62435668351
2014-10-20,AMZN,33803.53443921336
2014-10-21,AMZN,34631.28355263416
2014-10-22,AMZN,34372.0956944294
2014-10-23,AMZN,34450.343080374914
2014-10-24,AMZN,31509.656110380907
2014-10-27,AMZN,31925.589345125678
2014-10-28,AMZN,32344.69037926142
2014-10-29,AMZN,32062.910903521122
2014-10-30,AMZN,32769.40260811567
2014-10-31,AMZN,33714.75970016198
2014-11-03,AMZN,33878.13043710933
2014-11-04,AMZN,33783.91092048915
2014-11-05,AMZN,33024.09328758059
2014-11-06,AMZN,33173.94116272726
2014-11-07,AMZN,33346.175081283356
2014-11-10,AMZN,33885.20414489648
2014-11-11,AMZN,34651.510088794974
2014-11-12,AMZN,34409.96440630845
2014-11-13,AMZN,35163.43469334214
2014-11-14,AMZN,36243.687569095746
2014-11-17,AMZN,35760.59228842507
2014-11-18,AMZN,35959.159273611986
2014-11-19,AMZN,36281.180374001335
2014-11-20,AMZN,36602.65327672105
2014-11-21,AMZN,36593.13421575756
2014-11-24,AMZN,37068.8366592834
2014-11-25,AMZN,36933.69614447358
2014-11-26,AMZN,36690.014448924296
2014-11-28,AMZN,37880.842710341494
2014-12-01,AMZN,36202.03433544737
2014-12-02,AMZN,36415.34196440109
2014-12-03,AMZN,35196.63980933163
2014-12-04,AMZN,35284.7899946094
2014-12-05,AMZN,34959.07834919408
2014-12-08,AMZN,34436.34837700859
2014-12-09,AMZN,34941.48316184754
2014-12-10,AMZN,34376.44603450774
2014-12-11,AMZN,34706.762540348
2014-12-12,AMZN,34717.28793560505
2014-12-15,AMZN,34845.73456529883
2014-12-16,AMZN,33577.816006588815
2014-12-17,AMZN,34024.23686316073
2014-12-18,AMZN,33791.31158902926
2014-12-19,AMZN,34140.35296098529
2014-12-22,AMZN,34938.25466914313
2014-12-23,AMZN,34861.786967775115
2014-12-24,AMZN,34478.86893768428
2014-12-26,AMZN,35168.37826161298
2014-12-29,AMZN,35531.522018620446
2014-12-30,AMZN,35233.14977412951
2014-12-31,AMZN,35244.9046984456
2015-01-02,AMZN,35420.64316638974
2015-01-05,AMZN,34868.44169591475
2015-01-06,AMZN,34121.420562894586
2015-01-07,AMZN,34620.39987104303
2015-01-08,AMZN,34742.356231898055
2015-01-09,AMZN,34464.98191600306
2015-01-12,AMZN,34032.51464797225
2015-01-13,AMZN,34473.3478040115
2015-01-14,AMZN,34330.121373574526
2015-01-15,AMZN,33517.26953182614
2015-01-16,AMZN,34113.65181877629
2015-01-20,AMZN,34241.6246490556
2015-01-21,AMZN,36006.51963657105
2015-01-22,AMZN,37580.60267807614
2015-01-23,AMZN,37929.14284073422
2015-01-26,AMZN,37621.92699312273
2015-01-27,AMZN,37247.35918824978
2015-01-28,AMZN,37042.33717550288
2015-01-29,AMZN,38590.63339019797
2015-01-30,AMZN,44135.374804051964
2015-02-02,AMZN,44876.86697200406
2015-02-03,AMZN,44329.40545352263
2015-02-04,AMZN,44811.365181877634
2015-02-05,AMZN,45465.76831861249
2015-02-06,AMZN,45883.248253925165
2015-02-09,AMZN,45155.14777190278
2015-02-10,AMZN,45743.36387142415
2015-02-11,AMZN,46399.97937732576
2015-02-12,AMZN,46012.31160599729
2015-02-13,AMZN,46532.20857094004
2015-02-17,AMZN,45583.20596439065
2015-02-18,AMZN,45523.150909681826
2015-02-19,AMZN,46323.3805000868
2015-02-20,AMZN,46969.30223573283
2015-02-23,AMZN,46813.74331557782
2015-02-24,AMZN,46708.10366678979
2015-02-25,AMZN,46850.44123386243
2015-02-26,AMZN,47048.5951129483
2015-02-27,AMZN,46548.25901556751
2015-03-02,AMZN,47322.408101839465
2015-03-03,AMZN,46882.29347631721
2015-03-04,AMZN,46606.95140749752
2015-03-05,AMZN,47388.69303149396
2015-03-06,AMZN,46941.53406591686
2015-03-09,AMZN,46685.87229343716
2015-03-10,AMZN,45696.38528898501
2015-03-11,AMZN,45777.898366762514
2015-03-12,AMZN,46493.81711342602
2015-03-13,AMZN,46445.41909059227
2015-03-16,AMZN,46653.704837322344
2015-03-17,AMZN,46489.57445503279
2015-03-18,AMZN,46899.41682209811
2015-03-19,AMZN,46563.23068549508
2015-03-20,AMZN,46666.12543023728
2015-03-23,AMZN,45959.295017796845
2015-03-24,AMZN,45816.011809744086
2015-03-25,AMZN,45439.932545581985
2015-03-26,AMZN,44846.69847953461
2015-03-27,AMZN,45633.978857843205
2015-03-30,AMZN,46529.966834040984
2015-03-31,AMZN,46198.81432675453
2015-04-01,AMZN,45713.0211304097
2015-04-02,AMZN,45860.31988639256
2015-04-06,AMZN,45959.54170674818
2015-04-07,AMZN,45770.902972928176
2015-04-08,AMZN,46675.601418526734
2015-04-09,AMZN,47232.448864251906
2015-04-10,AMZN,47179.03483274098
2015-04-13,AMZN,47169.480530498724
2015-04-14,AMZN,47041.25905341926
2015-04-15,AMZN,46466.87515581214
2015-04-16,AMZN,46126.95931720675
2015-04-17,AMZN,44959.28849163411
2015-04-20,AMZN,46533.9549720876
2015-04-21,AMZN,47001.52255376579
2015-04-22,AMZN,46744.1300429291
2015-04-23,AMZN,46373.69134121781
2015-04-24,AMZN,53009.60455369531
2015-04-27,AMZN,51968.83365724854
2015-04-28,AMZN,50519.700527444475
2015-04-29,AMZN,50245.145513850475
2015-04-30,AMZN,50038.228303445685
2015-05-01,AMZN,50469.73035200817
2015-05-04,AMZN,50154.57934312867
2015-05-05,AMZN,49642.50594207117
2015-05-06,AMZN,49268.99145986345
2015-05-07,AMZN,50726.84876401004
2015-05-08,AMZN,51319.571831515364
2015-05-11,AMZN,51292.205020707515
2015-05-12,AMZN,50577.46881473138
2015-05-13,AMZN,49940.05784790647
2015-05-14,AMZN,50746.48011412954
2015-05-15,AMZN,50084.318022520485
2015-05-18,AMZN,49994.96571806716
2015-05-19,AMZN,50409.72032782221
2015-05-20,AMZN,50670.87386624238
2015-05-21,AMZN,51553.26849808196
2015-05-22,AMZN,51439.71130866531
2015-05-26,AMZN,51771.31803687804
2015-05-27,AMZN,52727.597967491885
2015-05-28,AMZN,52101.42896859219
2015-05-29,AMZN,52375.90175253574
2015-06-01,AMZN,52940.6824016801
2015-06-02,AMZN,52413.46112430121
2015-06-03,AMZN,53150.04692311006
2015-06-04,AMZN,52615.64034056128
2015-06-05,AMZN,52197.99790379653
2015-06-08,AMZN,51552.33851989239
2015-06-09,AMZN,51301.87679387898
2015-06-10,AMZN,51728.867958759874
2015-06-11,AMZN,52192.26140675353
2015-06-12,AMZN,51782.51301643158
2015-06-15,AMZN,51108.52160225127
2015-06-16,AMZN,51570.8715168238
2015-06-17,AMZN,51545.12188914138
2015-06-18,AMZN,52514.523322547764
2015-06-19,AMZN,52278.30886239847
2015-06-22,AMZN,52481.425888243386
2015-06-23,AMZN,53818.511330071124
2015-06-24,AMZN,53576.812935376634
2015-06-25,AMZN,53193.918399471644
2015-06-26,AMZN,53003.64681973564
2015-06-29,AMZN,52103.51211973681
2015-06-30,AMZN,53007.17682115835
2015-07-01,AMZN,53410.14322316736
2015-07-02,AMZN,53843.42495630734
2015-07-06,AMZN,53894.10583086535
2015-07-07,AMZN,54465.521629661154
2015-07-08,AMZN,53514.306653945
2015-07-09,AMZN,54128.16078376604
2015-07-10,AMZN,55203.795094152956
2015-07-13,AMZN,56914.512489117624
2015-07-14,AMZN,58100.009528197596
2015-07-15,AMZN,58406.69284093001
2015-07-16,AMZN,60225.73801111275
2015-07-17,AMZN,61458.479900071405
2015-07-20,AMZN,62029.684251194616
2015-07-21,AMZN,61916.6556809594
2015-07-22,AMZN,62261.59927533489
2015-07-23,AMZN,61503.915697640274
2015-07-24,AMZN,67685.03824983978
2015-07-27,AMZN,67674.14673685336
2015-07-28,AMZN,66602.80598892902
2015-07-29,AMZN,66766.53109651282
2015-07-30,AMZN,68444.78735803964
2015-07-31,AMZN,68477.221081594
2015-08-03,AMZN,68334.17477324848
2015-08-04,AMZN,68340.54952900684
2015-08-05,AMZN,69302.00209620348
2015-08-06,AMZN,68166.99014679951
2015-08-07,AMZN,67132.87006279474
2015-08-10,AMZN,66971.58639268966
2015-08-11,AMZN,67888.83856492293
2015-08-12,AMZN,66788.39439428726
2015-08-13,AMZN,67809.05035195596
2015-08-14,AMZN,68047.1756725537
2015-08-17,AMZN,68588.97509224732
2015-08-18,AMZN,68469.07055695578
2015-08-19,AMZN,68680.27741412549
2015-08-20,AMZN,66042.17989498099
2015-08-21,AMZN,63647.57024435259
2015-08-24,AMZN,59934.723362487886
2015-08-25,AMZN,60701.68910143876
2015-08-26,AMZN,65213.43227866193
2015-08-27,AMZN,66967.52189853905
2015-08-28,AMZN,67286.12067919082
2015-08-31,AMZN,66390.10920880719
2015-09-01,AMZN,64059.840343954886
2015-09-02,AMZN,66527.02745034569
2015-09-03,AMZN,65213.97851848275
2015-09-04,AMZN,64836.38583718269
2015-09-08,AMZN,66850.16452456253
2015-09-09,AMZN,66907.8819077801
2015-09-10,AMZN,67579.95463011668
2015-09-11,AMZN,68807.083366508
2015-09-14,AMZN,67728.96650381717
2015-09-15,AMZN,67821.77636928685
2015-09-16,AMZN,68034.71200696472
2015-09-17,AMZN,69557.86356926282
2015-09-18,AMZN,69531.0253776364
2015-09-21,AMZN,71130.28831281725
2015-09-22,AMZN,69982.08437806323
2015-09-23,AMZN,69873.3924429646
2015-09-24,AMZN,69759.09518669394
2015-09-25,AMZN,68384.0490140926
2015-09-28,AMZN,65928.06863434824
2015-09-29,AMZN,65135.545136899316
2015-09-30,AMZN,67117.54989577718
2015-10-01,AMZN,67500.50120929796
2015-10-02,AMZN,68886.75019284812
2015-10-05,AMZN,69641.19940429187
2015-10-06,AMZN,68694.44245033916
2015-10-07,AMZN,69158.36451751427
2015-10-08,AMZN,67943.9794190932
2015-10-09,AMZN,68409.69291793872
2015-10-12,AMZN,69726.43435267644
2015-10-13,AMZN,69777.88270397195
2015-10-14,AMZN,69239.15710692597
2015-10-15,AMZN,71047.64947196818
2015-10-16,AMZN,72260.66603406396
2015-10-19,AMZN,72927.94594248885
2015-10-20,AMZN,71234.93141655585
2015-10-21,AMZN,71358.49321344338
2015-10-22,AMZN,72249.06577980466
2015-10-23,AMZN,77241.27876243071
2015-10-26,AMZN,78250.16413299275
2015-10-27,AMZN,79198.73797065055
2015-10-28,AMZN,79426.31244395659
2015-10-29,AMZN,80777.54921705626
2015-10-30,AMZN,80160.6897892963
2015-11-02,AMZN,80548.28120452081
2015-11-03,AMZN,80225.91748058794
2015-11-04,AMZN,82596.41230729873
2015-11-05,AMZN,84509.9922077617
2015-11-06,AMZN,85899.59890203839
2015-11-09,AMZN,85182.3781859095
2015-11-10,AMZN,85623.55396549226
2015-11-11,AMZN,87384.8797946086
2015-11-12,AMZN,86704.69766245903
2015-11-13,AMZN,83833.22847965208
2015-11-16,AMZN,84678.9878443693
2015-11-17,AMZN,83906.83380604505
2015-11-18,AMZN,86735.14612730978
2015-11-19,AMZN,85881.71395306644
2015-11-20,AMZN,87278.80746123132
2015-11-23,AMZN,88781.29197138408
2015-11-24,AMZN,87434.24107906186
2015-11-25,AMZN,87933.81753110045
2015-11-27,AMZN,88051.83861582699
2015-11-30,AMZN,86769.69041189224
2015-12-01,AMZN,88890.15815502769
2015-12-02,AMZN,88411.4954440858
2015-12-03,AMZN,87356.79053758613
2015-12-04,AMZN,88003.67553485167
2015-12-07,AMZN,88573.703218834
2015-12-08,AMZN,90129.04768928156
2015-12-09,AMZN,88473.42611796432
2015-12-10,AMZN,88170.64088223278
2015-12-11,AMZN,85827.14283290283
2015-12-14,AMZN,88446.58401064026
2015-12-15,AMZN,88512.485201926
2015-12-16,AMZN,91323.9052035706
2015-12-17,AMZN,91715.23611004154
2015-12-18,AMZN,90252.83072308579
2015-12-21,AMZN,91005.65687785765
2015-12-22,AMZN,90423.40830154005
2015-12-23,AMZN,90050.10135130727
2015-12-24,AMZN,89829.310824163
2015-12-28,AMZN,91511.26350426224
2015-12-29,AMZN,94089.16696143169
2015-12-30,AMZN,93654.16623702763
2015-12-31,AMZN,91571.69838164217
2016-01-04,AMZN,87105.80410808892
2016-01-05,AMZN,86817.11929956001
2016-01-06,AMZN,87224.53980763482
2016-01-07,AMZN,83680.85106382979
2016-01-08,AMZN,84093.17598319905
2016-01-11,AMZN,85900.58565784372
2016-01-12,AMZN,86441.62934789277
2016-01-13,AMZN,81411.19328275122
2016-01-14,AMZN,83435.57763718974
2016-01-15,AMZN,81089.93770125056
2016-01-19,AMZN,81622.74472131327
2016-01-20,AMZN,81657.49458002186
2016-01-21,AMZN,80174.00511912206
2016-01-22,AMZN,82615.08626934518
2016-01-25,AMZN,83225.66296024132
2016-01-26,AMZN,82765.87978547199
2016-01-27,AMZN,80193.3310448256
2016-01-28,AMZN,87528.3783660316
2016-01-29,AMZN,80716.12366817334
2016-02-01,AMZN,78811.13676618194
2016-02-02,AMZN,75881.16901847819
2016-02-03,AMZN,71982.22273271318
2016-02-04,AMZN,72055.73604021162
2016-02-05,AMZN,68207.10451127525
2016-02-08,AMZN,66516.34738503187
2016-02-09,AMZN,65217.97448792464
2016-02-10,AMZN,67066.35214913065
2016-02-11,AMZN,68702.99629183434
2016-02-12,AMZN,68675.97014672119
2016-02-16,AMZN,70702.28689794517
2016-02-17,AMZN,71545.90829175079
2016-02-18,AMZN,70517.0646103163
2016-02-19,AMZN,72265.71532617109
2016-02-22,AMZN,74953.86916609999
2016-02-23,AMZN,74654.2282355736
2016-02-24,AMZN,74661.72875440354
2016-02-25,AMZN,73773.3215688373
2016-02-26,AMZN,73631.76518344392
2016-02-29,AMZN,73142.56924584969
2016-03-01,AMZN,75995.7540785254
2016-03-02,AMZN,76495.77887794378
2016-03-03,AMZN,75792.32575471808
2016-03-04,AMZN,75089.78890474021
2016-03-07,AMZN,73280.35089871788
2016-03-08,AMZN,73432.26430436979
2016-03-09,AMZN,72490.77200589444
2016-03-10,AMZN,73170.39810897908
2016-03-11,AMZN,73687.5188442949
2016-03-14,AMZN,74611.73312693257
2016-03-15,AMZN,75459.50907593452
2016-03-16,AMZN,75116.74456729584
2016-03-17,AMZN,71106.80783191738
2016-03-18,AMZN,70160.51684598386
2016-03-21,AMZN,70873.78074964727
2016-03-22,AMZN,71606.60160517499
2016-03-23,AMZN,73623.18980561172
2016-03-24,AMZN,75721.40463905752
2016-03-28,AMZN,74838.82988512648
2016-03-29,AMZN,76469.99596683143
2016-03-30,AMZN,75966.68589709286
2016-03-31,AMZN,75378.20157228313
2016-04-01,AMZN,76440.58124615773
2016-04-04,AMZN,75698.50955495486
2016-04-05,AMZN,75567.71546452574
2016-04-06,AMZN,77074.63646010493
2016-04-07,AMZN,76209.1967990477
2016-04-08,AMZN,75639.79562668783
2016-04-11,AMZN,75330.62193025621
2016-04-12,AMZN,75572.69818977297
2016-04-13,AMZN,76990.2257660736
2016-04-14,AMZN,78000.17816424264
2016-04-15,AMZN,78780.83709784153
2016-04-18,AMZN,79704.12531798729
2016-04-19,AMZN,77792.20958902143
2016-04-20,AMZN,78243.12566648438
2016-04-21,AMZN,78509.8355798561
2016-04-22,AMZN,76984.73987367959
2016-04-25,AMZN,77728.71263608681
2016-04-26,AMZN,76173.28397813997
2016-04-27,AMZN,75024.88425850391
2016-04-28,AMZN,73923.35935531955
2016-04-29,AMZN,81027.48232388824
2016-05-02,AMZN,84001.01220784002
2016-05-03,AMZN,83368.78170899319
2016-05-04,AMZN,84627.09897708926
2016-05-05,AMZN,82922.4313349788
2016-05-06,AMZN,85245.7948670425
2016-05-09,AMZN,86465.17835350135
2016-05-10,AMZN,89190.62725560501
2016-05-11,AMZN,89662.19472242272
2016-05-12,AMZN,90365.92194448324
2016-05-13,AMZN,89927.56742505028
2016-05-16,AMZN,89652.59343180878
2016-05-17,AMZN,87697.47189508019
2016-05-18,AMZN,88266.02727674977
2016-05-19,AMZN,89686.98304633446
2016-05-20,AMZN,90374.11358394669
2016-05-23,AMZN,89596.13494538255
2016-05-24,AMZN,90430.05715613323
2016-05-25,AMZN,90768.82177963237
2016-05-26,AMZN,90846.60123970988
2016-05-27,AMZN,90660.70349423806
2016-05-31,AMZN,92689.93744020404
2016-06-01,AMZN,92196.95110729404
2016-06-02,AMZN,93246.26214029423
2016-06-03,AMZN,91963.0175410202
2016-06-06,AMZN,91459.34918494754
2016-06-07,AMZN,90608.37019527584
2016-06-08,AMZN,90302.78915142917
2016-06-09,AMZN,90684.74000420286
2016-06-10,AMZN,89519.72793732796
2016-06-13,AMZN,89565.2205125126
2016-06-14,AMZN,90376.41209846153
2016-06-15,AMZN,90295.53336370175
2016-06-16,AMZN,91598.42693373465
2016-06-17,AMZN,89051.68068268884
2016-06-20,AMZN,89516.03935015082
2016-06-21,AMZN,89820.04236784848
2016-06-22,AMZN,89178.95651878818
2016-06-23,AMZN,90139.00922407841
2016-06-24,AMZN,88621.34159632552
2016-06-27,AMZN,88510.48819612947
2016-06-28,AMZN,90717.56725537006
2016-06-29,AMZN,90986.52869488492
2016-06-30,AMZN,91132.97382878221
2016-07-01,AMZN,92406.45659383904
2016-07-05,AMZN,92294.62622708175
2016-07-06,AMZN,93899.38680174954
2016-07-07,AMZN,93620.65765447101
2016-07-08,AMZN,95444.87741908537
2016-07-11,AMZN,96863.29777444799
2016-07-12,AMZN,95334.52522818728
2016-07-13,AMZN,94252.78047163274
2016-07-14,AMZN,93708.4984996352
2016-07-15,AMZN,93410.9661722881
2016-07-18,AMZN,93557.10588176943
2016-07-19,AMZN,94376.2287132887
2016-07-20,AMZN,95192.45784425183
2016-07-21,AMZN,95151.67389547959
2016-07-22,AMZN,96088.91961986409
2016-07-25,AMZN,95751.94642803536
2016-07-26,AMZN,95116.29360945094
2016-07-27,AMZN,95335.26921073893
2016-07-28,AMZN,97029.75016543822
2016-07-29,AMZN,96870.84723949843
2016-08-01,AMZN,98010.86540833548
2016-08-02,AMZN,97454.19221115531
2016-08-03,AMZN,96615.08170103126
2016-08-04,AMZN,97001.90563951827
2016-08-05,AMZN,98828.45328637978
2016-08-08,AMZN,98783.22110508819
2016-08-09,AMZN,98655.24044341361
2016-08-10,AMZN,98258.49608495498
2016-08-11,AMZN,98200.9842758635
2016-08-12,AMZN,97900.16667819623
2016-08-15,AMZN,97211.38175833097
2016-08-16,AMZN,96199.70841104907
2016-08-17,AMZN,96446.15458913238
2016-08-18,AMZN,95601.5268610332
2016-08-19,AMZN,95470.95596536958
2016-08-22,AMZN,96220.34217976446
2016-08-23,AMZN,96298.06682007501
2016-08-24,AMZN,95922.99193235763
2016-08-25,AMZN,96150.24140275952
2016-08-26,AMZN,97464.09305263874
2016-08-29,AMZN,98297.9565279248
2016-08-30,AMZN,98253.42917220846
2016-08-31,AMZN,98817.09188967652
2016-09-01,AMZN,98876.42058247307
2016-09-02,AMZN,98293.28705848877
2016-09-06,AMZN,99178.05264524954
2016-09-07,AMZN,99026.71680499957
2016-09-08,AMZN,99081.15479144342
2016-09-09,AMZN,97199.27442122727
2016-09-12,AMZN,98761.4791939406
2016-09-13,AMZN,98090.36581752588
2016-09-14,AMZN,98264.58891048325
2016-09-15,AMZN,99050.94714199756
2016-09-16,AMZN,100697.88956949515
2016-09-19,AMZN,100012.72471209834
2016-09-20,AMZN,101032.34300989237
2016-09-21,AMZN,101940.40699761274
2016-09-22,AMZN,102713.4792670336
2016-09-23,AMZN,103849.08444463008
2016-09-26,AMZN,103242.40583073485
2016-09-27,AMZN,105839.59605663143
2016-09-28,AMZN,107426.28568668937
2016-09-29,AMZN,106324.73924716798
2016-09-30,AMZN,107515.22096934401
2016-10-03,AMZN,107605.85174907687
2016-10-04,AMZN,107526.7722773828
2016-10-05,AMZN,108924.6841663545
2016-10-06,AMZN,108840.03265691832
2016-10-07,AMZN,109324.09315705733
2016-10-10,AMZN,109621.03029836311
2016-10-11,AMZN,107697.43600118517
2016-10-12,AMZN,108408.17427987058
2016-10-13,AMZN,107335.45716422566
2016-10-14,AMZN,106083.46570566746
2016-10-17,AMZN,104554.385777142
2016-10-18,AMZN,104886.71495156936
2016-10-19,AMZN,104915.85948910587
2016-10-20,AMZN,104692.0832425109
2016-10-21,AMZN,106822.41267015338
2016-10-24,AMZN,109838.73525576685
2016-10-25,AMZN,109015.86314375701
2016-10-26,AMZN,107581.85831178613
2016-10-27,AMZN,107236.9303802012
2016-10-28,AMZN,101720.45834546113
2016-10-31,AMZN,103628.52102794894
2016-11-01,AMZN,102865.38092559262
2016-11-02,AMZN,100348.05722661578
2016-11-03,AMZN,100510.70747519733
2016-11-04,AMZN,99133.037785177
2016-11-07,AMZN,102834.03576598225
2016-11-08,AMZN,102847.96977603516
2016-11-09,AMZN,101312.47985047256
2016-11-10,AMZN,97927.39252388902
2016-11-11,AMZN,97482.8570757309
2016-11-14,AMZN,95605.75973018234
2016-11-15,AMZN,97989.90663671594
2016-11-16,AMZN,98038.39667844422
2016-11-17,AMZN,99434.8480121961
2016-11-18,AMZN,100600.17529273103
2016-11-21,AMZN,102599.69692500265
2016-11-22,AMZN,103354.61014661679
2016-11-23,AMZN,102867.49540231837
2016-11-25,AMZN,103236.5871040414
2016-11-28,AMZN,100589.22895997766
2016-11-29,AMZN,100285.48242047546
2016-11-30,AMZN,98647.70859900255
2016-12-01,AMZN,97046.63269581425
2016-12-02,AMZN,96375.51344585308
2016-12-05,AMZN,98658.21441577138
2016-12-06,AMZN,99421.97515620371
2016-12-07,AMZN,99944.32334786927
2016-12-08,AMZN,99310.60879961679
2016-12-09,AMZN,99053.83888470489
2016-12-12,AMZN,97774.74296708073
2016-12-13,AMZN,99452.26699314883
2016-12-14,AMZN,98765.88435378589
2016-12-15,AMZN,99802.48894794342
2016-12-16,AMZN,98941.22342057072
2016-12-19,AMZN,100458.22146402714
2016-12-20,AMZN,100999.36304651719
2016-12-21,AMZN,101091.6697448401
2016-12-22,AMZN,101024.89731082939
2016-12-23,AMZN,100776.21135369583
2016-12-27,AMZN,102208.50894149557
2016-12-28,AMZN,102463.96122415151
2016-12-29,AMZN,101028.35878754339
2016-12-30,AMZN,98563.04730032227
2017-01-03,AMZN,99121.543254754
2017-01-04,AMZN,98693.7062991828
2017-01-05,AMZN,101184.36605507821
2017-01-06,AMZN,102965.34281280225
2017-01-09,AMZN,103288.47597132143
2017-01-10,AMZN,102945.9111632624
2017-01-11,AMZN,103638.87413250982
2017-01-12,AMZN,104388.24859981179
2017-01-13,AMZN,105130.12646398146
2017-01-17,AMZN,103496.92030380592
2017-01-18,AMZN,103542.60279032614
2017-01-19,AMZN,105358.29808117764
2017-01-20,AMZN,105685.22163501261
2017-01-23,AMZN,106413.42000947599
2017-01-24,AMZN,106064.74279740051
2017-01-25,AMZN,107176.3036336369
2017-01-26,AMZN,107636.48229386788
2017-01-27,AMZN,107363.99672647678
2017-01-30,AMZN,106600.98584214257
2017-01-31,AMZN,105038.04491827286
2017-02-01,AMZN,106527.96199684918
2017-02-02,AMZN,107023.74218002551
2017-02-03,AMZN,103233.09234389744
2017-02-06,AMZN,103563.11908811235
2017-02-07,AMZN,104727.16985121655
2017-02-08,AMZN,105576.25755892799
2017-02-09,AMZN,105547.55941092246
2017-02-10,AMZN,105983.12008008907
2017-02-13,AMZN,107128.44989277516
2017-02-14,AMZN,107012.26918593951
2017-02-15,AMZN,107968.09489562707
2017-02-16,AMZN,107897.78658664721
2017-02-17,AMZN,108387.56008964338
2017-02-21,AMZN,110231.52084391116
2017-02-22,AMZN,110401.09208807188
2017-02-23,AMZN,109367.49866539973
2017-02-24,AMZN,108351.44365245834
2017-02-27,AMZN,108978.36446530497
2017-02-28,AMZN,109599.74065029297
2017-03-01,AMZN,111385.74907948475
2017-03-02,AMZN,111248.4764673098
2017-03-03,AMZN,111525.34761605802
2017-03-06,AMZN,111087.95440039574
2017-03-07,AMZN,111118.20316466683
2017-03-08,AMZN,112189.51062916125
2017-03-09,AMZN,112836.59336915762
2017-03-10,AMZN,112321.9904274245
2017-03-13,AMZN,112494.78037504552
2017-03-14,AMZN,112532.3984822756
2017-03-15,AMZN,112122.88111811441
2017-03-16,AMZN,111271.41070838887
2017-03-17,AMZN,111276.86723305058
2017-03-20,AMZN,112061.44382213858
2017-03-21,AMZN,109922.38826230475
2017-03-22,AMZN,110912.9344629686
2017-03-23,AMZN,110624.91532303854
2017-03-24,AMZN,110708.40387027555
2017-03-27,AMZN,110858.52780210586
2017-03-28,AMZN,112068.67611568017
2017-03-29,AMZN,114381.56515655611
2017-03-30,AMZN,114131.10734624034
2017-03-31,AMZN,115511.58654931757
2017-04-03,AMZN,116804.96497408462
2017-04-04,AMZN,119176.14504788246
2017-04-05,AMZN,119355.70719457231
2017-04-06,AMZN,117990.94364397433
2017-04-07,AMZN,117342.86240107969
2017-04-10,AMZN,118528.92134277103
2017-04-11,AMZN,117767.18697586756
2017-04-12,AMZN,116686.40939663014
2017-04-13,AMZN,114964.82594071374
2017-04-17,AMZN,117339.2168865766
2017-04-18,AMZN,118350.63962920955
2017-04-19,AMZN,118481.49245510326
2017-04-20,AMZN,119052.60674518076
2017-04-21,AMZN,118797.8240468213
2017-04-24,AMZN,119847.52077603906
2017-04-25,AMZN,120765.07837268828
2017-04-26,AMZN,120994.85151021932
2017-04-27,AMZN,122483.1122486938
2017-04-28,AMZN,123708.76672492355
2017-05-01,AMZN,126798.3343927471
2017-05-02,AMZN,127182.02381527305
2017-05-03,AMZN,126332.98896947975
2017-05-04,AMZN,126129.26892619825
2017-05-05,AMZN,125391.06202856632
2017-05-08,AMZN,127324.71575298214
2017-05-09,AMZN,128046.3768702351
2017-05-10,AMZN,127006.08760459807
2017-05-11,AMZN,127152.75984895849
2017-05-12,AMZN,129060.94391807317
2017-05-15,AMZN,127922.59970997735
2017-05-16,AMZN,128578.6650603605
2017-05-17,AMZN,125908.89150515503
2017-05-18,AMZN,127710.55097781496
2017-05-19,AMZN,127260.88792359692
2017-05-22,AMZN,128696.78795322569
2017-05-23,AMZN,128298.56346105904
2017-05-24,AMZN,129174.07821214467
2017-05-25,AMZN,130822.88255387021
2017-05-26,AMZN,131168.19226597506
2017-05-30,AMZN,131416.22038590504
2017-05-31,AMZN,131443.8025600831
2017-06-01,AMZN,131619.56843791076
2017-06-02,AMZN,133083.61841787543
2017-06-05,AMZN,133485.12622251344
2017-06-06,AMZN,132168.33388370642
2017-06-07,AMZN,133406.49118250154
2017-06-08,AMZN,133541.6943484736
2017-06-09,AMZN,128838.24253048045
2017-06-12,AMZN,126714.5952408611
2017-06-13,AMZN,127100.58905144836
2017-06-14,AMZN,126263.55190322484
2017-06-15,AMZN,125371.53640228313
2017-06-16,AMZN,127939.3393173895
2017-06-19,AMZN,128788.73832306334
2017-06-20,AMZN,128911.53655891102
2017-06-21,AMZN,130585.39744983666
2017-06-22,AMZN,129787.88535359403
2017-06-23,AMZN,130369.45651421986
2017-06-26,AMZN,128809.88113247196
2017-06-27,AMZN,126102.8360092776
2017-06-28,AMZN,126611.24235949498
2017-06-29,AMZN,124340.32568162508
2017-06-30,AMZN,122969.90003223925
2017-07-03,AMZN,121148.21763969578
2017-07-05,AMZN,123449.36546119739
2017-07-06,AMZN,122313.69175889222
2017-07-07,AMZN,123474.47878801326
2017-07-10,AMZN,125718.42022483936
2017-07-11,AMZN,125734.6135924307
2017-07-12,AMZN,126058.9253759396
2017-07-13,AMZN,124822.92562654425
2017-07-14,AMZN,124273.83126214682
2017-07-17,AMZN,125265.09403547883
2017-07-18,AMZN,126641.04864993272
2017-07-19,AMZN,126608.47983480977
2017-07-20,AMZN,126733.41016802259
2017-07-21,AMZN,125998.66083140705
2017-07-24,AMZN,127253.73590185697
2017-07-25,AMZN,127347.35631673817
2017-07-26,AMZN,128877.98294583154
2017-07-27,AMZN,128199.15760291433
2017-07-28,AMZN,124288.52883323957
2017-07-31,AMZN,120725.19895007095
2017-08-01,AMZN,122035.86517991978
2017-08-02,AMZN,122447.56946121306
2017-08-03,AMZN,121518.58390100073
2017-08-04,AMZN,122158.87682128887
2017-08-07,AMZN,122760.1380674988
2017-08-08,AMZN,122788.95955998001
2017-08-09,AMZN,122134.88729969575
2017-08-10,AMZN,119070.59154444252
2017-08-11,AMZN,120201.67017556683
2017-08-14,AMZN,122295.32713695936
2017-08-15,AMZN,122706.69466825557
2017-08-16,AMZN,121601.08765028122
2017-08-17,AMZN,118922.9560384626
2017-08-18,AMZN,118090.62164310504
2017-08-21,AMZN,117349.75598677539
2017-08-22,AMZN,118807.44295807464
2017-08-23,AMZN,117826.39623988607
2017-08-24,AMZN,116817.45800740589
2017-08-25,AMZN,115593.23471866365
2017-08-28,AMZN,115593.56363726544
2017-08-29,AMZN,116884.171705952
2017-08-30,AMZN,119394.24157505023
2017-08-31,AMZN,120337.23554357063
2017-09-01,AMZN,118650.70541292989
2017-09-05,AMZN,116896.84094566708
2017-09-06,AMZN,116189.5093239287
2017-09-07,AMZN,116478.31551908447
2017-09-08,AMZN,114713.28739784924
2017-09-11,AMZN,116107.27575778539
2017-09-12,AMZN,116953.96118499454
2017-09-13,AMZN,119253.79724778666
2017-09-14,AMZN,118479.00207140406
2017-09-15,AMZN,117677.24535891938
2017-09-18,AMZN,116708.71125254032
2017-09-19,AMZN,116560.24757650947
2017-09-20,AMZN,116924.75203844694
2017-09-21,AMZN,116519.57522511999
2017-09-22,AMZN,115160.34259743888
2017-09-25,AMZN,113535.14795463534
2017-09-26,AMZN,113657.84242449557
2017-09-27,AMZN,115534.60106219826
2017-09-28,AMZN,116562.29157067768
2017-09-29,AMZN,117447.90490597757
2017-10-02,AMZN,117418.76232628987
2017-10-03,AMZN,117116.06910945289
2017-10-04,AMZN,117939.35041186614
2017-10-05,AMZN,120483.13639549591
2017-10-06,AMZN,121556.57791520427
2017-10-09,AMZN,121738.38963018847
2017-10-10,AMZN,120808.93614410811
2017-10-11,AMZN,121734.24290638742
2017-10-12,AMZN,122204.99786594478
2017-10-13,AMZN,122597.67185670635
2017-10-16,AMZN,123427.03619540377
2017-10-17,AMZN,123956.92210502684
2017-10-18,AMZN,121861.81633550742
2017-10-19,AMZN,120514.59706818666
2017-10-20,AMZN,121246.14140628366
2017-10-23,AMZN,119603.97808775601
2017-10-24,AMZN,121002.39314387449
2017-10-25,AMZN,121631.68686949111
2017-10-26,AMZN,122142.84008160314
2017-10-27,AMZN,138749.12777835064
2017-10-30,AMZN,139594.43879568804
2017-10-31,AMZN,139500.39940115932
2017-11-01,AMZN,139212.0258905928
2017-11-02,AMZN,137343.96401734915
2017-11-03,AMZN,138894.32184685185
2017-11-06,AMZN,139828.90098114332
2017-11-07,AMZN,140570.8865269981
2017-11-08,AMZN,141165.105391002
2017-11-09,AMZN,140288.85448876
2017-11-10,AMZN,139720.06024953435
2017-11-13,AMZN,140194.3412948168
2017-11-14,AMZN,141703.0654691593
2017-11-15,AMZN,140879.08129901966
2017-11-16,AMZN,141892.75360994693
2017-11-17,AMZN,141388.55859254164
2017-11-20,AMZN,141052.0807364644
2017-11-21,AMZN,142535.34112905225
2017-11-22,AMZN,144065.96188459918
2017-11-24,AMZN,147540.43284121717
2017-11-27,AMZN,149079.370538552
2017-11-28,AMZN,149642.64560195367
2017-11-29,AMZN,146104.78341623736
2017-11-30,AMZN,148463.2257256114
2017-12-01,AMZN,144837.28187932604
2017-12-04,AMZN,140921.01646289811
2017-12-05,AMZN,141700.3616799387
2017-12-06,AMZN,143980.7465147028
2017-12-07,AMZN,145812.58231122748
2017-12-08,AMZN,146283.8071545017
2017-12-11,AMZN,147115.24681294843
2017-12-12,AMZN,146797.00436078195
2017-12-13,AMZN,146460.78494074897
2017-12-14,AMZN,147194.98216399725
2017-12-15,AMZN,148121.34029109296
2017-12-18,AMZN,149940.00759645342
2017-12-19,AMZN,149787.40698586564
2017-12-20,AMZN,148042.69937753462
2017-12-21,AMZN,146441.15750632712
2017-12-22,AMZN,145929.29163724458
2017-12-26,AMZN,146978.4597472809
2017-12-27,AMZN,146299.74991744405
2017-12-28,AMZN,146159.550321283
2017-12-29,AMZN,143618.01194809875
2018-01-02,AMZN,145690.51043729208
2018-01-03,AMZN,147741.60768103247
2018-01-04,AMZN,148195.88734276843
2018-01-05,AMZN,149237.25538310534
2018-01-08,AMZN,151621.8741312046
2018-01-09,AMZN,152723.2287015416
2018-01-10,AMZN,153437.66535664827
2018-01-11,AMZN,156659.07260617087
2018-01-12,AMZN,159762.62518811665
2018-01-16,AMZN,158635.25276480886
2018-01-17,AMZN,157512.60854640167
2018-01-18,AMZN,157574.14177696971
2018-01-19,AMZN,157892.4038076244
2018-01-22,AMZN,161871.2988499596
2018-01-23,AMZN,166114.39971702558
2018-01-24,AMZN,163999.50988517868
2018-01-25,AMZN,166226.04213029615
2018-01-26,AMZN,169105.8439176816
2018-01-29,AMZN,171185.3221379187
2018-01-30,AMZN,173518.70789809266
2018-01-31,AMZN,174598.90986977695
2018-02-01,AMZN,167203.42179764458
2018-02-02,AMZN,173296.84446979495
2018-02-05,AMZN,169856.7964111326
2018-02-06,AMZN,176977.64136647404
2018-02-07,AMZN,173802.86028660298
2018-02-08,AMZN,166378.40975687435
2018-02-09,AMZN,165350.28264810803
2018-02-12,AMZN,171160.2342631375
2018-02-13,AMZN,174471.99427786053
2018-02-14,AMZN,178439.22249907657
2018-02-15,AMZN,178969.23566887295
2018-02-16,AMZN,177837.0136540377
2018-02-20,AMZN,181430.32603403786
2018-02-21,AMZN,183940.67391766855
2018-02-22,AMZN,184793.38168784842
2018-02-23,AMZN,186015.2164010301
2018-02-26,AMZN,189005.4154098365
2018-02-27,AMZN,188566.54010261738
2018-02-28,AMZN,189646.75186354577
2018-03-01,AMZN,187878.3640737352
2018-03-02,AMZN,189321.26732859362
2018-03-05,AMZN,193551.82817396664
2018-03-06,AMZN,194144.9956731541
2018-03-07,AMZN,195815.37550887754
2018-03-08,AMZN,196380.99020161928
2018-03-09,AMZN,198456.8326965974
2018-03-12,AMZN,200751.39235681924
2018-03-13,AMZN,200743.9192478728
2018-03-14,AMZN,201598.75324187134
2018-03-15,AMZN,201861.98797358733
2018-03-16,AMZN,201366.1980011669
2018-03-19,AMZN,197802.83091887066
2018-03-20,AMZN,203095.40336254012
2018-03-21,AMZN,200657.3979928134
2018-03-22,AMZN,195215.416232133
2018-03-23,AMZN,188217.0073106075
2018-03-26,AMZN,196262.7145965461
2018-03-27,AMZN,188595.03855004327
2018-03-28,AMZN,180789.52994660294
2018-03-29,AMZN,182686.89298528875
2018-04-02,AMZN,173364.05741979022
2018-04-03,AMZN,174590.62621141897
2018-04-04,AMZN,176871.97626565138
2018-04-05,AMZN,181566.57273343106
2018-04-06,AMZN,175583.36520276137
2018-04-09,AMZN,175207.81651562953
2018-04-10,AMZN,177402.87438311448
2018-04-11,AMZN,175795.2181500417
2018-04-12,AMZN,178607.75412551378
2018-04-13,AMZN,176438.0229903661
2018-04-16,AMZN,177504.72559443553
2018-04-17,AMZN,184782.4980062573
2018-04-18,AMZN,188660.01367883707
2018-04-19,AMZN,192539.19939646046
2018-04-20,AMZN,190321.4343983596
2018-04-23,AMZN,190681.72361178728
2018-04-24,AMZN,183352.8807134923
2018-04-25,AMZN,183948.97911236357
2018-04-26,AMZN,191125.2174843731
2018-04-27,AMZN,197930.4435049671
2018-04-30,AMZN,196791.65290734023
2018-05-01,AMZN,199298.62741745383
2018-05-02,AMZN,197468.2169348702
2018-05-03,AMZN,197939.42611535385
2018-05-04,AMZN,199040.7650229003
2018-05-07,AMZN,201503.7682063625
2018-05-08,AMZN,202071.06077554307
2018-05-09,AMZN,202367.63963051478
2018-05-10,AMZN,201227.67236574704
2018-05-11,AMZN,200570.12100810942
2018-05-14,AMZN,200284.73909054007
2018-05-15,AMZN,198664.10623548747
2018-05-16,AMZN,199029.71883985712
2018-05-17,AMZN,198213.68940947365
2018-05-18,AMZN,198505.17198396652
2018-05-21,AMZN,199903.45977991167
2018-05-22,AMZN,197936.36599764798
2018-05-23,AMZN,201908.53778713485
2018-05-24,AMZN,202296.4463738682
2018-05-25,AMZN,204498.1511380975
2018-05-29,AMZN,205569.8912871812
2018-05-30,AMZN,205145.4198737318
2018-05-31,AMZN,206556.18112451004
2018-06-01,AMZN,208324.1655974637
2018-06-04,AMZN,210748.8243117835
2018-06-05,AMZN,215761.55359219576
2018-06-06,AMZN,214357.2297483381
2018-06-07,AMZN,214517.57560885837
2018-06-08,AMZN,213678.42985745557
2018-06-11,AMZN,214841.9578749248
2018-06-12,AMZN,216249.73732194997
2018-06-13,AMZN,216760.50679569325
2018-06-14,AMZN,220256.2380326491
2018-06-15,AMZN,221347.89341993118
2018-06-18,AMZN,222879.7319574442
2018-06-19,AMZN,225455.48569660916
2018-06-20,AMZN,227872.2033761145
2018-06-21,AMZN,225438.7362999529
2018-06-22,AMZN,223509.35655951142
2018-06-25,AMZN,216585.8940908207
2018-06-26,AMZN,220274.0818667958
2018-06-27,AMZN,216307.11795517048
2018-06-28,AMZN,220973.95016883183
2018-06-29,AMZN,219112.32178681117
2018-07-02,AMZN,220914.4100283627
2018-07-03,AMZN,218127.36132883115
2018-07-05,AMZN,218454.37494371185
2018-07-06,AMZN,219453.37709342988
2018-07-09,AMZN,222959.28522855273
2018-07-10,AMZN,223956.30799311362
2018-07-11,AMZN,225935.80278980406
2018-07-12,AMZN,231557.70694135723
2018-07-13,AMZN,233761.45374190595
2018-07-16,AMZN,234374.58346766353
2018-07-17,AMZN,238034.32957382852
2018-07-18,AMZN,238210.63973362817
2018-07-19,AMZN,235244.51639176297
2018-07-20,AMZN,233332.9511177359
2018-07-23,AMZN,232074.7062900462
2018-07-24,AMZN,235600.77831016763
2018-07-25,AMZN,238768.74411829584
2018-07-26,AMZN,231236.8253089812
2018-07-27,AMZN,232369.05711306055
2018-07-30,AMZN,226789.6069553232
2018-07-31,AMZN,226493.11816139723
2018-08-01,AMZN,228743.35212433126
2018-08-02,AMZN,233688.54736754176
2018-08-03,AMZN,231728.77398201652
2018-08-06,AMZN,234837.48745345217
2018-08-07,AMZN,237438.86943367266
2018-08-08,AMZN,241039.1772075072
2018-08-09,AMZN,242349.38725858091
2018-08-10,AMZN,242137.4599130454
2018-08-13,AMZN,243835.22222236727
2018-08-14,AMZN,245929.88943375097
2018-08-15,AMZN,242125.8087547168
2018-08-16,AMZN,242885.93768558776
2018-08-17,AMZN,241024.10960298742
2018-08-20,AMZN,240024.59253902972
2018-08-21,AMZN,240348.09768882472
2018-08-22,AMZN,242716.2646332884
2018-08-23,AMZN,243336.94578194525
2018-08-24,AMZN,243151.7450306534
2018-08-27,AMZN,245052.70267977295
2018-08-28,AMZN,244400.57847906474
2018-08-29,AMZN,252928.91899335245
2018-08-30,AMZN,254431.19009798384
2018-08-31,AMZN,257222.7614282899
2018-09-04,AMZN,263183.36363648233
2018-09-05,AMZN,257473.7772255194
2018-09-06,AMZN,252818.8996367538
2018-09-07,AMZN,251554.6892437091
2018-09-10,AMZN,249852.72343297044
2018-09-11,AMZN,255627.8840744661
2018-09-12,AMZN,253520.47322511213
2018-09-13,AMZN,253172.7631903538
2018-09-14,AMZN,251363.18030351878
2018-09-17,AMZN,243171.114029031
2018-09-18,AMZN,246866.34810290977
2018-09-19,AMZN,244157.05928496752
2018-09-20,AMZN,245623.79934921104
2018-09-21,AMZN,242129.79885061222
2018-09-24,AMZN,244936.15389735912
2018-09-25,AMZN,250276.44890601936
2018-09-26,AMZN,250836.44653049612
2018-09-27,AMZN,257058.9325547186
2018-09-28,AMZN,253823.69506113057
2018-10-01,AMZN,251209.82983683285
2018-10-02,AMZN,247337.78439385653
2018-10-03,AMZN,245297.0813695022
2018-10-04,AMZN,241123.94227217493
2018-10-05,AMZN,239293.2988055817
2018-10-08,AMZN,236098.332304375
2018-10-09,AMZN,237376.43167694972
2018-10-10,AMZN,223235.95863457012
2018-10-11,AMZN,219445.63771704386
2018-10-12,AMZN,228161.60279946277
2018-10-15,AMZN,223978.13409176047
2018-10-16,AMZN,230503.83020490845
2018-10-17,AMZN,232998.68954652306
2018-10-18,AMZN,226330.17227764387
2018-10-19,AMZN,226286.69041319747
2018-10-22,AMZN,229545.79604175178
2018-10-23,AMZN,226781.86366323955
2018-10-24,AMZN,212258.8269614056
2018-10-25,AMZN,228125.16723292007
2018-10-26,AMZN,210801.1262851646
2018-10-29,AMZN,197630.80844798716
2018-10-30,AMZN,196754.07395708657
2018-10-31,AMZN,205584.37936845017
2018-11-01,AMZN,213390.4126753743
2018-11-02,AMZN,213667.58533284083
2018-11-05,AMZN,208683.86354054773
2018-11-06,AMZN,211154.92718760238
2018-11-07,AMZN,225053.7135823804
2018-11-08,AMZN,225288.5849582391
2018-11-09,AMZN,221377.39820165062
2018-11-12,AMZN,211606.66164587214
2018-11-13,AMZN,211431.24622298332
2018-11-14,AMZN,207168.76852614447
2018-11-15,AMZN,209292.5391602395
2018-11-16,AMZN,205179.76837343225
2018-11-19,AMZN,195148.64771381993
2018-11-20,AMZN,194104.10991624324
2018-11-21,AMZN,197028.18649684722
2018-11-23,AMZN,194504.93443164302
2018-11-26,AMZN,204800.7366732494
2018-11-27,AMZN,205725.76542099623
2018-11-28,AMZN,218470.7738854293
2018-11-29,AMZN,217484.129677464
2018-11-30,AMZN,220071.518912167
2018-12-03,AMZN,228864.70350990086
2018-12-04,AMZN,215897.66324217155
2018-12-06,AMZN,222959.26369221575
2018-12-07,AMZN,212091.80287855986
2018-12-10,AMZN,214926.18648901582
2018-12-11,AMZN,215585.60955012552
2018-12-12,AMZN,217336.92881392216
2018-12-13,AMZN,216873.83491679796
2018-12-14,AMZN,208492.92433436404
2018-12-17,AMZN,199491.80444483893
2018-12-18,AMZN,204336.883130783
2018-12-19,AMZN,196850.206292004
2018-12-20,AMZN,192984.18710769605
2018-12-21,AMZN,182926.58066924496
2018-12-24,AMZN,178781.673751904
2018-12-26,AMZN,195667.99843894187
2018-12-27,AMZN,195180.21215249816
2018-12-28,AMZN,197324.111430313
2018-12-31,AMZN,200580.38600947338
2019-01-02,AMZN,204910.10210834214
2019-01-03,AMZN,198283.88220537314
2019-01-04,AMZN,206807.3750859822
2019-01-07,AMZN,212364.59778606455
2019-01-08,AMZN,215568.14162295227
2019-01-09,AMZN,214768.10390173167
2019-01-10,AMZN,214564.7186505984
2019-01-11,AMZN,212937.44868804552
2019-01-14,AMZN,210065.03386425844
2019-01-15,AMZN,217465.24818344263
2019-01-16,AMZN,218365.90171337876
2019-01-17,AMZN,220352.62097221552
2019-01-18,AMZN,220175.88008567548
2019-01-22,AMZN,213142.65865427916
2019-01-23,AMZN,214296.21534770745
2019-01-24,AMZN,216293.0586427931
2019-01-25,AMZN,216783.5545920039
2019-01-28,AMZN,212606.92856592796
2019-01-29,AMZN,206987.81043324585
2019-01-30,AMZN,215718.84312018452
2019-01-31,AMZN,221148.6881760289
2019-02-01,AMZN,208466.66958168603
2019-02-04,AMZN,209885.9004864602
2019-02-05,AMZN,213276.40713857787
2019-02-06,AMZN,211790.58392188445
2019-02-07,AMZN,209948.99216468903
2019-02-08,AMZN,206314.97023417178
2019-02-11,AMZN,207049.89381933233
2019-02-12,AMZN,212430.08587124926
2019-02-13,AMZN,212559.73070442094
2019-02-14,AMZN,211232.30528867178
2019-02-15,AMZN,208815.00025452033
2019-02-19,AMZN,210918.11362571412
2019-02-20,AMZN,209112.29959785787
2019-02-21,AMZN,209197.42099101088
2019-02-22,AMZN,210395.71844567687
2019-02-25,AMZN,210597.3984104878
2019-02-26,AMZN,211372.27581652085
2019-02-27,AMZN,211174.82676301023
2019-02-28,AMZN,211397.95496164574
2019-03-01,AMZN,216999.5425159924
2019-03-04,AMZN,221118.42570681608
2019-03-05,AMZN,221094.7611881271
2019-03-06,AMZN,219252.7249992495
2019-03-07,AMZN,213890.24756345715
2019-03-08,AMZN,212958.91258466066
2019-03-11,AMZN,219373.99023947102
2019-03-12,AMZN,219110.02523014514
2019-03-13,AMZN,220568.64413748277
2019-03-14,AMZN,219986.3798983746
2019-03-15,AMZN,223648.0779798133
2019-03-18,AMZN,227590.05582479603
2019-03-19,AMZN,229249.51282195194
2019-03-20,AMZN,234298.1627546672
2019-03-21,AMZN,238037.50324676596
2019-03-22,AMZN,231685.27449693077
2019-03-25,AMZN,233087.47407481854
2019-03-26,AMZN,233741.80868684468
2019-03-27,AMZN,231859.2234910533
2019-03-28,AMZN,233133.3660511625
2019-03-29,AMZN,232946.44043506013
2019-04-01,AMZN,236859.10145181016
2019-04-02,AMZN,236955.98755852337
2019-04-03,AMZN,237477.3392051395
2019-04-04,AMZN,237824.9180640269
2019-04-05,AMZN,240755.00524050868
2019-04-08,AMZN,241298.84082297524
2019-04-09,AMZN,239308.30571678805
2019-04-10,AMZN,240986.90851755603
2019-04-11,AMZN,241500.34262354352
2019-04-12,AMZN,240484.00763822088
2019-04-15,AMZN,241171.67462640983
2019-04-16,AMZN,243674.6218415004
2019-04-17,AMZN,243378.03515513343
2019-04-18,AMZN,243880.76570162125
2019-04-22,AMZN,246701.19180783845
2019-04-23,AMZN,252747.68288592136
2019-04-24,AMZN,250859.96421052355
2019-04-25,AMZN,251261.10785528104
2019-04-26,AMZN,257021.30074254682
2019-04-29,AMZN,255337.88554937893
2019-04-30,AMZN,253146.7003068602
2019-05-01,AMZN,251044.69899379625
2019-05-02,AMZN,250495.3892660286
2019-05-03,AMZN,257984.51928937918
2019-05-06,AMZN,256934.3820441769
2019-05-07,AMZN,253418.0385748427
2019-05-08,AMZN,252804.20206566105
2019-05-09,AMZN,250760.76001080734
2019-05-10,AMZN,248252.7987448884
2019-05-13,AMZN,240108.6684409128
2019-05-14,AMZN,242622.2663535849
2019-05-15,AMZN,246383.9047858962
2019-05-16,AMZN,250955.4289189934
2019-05-17,AMZN,246411.83741501305
2019-05-20,AMZN,245089.46716491747
2019-05-21,AMZN,243898.19251396926
2019-05-22,AMZN,244127.19230121633
2019-05-23,AMZN,239533.39959563897
2019-05-24,AMZN,240009.22342579166
2019-05-28,AMZN,242279.55470686438
2019-05-29,AMZN,240664.00051165116
2019-05-30,AMZN,240053.17908965252
2019-05-31,AMZN,235053.17974226878
2019-06-03,AMZN,223199.9968674419
2019-06-04,AMZN,227113.57415743975
2019-06-05,AMZN,228066.26926686394
2019-06-06,AMZN,229751.87529286157
2019-06-07,AMZN,234578.97505309034
2019-06-10,AMZN,241647.27721964585
2019-06-11,AMZN,242246.67655162784
2019-06-12,AMZN,241611.48578536496
2019-06-13,AMZN,243946.76086965034
2019-06-14,AMZN,244981.05128650245
2019-06-17,AMZN,247530.86744449826
2019-06-18,AMZN,249302.1880918414
2019-06-19,AMZN,249322.11116143508
2019-06-20,AMZN,247695.71831515364
2019-06-21,AMZN,247198.9278819861
2019-06-24,AMZN,247197.95874682014
2019-06-25,AMZN,242228.2766884162
2019-06-26,AMZN,243933.3554787789
2019-06-27,AMZN,244408.20430021916
2019-06-28,AMZN,242596.41883346147
2019-07-01,AMZN,246255.29369690153
2019-07-02,AMZN,248319.26575448315
2019-07-03,AMZN,248143.11418043796
2019-07-05,AMZN,249138.00484763368
2019-07-08,AMZN,250000.63303778518
2019-07-09,AMZN,255503.32377468032
2019-07-10,AMZN,258551.56516960842
2019-07-11,AMZN,256048.6101231226
2019-07-12,AMZN,256668.2829796371
2019-07-15,AMZN,257964.38868781057
2019-07-16,AMZN,256803.3432226453
2019-07-17,AMZN,254539.60793424762
2019-07-18,AMZN,253043.88387607082
2019-07-19,AMZN,251370.569224966
2019-07-22,AMZN,254693.71217272925
2019-07-23,AMZN,256591.62928263115
2019-07-24,AMZN,257305.4805409406
2019-07-25,AMZN,254009.7181089269
2019-07-26,AMZN,250734.70104301136
2019-07-29,AMZN,246355.42787480733
2019-07-30,AMZN,244729.56560555613
2019-07-31,AMZN,240271.35197292425
2019-08-01,AMZN,240049.53749084708
2019-08-02,AMZN,236041.67020167148
2019-08-05,AMZN,228518.5891219309
2019-08-06,AMZN,231947.4363274933
2019-08-07,AMZN,233881.4365911503
2019-08-08,AMZN,237865.14989943185
2019-08-09,AMZN,233943.50431444618
2019-08-12,AMZN,231237.91387292516
2019-08-13,AMZN,236380.52684406517
2019-08-14,AMZN,229721.84776550715
2019-08-15,AMZN,231680.07249261567
2019-08-16,AMZN,233141.46958742908
2019-08-19,AMZN,236417.7220559501
2019-08-20,AMZN,234939.76156011838
2019-08-21,AMZN,237026.61695470972
2019-08-22,AMZN,234959.87845674524
2019-08-23,AMZN,227966.45617616465
2019-08-26,AMZN,229937.83960519327
2019-08-27,AMZN,228815.73575306046
2019-08-28,AMZN,229717.23311583808
2019-08-29,AMZN,232513.8752745883
2019-08-30,AMZN,231180.59197516926
2019-09-03,AMZN,233785.11434489727
2019-09-04,AMZN,233783.0370672991
2019-09-05,AMZN,238358.73729192963
2019-09-06,AMZN,236455.87074021043
2019-09-09,AMZN,235836.6853880522
2019-09-10,AMZN,234410.2456839223
2019-09-11,AMZN,235224.0940707201
2019-09-12,AMZN,238310.11999002803
2019-09-13,AMZN,238702.20466829475
2019-09-16,AMZN,234454.9844873112
2019-09-17,AMZN,236523.26577014595
2019-09-18,AMZN,236111.78664146698
2019-09-19,AMZN,236422.66366637213
2019-09-20,AMZN,233155.0668474849
2019-09-23,AMZN,231916.30653125315
2019-09-24,AMZN,225882.80186439416
2019-09-25,AMZN,229711.8490315827
2019-09-26,AMZN,225840.58672813443
2019-09-27,AMZN,223786.88750331203
2019-09-30,AMZN,225041.5670883003
2019-10-01,AMZN,225024.850975074
2019-10-02,AMZN,222956.68716316845
2019-10-03,AMZN,225020.64160011068
2019-10-04,AMZN,226786.62515157013
2019-10-07,AMZN,225688.81037189992
2019-10-08,AMZN,222436.19501218435
2019-10-09,AMZN,224602.40789300227
2019-10-10,AMZN,223871.55859123642
2019-10-11,AMZN,223761.36890179038
2019-10-14,AMZN,224344.0540783949
2019-10-15,AMZN,228567.6626026076
2019-10-16,AMZN,229693.38847505767
2019-10-17,AMZN,229977.23935484965
2019-10-18,AMZN,225932.04763576703
2019-10-21,AMZN,228921.5065777194
2019-10-22,AMZN,226331.91084739615
2019-10-23,AMZN,225737.58625955594
2019-10-24,AMZN,227929.80916194935
2019-10-25,AMZN,225250.6555530466
2019-10-28,AMZN,227125.69911518288
2019-10-29,AMZN,225616.9494888057
2019-10-30,AMZN,229170.3981089791
2019-10-31,AMZN,228880.80485859764
2019-11-01,AMZN,230732.24851105598
2019-11-04,AMZN,232275.9496545702
2019-11-05,AMZN,231984.4455437403
2019-11-06,AMZN,231676.683456308
2019-11-07,AMZN,230647.54413970167
2019-11-08,AMZN,231169.9765188665
2019-11-11,AMZN,229328.00102330232
2019-11-12,AMZN,230236.99107351463
2019-11-13,AMZN,227374.3263368518
2019-11-14,AMZN,227722.16167393464
2019-11-15,AMZN,225301.33446975582
2019-11-18,AMZN,226698.6433412909
2019-11-19,AMZN,227126.92081284663
2019-11-20,AMZN,227331.02655234572
2019-11-21,AMZN,225599.22312558818
2019-11-22,AMZN,227065.25249071
2019-11-25,AMZN,231070.10273485375
2019-11-26,AMZN,233745.01368536326
2019-11-27,AMZN,236372.80900401622
2019-11-29,AMZN,234264.74814885395
2019-12-02,AMZN,231906.5584019777
2019-12-03,AMZN,230478.04142024965
2019-12-04,AMZN,227909.30265340724
2019-12-05,AMZN,224458.3963651884
2019-12-06,AMZN,227281.36375917416
2019-12-09,AMZN,226655.983773349
2019-12-10,AMZN,225299.12014274026
2019-12-11,AMZN,225983.25908735528
2019-12-12,AMZN,227156.1789056147
2019-12-13,AMZN,227252.13307628955
2019-12-16,AMZN,227609.30147869798
2019-12-17,AMZN,230684.37519170603
2019-12-18,AMZN,229114.21959493414
2019-12-19,AMZN,230226.3619122701
2019-12-20,AMZN,230218.41108821155
2019-12-23,AMZN,230985.82909023986
2019-12-24,AMZN,230445.0320891422
2019-12-26,AMZN,240692.12696780122
2019-12-27,AMZN,239378.7784850688
2019-12-30,AMZN,236102.24212846882
2019-12-31,AMZN,234939.37194820316
2020-01-02,AMZN,241392.44165936825
2020-01-03,AMZN,238388.75307219112
2020-01-06,AMZN,241602.00588137787
2020-01-07,AMZN,242835.33512498255
2020-01-08,AMZN,241253.97475941302
2020-01-09,AMZN,243398.13051542328
2020-01-10,AMZN,240591.4387186793
2020-01-13,AMZN,241575.85685253615
2020-01-14,AMZN,239039.8826856987
2020-01-15,AMZN,237872.37631942696
2020-01-16,AMZN,239814.23343039912
2020-01-17,AMZN,238436.35033485742
2020-01-21,AMZN,242017.17163938514
2020-01-22,AMZN,242341.7966787053
2020-01-23,AMZN,242470.12975316748
2020-01-24,AMZN,239463.99581281398
2020-01-27,AMZN,235932.31259797403
2020-01-28,AMZN,239092.3197506484
2020-01-29,AMZN,240014.3314533634
2020-01-30,AMZN,242036.88326130624
2020-01-31,AMZN,260211.73286588606
2020-02-03,AMZN,260450.23017775963
2020-02-04,AMZN,266420.65099778504
2020-02-05,AMZN,265366.4903732574
2020-02-06,AMZN,266734.2846738289
2020-02-07,AMZN,270817.67989693885
2020-02-10,AMZN,278226.7671869759
2020-02-11,AMZN,279859.1549663446
2020-02-12,AMZN,280252.745230354
2020-02-13,AMZN,278981.799837368
2020-02-14,AMZN,276889.0160765493
2020-02-18,AMZN,279776.6492592153
2020-02-19,AMZN,281090.125002121
2020-02-20,AMZN,279357.49340531253
2020-02-21,AMZN,271328.2340073119
2020-02-24,AMZN,261189.06554486282
2020-02-25,AMZN,256477.80386792612
2020-02-26,AMZN,257872.22491245152
2020-02-27,AMZN,246455.3055745177
2020-02-28,AMZN,247637.32155839546
2020-03-02,AMZN,255469.474526429
2020-03-03,AMZN,249721.9861201571
2020-03-04,AMZN,259026.4864314551
2020-03-05,AMZN,252668.8324825393
2020-03-06,AMZN,249767.95053690742
2020-03-09,AMZN,239686.65412773268
2020-03-10,AMZN,254291.08643641495
2020-03-11,AMZN,245002.46819474592
2020-03-12,AMZN,226824.12970356864
2020-03-13,AMZN,242903.30380462235
2020-03-16,AMZN,230901.74535696153
2020-03-17,AMZN,250860.4615041239
2020-03-18,AMZN,259685.9349445994
2020-03-19,AMZN,266894.73821603425
2020-03-20,AMZN,259005.40431535986
2020-03-23,AMZN,269760.08520558063
2020-03-24,AMZN,275214.7029225462
2020-03-25,AMZN,264028.4788689377
2020-03-26,AMZN,269472.75914413296
2020-03-27,AMZN,261449.22841178
2020-03-30,AMZN,272157.39472973207
2020-03-31,AMZN,270777.1250164786
2020-04-01,AMZN,265501.6348037648
2020-04-02,AMZN,266336.8511525856
2020-04-03,AMZN,263947.3475716801
2020-04-06,AMZN,276252.01821582543
2020-04-07,AMZN,275412.9194527943
2020-04-08,AMZN,280671.9402412331
2020-04-09,AMZN,279659.1117631473
2020-04-13,AMZN,295884.9111201897
2020-04-14,AMZN,310781.88519957656
2020-04-15,AMZN,318208.97686736356
2020-04-16,AMZN,332918.49083792017
2020-04-17,AMZN,326352.59617279714
2020-04-20,AMZN,330059.3561026801
2020-04-21,AMZN,323693.96865092474
2020-04-22,AMZN,327499.7428691883
2020-04-23,AMZN,330321.6432355671
2020-04-24,AMZN,332442.7277010809
2020-04-27,AMZN,326862.1556959696
2020-04-28,AMZN,316644.9473795499
2020-04-29,AMZN,323368.1767337078
2020-04-30,AMZN,336880.5855795298
2020-05-01,AMZN,314777.43761967355
2020-05-04,AMZN,319333.5613139515
2020-05-05,AMZN,318379.20399087906
2020-05-06,AMZN,325092.9279890152
2020-05-07,AMZN,324828.6007776575
2020-05-08,AMZN,324585.357640244
2020-05-11,AMZN,330435.03400783404
2020-05-12,AMZN,323366.0877090167
2020-05-13,AMZN,326214.20758679474
2020-05-14,AMZN,329493.77469336824
2020-05-15,AMZN,332476.39878508955
2020-05-18,AMZN,334750.1367231093
2020-05-19,AMZN,333112.34136529936
2020-05-20,AMZN,339700.3029444741
2020-05-21,AMZN,333767.42974912125
2020-05-22,AMZN,334330.81249420805
2020-05-26,AMZN,327267.6986270259
2020-05-27,AMZN,325152.79704808607
2020-05-28,AMZN,323522.1869954461
2020-05-29,AMZN,329631.4290860632
2020-06-01,AMZN,329704.43531071715
2020-06-02,AMZN,327102.55995259393
2020-06-03,AMZN,327629.49146834743
2020-06-04,AMZN,325372.7887729117
2020-06-05,AMZN,326414.5816664426
2020-06-08,AMZN,330675.7221525373
2020-06-09,AMZN,341755.6663407936
2020-06-10,AMZN,347021.08342132776
2020-06-11,AMZN,339373.82578017015
2020-06-12,AMZN,338728.3249820204
2020-06-15,AMZN,342611.19732897216
2020-06-16,AMZN,347106.6864452905
2020-06-17,AMZN,350440.09831011546
2020-06-18,AMZN,353048.4443585891
2020-06-19,AMZN,355794.94013550924
2020-06-22,AMZN,359839.80880953657
2020-06-23,AMZN,365761.69847300847
2020-06-24,AMZN,363799.93395523314
2020-06-25,AMZN,367940.91930138733
2020-06-26,AMZN,360516.58624258795
2020-06-29,AMZN,359000.5495029022
2020-06-30,AMZN,368048.1585126614
2020-07-01,AMZN,384041.08741533937
2020-07-02,AMZN,384400.27631773014
2020-07-06,AMZN,405289.31915154663
2020-07-07,AMZN,398917.8643262977
2020-07-08,AMZN,408330.93322821864
2020-07-09,AMZN,422314.6980931858
2020-07-10,AMZN,425839.9497746516
2020-07-13,AMZN,412244.3343118227
2020-07-14,AMZN,411067.4322290631
2020-07-15,AMZN,398639.3799101217
2020-07-16,AMZN,397713.9419719714
2020-07-17,AMZN,393582.87313009123
2020-07-20,AMZN,423823.40660473774
2020-07-21,AMZN,413079.795391746
2020-07-22,AMZN,407241.62334382307
2020-07-23,AMZN,391530.7206058368
2020-07-24,AMZN,395313.62910773
2020-07-27,AMZN,400110.54275484994
2020-07-28,AMZN,392776.57616619265
2020-07-29,AMZN,396736.7933307838
2020-07-30,AMZN,401289.0365687003
2020-07-31,AMZN,415253.5753582537
2020-08-03,AMZN,408325.42188378994
2020-08-04,AMZN,410879.7175998862
2020-08-05,AMZN,416094.1738334811
2020-08-06,AMZN,419632.59009041346
2020-08-07,AMZN,414781.16210074566
2020-08-10,AMZN,411544.9965868169
2020-08-11,AMZN,400823.71072392113
2020-08-12,AMZN,410290.019408808
2020-08-13,AMZN,408986.8008358709
2020-08-14,AMZN,408321.7548329498
2020-08-17,AMZN,411441.5066560334
2020-08-18,AMZN,427059.3136826223
2020-08-19,AMZN,420387.1646041817
2020-08-20,AMZN,425916.9441373523
2020-08-21,AMZN,424605.79627669364
2020-08-24,AMZN,427610.08200776094
2020-08-25,AMZN,432228.9704195148
2020-08-26,AMZN,443231.5717479805
2020-08-27,AMZN,436978.1517123999
2020-08-28,AMZN,436143.8594682222
2020-08-31,AMZN,440588.62463730853
2020-09-01,AMZN,447182.5733181752
2020-09-02,AMZN,451727.8642349314
2020-09-03,AMZN,432667.59512208495
2020-09-04,AMZN,422144.32608885766
2020-09-08,AMZN,406738.5834572216
2020-09-09,AMZN,421498.10480234213
2020-09-10,AMZN,409101.60909068363
2020-09-11,AMZN,402244.70956617984
2020-09-14,AMZN,400198.96312326484
2020-09-15,AMZN,407086.0800864586
2020-09-16,AMZN,396781.76120248466
2020-09-17,AMZN,388780.84753970196
2020-09-18,AMZN,381423.94866781443
2020-09-21,AMZN,385239.987887442
2020-09-22,AMZN,407692.5511683789
2020-09-23,AMZN,392275.86024614074
2020-09-24,AMZN,395356.2945492184
2020-09-25,AMZN,405886.4884937225
2020-09-28,AMZN,415676.5079025305
2020-09-29,AMZN,412255.2982652154
2020-09-30,AMZN,411155.84868178045
2020-10-01,AMZN,419145.9471876807
2020-10-02,AMZN,407171.37181245896
2020-10-05,AMZN,415555.22112597193
2020-10-06,AMZN,402755.63175213116
2020-10-07,AMZN,415285.69582599687
2020-10-08,AMZN,412902.5160967804
2020-10-09,AMZN,422634.00169941277
2020-10-12,AMZN,442730.28413607314
2020-10-13,AMZN,442721.7381259732
2020-10-14,AMZN,432644.61976618064
2020-10-15,AMZN,432392.9402582011
2020-10-16,AMZN,422638.1053505398
2020-10-19,AMZN,413329.17834305955
2020-10-20,AMZN,413741.87329585577
2020-10-21,AMZN,409119.75051785103
2020-10-22,AMZN,408644.64130251773
2020-10-23,AMZN,412184.1108821153
2020-10-26,AMZN,414438.7597941388
2020-10-27,AMZN,423493.628507323
2020-10-28,AMZN,411846.22141703876
2020-10-29,AMZN,419602.6252142213
2020-10-30,AMZN,395833.7512252871
2020-11-02,AMZN,389909.4240400341
2020-11-03,AMZN,392266.93441336975
2020-11-04,AMZN,416849.1164228275
2020-11-05,AMZN,424416.80904578365
2020-11-06,AMZN,422668.45983864716
2020-11-09,AMZN,399149.6520902647
2020-11-10,AMZN,386742.25116067805
2020-11-11,AMZN,399788.18490446353
2020-11-12,AMZN,399559.788134653
2020-11-13,AMZN,402674.03252900555
2020-11-16,AMZN,401064.54766513477
2020-11-17,AMZN,401930.0343145637
2020-11-18,AMZN,397116.5846763089
2020-11-19,AMZN,399205.1062002462
2020-11-20,AMZN,396584.3767579851
2020-11-23,AMZN,396790.06248148205
2020-11-24,AMZN,397812.13004815
2020-11-25,AMZN,405427.37098755204
2020-11-27,AMZN,406170.3237107239
2020-11-30,AMZN,402079.874358315
2020-12-01,AMZN,408274.87610080047
2020-12-02,AMZN,405610.7470237435
2020-12-03,AMZN,401799.06989128725
2020-12-04,AMZN,396309.5848446839
2020-12-07,AMZN,395735.65516800305
2020-12-08,AMZN,398369.3945156739
2020-12-09,AMZN,389054.6389922561
2020-12-10,AMZN,386618.8185818126
2020-12-11,AMZN,389548.9409995732
2020-12-14,AMZN,394245.5442623935
2020-12-15,AMZN,394180.130575464
2020-12-16,AMZN,404608.67300922674
2020-12-17,AMZN,402890.6861215929
2020-12-18,AMZN,400389.39328875527
2020-12-21,AMZN,403279.7243870954
2020-12-22,AMZN,405174.4658662111
2020-12-23,AMZN,400869.15043718764
2020-12-24,AMZN,398631.2137226929
2020-12-28,AMZN,412612.9835397124
2020-12-29,AMZN,416449.4411646851
2020-12-30,AMZN,410726.2477044223
2020-12-31,AMZN,405931.61690902663
2021-01-04,AMZN,397764.85387269023
2021-01-05,AMZN,400357.8973747858
2021-01-06,AMZN,389713.23779901245
2021-01-07,AMZN,393347.169668484
2021-01-08,AMZN,395839.86754500115
2021-01-11,AMZN,389850.67095479066
2021-01-12,AMZN,389396.27577997436
2021-01-13,AMZN,393902.8815618935
2021-01-14,AMZN,387408.1488278359
2021-01-15,AMZN,386750.1510806673
2021-01-19,AMZN,389052.7398789005
2021-01-20,AMZN,404308.8715350971
2021-01-21,AMZN,408771.7800891996
2021-01-22,AMZN,409818.1269390861
2021-01-25,AMZN,410746.61912139575
2021-01-26,AMZN,413579.6674789564
2021-01-27,AMZN,404258.67620704643
2021-01-28,AMZN,405998.2503357711
2021-01-29,AMZN,401116.58728677395
2021-02-01,AMZN,419656.0177093952
2021-02-02,AMZN,424117.4343826968
2021-02-03,AMZN,414517.69830071775
2021-02-04,AMZN,418295.06609045004
2021-02-05,AMZN,419278.6932533835
2021-02-08,AMZN,414843.2396132857
2021-02-09,AMZN,411503.5528429923
2021-02-10,AMZN,408244.8955618178
2021-02-11,AMZN,405110.77900194086
2021-02-12,AMZN,407850.2461015967
2021-02-16,AMZN,405896.2111709633
2021-02-17,AMZN,411730.04266805196
2021-02-18,AMZN,413647.7888708042
2021-02-19,AMZN,401302.60837672144
2021-02-22,AMZN,392731.48886571376
2021-02-23,AMZN,394117.7437228104
2021-02-24,AMZN,388103.4710049116
2021-02-25,AMZN,374988.8872500969
2021-02-26,AMZN,384068.17033806833
2021-03-01,AMZN,389937.68754560157
2021-03-02,AMZN,382482.03673707525
2021-03-03,AMZN,371562.0664180634
2021-03-04,AMZN,368344.0560362437
2021-03-05,AMZN,372087.47668528365
2021-03-08,AMZN,365841.8058153331
2021-03-09,AMZN,378833.7949505774
2021-03-10,AMZN,378250.4852201993
2021-03-11,AMZN,382856.64761462226
2021-03-12,AMZN,377834.21719330625
2021-03-15,AMZN,376488.12564690586
2021-03-16,AMZN,376975.1405409145
2021-03-17,AMZN,382629.73489421746
2021-03-18,AMZN,369277.9323028088
2021-03-19,AMZN,376449.7850934612
2021-03-22,AMZN,381060.43683522876
2021-03-23,AMZN,385826.16978203924
2021-03-24,AMZN,379625.89751052996
2021-03-25,AMZN,375918.2663379221
2021-03-26,AMZN,375854.7302280111
2021-03-29,AMZN,379192.41607681033
2021-03-30,AMZN,377779.08417053125
2021-03-31,AMZN,380880.4576667402
2021-04-01,AMZN,388808.8545670739
2021-04-05,AMZN,395629.0502997467
2021-04-06,AMZN,396346.47854785045
2021-04-07,AMZN,405039.1511028562
2021-04-08,AMZN,406272.17883774266
2021-04-09,AMZN,414093.60866778827
2021-04-12,AMZN,415273.0207127353
2021-04-13,AMZN,417840.17949557985
2021-04-14,AMZN,408921.0915137696
2021-04-15,AMZN,414475.3461150406
2021-04-16,AMZN,416074.1841970275
2021-04-19,AMZN,413243.8161345016
2021-04-20,AMZN,410400.3246113344
2021-04-21,AMZN,412152.39764692675
2021-04-22,AMZN,404912.50373622816
2021-04-23,AMZN,408448.87208329473
2021-04-26,AMZN,414207.4693237721
2021-04-27,AMZN,414931.8773029197
2021-04-28,AMZN,418359.83564511774
2021-04-29,AMZN,417701.81244591443
2021-04-30,AMZN,416994.9252558582
2021-05-03,AMZN,407062.1042698072
2021-05-04,AMZN,399262.17357765546
2021-05-05,AMZN,392901.7551462056
2021-05-06,AMZN,394874.534521443
2021-05-07,AMZN,391693.98561894783
2021-05-10,AMZN,377755.727034107
2021-05-11,AMZN,381744.2449033932
2021-05-12,AMZN,373223.4107814819
2021-05-13,AMZN,376024.2681887419
2021-05-14,AMZN,382035.9819982327
2021-05-17,AMZN,386770.12113863265
2021-05-18,AMZN,381312.6547516338
2021-05-19,AMZN,382806.2369232014
2021-05-20,AMZN,383733.4506302316
2021-05-21,AMZN,378181.48279638245
2021-05-24,AMZN,383128.53603812325
2021-05-25,AMZN,384663.31918026175
2021-05-26,AMZN,387077.35852258117
2021-05-27,AMZN,381753.4898655219
2021-05-28,AMZN,381331.6321802474
2021-06-01,AMZN,379356.9536916545
2021-06-02,AMZN,381547.2226609254
2021-06-03,AMZN,377593.27844395395
2021-06-04,AMZN,379274.10536098166
2021-06-07,AMZN,377959.7329233163
2021-06-08,AMZN,386538.6759982092
2021-06-09,AMZN,388492.3213169275
2021-06-10,AMZN,396569.9924427036
2021-06-11,AMZN,398005.33448541857
2021-06-14,AMZN,402211.3674007729
2021-06-15,AMZN,403644.4696644378
2021-06-16,AMZN,407577.0459193862
2021-06-17,AMZN,421531.80916978075
2021-06-18,AMZN,423911.5783263525
2021-06-21,AMZN,418486.88632860273
2021-06-22,AMZN,424003.650082817
2021-06-23,AMZN,421441.01980429346
2021-06-24,AMZN,415836.01971945335
2021-06-25,AMZN,409362.1968107948
2021-06-28,AMZN,415849.6326422997
2021-06-29,AMZN,418018.00894606387
2021-06-30,AMZN,417387.3584312149
2021-07-01,AMZN,416513.7976132518
2021-07-02,AMZN,424570.6372275817
2021-07-06,AMZN,447840.8843211551
2021-07-07,AMZN,451429.38235090656
2021-07-08,AMZN,458055.9213832332
2021-07-09,AMZN,454245.2603743146
2021-07-12,AMZN,453967.9898244071
2021-07-13,AMZN,450486.16322977183
2021-07-14,AMZN,450402.6805560813
2021-07-15,AMZN,446893.1523584899
2021-07-16,AMZN,440543.87017112906
2021-07-19,AMZN,443348.46706963546
2021-07-20,AMZN,445281.7409713802
2021-07-21,AMZN,441828.5537892859
2021-07-22,AMZN,447556.8846448527
2021-07-23,AMZN,450131.4499697839
2021-07-26,AMZN,454505.21766710567
2021-07-27,AMZN,446515.4128385284
2021-07-28,AMZN,446571.6226781545
2021-07-29,AMZN,438744.17050513806
2021-07-30,AMZN,405945.7701981474
2021-08-02,AMZN,406419.1056024497
2021-08-03,AMZN,413394.6957959765
2021-08-04,AMZN,411979.9699013375
2021-08-05,AMZN,413006.9555842417
2021-08-06,AMZN,410942.6487345118
2021-08-09,AMZN,411057.429579441
2021-08-10,AMZN,407637.1166368856
2021-08-11,AMZN,403035.4435898072
2021-08-12,AMZN,404881.373939988
2021-08-13,AMZN,403518.6661306512
2021-08-16,AMZN,405912.2890254743
2021-08-17,AMZN,400607.7913246414
2021-08-18,AMZN,395792.9281195384
2021-08-19,AMZN,399184.09260885965
2021-08-20,AMZN,402716.6372771805
2021-08-23,AMZN,405449.8373027631
2021-08-24,AMZN,408008.58908277395
2021-08-25,AMZN,407549.2601289309
2021-08-26,AMZN,410665.7991221006
2021-08-27,AMZN,414307.25500458793
2021-08-30,AMZN,422133.47569069645
2021-08-31,AMZN,428681.6067934744
2021-09-01,AMZN,429353.8283123213
2021-09-02,AMZN,426241.38513888326
2021-09-03,AMZN,426205.1355679785
2021-09-07,AMZN,433571.71796013037
2021-09-08,AMZN,437473.8594551699
2021-09-09,AMZN,431593.6817608109
2021-09-10,AMZN,428954.49567772244
2021-09-13,AMZN,428519.85323965247
2021-09-14,AMZN,427598.5874773379
2021-09-15,AMZN,430456.02671549976
2021-09-16,AMZN,432782.029427773
2021-09-17,AMZN,431184.06454635994
2021-09-20,AMZN,421399.31566657574
2021-09-21,AMZN,418998.59556977975
2021-09-22,AMZN,422070.99486129946
2021-09-23,AMZN,423117.0519495606
2021-09-24,AMZN,425201.6284081253
2021-09-27,AMZN,421320.2029114517
2021-09-28,AMZN,411602.20688719006
2021-09-29,AMZN,411731.3974994355
2021-09-30,AMZN,409725.82219861203
2021-10-01,AMZN,406707.5770054572
2021-10-04,AMZN,392910.9080894398
2021-10-05,AMZN,396504.2772470557
2021-10-06,AMZN,402764.80231600464
2021-10-07,AMZN,405979.9385757564
2021-10-08,AMZN,401834.32291714253
2021-10-11,AMZN,396663.27023404127
2021-10-12,AMZN,396120.3391777296
2021-10-13,AMZN,400114.4486632461
2021-10-14,AMZN,399654.38747394434
2021-10-15,AMZN,413108.63254701777
2021-10-18,AMZN,417544.61872199463
2021-10-19,AMZN,416625.18942187337
2021-10-20,AMZN,412169.0236991074
2021-10-21,AMZN,415317.80454664706
2021-10-22,AMZN,403488.31555824145
2021-10-25,AMZN,402364.71982530766
2021-10-26,AMZN,409017.77987775195
2021-10-27,AMZN,410406.8912362771
2021-10-28,AMZN,416648.01010772085
2021-10-29,AMZN,408840.8980260968
2021-11-01,AMZN,401735.9742973607
2021-11-02,AMZN,402254.4792317924
2021-11-03,AMZN,411335.500889516
2021-11-04,AMZN,423729.1244369553
2021-11-05,AMZN,428950.854078917
2021-11-08,AMZN,425189.0825128859
2021-11-09,AMZN,435788.1281268478
2021-11-10,AMZN,424448.02890306956
2021-11-11,AMZN,423282.7055382322
2021-11-12,AMZN,433601.20903690805
2021-11-15,AMZN,434459.1501369842
2021-11-16,AMZN,434992.7461701214
2021-11-17,AMZN,437575.8340109666
2021-11-18,AMZN,456431.3062636805
2021-11-19,AMZN,454889.47878148715
2021-11-22,AMZN,443453.35294662777
2021-11-23,AMZN,445328.0656323134
2021-11-24,AMZN,444321.3652210346
2021-11-26,AMZN,438134.6118956284
2021-11-29,AMZN,445053.972671041
2021-11-30,AMZN,439170.6232615934
2021-12-01,AMZN,430697.0476945025
2021-12-02,AMZN,431213.9354458087
2021-12-03,AMZN,425148.02250743005
2021-12-06,AMZN,428785.14958617603
2021-12-07,AMZN,436646.5391106407
2021-12-08,AMZN,436010.86475571926
2021-12-09,AMZN,433070.61830170976
2021-12-10,AMZN,428671.65896361927
2021-12-13,AMZN,424646.5019115131
2021-12-14,AMZN,425242.16762579506
2021-12-15,AMZN,437491.16488089104
2021-12-16,AMZN,422603.45338427223
2021-12-17,AMZN,427601.6965412643
2021-12-20,AMZN,423352.7808632025
2021-12-21,AMZN,431310.28901764285
2021-12-22,AMZN,430803.29427642474
2021-12-23,AMZN,429240.2417551723
2021-12-27,AMZN,425732.40905465925
2021-12-28,AMZN,428219.00627425284
2021-12-29,AMZN,424158.0793242028
2021-12-30,AMZN,421837.2727426982
2021-12-31,AMZN,413818.3919012931
2022-01-03,AMZN,422970.1173534583
2022-01-04,AMZN,416800.4795424377
2022-01-05,AMZN,409215.45799957454
2022-01-06,AMZN,407236.3156156717
2022-01-07,AMZN,403103.24781014613
2022-01-10,AMZN,400865.8240520422
2022-01-11,AMZN,408124.035596302
2022-01-12,AMZN,404636.3628650899
2022-01-13,AMZN,394035.78817119956
2022-01-14,AMZN,398230.6026128145
2022-01-18,AMZN,389824.0716207203
2022-01-19,AMZN,382267.4584642373
2022-01-20,AMZN,370406.71633511584
2022-01-21,AMZN,350348.5179737048
2022-01-24,AMZN,358158.850716638
2022-01-25,AMZN,346124.801767807
2022-01-26,AMZN,342745.0143379795
2022-01-27,AMZN,347533.48769883584
2022-01-28,AMZN,360026.27824686386
2022-01-31,AMZN,372467.36788109853
2022-02-01,AMZN,375761.43481603405
2022-02-02,AMZN,373813.70415860147
2022-02-03,AMZN,344665.272460768
2022-02-04,AMZN,393756.9004381666
2022-02-07,AMZN,392331.752914258
2022-02-08,AMZN,401635.1685773096
2022-02-09,AMZN,400162.605870675
2022-02-10,AMZN,394798.00808461045
2022-02-11,AMZN,381220.65151987807
2022-02-14,AMZN,386972.1965889053
2022-02-15,AMZN,390413.44089319673
2022-02-16,AMZN,392677.2407906055
2022-02-17,AMZN,384385.85676116985
2022-02-18,AMZN,380455.81396259466
2022-02-22,AMZN,374726.9995183692
2022-02-23,AMZN,360618.0909146678
2022-02-24,AMZN,380258.46084367624
2022-02-25,AMZN,383804.08198426676
2022-02-28,AMZN,381769.3543145114
2022-03-01,AMZN,376046.4780257575
2022-03-02,AMZN,377119.8099059319
2022-03-03,AMZN,366701.22117557074
2022-03-04,AMZN,363557.40151694126
2022-03-07,AMZN,343737.0054310726
2022-03-08,AMZN,342641.5831426606
2022-03-09,AMZN,349612.2924190788
2022-03-10,AMZN,367242.86005166115
2022-03-11,AMZN,362410.5974440936
2022-03-14,AMZN,354851.44104199327
2022-03-15,AMZN,369392.60350820405
2022-03-16,AMZN,381317.6805495551
2022-03-17,AMZN,389461.2763608028
2022-03-18,AMZN,398325.1001439672
2022-03-21,AMZN,398161.59823114885
2022-03-22,AMZN,406375.55129759695
2022-03-23,AMZN,402181.6903283574
2022-03-24,AMZN,401944.25808624196
2022-03-25,AMZN,403315.3004580061
2022-03-28,AMZN,414927.60331894533
2022-03-29,AMZN,414664.8091032139
2022-03-30,AMZN,406013.49414668465
2022-03-31,AMZN,398779.1526952399
2022-04-01,AMZN,400666.4621802344
2022-04-04,AMZN,411665.4258255922
2022-04-05,AMZN,399919.7562608742
2022-04-06,AMZN,388805.04655111884
2022-04-07,AMZN,388741.42821155733
2022-04-08,AMZN,380703.10397351946
2022-04-11,AMZN,373422.61210968654
2022-04-12,AMZN,372479.21090861154
2022-04-13,AMZN,383915.63042079395
2022-04-14,AMZN,374271.6430397822
2022-04-18,AMZN,377442.1481778301
2022-04-19,AMZN,390797.6628506018
2022-04-20,AMZN,376941.3049976049
2022-04-21,AMZN,363768.4243363219
2022-04-22,AMZN,358978.17912228336
2022-04-25,AMZN,364867.0731595895
2022-04-26,AMZN,349238.4548918158
2022-04-27,AMZN,347010.3544097934
2022-04-28,AMZN,363185.27906524466
2022-04-29,AMZN,311261.8087651587
2022-05-02,AMZN,314318.4336687346
2022-05-03,AMZN,312529.6725041017
2022-05-04,AMZN,315830.47835467604
2022-05-05,AMZN,292222.7490285807
2022-05-06,AMZN,289466.5579843033
2022-05-09,AMZN,276123.3679698544
2022-05-10,AMZN,277324.0598736274
2022-05-11,AMZN,267574.2723002244
2022-05-12,AMZN,272977.6354929276
2022-05-13,AMZN,286707.65923510765
2022-05-16,AMZN,279604.1647360102
2022-05-17,AMZN,289885.539589661
2022-05-18,AMZN,269287.45854255126
2022-05-19,AMZN,269135.50597992295
2022-05-20,AMZN,270238.92412291636
2022-05-23,AMZN,270153.52471523086
2022-05-24,AMZN,261409.3509470115
2022-05-25,AMZN,268356.59736316925
2022-05-26,AMZN,278192.6536291339
2022-05-27,AMZN,287163.5110494461
2022-05-31,AMZN,297674.4828342342
2022-06-01,AMZN,301110.1159438072
2022-06-02,AMZN,309548.05083097634
2022-06-03,AMZN,301320.8920742364
2022-06-06,AMZN,306963.59053810826
2022-06-07,AMZN,302343.74082258367
2022-06-08,AMZN,297514.15851005097
2022-06-09,AMZN,287529.7951959611
2022-06-10,AMZN,274294.2379203991
2022-06-13,AMZN,260999.36369913348
2022-06-14,AMZN,259197.92154769256
2022-06-15,AMZN,272945.8889743091
2022-06-16,AMZN,262374.5469211522
2022-06-17,AMZN,271079.3816330287
2022-06-21,AMZN,275101.98173457576
2022-06-22,AMZN,276062.7333918947
2022-06-23,AMZN,285786.4247983742
2022-06-24,AMZN,294886.72147773206
2022-06-27,AMZN,285663.0920697986
2022-06-28,AMZN,270495.13996661216
2022-06-29,AMZN,274621.92503527395
2022-06-30,AMZN,267955.5085381787
2022-07-01,AMZN,276407.16990342585
2022-07-05,AMZN,289725.0136070493
2022-07-06,AMZN,292045.16430919914
2022-07-07,AMZN,295764.660045657
2022-07-08,AMZN,293348.9369533523
2022-07-11,AMZN,284426.48734511784
2022-07-12,AMZN,278307.87694789644
2022-07-13,AMZN,280471.7110423979
2022-07-14,AMZN,284564.8955096085
2022-07-15,AMZN,289852.64577163395
2022-07-18,AMZN,288384.1769268822
2022-07-19,AMZN,298646.7035699416
2022-07-20,AMZN,309686.3943864559
2022-07-21,AMZN,314646.63765569794
2022-07-22,AMZN,308611.77815745544
2022-07-25,AMZN,304815.77556265314
2022-07-26,AMZN,289584.87666205055
2022-07-27,AMZN,304861.6988645782
2022-07-28,AMZN,307277.28490746557
2022-07-29,AMZN,338825.08187071147
2022-08-01,AMZN,339929.8098145656
2022-08-02,AMZN,337682.12105509784
2022-08-03,AMZN,351091.34931024985
2022-08-04,AMZN,358794.35278086324
2022-08-05,AMZN,356545.2582859425
2022-08-08,AMZN,350923.7202521188
2022-08-09,AMZN,347567.1901084257
2022-08-10,AMZN,357280.47163272847
2022-08-11,AMZN,351156.2245887539
2022-08-12,AMZN,359265.189970071
2022-08-15,AMZN,361843.24418159964
2022-08-16,AMZN,364724.5750489136
2022-08-17,AMZN,359225.1617509434
2022-08-18,AMZN,360176.51964962337
2022-08-19,AMZN,351579.9050312799
2022-08-22,AMZN,339984.89193327125
2022-08-23,AMZN,339357.5854242071
2022-08-24,AMZN,340102.89148166083
2022-08-25,AMZN,347712.2588746024
2022-08-26,AMZN,332503.7655958974
2022-08-29,AMZN,330570.6561534536
2022-08-30,AMZN,329559.4996782602
2022-08-31,AMZN,325410.42450078117
2022-09-01,AMZN,329482.0941673073
2022-09-02,AMZN,327559.6021390151
2022-09-06,AMZN,324407.57909382926
2022-09-07,AMZN,333710.3819502002
2022-09-08,AMZN,333366.66201133723
2022-09-09,AMZN,340112.4947301236
2022-09-12,AMZN,346758.71601663914
2022-09-13,AMZN,325513.9418414482
2022-09-14,AMZN,331363.8179096179
2022-09-15,AMZN,326353.0366887817
2022-09-16,AMZN,321301.79652207735
2022-09-19,AMZN,324314.14859028364
2022-09-20,AMZN,319251.830914955
2022-09-21,AMZN,310922.12982626056
2022-09-22,AMZN,309602.23038137594
2022-09-23,AMZN,302290.8005904872
2022-09-26,AMZN,309222.1336114349
2022-09-27,AMZN,307458.9458680906
2022-09-28,AMZN,315608.4798348098
2022-09-29,AMZN,308079.9637667445
2022-09-30,AMZN,303249.44168677815
2022-10-03,AMZN,309957.3371689767
2022-10-04,AMZN,321806.84516156826
2022-10-05,AMZN,323021.3555623138
2022-10-06,AMZN,323122.52740009426
2022-10-07,AMZN,307548.03973649966
2022-10-10,AMZN,305158.7436875691
2022-10-11,AMZN,302623.27268787846
2022-10-12,AMZN,305080.97010103805
2022-10-13,AMZN,304169.2743037563
2022-10-14,AMZN,289997.82026164694
2022-10-17,AMZN,305881.9064748671
2022-10-18,AMZN,313382.7111507322
2022-10-19,AMZN,310426.6276576166
2022-10-20,AMZN,309784.0068550813
2022-10-21,AMZN,320350.10774694674
2022-10-24,AMZN,321903.63729153806
2022-10-25,AMZN,322015.7750405601
2022-10-26,AMZN,307172.3637891945
2022-10-27,AMZN,294298.96351483464
2022-10-28,AMZN,275650.85094635887
2022-10-31,AMZN,273747.1190254612
2022-11-01,AMZN,257985.55499140505
2022-11-02,AMZN,245826.6364026747
2022-11-03,AMZN,240381.87841236734
2022-11-04,AMZN,240771.67828106094
2022-11-07,AMZN,239155.40163963314
2022-11-08,AMZN,236786.38303093272
2022-11-09,AMZN,227338.98324995075
2022-11-10,AMZN,253094.27694685225
2022-11-11,AMZN,263990.1911774111
2022-11-14,AMZN,256230.55105612893
2022-11-15,AMZN,257440.00824906974
2022-11-16,AMZN,253103.70986246766
2022-11-17,AMZN,247912.11738739433
2022-11-18,AMZN,246701.46199097563
2022-11-21,AMZN,243511.73860890925
2022-11-22,AMZN,244438.83484501016
2022-11-23,AMZN,246804.26080112564
2022-11-25,AMZN,244642.13199294652
2022-11-28,AMZN,247454.34296551446
2022-11-29,AMZN,245686.28996785212
2022-11-30,AMZN,255315.6874594562
2022-12-01,AMZN,251162.92956834653
2022-12-02,AMZN,248204.8823528644
2022-12-05,AMZN,241118.34674024698
2022-12-06,AMZN,235827.63816865435
2022-12-07,AMZN,236232.9422421546
2022-12-08,AMZN,240254.22666929453
2022-12-09,AMZN,237740.9361388872
2022-12-12,AMZN,242133.40912383658
2022-12-13,AMZN,245311.0232109504
2022-12-14,AMZN,243148.45192893792
2022-12-15,AMZN,236206.23718424793
2022-12-16,AMZN,235439.11677524025
2022-12-19,AMZN,226995.49042155096
2022-12-20,AMZN,227183.4889388068
2022-12-21,AMZN,231244.11633798736
2022-12-22,AMZN,224024.15724397538
2022-12-23,AMZN,227043.06419003144
2022-12-27,AMZN,221157.2557224658
2022-12-28,AMZN,217299.34986366847
2022-12-29,AMZN,223435.2402345764
2022-12-30,AMZN,222743.67712723537
2023-01-03,AMZN,229485.2476091403
2023-01-04,AMZN,225166.53853633834
2023-01-05,AMZN,220735.64472614264
2023-01-06,AMZN,227281.75141324053
2023-01-09,AMZN,228779.99130715124
2023-01-10,AMZN,236145.00937809586
2023-01-11,AMZN,249935.70098166543
2023-01-12,AMZN,249532.151140708
2023-01-13,AMZN,257534.79162615008
2023-01-17,AMZN,251800.79671394656
2023-01-18,AMZN,251169.8681845651
2023-01-19,AMZN,247091.67300792146
2023-01-20,AMZN,255536.91067118975
2023-01-23,AMZN,255501.74574853128
2023-01-24,AMZN,252131.45780117917
2023-01-25,AMZN,254820.2381527305
2023-01-26,AMZN,259314.68373562777
2023-01-27,AMZN,266506.9549316254
2023-01-30,AMZN,262928.48500353063
2023-01-31,AMZN,269553.786675403
2023-02-01,AMZN,274236.50095869333
2023-02-02,AMZN,294276.0175266626
2023-02-03,AMZN,271063.2861578783
2023-02-06,AMZN,268911.23243972764
2023-02-07,AMZN,268587.0694527291
2023-02-08,AMZN,263050.9778149624
2023-02-09,AMZN,258253.66672453197
2023-02-10,AMZN,255355.33389806395
2023-02-13,AMZN,260034.08353749348
2023-02-14,AMZN,260491.10027188
2023-02-15,AMZN,265612.8836894225
2023-02-16,AMZN,258247.66983359592
2023-02-17,AMZN,256661.5284012076
2023-02-21,AMZN,250280.28824755564
2023-02-22,AMZN,253969.83477061192
2023-02-23,AMZN,254180.69508854044
2023-02-24,AMZN,249362.7854706734
2023-02-27,AMZN,249156.71796665652
2023-02-28,AMZN,251069.84756189087
2023-03-01,AMZN,245635.24493341357
2023-03-02,AMZN,245564.71930321466
2023-03-03,AMZN,252873.5999749395
2023-03-06,AMZN,249901.047057549
2023-03-07,AMZN,251236.12374648728
2023-03-08,AMZN,253480.18069639377
2023-03-09,AMZN,249063.33249363373
2023-03-10,AMZN,245261.50529859154
2023-03-13,AMZN,248463.52592909717
2023-03-14,AMZN,254064.90399362007
2023-03-15,AMZN,259501.81884155393
2023-03-16,AMZN,269194.3765360956
2023-03-17,AMZN,266067.6019092942
2023-03-20,AMZN,261585.54559373073
2023-03-21,AMZN,269979.6501193635
2023-03-22,AMZN,264970.2472240967
2023-03-23,AMZN,264204.7302932727
2023-03-24,AMZN,264419.8548059315
2023-03-27,AMZN,262622.5672096869
2023-03-28,AMZN,259413.4493772083
2023-03-29,AMZN,266462.0497110868
2023-03-30,AMZN,270254.7944454524
2023-03-31,AMZN,273672.72272814484
2023-04-03,AMZN,269436.3314089855
2023-04-04,AMZN,273671.17211187934
2023-04-05,AMZN,266365.86059855355
2023-04-06,AMZN,269314.7685757433
2023-04-10,AMZN,270585.19905448955
2023-04-11,AMZN,263765.57501367235
2023-04-12,AMZN,257558.9299442535
2023-04-13,AMZN,267826.20045500406
2023-04-14,AMZN,268174.1141060397
2023-04-17,AMZN,269499.94974854693
2023-04-18,AMZN,268125.4576471617
2023-04-19,AMZN,274551.78314344375
2023-04-20,AMZN,273749.7288379384
2023-04-21,AMZN,283522.2431204456
2023-04-24,AMZN,281596.5774192159
2023-04-25,AMZN,273572.3908075082
2023-04-26,AMZN,280041.3954502204
2023-04-27,AMZN,292672.91524994554
2023-04-28,AMZN,280324.81364542316
2023-05-01,AMZN,270647.01029959007
2023-05-02,AMZN,276298.15296542307
2023-05-03,AMZN,276310.8907298469
2023-05-04,AMZN,276225.8417771002
2023-05-05,AMZN,277746.24451965484
2023-05-08,AMZN,276693.7324038337
2023-05-09,AMZN,279510.6813705464
2023-05-10,AMZN,288546.04599378444
2023-05-11,AMZN,295997.34646223247
2023-05-12,AMZN,292161.7209230083
2023-05-15,AMZN,293629.2382532334
2023-05-16,AMZN,298750.1876271786
2023-05-17,AMZN,304440.8905862713
2023-05-18,AMZN,312281.7814335891
2023-05-19,AMZN,307328.17918754497
2023-05-22,AMZN,304050.0119428778
2023-05-23,AMZN,304019.651581224
2023-05-24,AMZN,310455.7937314902
2023-05-25,AMZN,306837.98278920364
2023-05-26,AMZN,320354.6832396394
2023-05-30,AMZN,323893.3285648838
2023-05-31,AMZN,321136.1018185805
2023-06-01,AMZN,324060.22734540503
2023-06-02,AMZN,326823.45881403965
2023-06-05,AMZN,329560.81535266736
2023-06-06,AMZN,332634.51857150125
2023-06-07,AMZN,317479.376673145
2023-06-08,AMZN,324950.33590159594
2023-06-09,AMZN,322394.97707359033
2023-06-12,AMZN,331216.0629748599
2023-06-13,AMZN,330062.88610410277
2023-06-14,AMZN,329115.7062548049
2023-06-15,AMZN,329792.1391064639
2023-06-16,AMZN,324262.2538494571
2023-06-20,AMZN,326070.5151883385
2023-06-21,AMZN,322190.2369910735
2023-06-22,AMZN,335335.2555057972
2023-06-23,AMZN,334210.0151798545
2023-06-26,AMZN,327845.07999117667
2023-06-27,AMZN,333215.39469579596
2023-06-28,AMZN,334850.1318937489
2023-06-29,AMZN,331916.94935828244
2023-06-30,AMZN,337918.1279832722
2023-07-03,AMZN,337555.22112597193
2023-07-05,AMZN,338812.3441062877
2023-07-06,AMZN,335447.88663272193
2023-07-07,AMZN,337761.33170266286
2023-07-10,AMZN,330640.51415720483
2023-07-11,AMZN,334326.7284215693
2023-07-12,AMZN,337727.04193842696
2023-07-13,AMZN,345186.4459431415
2023-07-14,AMZN,347613.40317197616
2023-07-17,AMZN,344827.243335809
2023-07-18,AMZN,343020.53652889066
2023-07-19,AMZN,349023.9862585117
2023-07-20,AMZN,335125.6012227419
2023-07-21,AMZN,336272.28195111384
2023-07-24,AMZN,332159.54640558537
2023-07-25,AMZN,333313.9567210992
2023-07-26,AMZN,331687.5873690036
2023-07-27,AMZN,331469.3361717791
2023-07-28,AMZN,342506.6051293029
2023-07-31,AMZN,344875.33593422675
2023-08-01,AMZN,342680.6715943546
2023-08-02,AMZN,334729.5656055561
2023-08-03,AMZN,336960.937652957
2023-08-04,AMZN,364934.6698479535
2023-08-07,AMZN,371863.6436610729
2023-08-08,AMZN,368669.32324997685
2023-08-09,AMZN,362488.53353207675
2023-08-10,AMZN,363758.725153267
2023-08-11,AMZN,364286.2851384917
2023-08-14,AMZN,370466.65391889546
2023-08-15,AMZN,363389.84685706533
2023-08-16,AMZN,357478.96813535783
2023-08-17,AMZN,354751.539848097
2023-08-18,AMZN,353469.5247778821
2023-08-21,AMZN,357105.9940194245
2023-08-22,AMZN,356123.54743932956
2023-08-23,AMZN,359572.06123629014
2023-08-24,AMZN,350143.5625278178
2023-08-25,AMZN,354984.5316890884
2023-08-28,AMZN,354404.2018046145
2023-08-29,AMZN,359036.5093121816
2023-08-30,AMZN,357928.52742358844
2023-08-31,AMZN,365611.2945687969
2023-09-01,AMZN,367227.75133231614
2023-09-05,AMZN,366230.949804672
2023-09-06,AMZN,361850.6840071162
2023-09-07,AMZN,369046.84740656824
2023-09-08,AMZN,368927.50868958567
2023-09-11,AMZN,380496.38646369433
2023-09-12,AMZN,374943.47690456273
2023-09-13,AMZN,384298.7736034991
2023-09-14,AMZN,382933.8495092978
2023-09-15,AMZN,371778.8766385563
2023-09-18,AMZN,369733.91137732053
2023-09-19,AMZN,361775.29508044804
2023-09-20,AMZN,355544.8895577481
2023-09-21,AMZN,341477.10165281594
2023-09-22,AMZN,340366.472752618
2023-09-25,AMZN,346213.8799734255
2023-09-26,AMZN,333199.2072017511
2023-09-27,AMZN,333347.19707836746
2023-09-28,AMZN,332804.5675307741
2023-09-29,AMZN,336488.11520504556
2023-10-02,AMZN,342682.12236033037
2023-10-03,AMZN,334799.1808360537
2023-10-04,AMZN,341715.29745597125
2023-10-05,AMZN,338670.38831973495
2023-10-06,AMZN,342795.1842139955
2023-10-09,AMZN,343598.8615761727
2023-10-10,AMZN,344534.9286755675
2023-10-11,AMZN,351097.7965064146
2023-10-12,AMZN,353828.47090701916
2023-10-13,AMZN,347138.5758868729
2023-10-16,AMZN,353430.5655442102
2023-10-17,AMZN,351271.57516768976
2023-10-18,AMZN,343300.7732197607
2023-10-19,AMZN,344778.3519350725
2023-10-20,AMZN,335615.0614699268
2023-10-23,AMZN,339292.4752038447
2023-10-24,AMZN,345610.70395106944
2023-10-25,AMZN,327547.51633824845
2023-10-26,AMZN,323643.22708305327
2023-10-27,AMZN,346557.484399208
2023-10-30,AMZN,359417.4675356035
2023-10-31,AMZN,361436.7849772955
2023-11-01,AMZN,372162.58759741933
2023-11-02,AMZN,372447.15309203067
2023-11-03,AMZN,371298.94132588134
2023-11-06,AMZN,374161.4024462669
2023-11-07,AMZN,384460.7366471447
2023-11-08,AMZN,383792.74995529576
2023-11-09,AMZN,379354.47113935056
2023-11-10,AMZN,388408.94240922434
2023-11-13,AMZN,385784.5576632161
2023-11-14,AMZN,391786.1063216328
2023-11-15,AMZN,383397.7030517642
2023-11-16,AMZN,384504.3770973456
2023-11-17,AMZN,390034.8027206267
2023-11-20,AMZN,392701.47504330106
2023-11-21,AMZN,385919.84305883857
2023-11-22,AMZN,394173.96335168055
2023-11-24,AMZN,391381.6186710905
2023-11-27,AMZN,394369.20395172207
2023-11-28,AMZN,390946.07758041215
2023-11-29,AMZN,389316.04509317403
2023-11-30,AMZN,388475.2625801576
2023-12-01,AMZN,388815.89499143115
2023-12-04,AMZN,383988.6679710291
2023-12-05,AMZN,390489.720641078
2023-12-06,AMZN,384074.0380109822
2023-12-07,AMZN,391007.3445435406
2023-12-08,AMZN,392185.10807978106
2023-12-11,AMZN,387600.67584941274
2023-12-12,AMZN,392662.3454767819
2023-12-13,AMZN,395175.97275718633
2023-12-14,AMZN,387307.3274449943
2023-12-15,AMZN,392802.9464319511
2023-12-18,AMZN,403813.18924436177
2023-12-19,AMZN,401784.5974728088
2023-12-20,AMZN,397034.4568340018
2023-12-21,AMZN,400921.28011987254
2023-12-22,AMZN,398234.7434630691
2023-12-26,AMZN,398208.78630341176
2023-12-27,AMZN,396435.9385339889
2023-12-28,AMZN,396749.55850509106
2023-12-29,AMZN,393441.1620746411
2024-01-02,AMZN,390878.2283295503
2024-01-03,AMZN,388234.6312130701
2024-01-04,AMZN,377979.90072401246
2024-01-05,AMZN,379532.5727308206
2024-01-08,AMZN,390349.0844446301
2024-01-09,AMZN,396855.10809283337
2024-01-10,AMZN,402771.56864152703
2024-01-11,AMZN,407390.87015938194
2024-01-12,AMZN,405254.7239628948
2024-01-16,AMZN,404306.80013104534
2024-01-17,AMZN,401637.53561653313
2024-01-18,AMZN,405865.4866494289
2024-01-19,AMZN,409422.81572596385
2024-01-22,AMZN,407704.41964792664
2024-01-23,AMZN,411703.80357816454
2024-01-24,AMZN,414131.0505686246
2024-01-25,AMZN,416824.8390974578
2024-01-26,AMZN,418980.60293912265
2024-01-29,AMZN,424394.4543279554
2024-01-30,AMZN,417668.476154054
2024-01-31,AMZN,407078.7459847784
2024-02-01,AMZN,417998.5929593146
2024-02-02,AMZN,452562.9689863695
2024-02-05,AMZN,451045.95528012246
2024-02-06,AMZN,447278.37477664213
2024-02-07,AMZN,449692.14197797555
2024-02-08,AMZN,447806.08943192364
2024-02-09,AMZN,459653.5847559281
2024-02-12,AMZN,453824.0703154878
2024-02-13,AMZN,447580.65488737804
2024-02-14,AMZN,453590.3031663636
2024-02-15,AMZN,448564.97512879386
2024-02-16,AMZN,447500.1873008705
2024-02-20,AMZN,442197.2754575819
2024-02-21,AMZN,445995.6274709684
2024-02-22,AMZN,461226.602727675
2024-02-23,AMZN,462309.79041881
2024-02-26,AMZN,462341.29024847713
2024-02-27,AMZN,459396.370409334
2024-02-28,AMZN,460187.2434402275
2024-02-29,AMZN,469616.1180556734
2024-03-01,AMZN,473285.69060506666
2024-03-04,AMZN,471864.22971048637
2024-03-05,AMZN,463011.2445783903
2024-03-06,AMZN,459554.74863179005
2024-03-07,AMZN,466452.1325541965
2024-03-08,AMZN,462471.2718316459
2024-03-11,AMZN,454203.76768426946
2024-03-12,AMZN,463538.2524502478
2024-03-13,AMZN,465683.9274969425
2024-03-14,AMZN,472873.35198075563
2024-03-15,AMZN,462135.6985017236
2024-03-18,AMZN,462567.95627993066
2024-03-19,AMZN,467710.09349380736
2024-03-20,AMZN,472925.40139163897
2024-03-21,AMZN,471739.512782795
2024-03-22,AMZN,476027.42880935385
2024-03-25,AMZN,477911.0790749034
2024-03-26,AMZN,473777.40825194126
2024-03-27,AMZN,478371.0325825201
2024-03-28,AMZN,478527.42358842364
2024-04-01,AMZN,480942.9743900322
2024-04-02,AMZN,480128.09813260386
2024-04-03,AMZN,483448.509881263
2024-04-04,AMZN,475898.2284078643
2024-04-05,AMZN,492708.6825374243
2024-04-08,AMZN,492793.72757447336
2024-04-09,AMZN,493579.0246519271
2024-04-10,AMZN,497709.1439371296
2024-04-11,AMZN,506783.8025861878
2024-04-12,AMZN,501652.8642675623
2024-04-15,AMZN,494816.0757661389
2024-04-16,AMZN,496053.4440518595
2024-04-17,AMZN,489575.0397769619
2024-04-18,AMZN,482959.03005558986
2024-04-19,AMZN,470016.0204242789
2024-04-22,AMZN,475896.1628773591
2024-04-23,AMZN,480622.59984050057
2024-04-24,AMZN,473970.19958310877
2024-04-25,AMZN,465452.8367271555
2024-04-26,AMZN,480660.9227733059
2024-04-29,AMZN,483892.4540590775
2024-04-30,AMZN,470970.3229275844
2024-05-01,AMZN,482190.95030066033
2024-05-02,AMZN,495393.4218890109
2024-05-03,AMZN,498441.510571731
2024-05-06,AMZN,504700.2794502883
2024-05-07,AMZN,506486.8360771497
2024-05-08,AMZN,505514.9990798111
2024-05-09,AMZN,507990.11155822576
2024-05-10,AMZN,501584.06937572034
2024-05-13,AMZN,499405.148098211
2024-05-14,AMZN,500047.6494719682
2024-05-15,AMZN,495777.0212504911
2024-05-16,AMZN,489665.9387819831
2024-05-17,AMZN,492338.3828429793
2024-05-20,AMZN,489246.2738873872
2024-05-21,AMZN,489425.8575704141
2024-05-22,AMZN,490268.7643494003
2024-05-23,AMZN,485692.7782788421
2024-05-24,AMZN,483861.7295375431
2024-05-28,AMZN,486361.30533696536
2024-05-29,AMZN,488223.6698701424
2024-05-30,AMZN,480209.2078935244
2024-05-31,AMZN,471080.408851043
2024-06-03,AMZN,476083.4213277609
2024-06-04,AMZN,480368.1029880689
2024-06-05,AMZN,486096.83520264394
2024-06-06,AMZN,495709.7006188108
2024-06-07,AMZN,495782.5325949198
2024-06-10,AMZN,504122.7532053249
2024-06-11,AMZN,504654.2132253993
2024-06-12,AMZN,501286.24141320144
2024-06-13,AMZN,494734.13979301625
2024-06-14,AMZN,494456.41502218245
2024-06-17,AMZN,495245.0208641423
2024-06-18,AMZN,491165.852636635
2024-06-20,AMZN,499094.3905020838
2024-06-21,AMZN,507234.4132392348
2024-06-24,AMZN,496401.39098632504
2024-06-25,AMZN,498315.21757573937
2024-06-26,AMZN,519159.35714686604
2024-06-27,AMZN,530296.3726282293
2024-06-28,AMZN,517853.50918296364
2024-07-01,AMZN,528438.354519433
2024-07-02,AMZN,536333.1057877927
2024-07-03,AMZN,527549.1837728269
2024-07-05,AMZN,533827.0592980199
2024-07-08,AMZN,531970.9912066484
2024-07-09,AMZN,532260.5687942392
2024-07-10,AMZN,532758.0346852498
2024-07-11,AMZN,520271.1490092633
2024-07-12,AMZN,518929.7328058454
2024-07-15,AMZN,515565.43587588286
2024-07-16,AMZN,517199.38601861004
2024-07-17,AMZN,503523.87661897787
2024-07-18,AMZN,492720.0654704645
2024-07-19,AMZN,492169.0308778864
2024-07-22,AMZN,491610.99306007853
2024-07-23,AMZN,502480.50569929794
2024-07-24,AMZN,488359.74427883944
2024-07-25,AMZN,486593.3985253483
2024-07-26,AMZN,494156.14758003363
2024-07-29,AMZN,496840.6324112736
2024-07-30,AMZN,492764.15818374284
2024-07-31,AMZN,505517.9006117625
2024-08-01,AMZN,498983.85427339666
2024-08-02,AMZN,455544.0796609528
2024-08-05,AMZN,436877.353823744
2024-08-06,AMZN,437317.3333576977
2024-08-07,AMZN,437833.1501656993
2024-08-08,AMZN,446113.3568362207
2024-08-09,AMZN,448821.1948881873
2024-08-12,AMZN,448640.7438781331
2024-08-13,AMZN,457366.46296337387
2024-08-14,AMZN,456617.54859054467
2024-08-15,AMZN,476862.8311538125
2024-08-16,AMZN,475162.355266026
2024-08-19,AMZN,476321.3626105695
2024-08-20,AMZN,477244.78983798146
2024-08-21,AMZN,479292.1828317542
2024-08-22,AMZN,469045.808441461
2024-08-23,AMZN,468938.8903173934
2024-08-26,AMZN,463210.4870214202
2024-08-27,AMZN,456216.9923004332
2024-08-28,AMZN,450471.01926914806
2024-08-29,AMZN,454053.50670302176
2024-08-30,AMZN,471478.0910190864
2024-09-03,AMZN,467501.9937427152
2024-09-04,AMZN,458976.1984318936
2024-09-05,AMZN,470667.92534591927
2024-09-06,AMZN,454510.2082237482
2024-09-09,AMZN,465693.80288639123
2024-09-10,AMZN,478048.03451556945
2024-09-11,AMZN,490919.2909454713
2024-09-12,AMZN,497590.6059803145
2024-09-13,AMZN,496050.9810780438
2024-09-16,AMZN,492048.47829463537
2024-09-17,AMZN,497454.23789429443
2024-09-18,AMZN,496037.38577583677
2024-09-19,AMZN,504186.5614562219
2024-09-20,AMZN,508855.48073672544
2024-09-23,AMZN,512823.0222137527
2024-09-24,AMZN,511439.70021418866
2024-09-25,AMZN,507442.8654031145
2024-09-26,AMZN,504281.13142778084
2024-09-27,AMZN,496785.93598878547
2024-09-30,AMZN,492451.579788213
2024-10-01,AMZN,489461.3279174884
2024-10-02,AMZN,488012.840877795
2024-10-03,AMZN,482362.731956139
2024-10-04,AMZN,495775.5372010854
2024-10-07,AMZN,481730.11184537696
2024-10-08,AMZN,488562.9729020671
2024-10-09,AMZN,496310.2315874108
2024-10-10,AMZN,502615.83612544334
2024-10-11,AMZN,508718.0436652496
2024-10-14,AMZN,505269.4730906733
2024-10-15,AMZN,507290.4644931064
2024-10-16,AMZN,503884.14821176615
2024-10-17,AMZN,506270.5662229312
2024-10-18,AMZN,510693.11372360657
2024-10-21,AMZN,512130.8541311263
2024-10-22,AMZN,513465.92103082046
2024-10-23,AMZN,500610.29998159624
2024-10-24,AMZN,505209.3984574762
2024-10-25,AMZN,510132.7343186099
2024-10-28,AMZN,512501.98395347106
2024-10-29,AMZN,519737.6215008347
2024-10-30,AMZN,525063.3266200873
2024-10-31,AMZN,507854.7067338253
2024-11-01,AMZN,539888.7080416683
2024-11-04,AMZN,532567.6378031892
2024-11-05,AMZN,541124.5492053091
2024-11-06,AMZN,564995.84609742
2024-11-07,AMZN,570233.9041985415
2024-11-08,AMZN,567072.9651098287
2024-11-11,AMZN,563422.8653248006
2024-11-12,AMZN,570329.3963168948
2024-11-13,AMZN,586007.2544824949
2024-11-14,AMZN,580782.1397199231
2024-11-15,AMZN,558485.4192472202
2024-11-18,AMZN,554515.9218792217
2024-11-19,AMZN,560072.4945734957
2024-11-20,AMZN,555813.6702225553
2024-11-21,AMZN,542203.6763179912
2024-11-22,AMZN,539493.1677602341
2024-11-25,AMZN,551383.2854530527
2024-11-26,AMZN,573078.8973917539
2024-11-27,AMZN,565381.0508949327
2024-11-29,AMZN,570231.0848962406
2024-12-02,AMZN,579863.8694663035
2024-12-03,AMZN,587376.6992496218
2024-12-04,AMZN,600793.0384116886
2024-12-05,AMZN,606165.8337107631
2024-12-06,AMZN,628331.6543692007
2024-12-09,AMZN,625464.5061587398
2024-12-10,AMZN,624189.9426611342
2024-12-11,AMZN,638082.516801606
2024-12-12,AMZN,636031.9285985588
2024-12-13,AMZN,633752.3856387874
2024-12-16,AMZN,649357.8131872866
2024-12-17,AMZN,647382.4377045137
2024-12-18,AMZN,619251.5979309453
2024-12-19,AMZN,628210.5065999083
2024-12-20,AMZN,632576.2157914866
2024-12-23,AMZN,634291.8591340826
2024-12-24,AMZN,645133.3686616276
2024-12-26,AMZN,639500.2460363351
2024-12-27,AMZN,631519.799725118
2024-12-30,AMZN,623001.7281278919
2024-12-31,AMZN,618054.2461172595
2025-01-02,AMZN,621642.8361659055
2025-01-03,AMZN,633902.8893932888
2025-01-06,AMZN,639384.1416856035
2025-01-07,AMZN,623586.0872652376
2025-01-08,AMZN,625816.723161482
2025-01-10,AMZN,618201.0789052232
2025-01-13,AMZN,616375.2634938203
2025-01-14,AMZN,612694.8797032423
2025-01-15,AMZN,626805.0844028627
2025-01-16,AMZN,621588.8230326556
2025-01-17,AMZN,638541.4091551622
2025-01-21,AMZN,648905.4698380338
2025-01-22,AMZN,661137.8801979255
2025-01-23,AMZN,662383.4890693302
2025-01-24,AMZN,659170.4202979325
2025-01-27,AMZN,662844.4058385663
2025-01-28,AMZN,671137.0859639208
2025-01-29,AMZN,669996.5117660188
2025-01-30,AMZN,662164.2374113585
2025-01-31,AMZN,674000.6395639479
2025-02-03,AMZN,678794.8513796962
2025-02-04,AMZN,679833.7721090078
2025-02-05,AMZN,660979.5802894223
2025-02-06,AMZN,669686.7428835458
2025-02-07,AMZN,641466.9834901135
2025-02-10,AMZN,653777.4513246153
2025-02-11,AMZN,651982.7108896857
2025-02-12,AMZN,640851.1303966471
2025-02-13,AMZN,642356.4028835198
2025-02-14,AMZN,634241.381875802
2025-02-18,AMZN,629809.315314163
2025-02-19,AMZN,631084.8616518762
2025-02-20,AMZN,619115.1515309726
2025-02-21,AMZN,602420.6960283079
2025-02-24,AMZN,592405.8470502397
2025-02-25,AMZN,595239.6080647708
2025-02-26,AMZN,601757.4923611266
2025-02-27,AMZN,589400.2613075558
2025-02-28,AMZN,600060.8186157487
2025-03-03,AMZN,579137.272612175
2025-03-04,AMZN,578124.9942896076
2025-03-05,AMZN,586206.015294715
2025-03-06,AMZN,562258.2154599574
2025-03-07,AMZN,560614.6894786509
2025-03-10,AMZN,549647.7973548158
2025-03-11,AMZN,556209.5962002071
2025-03-12,AMZN,560380.5777481345
2025-03-13,AMZN,546976.1697167776
2025-03-14,AMZN,557615.8230731178
2025-03-17,AMZN,548171.2308473439
2025-03-18,AMZN,539880.4968237167
2025-03-19,AMZN,548453.372525116
2025-03-20,AMZN,547600.0656531971
2025-03-21,AMZN,551177.7269897291
2025-03-24,AMZN,569788.176420452
2025-03-25,AMZN,575770.085897354
2025-03-26,AMZN,561848.3476408574
2025-03-27,AMZN,564107.1961386
2025-03-28,AMZN,539826.894838719
2025-03-31,AMZN,535506.45502756
2025-04-01,AMZN,539828.876181725
2025-04-02,AMZN,549541.3804400462
2025-04-03,AMZN,491429.89987561136
2025-04-04,AMZN,475940.5179423792
2025-04-07,AMZN,488140.414306915
2025-04-08,AMZN,474325.95050297136
2025-04-09,AMZN,529415.0469818455
2025-04-10,AMZN,497254.1105035979
2025-04-11,AMZN,502745.0933045486
2025-04-14,AMZN,494945.6931894271
2025-04-15,AMZN,489933.47099185927
2025-04-16,AMZN,474082.06910684245
2025-04-17,AMZN,468289.3955076506
2025-04-21,AMZN,452725.59965646284
2025-04-22,AMZN,468818.6196643725
2025-04-23,AMZN,490461.2169727219
2025-04-24,AMZN,506629.18734916404
2025-04-25,AMZN,512950.1981995623
2025-04-28,AMZN,508971.18960199546
2025-04-29,AMZN,508020.52282394894
2025-04-30,AMZN,498705.02136013063
2025-05-01,AMZN,515228.90515788755
2025-05-02,AMZN,513293.92401197157
2025-05-05,AMZN,503960.57479830895
2025-05-06,AMZN,499250.045356831
2025-05-07,AMZN,509714.81190946384
2025-05-08,AMZN,522991.6504273984
2025-05-09,AMZN,526415.9397609076
2025-05-12,AMZN,571798.1118505979
2025-05-13,AMZN,578079.8325908735
2025-05-14,AMZN,574810.9044347886
2025-05-15,AMZN,561766.0416343078
2025-05-16,AMZN,562674.5148124315
2025-05-19,AMZN,564234.5346258616
2025-05-20,AMZN,556756.4938582283
2025-05-21,AMZN,545282.3857562584
2025-05-22,AMZN,551525.4252773946
2025-05-23,AMZN,541309.6520641601
2025-05-27,AMZN,555622.9091806142
2025-05-28,AMZN,554161.0265392934
2025-05-29,AMZN,556008.3508778341
2025-05-30,AMZN,552216.6594661338
2025-06-02,AMZN,554570.7710139178
2025-06-03,AMZN,552692.5635680881
2025-06-04,AMZN,554910.0975400283
2025-06-05,AMZN,555998.2659985616
2025-06-06,AMZN,572430.610574733
2025-06-09,AMZN,581315.5282210856
2025-06-10,AMZN,583003.3740261334
2025-06-11,AMZN,570395.3679907381
2025-06-12,AMZN,568289.678090497
2025-06-13,AMZN,564670.1873139228
2025-06-16,AMZN,573626.9540962765
2025-06-17,AMZN,572121.8891413789
2025-06-18,AMZN,568908.9613350963
2025-06-20,AMZN,563591.1228524031
2025-06-23,AMZN,561414.0987304003
2025-06-24,AMZN,571202.8318325335
2025-06-25,AMZN,570146.4529652926
2025-06-26,AMZN,579820.2172690098
2025-06-27,AMZN,597897.8185648447
2025-06-30,AMZN,586011.1251496123
2025-07-01,AMZN,588869.1948150942
2025-07-02,AMZN,586522.6072803261
2025-07-03,AMZN,593774.5791603961
2025-07-07,AMZN,597477.9618010643
2025-07-08,AMZN,587391.2029936813
2025-07-09,AMZN,596603.5669395038
2025-07-10,AMZN,595417.7683917056
2025-07-11,AMZN,602855.6556378867
2025-07-14,AMZN,605048.3464661482
2025-07-15,AMZN,607571.0992799032
2025-07-16,AMZN,599176.3878211362
2025-07-17,AMZN,602825.8885044254
2025-07-18,AMZN,607423.3012724712
2025-07-21,AMZN,614726.3318919215
2025-07-22,AMZN,607237.2762668261
2025-07-23,AMZN,608264.1992985681
2025-07-24,AMZN,619716.8885344458
2025-07-25,AMZN,620961.8571892862
2025-07-28,AMZN,625449.9143114834
2025-07-29,AMZN,622838.4454941415
2025-07-30,AMZN,622430.3084133986
2025-07-31,AMZN,634542.4911929434
2025-08-01,AMZN,580092.1526808824
2025-08-04,AMZN,571718.2962277475
2025-08-05,AMZN,576888.7204413775
2025-08-06,AMZN,598293.7856573217
2025-08-07,AMZN,600806.4163926766
2025-08-08,AMZN,599534.4607496995
2025-08-11,AMZN,597265.3746604765
2025-08-12,AMZN,597290.5819640356
2025-08-13,AMZN,605272.3928958803
2025-08-14,AMZN,624340.344607497
2025-08-15,AMZN,624475.4949115509
2025-08-18,AMZN,625854.8444358589
2025-08-19,AMZN,618365.8984502974
2025-08-20,AMZN,607588.9078727711
2025-08-21,AMZN,603886.5550605824
2025-08-22,AMZN,620706.4753891878
2025-08-25,AMZN,617417.3950951971
2025-08-26,AMZN,619592.6375747735
2025-08-27,AMZN,619985.626779195
2025-08-28,AMZN,623749.0194440492
2025-08-29,AMZN,616118.9693361718
2025-09-02,AMZN,608345.3814998949
2025-09-03,AMZN,610321.3991570809
2025-09-04,AMZN,638105.7525514034
2025-09-05,AMZN,629035.5969546314
2025-09-08,AMZN,637938.6932272789
2025-09-09,AMZN,645223.5510939807
2025-09-10,AMZN,624747.9569847562
2025-09-11,AMZN,623267.0362215084
2025-09-12,AMZN,618566.9068729631
2025-09-15,AMZN,625466.0763534936
2025-09-16,AMZN,629980.8130815626
2025-09-17,AMZN,623984.2745582766
2025-09-18,AMZN,624608.6540833547
2025-09-19,AMZN,624876.0825272435
2025-09-22,AMZN,615730.9393628116
2025-09-23,AMZN,597703.9758688607
2025-09-24,AMZN,598979.8687458151
2025-09-25,AMZN,594828.7437006214
2025-09-26,AMZN,599875.6726842239
2025-09-29,AMZN,605529.0766654441
2025-09-30,AMZN,598442.7211749181
2025-10-01,AMZN,602152.498149833
2025-10-02,AMZN,608012.0714432087
2025-10-03,AMZN,599654.4455567927
2025-10-06,AMZN,603538.126495307
2025-10-07,AMZN,605768.758475854
2025-10-08,AMZN,615208.8515650391
2025-10-09,AMZN,624232.6864165755
2025-10-10,AMZN,593067.6488976659
2025-10-13,AMZN,603209.3057859654
2025-10-14,AMZN,595071.2996330991
2025-10-15,AMZN,592774.0988348189
2025-10-16,AMZN,589875.2902510876
2025-10-17,AMZN,585400.0080924418
2025-10-20,AMZN,594894.9640212649
2025-10-21,AMZN,609537.985530192
2025-10-22,AMZN,597227.7252276653
2025-10-23,AMZN,605702.1113441676
2025-10-24,AMZN,615171.5545450156
2025-10-27,AMZN,621899.9389151168
2025-10-28,AMZN,626531.3477700754
2025-10-29,AMZN,627462.1188884118
2025-10-30,AMZN,610289.439232941
2025-10-31,AMZN,670264.8369046672
2025-11-03,AMZN,699045.6139618115
2025-11-04,AMZN,687776.3927810198
2025-11-05,AMZN,691673.530014475
2025-11-06,AMZN,671689.5008399172
2025-11-07,AMZN,672939.6245107009
2025-11-10,AMZN,681834.1649840043
2025-11-11,AMZN,683755.597816085
2025-11-12,AMZN,669588.4079687058
2025-11-13,AMZN,652041.2740635936
2025-11-14,AMZN,644431.274285483
2025-11-17,AMZN,639889.6915343923
2025-11-18,AMZN,609876.241112998
2025-11-19,AMZN,612134.6686732442
2025-11-20,AMZN,598579.2282682044
2025-11-21,AMZN,609229.4951229987
2025-11-24,AMZN,625015.481363237
2025-11-25,AMZN,634199.2489691926
2025-11-26,AMZN,630771.9876211745
2025-11-28,AMZN,638294.4226108044
2025-12-01,AMZN,640100.7613421446
2025-12-02,AMZN,641899.9460938958
2025-12-03,AMZN,634630.5513171755
2025-12-04,AMZN,625834.7392863249
2025-12-05,AMZN,622847.6650042355
2025-12-08,AMZN,614662.1203241677
2025-12-09,AMZN,617764.8310311206
2025-12-10,AMZN,627818.7410509994
2025-12-11,AMZN,621005.50938658
2025-12-12,AMZN,609754.4159280139
2025-12-15,AMZN,599958.4544480368
2025-12-16,AMZN,599053.7481710429
2025-12-17,AMZN,597054.4438599903
2025-12-18,AMZN,611512.9811902938
2025-12-19,AMZN,613415.640210038
2025-12-22,AMZN,614853.7369460431
2025-12-23,AMZN,622885.4319079759
2025-12-24,AMZN,622119.0163245435
2025-12-26,AMZN,622493.819071275
2025-12-29,AMZN,621834.3255276076
2025-12-30,AMZN,623385.5820097188
2025-12-31,AMZN,619388.7569878888
2026-01-02,AMZN,609171.0533357176
2026-01-05,AMZN,628228.6715212616
2026-01-06,AMZN,650433.3574366276
2026-01-07,AMZN,653742.143478993
2026-01-08,AMZN,668616.5592242742
2026-01-09,AMZN,673028.6381073084
2026-01-12,AMZN,669539.5106944229
2026-01-13,AMZN,659549.0682597465
2026-01-14,AMZN,642955.996042535
2026-01-15,AMZN,648138.7684086736
2026-01-16,AMZN,651352.1347730919
2026-01-20,AMZN,625434.6098072564
2026-01-21,AMZN,625594.6326227213
2026-01-22,AMZN,633055.4032059122
2026-01-23,AMZN,642985.9648344248
2026-01-26,AMZN,639596.090567476
2026-01-27,AMZN,652461.2639610937
2026-01-28,AMZN,645676.7519810167
2026-01-29,AMZN,639625.479836115
2026-01-30,AMZN,635397.6325692066
2026-02-02,AMZN,650538.5311173965
2026-02-03,AMZN,637796.7100308427
2026-02-04,AMZN,623478.3899173397
2026-02-05,AMZN,596264.5105965304
2026-02-06,AMZN,561990.1977035739
2026-02-09,AMZN,554772.6585107036
2026-02-10,AMZN,548797.9930744361
2026-02-11,AMZN,542359.7403631419
2026-02-12,AMZN,531665.2026308267
2026-02-13,AMZN,529857.9241320529
2026-02-17,AMZN,537802.3538563749
2026-02-18,AMZN,548416.482737647
2026-02-19,AMZN,549325.8917675068
2026-02-20,AMZN,563115.6533928867
2026-02-23,AMZN,550143.9730234537
2026-02-24,AMZN,559737.3245604304
2026-02-25,AMZN,564371.1454851354
2026-02-26,AMZN,557205.528442975
2026-02-27,AMZN,560888.4456899264
2026-03-02,AMZN,558465.0830715254
2026-03-03,AMZN,558944.8735033877
2026-03-04,AMZN,580037.8674066466
2026-03-05,AMZN,586052.328078032
2026-03-06,AMZN,568011.6009068756
2026-03-09,AMZN,567181.574815277
2026-03-10,AMZN,569332.8003633767
2026-03-11,AMZN,565676.4726612517
2026-03-12,AMZN,558607.5537723178
2026-03-13,AMZN,557673.9946772617
2026-03-16,AMZN,566903.8382973502
2026-03-17,AMZN,577178.6876408836
2026-03-18,AMZN,563170.9489171138
2026-03-19,AMZN,561091.5294323413
2026-03-20,AMZN,551578.0248437963
2026-03-23,AMZN,564348.0389533602
2026-03-24,AMZN,558345.1295900135
2026-03-25,AMZN,572046.1693382602
2026-03-26,AMZN,562525.9434547157
2026-03-27,AMZN,541510.1475304348
2026-03-30,AMZN,547890.2286375852
2026-03-31,AMZN,568378.3001173404
2026-04-01,AMZN,572552.557146344
2026-04-02,AMZN,571609.4026342203
2026-04-06,AMZN,579755.3811474822
2026-04-07,AMZN,582048.7563091678
2026-04-08,AMZN,599989.3786701508
2026-04-09,AMZN,632243.5479092132
2026-04-10,AMZN,645229.3424107907
2026-04-13,AMZN,648705.9298019832
2026-04-14,AMZN,670713.6110955209
2026-04-15,AMZN,668777.8585571699
2026-04-16,AMZN,670247.4198815633
2026-04-17,AMZN,670642.6625699768
2026-04-20,AMZN,664005.3671162323
2026-04-21,AMZN,668022.1739431205
2026-04-22,AMZN,683040.2625083699
2026-04-23,AMZN,683589.7758524148
2026-04-24,AMZN,706950.8632155448
2026-04-27,AMZN,696044.3883484502
2026-04-28,AMZN,695462.4765221296
2026-04-29,AMZN,704612.8119016325
2026-04-30,AMZN,707013.9490202273
2026-05-01,AMZN,713028.5232468443
2026-05-04,AMZN,724966.4653127925
2026-05-05,AMZN,729285.04908327
2026-05-06,AMZN,733554.8041041733
2026-05-07,AMZN,723895.6003221314
2026-05-08,AMZN,730649.3035931747
2026-05-11,AMZN,719761.2853669074
2026-05-12,AMZN,713516.8968879341
2026-05-13,AMZN,724715.633553352
2026-05-14,AMZN,718059.556455876
2026-05-15,AMZN,711179.4368443653
2026-05-18,AMZN,713117.9891065293
2026-05-19,AMZN,698509.6293531137
2026-05-20,AMZN,713469.9692095643
2026-05-21,AMZN,724440.1231095338
2026-05-22,AMZN,720021.0038021423
2026-05-26,AMZN,717392.1218773943
2026-05-27,AMZN,736142.806145557
2026-05-28,AMZN,740784.6013885065
2026-05-29,AMZN,731117.6680193227
2026-06-01,AMZN,707773.0422490723
2026-06-02,AMZN,694781.3565803953
2026-06-03,AMZN,679623.6910149097
2026-06-04,AMZN,690467.8553854547
2026-06-05,AMZN,670704.5227612979
2026-06-08,AMZN,669600.6131982504
2026-06-09,AMZN,666788.0830963249
2026-06-10,AMZN,649093.4507346501
2026-06-11,AMZN,661645.1079231532
2026-06-12,AMZN,652788.5673375997
2026-06-15,AMZN,673470.9474813581
2026-06-16,AMZN,674090.4813306063
2026-06-17,AMZN,652565.6956171597
2026-06-18,AMZN,676138.2130322249
2026-06-22,AMZN,645458.1131297257
2026-06-23,AMZN,650859.821940176
2026-06-24,AMZN,652864.107018627
2026-06-25,AMZN,631298.570639838
2026-06-26,AMZN,646274.2150005157
2026-06-29,AMZN,667906.1929368646
2026-06-30,AMZN,663086.4703509902
2026-07-01,AMZN,672434.3370136541
2026-07-02,AMZN,673755.1546896354
2026-07-06,AMZN,679708.5363513791
2026-07-07,AMZN,683811.9877778024
2026-07-08,AMZN,676058.8790401842
2026-07-09,AMZN,685307.7333723163
2026-07-10,AMZN,679487.025335869
2026-07-13,AMZN,684894.6644703954
2026-07-14,AMZN,681613.6779234272
2026-07-15,AMZN,701288.3376166716
2026-07-16,AMZN,686804.7163272846
2026-07-17,AMZN,678332.2038721029
2026-07-20,AMZN,687862.6673471279
2026-07-21,AMZN,683135.9876107327
2026-07-22,AMZN,675349.5347498588
2026-07-23,AMZN,644256.3463669505
2026-07-24,AMZN,640437.062991828
2026-07-27,AMZN,639401.7975662634
2026-07-28,AMZN,637394.8576448123
2026-07-29,AMZN,624928.1045282433
2026-07-30,AMZN,646148.258754521
2026-07-31,AMZN,745939.5820906431
2026-08-03,AMZN,780108.1084961502
2026-08-04,AMZN,764098.3832084443
2026-08-05,AMZN,748718.3725838513
2026-08-06,AMZN,747220.9667335381
2026-08-07,AMZN,749283.3568492731
2026-08-10,AMZN,759083.5923132244
2026-08-11,AMZN,742397.5340241494
2026-08-12,AMZN,728948.3088754507
2026-08-13,AMZN,723499.9171177333
2026-08-14,AMZN,713492.7272442495
2026-08-17,AMZN,709340.9913502239
2026-08-18,AMZN,705511.0279097875
2026-08-19,AMZN,719503.9907485117
2026-08-20,AMZN,702009.4740304407
2026-08-21,AMZN,696749.2139236988
2026-08-24,AMZN,710223.9400532796
2026-08-25,AMZN,707333.4503691851
2026-08-26,AMZN,707105.5450194285
2026-08-27,AMZN,695431.7891997227
2026-08-28,AMZN,724439.273403146
2026-08-31,AMZN,705211.432009784
2026-09-01,AMZN,693542.1635795742
2026-09-02,AMZN,692058.0006186803
2026-09-03,AMZN,698946.5663900009
2026-09-04,AMZN,700474.9219144629
2026-09-08,AMZN,693484.6341498434
2026-09-09,AMZN,681843.4060304355
2026-09-10,AMZN,681649.2618257331
2026-09-11,AMZN,697094.3200195263
2026-09-14,AMZN,690433.009592154
2026-09-15,AMZN,676879.4643847721
2026-09-16,AMZN,671621.2658928378
2026-09-17,AMZN,687918.7127274531
2010-09-17,MSFT,20000.0
2010-09-20,MSFT,20063.594521181134
2010-09-21,MSFT,19914.01111458405
2010-09-22,MSFT,19508.41364214491
2010-09-23,MSFT,19333.37265147944
2010-09-24,MSFT,19508.057082157764
2010-09-27,MSFT,19478.478583504027
2010-09-28,MSFT,19526.591210117156
2010-09-29,MSFT,19369.555000651446
2010-09-30,MSFT,19358.80027252369
2010-10-01,MSFT,19118.70356386701
2010-10-04,MSFT,18780.7755838907
2010-10-05,MSFT,19003.926204866882
2010-10-06,MSFT,18888.949092372557
2010-10-07,MSFT,19140.306904264795
2010-10-08,MSFT,19114.194128735435
2010-10-11,MSFT,19132.11201716522
2010-10-12,MSFT,19266.104663539958
2010-10-13,MSFT,19509.550239526914
2010-10-14,MSFT,19437.623001335203
2010-10-15,MSFT,19816.336649757366
2010-10-18,MSFT,20115.156890639108
2010-10-19,MSFT,19839.12352960829
2010-10-20,MSFT,19903.090591056105
2010-10-21,MSFT,19963.176442111613
2010-10-22,MSFT,19992.79589023166
2010-10-25,MSFT,19719.60502142331
2010-10-26,MSFT,20322.57592517953
2010-10-27,MSFT,20636.205890121295
2010-10-28,MSFT,20580.19501034748
2010-10-29,MSFT,20853.552673323487
2010-11-01,MSFT,20970.034928396613
2010-11-02,MSFT,21233.40391789512
2010-11-03,MSFT,20937.768746478407
2010-11-04,MSFT,20880.28668221981
2010-11-05,MSFT,20638.98046615574
2010-11-08,MSFT,20623.577474217942
2010-11-09,MSFT,20715.56395829726
2010-11-10,MSFT,20716.036375311047
2010-11-11,MSFT,20511.241102916945
2010-11-12,MSFT,20326.23441042581
2010-11-15,MSFT,20240.497214412553
2010-11-16,MSFT,20269.505416840348
2010-11-17,MSFT,20032.03446786493
2010-11-18,MSFT,20180.558182175286
2010-11-19,MSFT,20130.139401471613
2010-11-22,MSFT,20119.35271278479
2010-11-23,MSFT,19754.925434267843
2010-11-24,MSFT,19682.873350142258
2010-11-26,MSFT,19752.788071879895
2010-11-29,MSFT,19868.12174436137
2010-11-30,MSFT,19904.019444804137
2010-12-01,MSFT,20307.334733572035
2010-12-02,MSFT,20736.979530410495
2010-12-03,MSFT,20864.54610687681
2010-12-06,MSFT,20720.864417265875
2010-12-07,MSFT,20816.65920171213
2010-12-08,MSFT,21107.119758861576
2010-12-09,MSFT,20990.256973382
2010-12-10,MSFT,21179.660240280482
2010-12-13,MSFT,21012.001139993194
2010-12-14,MSFT,21285.754314887712
2010-12-15,MSFT,21453.04187367579
2010-12-16,MSFT,21604.29821578681
2010-12-17,MSFT,21685.675791789145
2010-12-20,MSFT,21727.237502559965
2010-12-21,MSFT,21920.017602277912
2010-12-22,MSFT,21958.443183189785
2010-12-23,MSFT,21931.781085551378
2010-12-27,MSFT,21747.67328378415
2010-12-28,MSFT,21705.7300438394
2010-12-29,MSFT,21476.046484835388
2010-12-30,MSFT,21398.35835587094
2010-12-31,MSFT,21311.152971675303
2011-01-03,MSFT,21359.132762214787
2011-01-04,MSFT,21527.515968918557
2011-01-05,MSFT,21379.759308025932
2011-01-06,MSFT,22021.432451283494
2011-01-07,MSFT,21806.63052759742
2011-01-10,MSFT,21499.80117036571
2011-01-11,MSFT,21364.80775898502
2011-01-12,MSFT,21614.745323533494
2011-01-13,MSFT,21352.572857465246
2011-01-14,MSFT,21516.826160676417
2011-01-18,MSFT,21802.172029606867
2011-01-19,MSFT,21721.118054265135
2011-01-20,MSFT,21764.420616737912
2011-01-21,MSFT,21390.061594489318
2011-01-24,MSFT,21637.861796649842
2011-01-25,MSFT,21807.277728918627
2011-01-26,MSFT,21988.403211017445
2011-01-27,MSFT,22028.117201966914
2011-01-28,MSFT,21280.31103217075
2011-01-31,MSFT,21331.960294398697
2011-02-01,MSFT,21316.412481177606
2011-02-02,MSFT,21193.240481583704
2011-02-03,MSFT,21012.111004415
2011-02-04,MSFT,21105.361928112612
2011-02-07,MSFT,21399.322166480455
2011-02-08,MSFT,21503.857165065452
2011-02-09,MSFT,21353.829306943768
2011-02-10,MSFT,21012.568439916722
2011-02-11,MSFT,20712.905239289455
2011-02-14,MSFT,20659.855705067162
2011-02-15,MSFT,20582.66695983821
2011-02-16,MSFT,20560.441387305993
2011-02-17,MSFT,20670.827165736122
2011-02-18,MSFT,20537.63952594301
2011-02-22,MSFT,20240.688977766986
2011-02-23,MSFT,20374.135298335088
2011-02-24,MSFT,20342.914825959026
2011-02-25,MSFT,20110.11710998043
2011-02-28,MSFT,19988.588082876326
2011-03-01,MSFT,19677.523951567568
2011-03-02,MSFT,19598.390606072575
2011-03-03,MSFT,19716.85241827323
2011-03-04,MSFT,19464.400956000245
2011-03-07,MSFT,19338.49333230327
2011-03-08,MSFT,19430.093293371316
2011-03-09,MSFT,19363.021063856148
2011-03-10,MSFT,19088.225175721902
2011-03-11,MSFT,19303.23084797206
2011-03-14,MSFT,19358.362812371393
2011-03-15,MSFT,19269.266761353152
2011-03-16,MSFT,18981.84345608302
2011-03-17,MSFT,18911.18265504454
2011-03-18,MSFT,18847.098737802615
2011-03-21,MSFT,19116.345473867972
2011-03-22,MSFT,19081.781127998995
2011-03-23,MSFT,19367.369697424892
2011-03-24,MSFT,19426.99012283891
2011-03-25,MSFT,19344.683693088547
2011-03-28,MSFT,19141.188815941685
2011-03-29,MSFT,19212.098310080448
2011-03-30,MSFT,19208.558678163212
2011-03-31,MSFT,19049.71869464487
2011-04-01,MSFT,18943.634607712353
2011-04-04,MSFT,19093.914155236733
2011-04-05,MSFT,19178.27904474483
2011-04-06,MSFT,19356.9126020035
2011-04-07,MSFT,19405.330851462753
2011-04-08,MSFT,19253.643041804262
2011-04-11,MSFT,19150.18071948312
2011-04-12,MSFT,19053.04558909078
2011-04-13,MSFT,19078.116650147884
2011-04-14,MSFT,18889.853975701284
2011-04-15,MSFT,18833.5045137548
2011-04-18,MSFT,18766.13964537063
2011-04-19,MSFT,18586.628171504955
2011-04-20,MSFT,18943.288035399913
2011-04-21,MSFT,18759.930308003408
2011-04-25,MSFT,18866.46683660029
2011-04-26,MSFT,19222.91396302393
2011-04-27,MSFT,19451.562798927986
2011-04-28,MSFT,19614.392858492978
2011-04-29,MSFT,18985.187329575936
2011-05-02,MSFT,18807.494611274957
2011-05-03,MSFT,18911.86880829712
2011-05-04,MSFT,19275.12353380311
2011-05-05,MSFT,19252.5533864934
2011-05-06,MSFT,19208.084263614488
2011-05-09,MSFT,19267.597820909104
2011-05-10,MSFT,19046.100160097434
2011-05-11,MSFT,18759.581738156026
2011-05-12,MSFT,18884.83816546191
2011-05-13,MSFT,18766.76587257495
2011-05-16,MSFT,18405.90319516201
2011-05-17,MSFT,18626.146404030107
2011-05-18,MSFT,18655.15360769043
2011-05-19,MSFT,18630.189414752724
2011-05-20,MSFT,18530.387575212808
2011-05-23,MSFT,18285.95122189462
2011-05-24,MSFT,18343.198575797538
2011-05-25,MSFT,18356.736868866974
2011-05-26,MSFT,18804.091810501253
2011-05-27,MSFT,18802.679553297254
2011-05-31,MSFT,18831.15940773289
2011-06-01,MSFT,18443.747493405765
2011-06-02,MSFT,18436.17284090568
2011-06-03,MSFT,18156.438047627325
2011-06-06,MSFT,18260.054180139
2011-06-07,MSFT,18221.322976380998
2011-06-08,MSFT,18198.073667191005
2011-06-09,MSFT,18123.727414184526
2011-06-10,MSFT,17990.771488444683
2011-06-13,MSFT,18271.32127597938
2011-06-14,MSFT,18234.73542474909
2011-06-15,MSFT,18044.228519795146
2011-06-16,MSFT,18359.441531178447
2011-06-17,MSFT,18470.51346286116
2011-06-20,MSFT,18609.14338660376
2011-06-21,MSFT,18712.23616496063
2011-06-22,MSFT,18627.881263127238
2011-06-23,MSFT,18755.07130425698
2011-06-24,MSFT,18601.01242062233
2011-06-27,MSFT,19312.503405172847
2011-06-28,MSFT,19694.00561237405
2011-06-29,MSFT,19324.234927887243
2011-06-30,MSFT,19480.181482042088
2011-07-01,MSFT,19497.902613280083
2011-07-05,MSFT,19435.674405999274
2011-07-06,MSFT,19759.043352550783
2011-07-07,MSFT,19946.665817048473
2011-07-08,MSFT,20140.05316738878
2011-07-11,MSFT,20005.67999060759
2011-07-12,MSFT,19939.137107852057
2011-07-13,MSFT,19831.826534465145
2011-07-14,MSFT,19716.455907587242
2011-07-15,MSFT,19849.197098320816
2011-07-18,MSFT,19869.97246048514
2011-07-19,MSFT,20349.572609920728
2011-07-20,MSFT,19932.867844436572
2011-07-21,MSFT,19898.90775288755
2011-07-22,MSFT,20332.563599889556
2011-07-25,MSFT,20492.081746520707
2011-07-26,MSFT,20618.25903743485
2011-07-27,MSFT,20121.251369747162
2011-07-28,MSFT,20438.49986923637
2011-07-29,MSFT,20306.427852708366
2011-08-01,MSFT,20217.071123380192
2011-08-02,MSFT,19951.881380782048
2011-08-03,MSFT,20154.69709604862
2011-08-04,MSFT,19690.683711765498
2011-08-05,MSFT,19645.121937273307
2011-08-08,MSFT,18821.476357101517
2011-08-09,MSFT,19666.85611620979
2011-08-10,MSFT,18640.104179437367
2011-08-11,MSFT,19364.719967324323
2011-08-12,MSFT,19268.723431848925
2011-08-15,MSFT,19506.52197655483
2011-08-16,MSFT,19464.884359456213
2011-08-17,MSFT,19391.2901783554
2011-08-18,MSFT,19103.96874736731
2011-08-19,MSFT,18525.36677113608
2011-08-22,MSFT,18567.00738453711
2011-08-23,MSFT,19095.245512275575
2011-08-24,MSFT,19241.760705201745
2011-08-25,MSFT,18916.26138763459
2011-08-26,MSFT,19456.45476200095
2011-08-29,MSFT,19761.72704074537
2011-08-30,MSFT,20089.83414017931
2011-08-31,MSFT,20355.73500521681
2011-09-01,MSFT,19991.30972423481
2011-09-02,MSFT,19803.530453244173
2011-09-06,MSFT,19772.905246280825
2011-09-07,MSFT,20098.9618760968
2011-09-08,MSFT,20216.564748272394
2011-09-09,MSFT,20070.78464820488
2011-09-12,MSFT,20161.04626086178
2011-09-13,MSFT,20167.66609165959
2011-09-14,MSFT,20544.815670222164
2011-09-15,MSFT,20830.057667335623
2011-09-16,MSFT,20816.499398916767
2011-09-19,MSFT,21062.291079693106
2011-09-20,MSFT,20940.196750200415
2011-09-21,MSFT,20301.64974912709
2011-09-22,MSFT,20242.27402174347
2011-09-23,MSFT,20150.165688032685
2011-09-26,MSFT,20570.317200059268
2011-09-27,MSFT,20460.902223610952
2011-09-28,MSFT,20446.445064468193
2011-09-29,MSFT,20575.45186362769
2011-09-30,MSFT,20222.892938968664
2011-10-03,MSFT,20026.767966990337
2011-10-04,MSFT,21016.11206690384
2011-10-05,MSFT,21160.384028090135
2011-10-06,MSFT,21479.94367550724
2011-10-07,MSFT,21202.523026459196
2011-10-10,MSFT,21760.682230093953
2011-10-11,MSFT,21721.35276462082
2011-10-12,MSFT,21428.844734155817
2011-10-13,MSFT,21761.860775709738
2011-10-14,MSFT,21639.575681630085
2011-10-17,MSFT,21421.289058237682
2011-10-18,MSFT,21706.382238997965
2011-10-19,MSFT,21504.45542678058
2011-10-20,MSFT,21609.53874870716
2011-10-21,MSFT,21435.489534140394
2011-10-24,MSFT,21347.490129805312
2011-10-25,MSFT,21270.26742648235
2011-10-26,MSFT,21008.396588190342
2011-10-27,MSFT,21186.901304445248
2011-10-28,MSFT,21010.82259437741
2011-10-31,MSFT,20693.21054352876
2011-11-01,MSFT,20734.685361529606
2011-11-02,MSFT,20601.036291164888
2011-11-03,MSFT,21011.192138341677
2011-11-04,MSFT,20894.72586354809
2011-11-07,MSFT,21319.83525730073
2011-11-08,MSFT,21539.57708489838
2011-11-09,MSFT,20841.646366301666
2011-11-10,MSFT,20938.964271141198
2011-11-11,MSFT,21446.920427846017
2011-11-14,MSFT,21300.898626050523
2011-11-15,MSFT,21564.73503872546
2011-11-16,MSFT,20963.99338396452
2011-11-17,MSFT,20577.95077984014
2011-11-18,MSFT,20459.243270841616
2011-11-21,MSFT,20460.409831247747
2011-11-22,MSFT,20252.94884847354
2011-11-23,MSFT,20207.855495925254
2011-11-25,MSFT,20077.124824110808
2011-11-28,MSFT,20236.394277641677
2011-11-29,MSFT,20153.539524549728
2011-11-30,MSFT,20553.71169208638
2011-12-01,MSFT,20267.947339585586
2011-12-02,MSFT,20198.64586107514
2011-12-05,MSFT,20536.649747379248
2011-12-06,MSFT,20451.367989332764
2011-12-07,MSFT,20381.79384730274
2011-12-08,MSFT,20400.17017000171
2011-12-09,MSFT,20658.156801598987
2011-12-12,MSFT,20654.69507354449
2011-12-13,MSFT,20877.28938103933
2011-12-14,MSFT,20981.94822679073
2011-12-15,MSFT,20816.49440507941
2011-12-16,MSFT,21282.12179759568
2011-12-19,MSFT,20848.714643693947
2011-12-20,MSFT,21088.05228907267
2011-12-21,MSFT,20881.349370808955
2011-12-22,MSFT,20776.091264574952
2011-12-23,MSFT,20938.12630523303
2011-12-27,MSFT,20945.26349758081
2011-12-28,MSFT,20824.64334887532
2011-12-29,MSFT,20934.27505786484
2011-12-30,MSFT,20804.622056151606
2012-01-03,MSFT,21274.845776569426
2012-01-04,MSFT,21878.992229639014
2012-01-05,MSFT,22241.576782171964
2012-01-06,MSFT,22655.46502338789
2012-01-09,MSFT,22455.232120801324
2012-01-10,MSFT,22296.491015262614
2012-01-11,MSFT,22264.568409354437
2012-01-12,MSFT,22500.3294684195
2012-01-13,MSFT,22808.982575053255
2012-01-17,MSFT,22560.338414379734
2012-01-18,MSFT,22557.49192708738
2012-01-19,MSFT,22366.641446123413
2012-01-20,MSFT,23746.800261137745
2012-01-23,MSFT,23611.787873175108
2012-01-24,MSFT,23344.4338014673
2012-01-25,MSFT,23574.18927172922
2012-01-26,MSFT,23214.366311253598
2012-01-27,MSFT,23063.01908130272
2012-01-30,MSFT,23404.46571907937
2012-01-31,MSFT,23393.497254712824
2012-02-01,MSFT,23486.822087203287
2012-02-02,MSFT,23563.679241631864
2012-02-03,MSFT,23694.259099558192
2012-02-06,MSFT,23684.882670540417
2012-02-07,MSFT,23789.735277181193
2012-02-08,MSFT,24086.60892026195
2012-02-09,MSFT,24101.140986965038
2012-02-10,MSFT,24071.695324384942
2012-02-13,MSFT,24086.82565280316
2012-02-14,MSFT,23972.595618377145
2012-02-15,MSFT,23748.677943983228
2012-02-16,MSFT,24715.40695205082
2012-02-17,MSFT,24710.161425293118
2012-02-21,MSFT,24826.30110312369
2012-02-22,MSFT,24800.89445619633
2012-02-23,MSFT,24845.569325174267
2012-02-24,MSFT,24939.722135898195
2012-02-27,MSFT,24823.04412240075
2012-02-28,MSFT,25167.577950430274
2012-02-29,MSFT,24833.450280681125
2012-03-01,MSFT,25226.924713557233
2012-03-02,MSFT,25158.92962289886
2012-03-05,MSFT,25062.93608372588
2012-03-06,MSFT,25066.756369302464
2012-03-07,MSFT,25238.952870210516
2012-03-08,MSFT,25189.584792886337
2012-03-09,MSFT,25106.275600595083
2012-03-12,MSFT,25246.464600359926
2012-03-13,MSFT,25665.068022806456
2012-03-14,MSFT,25775.053295480713
2012-03-15,MSFT,25869.659546636474
2012-03-16,MSFT,25634.1262065548
2012-03-19,MSFT,25232.91032701095
2012-03-20,MSFT,25202.691618408302
2012-03-21,MSFT,25136.517280849566
2012-03-22,MSFT,25389.891604265755
2012-03-23,MSFT,25344.464663382154
2012-03-26,MSFT,25646.18932006957
2012-03-27,MSFT,25606.368461000704
2012-03-28,MSFT,25489.844257693792
2012-03-29,MSFT,25474.312424752236
2012-03-30,MSFT,25566.99005592149
2012-04-02,MSFT,25401.097775290404
2012-04-03,MSFT,25104.54573533531
2012-04-04,MSFT,24661.976887422075
2012-04-05,MSFT,24817.073490459097
2012-04-09,MSFT,24599.3861275493
2012-04-10,MSFT,24234.544360531887
2012-04-11,MSFT,24159.357145314825
2012-04-12,MSFT,24449.91158660655
2012-04-13,MSFT,24388.814982870386
2012-04-16,MSFT,24711.743472967188
2012-04-17,MSFT,24639.207985385634
2012-04-18,MSFT,24457.365388242637
2012-04-19,MSFT,24415.505045997987
2012-04-20,MSFT,25485.410728890012
2012-04-23,MSFT,25313.808494627207
2012-04-24,MSFT,25019.86124023649
2012-04-25,MSFT,25151.184181161236
2012-04-26,MSFT,25062.243937868472
2012-04-27,MSFT,24872.417193562284
2012-04-30,MSFT,25095.641723331322
2012-05-01,MSFT,24980.402933759597
2012-05-02,MSFT,24949.426160646457
2012-05-03,MSFT,24853.76121597143
2012-05-04,MSFT,24465.650164414605
2012-05-07,MSFT,24150.199446373204
2012-05-08,MSFT,24184.98751615569
2012-05-09,MSFT,24437.68966906389
2012-05-10,MSFT,24423.860734660393
2012-05-11,MSFT,24640.093892132416
2012-05-14,MSFT,24378.80433650853
2012-05-15,MSFT,24187.177813219598
2012-05-16,MSFT,24112.609833834555
2012-05-17,MSFT,24116.95447233342
2012-05-18,MSFT,23856.650700203416
2012-05-21,MSFT,24247.109854084567
2012-05-22,MSFT,24210.94448395957
2012-05-23,MSFT,23882.200170879125
2012-05-24,MSFT,23845.973875938398
2012-05-25,MSFT,23862.19685596989
2012-05-29,MSFT,24196.133761132074
2012-05-30,MSFT,24092.27592689242
2012-05-31,MSFT,24117.869343336857
2012-06-01,MSFT,23577.41129559068
2012-06-04,MSFT,23744.886622663304
2012-06-05,MSFT,23696.244649290544
2012-06-06,MSFT,24127.09096339662
2012-06-07,MSFT,23904.173055241183
2012-06-08,MSFT,24460.16792976627
2012-06-11,MSFT,23724.145218592996
2012-06-12,MSFT,24008.991703787942
2012-06-13,MSFT,23885.554032046755
2012-06-14,MSFT,24000.928653994535
2012-06-15,MSFT,24553.762429473907
2012-06-18,MSFT,24456.077976972516
2012-06-19,MSFT,24945.620856581936
2012-06-20,MSFT,25172.581775459992
2012-06-21,MSFT,24667.498074001778
2012-06-22,MSFT,25146.597840934395
2012-06-25,MSFT,24560.376267666885
2012-06-26,MSFT,24604.097313710015
2012-06-27,MSFT,24704.88393797634
2012-06-28,MSFT,24671.00474659247
2012-06-29,MSFT,24889.846684698747
2012-07-02,MSFT,24867.148695152748
2012-07-03,MSFT,24860.158321623203
2012-07-05,MSFT,24830.427011546402
2012-07-06,MSFT,24573.9465212954
2012-07-09,MSFT,24462.069583031058
2012-07-10,MSFT,24222.537177995495
2012-07-11,MSFT,23847.26128720852
2012-07-12,MSFT,23350.927787563756
2012-07-13,MSFT,23815.81709091895
2012-07-16,MSFT,23872.50014120075
2012-07-17,MSFT,24013.966564561004
2012-07-18,MSFT,24580.454490136446
2012-07-19,MSFT,24673.41776880241
2012-07-20,MSFT,24313.07944431175
2012-07-23,MSFT,23775.784493146235
2012-07-24,MSFT,23757.567973242618
2012-07-25,MSFT,23432.281393146786
2012-07-26,MSFT,23517.11670213373
2012-07-27,MSFT,23890.883455272022
2012-07-30,MSFT,23743.39146775921
2012-07-31,MSFT,23561.70467834169
2012-08-01,MSFT,23517.939686529837
2012-08-02,MSFT,23449.028726100554
2012-08-03,MSFT,23715.14532491179
2012-08-06,MSFT,23878.813350384957
2012-08-07,MSFT,24071.119035554173
2012-08-08,MSFT,24086.28032576399
2012-08-09,MSFT,24165.386704537268
2012-08-10,MSFT,24081.03679654123
2012-08-13,MSFT,24097.81708882154
2012-08-14,MSFT,24006.3719367115
2012-08-15,MSFT,24005.80263925303
2012-08-16,MSFT,24441.320188820988
2012-08-17,MSFT,24548.659726464557
2012-08-20,MSFT,24433.55377296647
2012-08-21,MSFT,24413.456573914962
2012-08-22,MSFT,24370.046144555312
2012-08-23,MSFT,24134.175221068443
2012-08-24,MSFT,24363.61108573964
2012-08-27,MSFT,24399.074322332526
2012-08-28,MSFT,24281.93387949601
2012-08-29,MSFT,24324.300596848458
2012-08-30,MSFT,24186.41675240669
2012-08-31,MSFT,24427.531205116327
2012-09-04,MSFT,24089.7450501209
2012-09-05,MSFT,24185.000500132814
2012-09-06,MSFT,24743.497287172762
2012-09-07,MSFT,24321.996440292856
2012-09-10,MSFT,24100.166189913336
2012-09-11,MSFT,24060.3513234493
2012-09-12,MSFT,24134.597699708673
2012-09-13,MSFT,24242.667336373546
2012-09-14,MSFT,24354.47436091491
2012-09-17,MSFT,24387.08012377326
2012-09-18,MSFT,24401.459379053278
2012-09-19,MSFT,24317.7756489604
2012-09-20,MSFT,24703.69640345332
2012-09-21,MSFT,24448.85788692464
2012-09-24,MSFT,24243.435388558748
2012-09-25,MSFT,23862.598360493233
2012-09-26,MSFT,23860.140393747097
2012-09-27,MSFT,23786.378419711156
2012-09-28,MSFT,23527.23621414993
2012-10-01,MSFT,23290.434439380082
2012-10-02,MSFT,23427.506285867923
2012-10-03,MSFT,23687.09593925616
2012-10-04,MSFT,23705.1186982704
2012-10-05,MSFT,23421.72442097829
2012-10-08,MSFT,23367.41144590518
2012-10-09,MSFT,23033.66930039984
2012-10-10,MSFT,22795.642037943075
2012-10-11,MSFT,22758.30111850471
2012-10-12,MSFT,22992.906603605818
2012-10-15,MSFT,23203.76739085132
2012-10-16,MSFT,23354.425471247207
2012-10-17,MSFT,23295.332395057878
2012-10-18,MSFT,23254.12225043685
2012-10-19,MSFT,22859.190615820546
2012-10-22,MSFT,22365.099349148186
2012-10-23,MSFT,22394.692829313986
2012-10-24,MSFT,22302.540549834477
2012-10-25,MSFT,22278.974631356174
2012-10-26,MSFT,22649.848953898443
2012-10-31,MSFT,22925.42388066007
2012-11-01,MSFT,23652.000249092605
2012-11-02,MSFT,23623.987817833404
2012-11-05,MSFT,23727.478105643728
2012-11-06,MSFT,23845.489473714963
2012-11-07,MSFT,23303.528280924926
2012-11-08,MSFT,23121.710652968704
2012-11-09,MSFT,23183.80902047828
2012-11-12,MSFT,22692.020911594045
2012-11-13,MSFT,21984.53198829984
2012-11-14,MSFT,21786.708112853332
2012-11-15,MSFT,21654.244579476697
2012-11-16,MSFT,21549.150271107937
2012-11-19,MSFT,21578.809669926828
2012-11-20,MSFT,21577.265575416655
2012-11-21,MSFT,21793.577635518886
2012-11-23,MSFT,22281.0540652308
2012-11-26,MSFT,22078.338226711327
2012-11-27,MSFT,21800.104580941887
2012-11-28,MSFT,22009.559103588217
2012-11-29,MSFT,21684.391376821433
2012-11-30,MSFT,21414.775096791804
2012-12-03,MSFT,21263.660579661668
2012-12-04,MSFT,21210.259479289583
2012-12-05,MSFT,21418.972916472427
2012-12-06,MSFT,21461.862987979683
2012-12-07,MSFT,21196.39758555954
2012-12-10,MSFT,21550.143045974117
2012-12-11,MSFT,21842.36243264
2012-12-12,MSFT,21747.25080514391
2012-12-13,MSFT,21630.011484327766
2012-12-14,MSFT,21416.113445202947
2012-12-17,MSFT,21600.418004161966
2012-12-18,MSFT,22001.958483133887
2012-12-19,MSFT,21835.90340340503
2012-12-20,MSFT,22167.88472185899
2012-12-21,MSFT,22114.04116749725
2012-12-24,MSFT,21733.602647652664
2012-12-26,MSFT,21574.793625925926
2012-12-27,MSFT,21734.626384310443
2012-12-28,MSFT,21410.28663577712
2012-12-31,MSFT,21531.81766041616
2013-01-02,MSFT,22064.916789435996
2013-01-03,MSFT,21754.885383692257
2013-01-04,MSFT,21351.611044390673
2013-01-07,MSFT,21324.725222838755
2013-01-08,MSFT,21240.329371539054
2013-01-09,MSFT,21348.827479448988
2013-01-10,MSFT,21139.980207425026
2013-01-11,MSFT,21392.14402466636
2013-01-14,MSFT,21439.896096222456
2013-01-15,MSFT,21690.071367429024
2013-01-16,MSFT,21579.837401654488
2013-01-17,MSFT,21754.885383692257
2013-01-18,MSFT,21940.352507987518
2013-01-22,MSFT,21856.934450041925
2013-01-23,MSFT,22341.369632804635
2013-01-24,MSFT,22447.682437488016
2013-01-25,MSFT,22765.72196081426
2013-01-28,MSFT,22769.72801714045
2013-01-29,MSFT,22759.40675409511
2013-01-30,MSFT,22640.420588972178
2013-01-31,MSFT,22225.256921695778
2013-02-01,MSFT,22600.155278378716
2013-02-04,MSFT,22183.122917164073
2013-02-05,MSFT,22220.609656653207
2013-02-06,MSFT,22062.75845293116
2013-02-07,MSFT,22087.052472895823
2013-02-08,MSFT,22363.794958831055
2013-02-11,MSFT,22720.673552802167
2013-02-12,MSFT,22655.032557072944
2013-02-13,MSFT,22756.79597592591
2013-02-14,MSFT,22738.338753061784
2013-02-15,MSFT,22852.44993415875
2013-02-19,MSFT,23181.78052374467
2013-02-20,MSFT,23139.12116752322
2013-02-21,MSFT,22873.255259347203
2013-02-22,MSFT,23186.409810972767
2013-02-25,MSFT,22953.776891626887
2013-02-26,MSFT,22987.31849960556
2013-02-27,MSFT,23288.166238453436
2013-02-28,MSFT,23358.647261347134
2013-03-01,MSFT,23486.84605762259
2013-03-04,MSFT,23681.405960973858
2013-03-05,MSFT,23832.687272271654
2013-03-06,MSFT,23664.942277981856
2013-03-07,MSFT,23683.505370197905
2013-03-08,MSFT,23503.562428784757
2013-03-11,MSFT,23378.185150614885
2013-03-12,MSFT,23380.209652278605
2013-03-13,MSFT,23430.713328217313
2013-03-14,MSFT,23589.248687657
2013-03-15,MSFT,23342.723911556943
2013-03-18,MSFT,23452.483462782755
2013-03-19,MSFT,23652.484651316045
2013-03-20,MSFT,23756.81290503454
2013-03-21,MSFT,23517.597109287282
2013-03-22,MSFT,23597.377656103487
2013-03-25,MSFT,23506.62165354844
2013-03-26,MSFT,23386.9952784766
2013-03-27,MSFT,23571.61644672392
2013-03-28,MSFT,23726.62016438614
2013-04-01,MSFT,23762.066421932013
2013-04-02,MSFT,23878.003349965973
2013-04-03,MSFT,23643.441810633587
2013-04-04,MSFT,23679.916798674596
2013-04-05,MSFT,23893.784874775283
2013-04-08,MSFT,23817.712751578914
2013-04-09,MSFT,24584.159917453868
2013-04-10,MSFT,25107.72381342804
2013-04-11,MSFT,23889.13960726765
2013-04-12,MSFT,23835.34499251199
2013-04-15,MSFT,23921.92015443342
2013-04-16,MSFT,24213.582228850486
2013-04-17,MSFT,24173.30093797749
2013-04-18,MSFT,24119.939788304244
2013-04-19,MSFT,24951.988997977045
2013-04-22,MSFT,25847.591779364673
2013-04-23,MSFT,25646.42303165778
2013-04-24,MSFT,26646.83047884758
2013-04-25,MSFT,26599.815497685082
2013-04-26,MSFT,26412.964081675007
2013-04-29,MSFT,27009.47995126614
2013-04-30,MSFT,27238.240649126947
2013-05-01,MSFT,26954.94924488435
2013-05-02,MSFT,27317.334043923096
2013-05-03,MSFT,27578.798383854406
2013-05-06,MSFT,27776.248720266754
2013-05-07,MSFT,27355.027528278726
2013-05-08,MSFT,27014.9302253554
2013-05-09,MSFT,26752.812691498057
2013-05-10,MSFT,27038.310373084096
2013-05-13,MSFT,27279.46577526004
2013-05-14,MSFT,27992.304097128937
2013-05-15,MSFT,28332.24359479185
2013-05-16,MSFT,28495.83072009986
2013-05-17,MSFT,29458.26902311203
2013-05-20,MSFT,29636.52404749918
2013-05-21,MSFT,29465.000715866587
2013-05-22,MSFT,29418.945550243723
2013-05-23,MSFT,28965.357300822918
2013-05-24,MSFT,29105.498359749152
2013-05-28,MSFT,29879.31443202516
2013-05-29,MSFT,29756.082506382998
2013-05-30,MSFT,29709.646810353683
2013-05-31,MSFT,29690.053988875028
2013-06-03,MSFT,30132.836573027056
2013-06-04,MSFT,29786.59185631971
2013-06-05,MSFT,29599.41484211409
2013-06-06,MSFT,29447.155737462188
2013-06-07,MSFT,29961.12946817979
2013-06-10,MSFT,29729.726031590715
2013-06-11,MSFT,29206.60858467608
2013-06-12,MSFT,29376.31815458134
2013-06-13,MSFT,29050.147665273667
2013-06-14,MSFT,28802.00388710312
2013-06-17,MSFT,29301.45254248994
2013-06-18,MSFT,29378.733174326222
2013-06-19,MSFT,28990.349459249814
2013-06-20,MSFT,28619.299353632647
2013-06-21,MSFT,28650.663648524536
2013-06-24,MSFT,29217.942597937017
2013-06-25,MSFT,29120.29310229711
2013-06-26,MSFT,29583.64330497949
2013-06-27,MSFT,29847.82928626928
2013-06-28,MSFT,29874.188757363976
2013-07-01,MSFT,29715.337787403456
2013-07-02,MSFT,29400.33351842159
2013-07-03,MSFT,29442.588373817292
2013-07-05,MSFT,29744.868345218583
2013-07-08,MSFT,29866.254548574332
2013-07-09,MSFT,29756.019584032325
2013-07-10,MSFT,30006.77214283713
2013-07-11,MSFT,30501.86317574797
2013-07-12,MSFT,30495.206390553736
2013-07-15,MSFT,30986.669900009892
2013-07-16,MSFT,30995.069534441023
2013-07-17,MSFT,30652.226619739908
2013-07-18,MSFT,30311.325309002426
2013-07-19,MSFT,26768.68909921711
2013-07-22,MSFT,27222.077595143714
2013-07-23,MSFT,26975.14432314802
2013-07-24,MSFT,27074.01431263749
2013-07-25,MSFT,26552.900393269683
2013-07-26,MSFT,26771.51860746246
2013-07-29,MSFT,26624.504030800792
2013-07-30,MSFT,26969.580189567067
2013-07-31,MSFT,26945.74260633665
2013-08-01,MSFT,26934.26177425748
2013-08-02,MSFT,27238.34352217646
2013-08-05,MSFT,27073.991340985656
2013-08-06,MSFT,26966.96341879304
2013-08-07,MSFT,27473.81493867493
2013-08-08,MSFT,28002.005125574782
2013-08-09,MSFT,27715.279958766885
2013-08-12,MSFT,27846.719755485745
2013-08-13,MSFT,27622.54539785178
2013-08-14,MSFT,27666.59703592781
2013-08-15,MSFT,27234.005875049894
2013-08-16,MSFT,27255.02793277955
2013-08-19,MSFT,26877.497823810525
2013-08-20,MSFT,27180.941359315537
2013-08-21,MSFT,27348.21493535902
2013-08-22,MSFT,28206.940225414826
2013-08-23,MSFT,30272.5501594757
2013-08-26,MSFT,29747.769764721845
2013-08-27,MSFT,28941.956178977332
2013-08-28,MSFT,28700.363316649087
2013-08-29,MSFT,29257.85734114816
2013-08-30,MSFT,29199.047914920593
2013-09-03,MSFT,27821.23919976553
2013-09-04,MSFT,27083.406721934796
2013-09-05,MSFT,27175.95351456535
2013-09-06,MSFT,26813.21615060934
2013-09-09,MSFT,27191.188713568023
2013-09-10,MSFT,27791.027482535177
2013-09-11,MSFT,28039.759534746147
2013-09-12,MSFT,27952.210574540488
2013-09-13,MSFT,28299.72672223842
2013-09-16,MSFT,28032.045054800124
2013-09-17,MSFT,28074.500662457493
2013-09-18,MSFT,28466.929385791464
2013-09-19,MSFT,28533.49124512895
2013-09-20,MSFT,27943.481346843928
2013-09-23,MSFT,27893.281296216406
2013-09-24,MSFT,27683.785824103765
2013-09-25,MSFT,27728.206007376597
2013-09-26,MSFT,28017.490016445205
2013-09-27,MSFT,28389.669728072073
2013-09-30,MSFT,28355.208255252604
2013-10-01,MSFT,28745.548555804708
2013-10-02,MSFT,29034.389112116194
2013-10-03,MSFT,28959.60839525983
2013-10-04,MSFT,28929.621400710454
2013-10-07,MSFT,28432.24918289585
2013-10-08,MSFT,28256.47010306931
2013-10-09,MSFT,28488.493774257877
2013-10-10,MSFT,29040.611433460537
2013-10-11,MSFT,29365.35867912203
2013-10-14,MSFT,29642.088181080137
2013-10-15,MSFT,29637.242161310834
2013-10-16,MSFT,29688.27218770676
2013-10-17,MSFT,29756.866538847735
2013-10-18,MSFT,29795.94131861576
2013-10-21,MSFT,29851.851322875005
2013-10-22,MSFT,29462.16521501641
2013-10-23,MSFT,29046.20553006562
2013-10-24,MSFT,29113.26078053378
2013-10-25,MSFT,30933.745211721474
2013-10-28,MSFT,30783.326835518626
2013-10-29,MSFT,30737.529351903282
2013-10-30,MSFT,30788.2807221748
2013-10-31,MSFT,30590.55372717298
2013-11-01,MSFT,30740.718416438194
2013-11-04,MSFT,31013.00939575517
2013-11-05,MSFT,31717.554951312333
2013-11-06,MSFT,32958.17596295292
2013-11-07,MSFT,32441.998951194277
2013-11-08,MSFT,32824.17832274082
2013-11-11,MSFT,32660.468349033872
2013-11-12,MSFT,32505.584483468177
2013-11-13,MSFT,33086.4117136248
2013-11-14,MSFT,33066.52225820726
2013-11-15,MSFT,32785.53001668291
2013-11-18,MSFT,32136.916438269353
2013-11-19,MSFT,32099.903114561475
2013-11-20,MSFT,32330.098042510643
2013-11-21,MSFT,32801.80193632048
2013-11-22,MSFT,33040.39050609595
2013-11-25,MSFT,33158.48177556487
2013-11-26,MSFT,32884.51586319902
2013-11-27,MSFT,33252.05729869055
2013-11-29,MSFT,33735.15613057706
2013-12-02,MSFT,34132.89629932182
2013-12-03,MSFT,34097.00658901882
2013-12-04,MSFT,34770.2188114757
2013-12-05,MSFT,33745.070895261706
2013-12-06,MSFT,34145.8922616545
2013-12-09,MSFT,34385.564494136015
2013-12-10,MSFT,33794.03846683001
2013-12-11,MSFT,33298.08849389411
2013-12-12,MSFT,33062.28648536274
2013-12-13,MSFT,32451.322445536087
2013-12-16,MSFT,32564.263071157042
2013-12-17,MSFT,32342.9741527468
2013-12-18,MSFT,32503.67683759856
2013-12-19,MSFT,32305.637228378317
2013-12-20,MSFT,32808.52264263286
2013-12-23,MSFT,32411.544533468477
2013-12-24,MSFT,32868.67541110892
2013-12-26,MSFT,33187.70071792904
2013-12-27,MSFT,33299.10324164465
2013-12-30,MSFT,33121.66520904878
2013-12-31,MSFT,33216.929647967925
2014-01-02,MSFT,32985.49824588966
2014-01-03,MSFT,32704.04357502624
2014-01-06,MSFT,32148.26942811224
2014-01-07,MSFT,32651.049971782326
2014-01-08,MSFT,32249.14494268348
2014-01-09,MSFT,32182.112663867152
2014-01-10,MSFT,32842.02130361028
2014-01-13,MSFT,31737.00894411252
2014-01-14,MSFT,32656.62409303799
2014-01-15,MSFT,33549.475270043
2014-01-16,MSFT,33647.37845262054
2014-01-17,MSFT,33288.9098208356
2014-01-21,MSFT,33127.4750394276
2014-01-22,MSFT,33197.911117785094
2014-01-23,MSFT,33502.58413604691
2014-01-24,MSFT,33990.51800126054
2014-01-27,MSFT,33378.88179092591
2014-01-28,MSFT,33753.50848285673
2014-01-29,MSFT,34114.3701615022
2014-01-30,MSFT,34373.533341180315
2014-01-31,MSFT,35122.4960837079
2014-02-03,MSFT,33728.98974021109
2014-02-04,MSFT,33545.241494733425
2014-02-05,MSFT,33194.209685537564
2014-02-06,MSFT,33421.23352676629
2014-02-07,MSFT,33624.22502510777
2014-02-10,MSFT,33939.00357264118
2014-02-11,MSFT,34209.262060154666
2014-02-12,MSFT,34385.55350769383
2014-02-13,MSFT,34469.03049292021
2014-02-14,MSFT,34481.93157234315
2014-02-18,MSFT,34471.78709114018
2014-02-19,MSFT,34845.72363474854
2014-02-20,MSFT,35253.77907393381
2014-02-21,MSFT,35545.926549341784
2014-02-24,MSFT,35054.94344703918
2014-02-25,MSFT,34994.55796574237
2014-02-26,MSFT,35036.900712675524
2014-02-27,MSFT,35472.43923636037
2014-02-28,MSFT,35682.47604044229
2014-03-03,MSFT,35241.49323527301
2014-03-04,MSFT,35903.814897226075
2014-03-05,MSFT,35421.930566584306
2014-03-06,MSFT,35186.82669651516
2014-03-07,MSFT,35347.810035026276
2014-03-10,MSFT,35320.8403170068
2014-03-11,MSFT,35445.329690894956
2014-03-12,MSFT,35830.32358917478
2014-03-13,MSFT,35236.196771374285
2014-03-14,MSFT,35155.62420195358
2014-03-17,MSFT,35366.7426712066
2014-03-18,MSFT,36873.86880220464
2014-03-19,MSFT,36918.25203108104
2014-03-20,MSFT,38161.4159047028
2014-03-21,MSFT,37809.54612959877
2014-03-24,MSFT,38205.96293144445
2014-03-25,MSFT,37914.618465083164
2014-03-26,MSFT,37288.494133814165
2014-03-27,MSFT,36602.81429701677
2014-03-28,MSFT,37501.39740053787
2014-03-31,MSFT,38103.29263172782
2014-04-01,MSFT,38413.88933986015
2014-04-02,MSFT,38359.184847938406
2014-04-03,MSFT,38058.543853957024
2014-04-04,MSFT,36812.328745711355
2014-04-07,MSFT,36723.87789847938
2014-04-08,MSFT,36578.6201537992
2014-04-09,MSFT,37113.04165095065
2014-04-10,MSFT,36122.81064552289
2014-04-11,MSFT,36141.702332236906
2014-04-14,MSFT,36151.01284260159
2014-04-15,MSFT,36710.19078905677
2014-04-16,MSFT,37468.59188418533
2014-04-17,MSFT,37010.32840423276
2014-04-21,MSFT,37021.242935155875
2014-04-22,MSFT,37086.27368396031
2014-04-23,MSFT,36825.70523845049
2014-04-24,MSFT,36966.176889409624
2014-04-25,MSFT,37060.57539693142
2014-04-28,MSFT,37922.27901158575
2014-04-29,MSFT,37350.34480699093
2014-04-30,MSFT,37227.362573216524
2014-05-01,MSFT,36889.85906941539
2014-05-02,MSFT,36628.759279611
2014-05-05,MSFT,36328.17921044535
2014-05-06,MSFT,35772.73765309919
2014-05-07,MSFT,36124.14799516656
2014-05-08,MSFT,36197.1628911342
2014-05-09,MSFT,36249.97671623333
2014-05-12,MSFT,36600.90964744956
2014-05-13,MSFT,37285.881358110026
2014-05-14,MSFT,37106.31395326597
2014-05-15,MSFT,36513.595397599594
2014-05-16,MSFT,36711.15459966628
2014-05-19,MSFT,36637.138938692704
2014-05-20,MSFT,36638.17765686255
2014-05-21,MSFT,37363.33777302121
2014-05-22,MSFT,37012.973140495975
2014-05-23,MSFT,36933.94466558543
2014-05-27,MSFT,37000.45658654937
2014-05-28,MSFT,36825.091995223294
2014-05-29,MSFT,37029.956182572896
2014-05-30,MSFT,37681.550083119924
2014-06-02,MSFT,37639.68274950298
2014-06-03,MSFT,37248.51447071741
2014-06-04,MSFT,37352.64796477907
2014-06-05,MSFT,38164.6089643076
2014-06-06,MSFT,38421.27822161062
2014-06-09,MSFT,38134.99351125743
2014-06-10,MSFT,38005.73602146271
2014-06-11,MSFT,37607.310698232846
2014-06-12,MSFT,37292.703938704435
2014-06-13,MSFT,37951.28022264125
2014-06-16,MSFT,38137.232747927424
2014-06-17,MSFT,38308.25170198716
2014-06-18,MSFT,38344.217318617964
2014-06-19,MSFT,38069.2046979425
2014-06-20,MSFT,38004.66634150127
2014-06-23,MSFT,38162.77722476578
2014-06-24,MSFT,37968.34216734838
2014-06-25,MSFT,38163.7270526307
2014-06-26,MSFT,37833.07209737823
2014-06-27,MSFT,38203.574878421285
2014-06-30,MSFT,37704.553695512055
2014-07-01,MSFT,37860.87079239864
2014-07-02,MSFT,37858.03928661835
2014-07-03,MSFT,37648.62371590339
2014-07-07,MSFT,37917.39104358266
2014-07-08,MSFT,37771.477108674044
2014-07-09,MSFT,37584.86040301965
2014-07-10,MSFT,37631.61570463969
2014-07-11,MSFT,38217.87722860604
2014-07-14,MSFT,38267.73570075848
2014-07-15,MSFT,38708.43185966358
2014-07-16,MSFT,40131.50271906953
2014-07-17,MSFT,40557.149449721575
2014-07-18,MSFT,40641.251663384806
2014-07-21,MSFT,40770.150595657426
2014-07-22,MSFT,40800.52810828797
2014-07-23,MSFT,40823.101251900094
2014-07-24,MSFT,40392.81624511272
2014-07-25,MSFT,40758.60184739023
2014-07-28,MSFT,40225.12917933624
2014-07-29,MSFT,40327.564768697186
2014-07-30,MSFT,40267.46293736215
2014-07-31,MSFT,39808.60119569445
2014-08-01,MSFT,39636.51955304557
2014-08-04,MSFT,40107.42043780872
2014-08-05,MSFT,40027.305303889734
2014-08-06,MSFT,39552.25853535444
2014-08-07,MSFT,39991.46553196028
2014-08-08,MSFT,40181.324236825545
2014-08-11,MSFT,40009.35845120329
2014-08-12,MSFT,40338.06780742225
2014-08-13,MSFT,40799.73908198588
2014-08-14,MSFT,40911.5890535285
2014-08-15,MSFT,41387.505748531024
2014-08-18,MSFT,41603.222543220545
2014-08-19,MSFT,42219.95945902958
2014-08-20,MSFT,41925.50582953107
2014-08-21,MSFT,42190.683586919564
2014-08-22,MSFT,42132.33459249613
2014-08-25,MSFT,42265.85981569444
2014-08-26,MSFT,42011.27598487087
2014-08-27,MSFT,41649.26172856387
2014-08-28,MSFT,41527.4800132896
2014-08-29,MSFT,42042.086962583824
2014-09-02,MSFT,41984.966452149725
2014-09-03,MSFT,41664.15335155652
2014-09-04,MSFT,41903.47601542317
2014-09-05,MSFT,42608.88450607527
2014-09-08,MSFT,43300.82961121827
2014-09-09,MSFT,43886.69462449863
2014-09-10,MSFT,43730.977786862124
2014-09-11,MSFT,44189.08346155427
2014-09-12,MSFT,44074.608729097854
2014-09-15,MSFT,43548.090478944454
2014-09-16,MSFT,43799.016823289225
2014-09-17,MSFT,43420.9284033039
2014-09-18,MSFT,43546.5873339006
2014-09-19,MSFT,44423.487195626236
2014-09-22,MSFT,44152.10109963799
2014-09-23,MSFT,43887.99402097841
2014-09-24,MSFT,44498.27490385489
2014-09-25,MSFT,43578.58584613658
2014-09-26,MSFT,44155.84248258437
2014-09-29,MSFT,44113.419834253546
2014-09-30,MSFT,44283.863498249986
2014-10-01,MSFT,43698.63569861612
2014-10-02,MSFT,43487.53221087517
2014-10-03,MSFT,44215.508851302046
2014-10-06,MSFT,43897.32650422746
2014-10-07,MSFT,43391.42980604785
2014-10-08,MSFT,44580.39855915807
2014-10-09,MSFT,43568.92576715704
2014-10-10,MSFT,41939.22789581517
2014-10-13,MSFT,41576.088028568345
2014-10-14,MSFT,41876.692068153294
2014-10-15,MSFT,41583.19326035706
2014-10-16,MSFT,41035.67292782342
2014-10-17,MSFT,41821.88170687963
2014-10-20,MSFT,42367.39251926161
2014-10-21,MSFT,42912.11230780655
2014-10-22,MSFT,42431.85796567745
2014-10-23,MSFT,43118.108098700795
2014-10-24,MSFT,44083.66655129237
2014-10-27,MSFT,44005.70476004087
2014-10-28,MSFT,44289.92302049656
2014-10-29,MSFT,44245.18722670289
2014-10-30,MSFT,43930.69532543365
2014-10-31,MSFT,45115.132670527935
2014-11-03,MSFT,45768.91686813888
2014-11-04,MSFT,46204.65814162033
2014-11-05,MSFT,46409.9228347258
2014-11-06,MSFT,47415.2901611766
2014-11-07,MSFT,47128.66786741821
2014-11-10,MSFT,47273.34233189532
2014-11-11,MSFT,47253.399941801814
2014-11-12,MSFT,46910.067631039914
2014-11-13,MSFT,47985.106978732896
2014-11-14,MSFT,47721.95671931053
2014-11-17,MSFT,47668.62353512648
2014-11-18,MSFT,47256.38625654012
2014-11-19,MSFT,46937.5467204696
2014-11-20,MSFT,47246.10394542615
2014-11-21,MSFT,46243.26849451434
2014-11-24,MSFT,46049.99799996814
2014-11-25,MSFT,45845.62520621427
2014-11-26,MSFT,46013.737746933395
2014-11-28,MSFT,46853.786085281456
2014-12-01,MSFT,47303.618969011295
2014-12-02,MSFT,47380.23641924683
2014-12-03,MSFT,46841.72796560405
2014-12-04,MSFT,47637.641768175985
2014-12-05,MSFT,47436.69574561512
2014-12-08,MSFT,46917.30270259985
2014-12-09,MSFT,46621.43981219975
2014-12-10,MSFT,46181.94217425986
2014-12-11,MSFT,46665.16085824289
2014-12-12,MSFT,46466.97542897188
2014-12-15,MSFT,46550.36052759092
2014-12-16,MSFT,45027.69457351156
2014-12-17,MSFT,45620.78566944462
2014-12-18,MSFT,47251.12275196793
2014-12-19,MSFT,47527.6814646885
2014-12-22,MSFT,47909.8039064892
2014-12-23,MSFT,48313.34991054289
2014-12-24,MSFT,47986.19663404376
2014-12-26,MSFT,47729.76108832895
2014-12-29,MSFT,47336.63322776528
2014-12-30,MSFT,46775.79033593594
2014-12-31,MSFT,46215.760440827995
2015-01-02,MSFT,47034.099569426355
2015-01-05,MSFT,46833.955557144705
2015-01-06,MSFT,46211.347886141106
2015-01-07,MSFT,46987.522048416155
2015-01-08,MSFT,48213.311363112356
2015-01-09,MSFT,47987.36119691494
2015-01-12,MSFT,47680.12933639242
2015-01-13,MSFT,47490.730064563824
2015-01-14,MSFT,47132.88666121573
2015-01-15,MSFT,46541.4405353074
2015-01-16,MSFT,47534.51003788775
2015-01-20,MSFT,48081.504019964166
2015-01-21,MSFT,48731.78154498441
2015-01-22,MSFT,50004.841525315685
2015-01-23,MSFT,50186.34154521613
2015-01-26,MSFT,50039.71748663562
2015-01-27,MSFT,45380.594077878195
2015-01-28,MSFT,43983.29042045664
2015-01-29,MSFT,45554.35864371572
2015-01-30,MSFT,44066.86927996506
2015-02-02,MSFT,44529.90686842902
2015-02-03,MSFT,44439.61029891063
2015-02-04,MSFT,45033.18879336955
2015-02-05,MSFT,45223.37609273277
2015-02-06,MSFT,45549.67542304419
2015-02-09,MSFT,45223.41903973401
2015-02-10,MSFT,45769.439223526206
2015-02-11,MSFT,45923.73581381895
2015-02-12,MSFT,46054.560369775674
2015-02-13,MSFT,46837.334387499104
2015-02-17,MSFT,46683.71596031917
2015-02-18,MSFT,46826.943210730795
2015-02-19,MSFT,46915.684699296835
2015-02-20,MSFT,47367.799766697906
2015-02-23,MSFT,47968.476501573234
2015-02-24,MSFT,47993.36578695061
2015-02-25,MSFT,47190.843140023055
2015-02-26,MSFT,47530.11945608522
2015-02-27,MSFT,47375.37441919799
2015-03-02,MSFT,47508.062675255605
2015-03-03,MSFT,46548.6496389131
2015-03-04,MSFT,46264.73999760595
2015-03-05,MSFT,46479.28324051704
2015-03-06,MSFT,46157.46637861547
2015-03-09,MSFT,46627.246646276166
2015-03-10,MSFT,45860.94929552186
2015-03-11,MSFT,46286.66593989687
2015-03-12,MSFT,45161.28671413043
2015-03-13,MSFT,45758.81034009979
2015-03-16,MSFT,45823.28677295783
2015-03-17,MSFT,45980.86531316029
2015-03-18,MSFT,46885.017544099705
2015-03-19,MSFT,46537.438474051094
2015-03-20,MSFT,46648.22076316721
2015-03-23,MSFT,46323.75117486266
2015-03-24,MSFT,46357.60140198987
2015-03-25,MSFT,44811.18875251995
2015-03-26,MSFT,44390.74160532195
2015-03-27,MSFT,44516.13086870148
2015-03-30,MSFT,44891.95708036498
2015-03-31,MSFT,44535.29821523749
2015-04-01,MSFT,44359.80278537271
2015-04-02,MSFT,43794.738103443444
2015-04-06,MSFT,44677.928202701456
2015-04-07,MSFT,44797.36780825622
2015-04-08,MSFT,44749.433961020404
2015-04-09,MSFT,45074.49681720274
2015-04-10,MSFT,45383.85705120596
2015-04-13,MSFT,45453.38524993232
2015-04-14,MSFT,44887.866128803755
2015-04-15,MSFT,45186.38773821166
2015-04-16,MSFT,44447.85911945364
2015-04-17,MSFT,43961.3445028163
2015-04-20,MSFT,45220.06018472903
2015-04-21,MSFT,45199.44162905766
2015-04-22,MSFT,45487.77381272641
2015-04-23,MSFT,45471.085407053426
2015-04-24,MSFT,50301.27271440678
2015-04-27,MSFT,50216.99471766866
2015-04-28,MSFT,51036.36657183203
2015-04-29,MSFT,50656.63517935691
2015-04-30,MSFT,50913.441267803464
2015-05-01,MSFT,51229.86478536162
2015-05-04,MSFT,50463.96893913067
2015-05-05,MSFT,49501.09117843126
2015-05-06,MSFT,48006.65938198966
2015-05-07,MSFT,48965.4751553845
2015-05-08,MSFT,49853.93974565687
2015-05-11,MSFT,49526.046382461725
2015-05-12,MSFT,49020.03882109283
2015-05-13,MSFT,49160.72221075582
2015-05-14,MSFT,50463.9779280379
2015-05-15,MSFT,50094.46292802367
2015-05-18,MSFT,49804.29900481311
2015-05-19,MSFT,50509.03732249218
2015-05-20,MSFT,50513.174217357075
2015-05-21,MSFT,50298.77679449675
2015-05-22,MSFT,50104.788186138896
2015-05-26,MSFT,50346.61575882282
2015-05-27,MSFT,51672.948997289895
2015-05-28,MSFT,51467.868077399085
2015-05-29,MSFT,50781.320311669384
2015-06-01,MSFT,51531.716285517854
2015-06-02,MSFT,50677.96186116523
2015-06-03,MSFT,50651.25282145569
2015-06-04,MSFT,50288.625321921485
2015-06-05,MSFT,50097.24849050029
2015-06-08,MSFT,49432.66062515553
2015-06-09,MSFT,48882.016147972594
2015-06-10,MSFT,49707.9618896301
2015-06-11,MSFT,49715.530549525356
2015-06-12,MSFT,49172.54462131007
2015-06-15,MSFT,48713.45615942646
2015-06-16,MSFT,49127.19658305668
2015-06-17,MSFT,49188.52989468347
2015-06-18,MSFT,49588.53526805246
2015-06-19,MSFT,49210.23311182835
2015-06-22,MSFT,49379.58512297899
2015-06-23,MSFT,49196.87160060128
2015-06-24,MSFT,49247.88165164778
2015-06-25,MSFT,49001.07522312091
2015-06-26,MSFT,48624.44400487578
2015-06-29,MSFT,47762.94214125058
2015-06-30,MSFT,47880.61592591662
2015-07-01,MSFT,48189.71448284245
2015-07-02,MSFT,48504.59090958802
2015-07-06,MSFT,48723.8323546827
2015-07-07,MSFT,49063.36435521745
2015-07-08,MSFT,48924.28698364783
2015-07-09,MSFT,49265.35209225056
2015-07-10,MSFT,49314.28570572485
2015-07-13,MSFT,50527.23586458131
2015-07-14,MSFT,50560.29606663896
2015-07-15,MSFT,51465.077521085106
2015-07-16,MSFT,52484.26279549722
2015-07-17,MSFT,52680.35380938154
2015-07-20,MSFT,52958.327775608515
2015-07-21,MSFT,53271.23862797116
2015-07-22,MSFT,51572.46300203234
2015-07-23,MSFT,52231.44878063226
2015-07-24,MSFT,52158.264094194565
2015-07-27,MSFT,51288.17382908622
2015-07-28,MSFT,50979.826345298585
2015-07-29,MSFT,51883.546109923045
2015-07-30,MSFT,53088.512121616324
2015-07-31,MSFT,52969.2532929738
2015-08-03,MSFT,53093.698721093235
2015-08-04,MSFT,54243.785456557336
2015-08-05,MSFT,54529.57477824491
2015-08-06,MSFT,53304.50956996518
2015-08-07,MSFT,53316.99316458525
2015-08-10,MSFT,53720.24852730487
2015-08-11,MSFT,53048.3796470965
2015-08-12,MSFT,52711.58027436242
2015-08-13,MSFT,53129.46258669489
2015-08-14,MSFT,53434.19553100496
2015-08-17,MSFT,53854.061395534845
2015-08-18,MSFT,54077.187047324245
2015-08-19,MSFT,53701.30090961249
2015-08-20,MSFT,52263.3524099585
2015-08-21,MSFT,49559.35427885219
2015-08-24,MSFT,48190.574421634985
2015-08-25,MSFT,47086.185293039125
2015-08-26,MSFT,49719.267937401855
2015-08-27,MSFT,50700.748741016156
2015-08-28,MSFT,51009.69748282132
2015-08-31,MSFT,50357.02391463814
2015-09-01,MSFT,48230.18254323253
2015-09-02,MSFT,50508.953426024615
2015-09-03,MSFT,50242.15966286804
2015-09-04,MSFT,49496.186231381165
2015-09-08,MSFT,50680.1501606942
2015-09-09,MSFT,49838.26409019949
2015-09-10,MSFT,50074.69931730747
2015-09-11,MSFT,50512.32126993683
2015-09-14,MSFT,49977.90276908781
2015-09-15,MSFT,51040.811087077986
2015-09-16,MSFT,51087.888990591164
2015-09-17,MSFT,51062.40443980107
2015-09-18,MSFT,50021.50496180189
2015-09-21,MSFT,51146.14509963979
2015-09-22,MSFT,51011.937718258785
2015-09-23,MSFT,51117.781102230794
2015-09-24,MSFT,51304.25997797419
2015-09-25,MSFT,51236.68936349098
2015-09-28,MSFT,50612.60751170019
2015-09-29,MSFT,50988.967065193196
2015-09-30,MSFT,51879.65091678614
2015-10-01,MSFT,51693.88815731946
2015-10-02,MSFT,52693.3228049925
2015-10-05,MSFT,53397.84439013036
2015-10-06,MSFT,53409.377158118026
2015-10-07,MSFT,53386.15082057987
2015-10-08,MSFT,54054.06757790549
2015-10-09,MSFT,53371.34109651984
2015-10-12,MSFT,53245.91987258124
2015-10-13,MSFT,53287.87010389828
2015-10-14,MSFT,53029.122411488104
2015-10-15,MSFT,53084.776731274775
2015-10-16,MSFT,53769.19812105871
2015-10-19,MSFT,54166.14127336161
2015-10-20,MSFT,54234.322134769594
2015-10-21,MSFT,54172.79206595101
2015-10-22,MSFT,55007.469032840025
2015-10-23,MSFT,60942.50290429097
2015-10-26,MSFT,62351.4521904244
2015-10-27,MSFT,62209.556297051626
2015-10-28,MSFT,62110.1060236615
2015-10-29,MSFT,61498.46781579192
2015-10-30,MSFT,60262.4671024722
2015-11-02,MSFT,61006.21228373126
2015-11-03,MSFT,62104.776600436235
2015-11-04,MSFT,62667.291429012024
2015-11-05,MSFT,62659.48006862131
2015-11-06,MSFT,63959.16718972951
2015-11-09,MSFT,62914.75704406976
2015-11-10,MSFT,62084.62646670876
2015-11-11,MSFT,62248.96766145738
2015-11-12,MSFT,62088.89220257741
2015-11-13,MSFT,61644.82120838779
2015-11-16,MSFT,62817.78071770532
2015-11-17,MSFT,62177.12831480312
2015-11-18,MSFT,63346.84083107241
2015-11-19,MSFT,63046.450527726265
2015-11-20,MSFT,63676.52598311054
2015-11-23,MSFT,63767.23404482698
2015-11-24,MSFT,63604.680643851454
2015-11-25,MSFT,62911.90955800994
2015-11-27,MSFT,63476.38896220119
2015-11-30,MSFT,63839.753552129
2015-12-01,MSFT,65050.45748294318
2015-12-02,MSFT,64980.20517780034
2015-12-03,MSFT,63956.9838840379
2015-12-04,MSFT,65830.1313264366
2015-12-07,MSFT,66416.03229534593
2015-12-08,MSFT,66809.79337448621
2015-12-09,MSFT,65850.0018052722
2015-12-10,MSFT,66217.2176425682
2015-12-11,MSFT,65226.55516959296
2015-12-14,MSFT,66710.18130076579
2015-12-15,MSFT,66756.91662703641
2015-12-16,MSFT,68266.93319109554
2015-12-17,MSFT,68552.3879256803
2015-12-18,MSFT,66199.16492052982
2015-12-21,MSFT,67577.98139206313
2015-12-22,MSFT,67921.7381790002
2015-12-23,MSFT,68160.3087709612
2015-12-24,MSFT,67898.62070711638
2015-12-28,MSFT,68242.93680383722
2015-12-29,MSFT,68999.89667750514
2015-12-30,MSFT,68875.30542933493
2015-12-31,MSFT,67642.98018030848
2016-01-04,MSFT,67439.56919962919
2016-01-05,MSFT,67861.22685300205
2016-01-06,MSFT,67063.41439346774
2016-01-07,MSFT,64625.87743595017
2016-01-08,MSFT,65235.55905834405
2016-01-11,MSFT,65447.60937764751
2016-01-12,MSFT,66448.3204501485
2016-01-13,MSFT,65030.20547493366
2016-01-14,MSFT,67251.7819384988
2016-01-15,MSFT,65264.80596619742
2016-01-19,MSFT,64646.85654667857
2016-01-20,MSFT,65278.017662303835
2016-01-21,MSFT,63341.06995262496
2016-01-22,MSFT,65184.67884706877
2016-01-25,MSFT,65021.75590212898
2016-01-26,MSFT,64630.47276508425
2016-01-27,MSFT,63369.33706958927
2016-01-28,MSFT,64542.86288006286
2016-01-29,MSFT,68272.03689287236
2016-02-01,MSFT,67502.37169820582
2016-02-02,MSFT,65557.08228260915
2016-02-03,MSFT,63624.29943328436
2016-02-04,MSFT,62879.03612546936
2016-02-05,MSFT,61317.444207975146
2016-02-08,MSFT,60595.72384698663
2016-02-09,MSFT,59998.45890179224
2016-02-10,MSFT,61170.840124744056
2016-02-11,MSFT,60980.07653655007
2016-02-12,MSFT,61550.66739889639
2016-02-16,MSFT,62832.72427660645
2016-02-17,MSFT,63647.56971659124
2016-02-18,MSFT,63540.23916785491
2016-02-19,MSFT,63459.42190040381
2016-02-22,MSFT,63933.92134436498
2016-02-23,MSFT,62637.409305047106
2016-02-24,MSFT,62734.50048967072
2016-02-25,MSFT,62754.03837893847
2016-02-26,MSFT,61665.16710053958
2016-02-29,MSFT,61051.86494606331
2016-03-01,MSFT,62548.78567104265
2016-03-02,MSFT,63276.05917916995
2016-03-03,MSFT,62274.14658940135
2016-03-04,MSFT,61571.6325268802
2016-03-07,MSFT,60225.8952339865
2016-03-08,MSFT,61361.17624046046
2016-03-09,MSFT,62058.231039985105
2016-03-10,MSFT,61760.0020694462
2016-03-11,MSFT,62227.967576612085
2016-03-14,MSFT,62714.48518955183
2016-03-15,MSFT,63523.67361058087
2016-03-16,MSFT,64434.89212137762
2016-03-17,MSFT,62970.518231975824
2016-03-18,MSFT,61613.39099484281
2016-03-21,MSFT,62458.61095115573
2016-03-22,MSFT,62614.253879999385
2016-03-23,MSFT,63225.081088682506
2016-03-24,MSFT,63828.45149942713
2016-03-28,MSFT,62632.40448124991
2016-03-29,MSFT,63855.29537274526
2016-03-30,MSFT,63311.62429004487
2016-03-31,MSFT,63563.122928150515
2016-04-01,MSFT,64331.30295558766
2016-04-04,MSFT,64116.528997390764
2016-04-05,MSFT,63758.4159268255
2016-04-06,MSFT,63958.61786762047
2016-04-07,MSFT,63608.836515298295
2016-04-08,MSFT,62751.43758844398
2016-04-11,MSFT,62223.01568749085
2016-04-12,MSFT,62063.195913083466
2016-04-13,MSFT,62825.46723216215
2016-04-14,MSFT,63051.693058181554
2016-04-15,MSFT,63487.10573716505
2016-04-18,MSFT,64199.91709231224
2016-04-19,MSFT,63322.97428358534
2016-04-20,MSFT,62282.46332613239
2016-04-21,MSFT,62906.52120750388
2016-04-22,MSFT,58230.31487992243
2016-04-25,MSFT,58627.554666164215
2016-04-26,MSFT,57571.906388920754
2016-04-27,MSFT,57109.46905970686
2016-04-28,MSFT,55541.51998725972
2016-04-29,MSFT,55541.9754252265
2016-05-02,MSFT,56350.159086179694
2016-05-03,MSFT,56034.30486608001
2016-05-04,MSFT,57011.819564066966
2016-05-05,MSFT,56957.57250764694
2016-05-06,MSFT,57771.888600872095
2016-05-09,MSFT,57729.44897349426
2016-05-10,MSFT,58664.790715018135
2016-05-11,MSFT,58143.23034659079
2016-05-12,MSFT,58766.972617441446
2016-05-13,MSFT,58649.34377731161
2016-05-16,MSFT,59269.30271698211
2016-05-17,MSFT,58153.875210296734
2016-05-18,MSFT,58694.89456536162
2016-05-19,MSFT,58973.75044326548
2016-05-20,MSFT,59411.089744700555
2016-05-23,MSFT,58721.64355577
2016-05-24,MSFT,60467.04963739497
2016-05-25,MSFT,60981.74148192423
2016-05-26,MSFT,60190.53387167566
2016-05-27,MSFT,60778.25659245208
2016-05-31,MSFT,62039.18654184804
2016-06-01,MSFT,61831.820441983575
2016-06-02,MSFT,61334.64797766317
2016-06-03,MSFT,59917.379957263736
2016-06-06,MSFT,59879.29096098959
2016-06-07,MSFT,59534.52541890679
2016-06-08,MSFT,59027.46016278611
2016-06-09,MSFT,58718.15086592391
2016-06-10,MSFT,58584.625642725594
2016-06-13,MSFT,57309.96763444072
2016-06-14,MSFT,57143.16347910861
2016-06-15,MSFT,57337.2679444931
2016-06-16,MSFT,58716.8904213755
2016-06-17,MSFT,57682.397037935334
2016-06-20,MSFT,57295.81709691156
2016-06-21,MSFT,58627.937194105616
2016-06-22,MSFT,58420.950625880134
2016-06-23,MSFT,59150.736034197
2016-06-24,MSFT,57664.06366223762
2016-06-27,MSFT,56593.47282486048
2016-06-28,MSFT,57825.186828194666
2016-06-29,MSFT,58665.11131937632
2016-06-30,MSFT,59477.770457367085
2016-07-01,MSFT,59466.07688781659
2016-07-05,MSFT,59203.44798501409
2016-07-06,MSFT,59706.53315276284
2016-07-07,MSFT,59610.1211300195
2016-07-08,MSFT,61095.26438898078
2016-07-11,MSFT,61684.05079711382
2016-07-12,MSFT,61882.65770625759
2016-07-13,MSFT,61989.161275527935
2016-07-14,MSFT,62013.62608473014
2016-07-15,MSFT,62257.40724658735
2016-07-18,MSFT,62598.076843271556
2016-07-19,MSFT,61804.70490391333
2016-07-20,MSFT,65143.99405413749
2016-07-21,MSFT,65097.46846903579
2016-07-22,MSFT,66611.1295355966
2016-07-25,MSFT,67038.24645196596
2016-07-26,MSFT,66990.91486151514
2016-07-27,MSFT,66371.86080517338
2016-07-28,MSFT,66145.56206912859
2016-07-29,MSFT,66045.88607429003
2016-08-01,MSFT,65930.3546458493
2016-08-02,MSFT,66173.02517827875
2016-08-03,MSFT,66580.31855788364
2016-08-04,MSFT,66790.66198357916
2016-08-05,MSFT,68256.70381465752
2016-08-08,MSFT,68293.2247460022
2016-08-09,MSFT,68212.10684954232
2016-08-10,MSFT,67708.03190322983
2016-08-11,MSFT,67755.43540493854
2016-08-12,MSFT,67015.76519496116
2016-08-15,MSFT,67103.44998754287
2016-08-16,MSFT,66424.08735499956
2016-08-17,MSFT,66683.52719326715
2016-08-18,MSFT,66158.01070688717
2016-08-19,MSFT,66715.21209251723
2016-08-22,MSFT,67106.22755987974
2016-08-23,MSFT,67151.77535162732
2016-08-24,MSFT,67420.12219820131
2016-08-25,MSFT,67660.71529429109
2016-08-26,MSFT,67560.17137052021
2016-08-29,MSFT,68008.30834708428
2016-08-30,MSFT,68057.40376088888
2016-08-31,MSFT,67799.95946002836
2016-09-01,MSFT,67853.12385250982
2016-09-02,MSFT,67401.78083236383
2016-09-06,MSFT,66522.73262180806
2016-09-07,MSFT,66851.32112716303
2016-09-08,MSFT,66654.17741236427
2016-09-09,MSFT,65867.91170356222
2016-09-12,MSFT,67076.38139154376
2016-09-13,MSFT,66920.1981294983
2016-09-14,MSFT,66711.51865040947
2016-09-15,MSFT,67594.55893454683
2016-09-16,MSFT,68009.92834792225
2016-09-19,MSFT,67467.2580302278
2016-09-20,MSFT,67561.70747489062
2016-09-21,MSFT,68474.39217633479
2016-09-22,MSFT,67782.26229920966
2016-09-23,MSFT,67976.00421200217
2016-09-26,MSFT,67513.03953356361
2016-09-27,MSFT,69024.86686304765
2016-09-28,MSFT,69089.35927618523
2016-09-29,MSFT,67608.51770872156
2016-09-30,MSFT,67929.12905828562
2016-10-03,MSFT,67818.57149185048
2016-10-04,MSFT,67778.20730327739
2016-10-05,MSFT,68292.54358658697
2016-10-06,MSFT,68574.35082236766
2016-10-07,MSFT,69136.32531774165
2016-10-10,MSFT,69423.0724574339
2016-10-11,MSFT,68072.74982308083
2016-10-12,MSFT,68174.91774275956
2016-10-13,MSFT,67648.69113270768
2016-10-14,MSFT,67978.60600126414
2016-10-17,MSFT,67590.82154667034
2016-10-18,MSFT,67934.83601561493
2016-10-19,MSFT,67796.96415638282
2016-10-20,MSFT,67932.72062611135
2016-10-21,MSFT,71468.08081487041
2016-10-24,MSFT,73424.5054890013
2016-10-25,MSFT,73115.16523034748
2016-10-26,MSFT,72827.80484742802
2016-10-27,MSFT,72328.33421915685
2016-10-28,MSFT,72051.28311407307
2016-10-31,MSFT,72209.62071755351
2016-11-01,MSFT,71930.12363093325
2016-11-02,MSFT,71550.21146154588
2016-11-03,MSFT,71259.97662584488
2016-11-04,MSFT,70795.32303161285
2016-11-07,MSFT,72703.62908652578
2016-11-08,MSFT,72512.34314294445
2016-11-09,MSFT,72532.10775242811
2016-11-10,MSFT,71117.2367739591
2016-11-11,MSFT,71503.89661638055
2016-11-14,MSFT,70970.45491011818
2016-11-15,MSFT,71766.31477924668
2016-11-16,MSFT,72435.4949774231
2016-11-17,MSFT,73708.24434107091
2016-11-18,MSFT,73847.38863006108
2016-11-21,MSFT,74019.3554144508
2016-11-22,MSFT,74365.00087067555
2016-11-23,MSFT,73642.82307418529
2016-11-25,MSFT,74041.70283661447
2016-11-28,MSFT,73520.69678413354
2016-11-29,MSFT,74289.05159587812
2016-11-30,MSFT,73230.62674506525
2016-12-01,MSFT,71431.5988354571
2016-12-02,MSFT,71316.79950357262
2016-12-05,MSFT,72344.25657017957
2016-12-06,MSFT,72069.25893101619
2016-12-07,MSFT,73616.11503324323
2016-12-08,MSFT,73011.4532161586
2016-12-09,MSFT,73841.1912779035
2016-12-12,MSFT,73944.76446341393
2016-12-13,MSFT,74791.02213912921
2016-12-14,MSFT,74467.3465709641
2016-12-15,MSFT,75885.02808109652
2016-12-16,MSFT,75213.66357846101
2016-12-19,MSFT,77151.62503712294
2016-12-20,MSFT,76941.32755473108
2016-12-21,MSFT,77086.72412808973
2016-12-22,MSFT,77472.12951856761
2016-12-23,MSFT,77477.39901574462
2016-12-27,MSFT,77530.25578784502
2016-12-28,MSFT,77289.4539493538
2016-12-29,MSFT,76793.84655366046
2016-12-30,MSFT,75524.44106350558
2017-01-03,MSFT,76100.27245877226
2017-01-04,MSFT,75083.96563221158
2017-01-05,MSFT,74683.59271241324
2017-01-06,MSFT,75160.449247606
2017-01-09,MSFT,75070.57415796036
2017-01-10,MSFT,74891.75083488222
2017-01-11,MSFT,75786.70741371611
2017-01-12,MSFT,74273.75247575728
2017-01-13,MSFT,74581.03826972324
2017-01-17,MSFT,73900.73280068731
2017-01-18,MSFT,74102.59968685644
2017-01-19,MSFT,75016.29713851621
2017-01-20,MSFT,75845.68063780891
2017-01-23,MSFT,75743.77839027748
2017-01-24,MSFT,75737.52910221143
2017-01-25,MSFT,75438.40723355344
2017-01-26,MSFT,76225.2751991405
2017-01-27,MSFT,78137.78207003647
2017-01-30,MSFT,77311.4218398785
2017-01-31,MSFT,76247.8942860563
2017-02-01,MSFT,75242.8026194275
2017-02-02,MSFT,74423.71641276083
2017-02-03,MSFT,75023.40436783987
2017-02-06,MSFT,75459.4222999108
2017-02-07,MSFT,75595.49937399752
2017-02-08,MSFT,75432.8291172279
2017-02-09,MSFT,76115.26196097706
2017-02-10,MSFT,75794.32001938009
2017-02-13,MSFT,76635.4130685028
2017-02-14,MSFT,76851.91089935464
2017-02-15,MSFT,76909.1232963961
2017-02-16,MSFT,76705.03515137146
2017-02-17,MSFT,77096.07858422314
2017-02-21,MSFT,77217.0542941483
2017-02-22,MSFT,77252.48856648452
2017-02-23,MSFT,77143.1534914339
2017-02-24,MSFT,77054.88841495154
2017-02-27,MSFT,76728.38833237842
2017-02-28,MSFT,77194.7667980329
2017-03-01,MSFT,78840.059424667
2017-03-02,MSFT,78032.9124843487
2017-03-03,MSFT,78430.50683304269
2017-03-06,MSFT,78449.6911586257
2017-03-07,MSFT,78685.5091474366
2017-03-08,MSFT,79748.50735449918
2017-03-09,MSFT,79652.99821754964
2017-03-10,MSFT,79611.32863989194
2017-03-13,MSFT,79239.24580870976
2017-03-14,MSFT,79091.50213179426
2017-03-15,MSFT,79178.24808295323
2017-03-16,MSFT,78399.17749501228
2017-03-17,MSFT,78787.5262532272
2017-03-20,MSFT,78984.56110237162
2017-03-21,MSFT,77868.94782493664
2017-03-22,MSFT,79113.54293234434
2017-03-23,MSFT,78781.61854363623
2017-03-24,MSFT,79137.80698928487
2017-03-27,MSFT,79279.21148906193
2017-03-28,MSFT,79514.75581558578
2017-03-29,MSFT,79674.33388826519
2017-03-30,MSFT,79612.6699846055
2017-03-31,MSFT,79826.44317779645
2017-04-03,MSFT,79890.35231073094
2017-04-04,MSFT,80358.73730023464
2017-04-05,MSFT,80052.57012583621
2017-04-06,MSFT,80316.83800605862
2017-04-07,MSFT,80119.09602954474
2017-04-10,MSFT,79657.96808448534
2017-04-11,MSFT,79496.73705164142
2017-04-12,MSFT,79003.59061899662
2017-04-13,MSFT,78516.99210589172
2017-04-17,MSFT,79240.33446525315
2017-04-18,MSFT,79657.9141510419
2017-04-19,MSFT,79718.75007646813
2017-04-20,MSFT,80415.94070836884
2017-04-21,MSFT,81668.7277065737
2017-04-24,MSFT,82972.43886182258
2017-04-25,MSFT,84070.01439873125
2017-04-26,MSFT,83962.02366469658
2017-04-27,MSFT,84701.1964884734
2017-04-28,MSFT,85173.77829889025
2017-05-01,MSFT,86341.44334184399
2017-05-02,MSFT,86584.34259202432
2017-05-03,MSFT,86272.39854657359
2017-05-04,MSFT,86115.38730629467
2017-05-05,MSFT,86158.06264279566
2017-05-08,MSFT,86039.47898096354
2017-05-09,MSFT,86309.32797381391
2017-05-10,MSFT,86293.57641202875
2017-05-11,MSFT,85454.32409135507
2017-05-12,MSFT,85394.55185328545
2017-05-15,MSFT,85005.25426597308
2017-05-16,MSFT,86433.23706380143
2017-05-17,MSFT,84138.51186942754
2017-05-18,MSFT,84402.73081004387
2017-05-19,MSFT,83963.45090341264
2017-05-22,MSFT,84908.19803821095
2017-05-23,MSFT,84855.30431171414
2017-05-24,MSFT,84776.83314905241
2017-05-25,MSFT,85777.42536822434
2017-05-26,MSFT,86216.40164954438
2017-05-30,MSFT,86854.33840369293
2017-05-31,MSFT,86350.81377825694
2017-06-01,MSFT,86672.39193473294
2017-06-02,MSFT,88741.27183349388
2017-06-05,MSFT,89255.4483140081
2017-06-06,MSFT,89405.31936563682
2017-06-07,MSFT,89449.5108311588
2017-06-08,MSFT,88978.2643728507
2017-06-09,MSFT,86640.9846928398
2017-06-12,MSFT,85735.30734397218
2017-06-13,MSFT,85660.38080706504
2017-06-14,MSFT,85010.19017481478
2017-06-15,MSFT,85036.56662495648
2017-06-16,MSFT,84830.20029133048
2017-06-19,MSFT,85808.24433607707
2017-06-20,MSFT,84946.06231180411
2017-06-21,MSFT,85660.20402522267
2017-06-22,MSFT,85204.3655526897
2017-06-23,MSFT,86533.12080227394
2017-06-26,MSFT,85513.22340665502
2017-06-27,MSFT,83595.00957842974
2017-06-28,MSFT,83490.76322364387
2017-06-29,MSFT,81641.51928312865
2017-06-30,MSFT,81925.73754358434
2017-07-03,MSFT,81022.09668159009
2017-07-05,MSFT,82133.38229957322
2017-07-06,MSFT,81300.623964996
2017-07-07,MSFT,81983.73397309051
2017-07-10,MSFT,82599.84765799764
2017-07-11,MSFT,82817.45511950977
2017-07-12,MSFT,83371.56831611949
2017-07-13,MSFT,83763.79329088937
2017-07-14,MSFT,84467.9303505509
2017-07-17,MSFT,85109.07214951389
2017-07-18,MSFT,84775.87333351279
2017-07-19,MSFT,85200.54127204324
2017-07-20,MSFT,85546.6821169336
2017-07-21,MSFT,84808.77772784495
2017-07-24,MSFT,84339.90833611782
2017-07-25,MSFT,84980.87535077338
2017-07-26,MSFT,84810.29185933099
2017-07-27,MSFT,83889.27543964371
2017-07-28,MSFT,83262.89941897203
2017-07-31,MSFT,83130.16422084326
2017-08-01,MSFT,83184.02375548454
2017-08-02,MSFT,83123.4984467418
2017-08-03,MSFT,83116.37124206872
2017-08-04,MSFT,84126.5576215671
2017-08-07,MSFT,83798.62730397553
2017-08-08,MSFT,84480.20720030447
2017-08-09,MSFT,84327.141091536
2017-08-10,MSFT,83131.70831535343
2017-08-11,MSFT,84227.9684755028
2017-08-14,MSFT,85629.82851012707
2017-08-15,MSFT,85989.36981817588
2017-08-16,MSFT,86116.00154828934
2017-08-17,MSFT,84308.73979965024
2017-08-18,MSFT,84006.30501929094
2017-08-21,MSFT,83536.88330915234
2017-08-22,MSFT,84550.86700257547
2017-08-23,MSFT,84126.7473873866
2017-08-24,MSFT,83857.10414063525
2017-08-25,MSFT,83755.56244816084
2017-08-28,MSFT,83700.48341843748
2017-08-29,MSFT,84176.13743759514
2017-08-30,MSFT,85896.65323507527
2017-08-31,MSFT,86336.44750695405
2017-09-01,MSFT,84351.59791059843
2017-09-05,MSFT,83847.0006088986
2017-09-06,MSFT,82883.91310703028
2017-09-07,MSFT,83150.9116175184
2017-09-08,MSFT,82638.86650678731
2017-09-11,MSFT,83478.91384636788
2017-09-12,MSFT,83606.91988052144
2017-09-13,MSFT,84394.05251948832
2017-09-14,MSFT,83972.79637063883
2017-09-15,MSFT,84472.09421213751
2017-09-18,MSFT,84688.79778908838
2017-09-19,MSFT,85279.57673832607
2017-09-20,MSFT,84685.11033958543
2017-09-21,MSFT,84307.79896069255
2017-09-22,MSFT,84388.14081482745
2017-09-25,MSFT,83242.58848368171
2017-09-26,MSFT,83438.19909041248
2017-09-27,MSFT,84397.11773685683
2017-09-28,MSFT,84680.00064520378
2017-09-29,MSFT,85594.905606736
2017-10-02,MSFT,85905.75400427102
2017-10-03,MSFT,85467.77848795694
2017-10-04,MSFT,85819.37260323898
2017-10-05,MSFT,87771.60345275913
2017-10-06,MSFT,87810.43353449675
2017-10-09,MSFT,88151.97205888074
2017-10-10,MSFT,87814.79015820527
2017-10-11,MSFT,87937.39086280575
2017-10-12,MSFT,88560.14735016253
2017-10-13,MSFT,89095.30693647504
2017-10-16,MSFT,89577.05143967087
2017-10-17,MSFT,89642.9611038498
2017-10-18,MSFT,89223.47776726131
2017-10-19,MSFT,89509.40691639483
2017-10-20,MSFT,91436.7035360014
2017-10-23,MSFT,91772.21349993041
2017-10-24,MSFT,91967.56742342112
2017-10-25,MSFT,92462.3648186955
2017-10-26,MSFT,93044.14087794957
2017-10-27,MSFT,99342.95982043359
2017-10-30,MSFT,99156.55485348306
2017-10-31,MSFT,98745.01970842882
2017-11-01,MSFT,98683.7493191527
2017-11-02,MSFT,99228.30131476252
2017-11-03,MSFT,98885.2556502648
2017-11-06,MSFT,99134.84364619841
2017-11-07,MSFT,99188.66323014084
2017-11-08,MSFT,99108.14259662863
2017-11-09,MSFT,98269.01911695872
2017-11-10,MSFT,97943.32803603713
2017-11-13,MSFT,98013.88496525862
2017-11-14,MSFT,98539.53828278213
2017-11-15,MSFT,98079.06652795119
2017-11-16,MSFT,98126.03456704254
2017-11-17,MSFT,97472.29431520033
2017-11-20,MSFT,97699.57284213416
2017-11-21,MSFT,98993.71580501083
2017-11-22,MSFT,97893.64035312223
2017-11-24,MSFT,97911.98771156454
2017-11-27,MSFT,98836.8763527369
2017-11-28,MSFT,100592.67261236272
2017-11-29,MSFT,99119.29383544238
2017-11-30,MSFT,100383.96217148229
2017-12-01,MSFT,99248.62423526247
2017-12-04,MSFT,95249.45540955184
2017-12-05,MSFT,95734.29009930295
2017-12-06,MSFT,97722.15197835112
2017-12-07,MSFT,98034.98692438597
2017-12-08,MSFT,100154.44041280857
2017-12-11,MSFT,101378.04742058062
2017-12-12,MSFT,101927.73108345647
2017-12-13,MSFT,101507.70741366617
2017-12-14,MSFT,100350.59434904356
2017-12-15,MSFT,103145.98569635142
2017-12-18,MSFT,102834.00869157416
2017-12-19,MSFT,102349.35278120036
2017-12-20,MSFT,101627.91607017361
2017-12-21,MSFT,100748.17970883031
2017-12-22,MSFT,100958.71689541521
2017-12-26,MSFT,100831.79352520024
2017-12-27,MSFT,100260.35071420115
2017-12-28,MSFT,99852.43510246181
2017-12-29,MSFT,99300.72294285237
2018-01-02,MSFT,99554.27205057598
2018-01-03,MSFT,100144.67746077952
2018-01-04,MSFT,100882.44401995718
2018-01-05,MSFT,101218.64013713876
2018-01-08,MSFT,101476.54686733837
2018-01-09,MSFT,101670.043083333
2018-01-10,MSFT,101550.8841314376
2018-01-11,MSFT,102168.54390838985
2018-01-12,MSFT,103677.3889182055
2018-01-16,MSFT,101532.16722903102
2018-01-17,MSFT,103640.48346138449
2018-01-18,MSFT,103769.65705471163
2018-01-19,MSFT,103762.32010886965
2018-01-22,MSFT,105607.57297457074
2018-01-23,MSFT,105911.37406883037
2018-01-24,MSFT,104861.40678096194
2018-01-25,MSFT,105286.68197011478
2018-01-26,MSFT,107244.30816151328
2018-01-29,MSFT,107203.54546471927
2018-01-30,MSFT,105797.04116135483
2018-01-31,MSFT,108081.04059185761
2018-02-01,MSFT,107179.94458937948
2018-02-02,MSFT,105144.19580516663
2018-02-05,MSFT,101652.32494839744
2018-02-06,MSFT,105896.29867262304
2018-02-07,MSFT,104036.785404971
2018-02-08,MSFT,99003.45179031815
2018-02-09,MSFT,102888.56037207284
2018-02-12,MSFT,103968.44474076765
2018-02-13,MSFT,104738.65726000829
2018-02-14,MSFT,106057.58963151522
2018-02-15,MSFT,107743.04169939087
2018-02-16,MSFT,107256.68888308383
2018-02-20,MSFT,108805.20094177779
2018-02-21,MSFT,107776.52837515864
2018-02-22,MSFT,108387.63224243122
2018-02-23,MSFT,110782.7765146421
2018-02-26,MSFT,112541.342356465
2018-02-27,MSFT,111572.24027688631
2018-02-28,MSFT,111664.53238381176
2018-03-01,MSFT,110936.22015751462
2018-03-02,MSFT,111518.93705572639
2018-03-05,MSFT,112975.64140971834
2018-03-06,MSFT,111904.25055959693
2018-03-07,MSFT,112979.68142413853
2018-03-08,MSFT,113489.95871644597
2018-03-09,MSFT,115245.21164656755
2018-03-12,MSFT,115429.55216115552
2018-03-13,MSFT,113335.82991908834
2018-03-14,MSFT,112941.09204536142
2018-03-15,MSFT,114107.99203243238
2018-03-16,MSFT,115111.65945664753
2018-03-19,MSFT,112951.32441810184
2018-03-20,MSFT,113226.35501659178
2018-03-21,MSFT,111413.39729706556
2018-03-22,MSFT,107754.15498504072
2018-03-23,MSFT,104201.70688362027
2018-03-26,MSFT,112348.01892724283
2018-03-27,MSFT,107046.46530948483
2018-03-28,MSFT,107225.34955737871
2018-03-29,MSFT,109414.20639859381
2018-04-02,MSFT,106229.02107654049
2018-04-03,MSFT,106857.04506353934
2018-04-04,MSFT,109954.97506302348
2018-04-05,MSFT,109730.26636479252
2018-04-06,MSFT,107075.76215571174
2018-04-09,MSFT,107419.21531733764
2018-04-10,MSFT,108957.74070008907
2018-04-11,MSFT,107472.40268147094
2018-04-12,MSFT,109591.2858736676
2018-04-13,MSFT,109011.29960572156
2018-04-16,MSFT,110130.4754867256
2018-04-17,MSFT,112111.54874327336
2018-04-18,MSFT,113101.0985892859
2018-04-19,MSFT,112880.57073168855
2018-04-20,MSFT,112415.99504131926
2018-04-23,MSFT,113761.34281489927
2018-04-24,MSFT,111058.1047458384
2018-04-25,MSFT,110444.96339292497
2018-04-26,MSFT,112712.48116262126
2018-04-27,MSFT,114534.74140237241
2018-04-30,MSFT,111605.42931994771
2018-05-01,MSFT,113643.66803146577
2018-05-02,MSFT,111723.5285795564
2018-05-03,MSFT,112490.2424163461
2018-05-04,MSFT,113782.83828841019
2018-05-07,MSFT,115076.46388973687
2018-05-08,MSFT,115470.09413033846
2018-05-09,MSFT,115866.47397778771
2018-05-10,MSFT,116286.82424454103
2018-05-11,MSFT,116075.24534348387
2018-05-14,MSFT,116430.23826446974
2018-05-15,MSFT,116505.31861156739
2018-05-16,MSFT,116195.37609612857
2018-05-17,MSFT,114962.54646952928
2018-05-18,MSFT,115889.68633258129
2018-05-21,MSFT,117378.32328015612
2018-05-22,MSFT,116403.17166600557
2018-05-23,MSFT,118620.80998943254
2018-05-24,MSFT,118333.73325647485
2018-05-25,MSFT,119156.28019242853
2018-05-29,MSFT,119154.69614721953
2018-05-30,MSFT,119161.29001006308
2018-05-31,MSFT,119496.0698749708
2018-06-01,MSFT,122000.91976496406
2018-06-04,MSFT,122727.76580061375
2018-06-05,MSFT,123988.99937532088
2018-06-06,MSFT,123592.11415153129
2018-06-07,MSFT,122185.16539664227
2018-06-08,MSFT,123000.0437959536
2018-06-11,MSFT,122589.69119158502
2018-06-12,MSFT,123013.11067077672
2018-06-13,MSFT,122300.45911842491
2018-06-14,MSFT,123603.39922518616
2018-06-15,MSFT,123202.3391533678
2018-06-18,MSFT,124383.94399391432
2018-06-19,MSFT,125024.32073699452
2018-06-20,MSFT,126519.4007335248
2018-06-21,MSFT,125694.92917265449
2018-06-22,MSFT,124778.8586494836
2018-06-25,MSFT,122215.76064058149
2018-06-26,MSFT,123099.8366465863
2018-06-27,MSFT,121196.96987932042
2018-06-28,MSFT,122183.69521092495
2018-06-29,MSFT,121246.56267932558
2018-07-02,MSFT,122972.99517530392
2018-07-03,MSFT,121658.93179521812
2018-07-05,MSFT,122296.17340720684
2018-07-06,MSFT,123783.06550800985
2018-07-09,MSFT,124553.44082634823
2018-07-10,MSFT,125161.46948857761
2018-07-11,MSFT,125228.54271686026
2018-07-12,MSFT,128091.80231135768
2018-07-13,MSFT,129682.71204919569
2018-07-16,MSFT,128707.25680973394
2018-07-17,MSFT,130431.48402713632
2018-07-18,MSFT,129632.96943406989
2018-07-19,MSFT,129229.33953354861
2018-07-20,MSFT,130371.11053104915
2018-07-23,MSFT,132655.32569532568
2018-07-24,MSFT,132279.07001364965
2018-07-25,MSFT,135453.31783312804
2018-07-26,MSFT,133734.23027313146
2018-07-27,MSFT,131347.43270067574
2018-07-30,MSFT,128142.98614794413
2018-07-31,MSFT,128901.61995589342
2018-08-01,MSFT,128995.14054680821
2018-08-02,MSFT,130726.98136864202
2018-08-03,MSFT,130997.80116347421
2018-08-06,MSFT,131109.31754668153
2018-08-07,MSFT,132379.52205081322
2018-08-08,MSFT,133439.51696409046
2018-08-09,MSFT,133543.44870712297
2018-08-10,MSFT,133437.1319073697
2018-08-13,MSFT,132758.03994081105
2018-08-14,MSFT,133886.22770070593
2018-08-15,MSFT,132599.79622147288
2018-08-16,MSFT,132716.1386491001
2018-08-17,MSFT,131925.21169251084
2018-08-20,MSFT,130867.38809971555
2018-08-21,MSFT,129470.86248215391
2018-08-22,MSFT,130620.97218926983
2018-08-23,MSFT,131717.58291680153
2018-08-24,MSFT,132436.15216641902
2018-08-27,MSFT,133421.03477203957
2018-08-28,MSFT,133508.11031646398
2018-08-29,MSFT,135796.7130662406
2018-08-30,MSFT,136223.13783675255
2018-08-31,MSFT,137441.8398974745
2018-09-04,MSFT,138035.01888494505
2018-09-05,MSFT,134064.44976576656
2018-09-06,MSFT,134403.17276464976
2018-09-07,MSFT,133528.80278092818
2018-09-10,MSFT,134959.5461720464
2018-09-11,MSFT,137015.07155095256
2018-09-12,MSFT,136275.8108356383
2018-09-13,MSFT,137542.57858090222
2018-09-14,MSFT,138494.99724864532
2018-09-17,MSFT,136859.98893066013
2018-09-18,MSFT,137868.56429822778
2018-09-19,MSFT,135561.2905893482
2018-09-20,MSFT,137373.2545352408
2018-09-21,MSFT,138336.59472527925
2018-09-24,MSFT,139019.39112038788
2018-09-25,MSFT,138890.12264415098
2018-09-26,MSFT,138636.76330224687
2018-09-27,MSFT,139882.41210933647
2018-09-28,MSFT,138773.9040636902
2018-10-01,MSFT,138747.7303633451
2018-10-02,MSFT,138337.47663695618
2018-10-03,MSFT,138525.008213614
2018-10-04,MSFT,136364.029968817
2018-10-05,MSFT,135974.54561198753
2018-10-08,MSFT,134399.5901857313
2018-10-09,MSFT,136417.92845538963
2018-10-10,MSFT,129263.27865098076
2018-10-11,MSFT,129403.99999380765
2018-10-12,MSFT,133846.9331920943
2018-10-15,MSFT,131061.06808892486
2018-10-16,MSFT,134606.44691418557
2018-10-17,MSFT,134834.77015189404
2018-10-18,MSFT,132775.99378486976
2018-10-19,MSFT,133445.0161777858
2018-10-22,MSFT,134682.93452464987
2018-10-23,MSFT,132745.52039056201
2018-10-24,MSFT,124969.13184284934
2018-10-25,MSFT,132726.28912290788
2018-10-26,MSFT,131413.31140306304
2018-10-29,MSFT,127711.19200350807
2018-10-30,MSFT,127693.75052716196
2018-10-31,MSFT,131563.85262766483
2018-11-01,MSFT,129913.3284570176
2018-11-02,MSFT,130387.56722266888
2018-11-05,MSFT,131984.9309959045
2018-11-06,MSFT,132593.8026178794
2018-11-07,MSFT,137453.620359795
2018-11-08,MSFT,137374.039566473
2018-11-09,MSFT,135644.4329874718
2018-11-12,MSFT,132279.73419401786
2018-11-13,MSFT,132721.566950305
2018-11-14,MSFT,130752.25018565838
2018-11-15,MSFT,133347.26880293374
2018-11-16,MSFT,134082.94394302712
2018-11-19,MSFT,129842.62870404776
2018-11-20,MSFT,126968.48554041884
2018-11-21,MSFT,128805.94002970633
2018-11-23,MSFT,128351.49583656288
2018-11-26,MSFT,132599.41569106645
2018-11-27,MSFT,134046.83550264794
2018-11-28,MSFT,139145.45455181034
2018-11-29,MSFT,137710.84593057935
2018-11-30,MSFT,138840.07540494655
2018-12-03,MSFT,139183.24092154077
2018-12-04,MSFT,135042.5707156084
2018-12-06,MSFT,137795.9848648775
2018-12-07,MSFT,131227.5236744096
2018-12-10,MSFT,135527.92176814203
2018-12-11,MSFT,137005.75904305294
2018-12-12,MSFT,137055.77332293085
2018-12-13,MSFT,137634.91563236387
2018-12-14,MSFT,133531.56237545057
2018-12-17,MSFT,129787.35791096996
2018-12-18,MSFT,131694.6202538757
2018-12-19,MSFT,131300.82321910645
2018-12-20,MSFT,128973.1456895618
2018-12-21,MSFT,125448.4433484858
2018-12-24,MSFT,120414.2338147609
2018-12-26,MSFT,128638.33985669985
2018-12-27,MSFT,129934.5532645439
2018-12-28,MSFT,128881.39191830321
2018-12-31,MSFT,130452.57100475157
2019-01-02,MSFT,129465.77675819154
2019-01-03,MSFT,123792.48887909875
2019-01-04,MSFT,128689.03030215562
2019-01-07,MSFT,127921.85103972442
2019-01-08,MSFT,128644.1686636606
2019-01-09,MSFT,129799.87046984668
2019-01-10,MSFT,129089.10259294517
2019-01-11,MSFT,128315.13071294369
2019-01-14,MSFT,127486.20964299007
2019-01-15,MSFT,131110.84466214466
2019-01-16,MSFT,131397.64273897797
2019-01-17,MSFT,132800.04710187393
2019-01-18,MSFT,134476.08978140526
2019-01-22,MSFT,132700.5069394114
2019-01-23,MSFT,134095.37759927363
2019-01-24,MSFT,133460.12253578473
2019-01-25,MSFT,133752.35690396267
2019-01-28,MSFT,131140.6748502011
2019-01-29,MSFT,128553.52951689968
2019-01-30,MSFT,132101.29140134616
2019-01-31,MSFT,129237.1488964044
2019-02-01,MSFT,126702.11026083262
2019-02-04,MSFT,130659.16006352361
2019-02-05,MSFT,132583.0369033095
2019-02-06,MSFT,131645.21322462015
2019-02-07,MSFT,131621.18587557026
2019-02-08,MSFT,131991.0554380367
2019-02-11,MSFT,131684.19611778084
2019-02-12,MSFT,133322.32158904304
2019-02-13,MSFT,133137.34585834353
2019-02-14,MSFT,133838.78225076347
2019-02-15,MSFT,135131.8475435389
2019-02-19,MSFT,134783.1668329698
2019-02-20,MSFT,133426.94847423537
2019-02-21,MSFT,136506.4751842988
2019-02-22,MSFT,138209.17297009626
2019-02-25,MSFT,138977.5527510276
2019-02-26,MSFT,140165.09027035188
2019-02-27,MSFT,139401.5814783766
2019-02-28,MSFT,139477.2221340255
2019-03-01,MSFT,141063.48460682094
2019-03-04,MSFT,141344.00143502912
2019-03-05,MSFT,140910.7830481794
2019-03-06,MSFT,141767.05037148908
2019-03-07,MSFT,140229.86133961382
2019-03-08,MSFT,140218.3994841166
2019-03-11,MSFT,143094.3244489138
2019-03-12,MSFT,143687.0190341609
2019-03-13,MSFT,144258.49380571907
2019-03-14,MSFT,144387.78325607284
2019-03-15,MSFT,146190.6724007239
2019-03-18,MSFT,148330.7883905866
2019-03-19,MSFT,147846.5659452952
2019-03-20,MSFT,147955.723239736
2019-03-21,MSFT,151928.2858987866
2019-03-22,MSFT,148410.73373403552
2019-03-25,MSFT,149283.71043713507
2019-03-26,MSFT,149204.97260355856
2019-03-27,MSFT,148091.57958621162
2019-03-28,MSFT,148454.34391688937
2019-03-29,MSFT,148987.311208603
2019-04-01,MSFT,150065.45272806095
2019-04-02,MSFT,150364.12015751962
2019-04-03,MSFT,151142.14503591842
2019-04-04,MSFT,150733.39445457334
2019-04-05,MSFT,151739.82946345065
2019-04-08,MSFT,151100.25473064964
2019-04-09,MSFT,150166.97444518592
2019-04-10,MSFT,151435.01661774286
2019-04-11,MSFT,152198.30168580465
2019-04-12,MSFT,152406.31398822283
2019-04-15,MSFT,152810.87274249212
2019-04-16,MSFT,152552.02317579993
2019-04-17,MSFT,153495.20923704104
2019-04-18,MSFT,156066.3443277823
2019-04-22,MSFT,156224.25346001767
2019-04-23,MSFT,159191.34591956798
2019-04-24,MSFT,159266.60704357788
2019-04-25,MSFT,164748.6169692291
2019-04-26,MSFT,165288.0722544344
2019-04-29,MSFT,165081.71091464578
2019-04-30,MSFT,165765.46313022415
2019-05-01,MSFT,162195.1570664222
2019-05-02,MSFT,160641.69711367687
2019-05-03,MSFT,163638.57581551487
2019-05-06,MSFT,163021.44938039212
2019-05-07,MSFT,159936.590250801
2019-05-08,MSFT,159804.45830822474
2019-05-09,MSFT,160006.2023459949
2019-05-10,MSFT,161251.75027756995
2019-05-13,MSFT,156915.4874427213
2019-05-14,MSFT,158831.13044347623
2019-05-15,MSFT,160859.73005013162
2019-05-16,MSFT,164415.4461187172
2019-05-17,MSFT,163653.77106381868
2019-05-20,MSFT,161290.36063046395
2019-05-21,MSFT,161491.74311440968
2019-05-22,MSFT,162450.75864129871
2019-05-23,MSFT,161371.0810174704
2019-05-24,MSFT,161063.04315159874
2019-05-28,MSFT,161345.64740382132
2019-05-29,MSFT,160243.16292479265
2019-05-30,MSFT,161093.59944360662
2019-05-31,MSFT,158761.21072790123
2019-06-03,MSFT,153177.6970629395
2019-06-04,MSFT,156755.72160175734
2019-06-05,MSFT,160016.8462109334
2019-06-06,MSFT,162258.1842876798
2019-06-07,MSFT,165616.60782511343
2019-06-10,MSFT,166915.76360192706
2019-06-11,MSFT,166420.25108914342
2019-06-12,MSFT,165984.22516693274
2019-06-13,MSFT,167269.59895141402
2019-06-14,MSFT,168207.8471062785
2019-06-17,MSFT,168991.8176474322
2019-06-18,MSFT,171769.66664287937
2019-06-19,MSFT,171804.60652531745
2019-06-20,MSFT,171416.5643887161
2019-06-21,MSFT,171715.8500552393
2019-06-24,MSFT,172488.68433909136
2019-06-25,MSFT,166800.95727867025
2019-06-26,MSFT,166885.12241468416
2019-06-27,MSFT,166898.9773170419
2019-06-28,MSFT,166376.489093634
2019-07-01,MSFT,168495.27640415344
2019-07-02,MSFT,169956.21852852489
2019-07-03,MSFT,170508.58388206034
2019-07-05,MSFT,170362.3223760718
2019-07-08,MSFT,170000.18327383092
2019-07-09,MSFT,169973.92268071588
2019-07-10,MSFT,171240.20402622144
2019-07-11,MSFT,171656.13274938063
2019-07-12,MSFT,171846.50781702838
2019-07-15,MSFT,171859.68755257575
2019-07-16,MSFT,169777.12453946206
2019-07-17,MSFT,168809.75632021306
2019-07-18,MSFT,169183.75578617209
2019-07-19,MSFT,169451.16179378837
2019-07-22,MSFT,172113.01892899067
2019-07-23,MSFT,173716.0527051592
2019-07-24,MSFT,175406.83719256253
2019-07-25,MSFT,174870.5170384487
2019-07-26,MSFT,176802.89438818026
2019-07-29,MSFT,176098.8102631947
2019-07-30,MSFT,175370.96246377158
2019-07-31,MSFT,170038.3571653401
2019-08-01,MSFT,173135.22747253752
2019-08-02,MSFT,171796.31176147077
2019-08-05,MSFT,165898.62779836543
2019-08-06,MSFT,169390.92912391463
2019-08-07,MSFT,171001.98699794518
2019-08-08,MSFT,174721.1064186241
2019-08-09,MSFT,172749.22881418187
2019-08-12,MSFT,170529.33227750295
2019-08-13,MSFT,174070.21864667907
2019-08-14,MSFT,169809.18797158368
2019-08-15,MSFT,169596.5144213783
2019-08-16,MSFT,172185.32170375148
2019-08-19,MSFT,175234.90336749936
2019-08-20,MSFT,174095.295700341
2019-08-21,MSFT,175460.70771364597
2019-08-22,MSFT,174364.45354610146
2019-08-23,MSFT,169042.6838759629
2019-08-26,MSFT,171253.7523069656
2019-08-27,MSFT,171471.3357980584
2019-08-28,MSFT,171680.95012350008
2019-08-29,MSFT,174846.01527485007
2019-08-30,MSFT,174494.2603580052
2019-09-03,MSFT,172808.09616892276
2019-09-04,MSFT,173776.2174588449
2019-09-05,MSFT,176390.67608617587
2019-09-06,MSFT,174462.72227757337
2019-09-09,MSFT,172220.5801930128
2019-09-10,MSFT,170397.28423139424
2019-09-11,MSFT,170812.6836077938
2019-09-12,MSFT,172875.1624058331
2019-09-13,MSFT,173312.299956239
2019-09-16,MSFT,171938.95473291186
2019-09-17,MSFT,173398.3637492153
2019-09-18,MSFT,175022.26077908557
2019-09-19,MSFT,178097.85733915062
2019-09-20,MSFT,176237.795748157
2019-09-23,MSFT,175784.4102485328
2019-09-24,MSFT,173281.81657425655
2019-09-25,MSFT,176068.03823741313
2019-09-26,MSFT,176157.85040470806
2019-09-27,MSFT,173723.7881592221
2019-09-30,MSFT,175285.22227145592
2019-10-01,MSFT,172828.85155573767
2019-10-02,MSFT,170408.89090817477
2019-10-03,MSFT,172949.93613131714
2019-10-04,MSFT,175122.17048551235
2019-10-07,MSFT,173704.37411712078
2019-10-08,MSFT,172107.29299507942
2019-10-09,MSFT,175356.61417028317
2019-10-10,MSFT,176051.87718096483
2019-10-11,MSFT,175513.45761762696
2019-10-14,MSFT,175347.3675810366
2019-10-15,MSFT,178057.4292294594
2019-10-16,MSFT,176467.0548309858
2019-10-17,MSFT,174795.16802290134
2019-10-18,MSFT,171789.62601201987
2019-10-21,MSFT,172599.20095606017
2019-10-22,MSFT,169992.57965707418
2019-10-23,MSFT,170973.5191287192
2019-10-24,MSFT,174208.13345291244
2019-10-25,MSFT,175044.0788544896
2019-10-28,MSFT,179228.32129011196
2019-10-29,MSFT,177804.5502947088
2019-10-30,MSFT,181071.60758266263
2019-10-31,MSFT,179630.7826326921
2019-11-01,MSFT,180012.966998076
2019-11-04,MSFT,180939.06015281842
2019-11-05,MSFT,180892.26490049955
2019-11-06,MSFT,180749.65588715248
2019-11-07,MSFT,180966.4423618034
2019-11-08,MSFT,183764.65922228675
2019-11-11,MSFT,183945.59094349618
2019-11-12,MSFT,185213.44634653607
2019-11-13,MSFT,185819.7711114599
2019-11-14,MSFT,186890.1282372488
2019-11-15,MSFT,188911.9571992183
2019-11-18,MSFT,189144.3484168362
2019-11-19,MSFT,189525.1305126908
2019-11-20,MSFT,190161.5361563063
2019-11-21,MSFT,189708.1786221713
2019-11-22,MSFT,189880.060511326
2019-11-25,MSFT,192268.4461240606
2019-11-26,MSFT,192990.62092424842
2019-11-27,MSFT,193208.75273868282
2019-11-29,MSFT,192200.8235736689
2019-12-02,MSFT,189971.17307386818
2019-12-03,MSFT,189727.73748555596
2019-12-04,MSFT,189285.06077075587
2019-12-05,MSFT,188687.58009178774
2019-12-06,MSFT,192148.60002014512
2019-12-09,MSFT,191397.34210996918
2019-12-10,MSFT,191068.4000409295
2019-12-11,MSFT,191315.69686428463
2019-12-12,MSFT,192955.95670163236
2019-12-13,MSFT,194616.43858396547
2019-12-16,MSFT,195293.55898353635
2019-12-17,MSFT,194483.25394047474
2019-12-18,MSFT,193465.9123908141
2019-12-19,MSFT,195215.22165571578
2019-12-20,MSFT,197931.86418300495
2019-12-23,MSFT,197871.72040343613
2019-12-24,MSFT,197787.19071729534
2019-12-26,MSFT,199445.55721012485
2019-12-27,MSFT,198603.2876129213
2019-12-30,MSFT,196582.65517438203
2019-12-31,MSFT,195655.25663055506
2020-01-02,MSFT,199328.02924550956
2020-01-03,MSFT,196818.8447046922
2020-01-06,MSFT,197053.87166966606
2020-01-07,MSFT,195816.99104220438
2020-01-08,MSFT,199236.90070268785
2020-01-09,MSFT,202511.21203878353
2020-01-10,MSFT,201133.94066052788
2020-01-13,MSFT,203545.5266428464
2020-01-14,MSFT,202300.17347092822
2020-01-15,MSFT,203450.29716078873
2020-01-16,MSFT,207073.8634987494
2020-01-17,MSFT,208516.54515744845
2020-01-21,MSFT,207844.6313327039
2020-01-22,MSFT,207600.9320697793
2020-01-23,MSFT,209334.4058764282
2020-01-24,MSFT,207146.13131664868
2020-01-27,MSFT,204349.59937688895
2020-01-28,MSFT,208301.9379934192
2020-01-29,MSFT,211827.34546432976
2020-01-30,MSFT,218161.52776665954
2020-01-31,MSFT,215198.11077140254
2020-02-03,MSFT,221148.78134637952
2020-02-04,MSFT,228479.3960013645
2020-02-05,MSFT,228383.31556942157
2020-02-06,MSFT,233120.6005229247
2020-02-07,MSFT,233719.91793527198
2020-02-10,MSFT,240099.6680046988
2020-02-11,MSFT,234205.78435182065
2020-02-12,MSFT,233884.37199074484
2020-02-13,MSFT,232627.4740656293
2020-02-14,MSFT,234609.94959170636
2020-02-18,MSFT,237113.09358685912
2020-02-19,MSFT,237353.05446313976
2020-02-20,MSFT,234157.06846965503
2020-02-21,MSFT,226221.50335378628
2020-02-24,MSFT,217383.8424692009
2020-02-25,MSFT,213824.52184881247
2020-02-26,MSFT,216907.88782103447
2020-02-27,MSFT,202457.90482255374
2020-02-28,MSFT,208399.9400539764
2020-03-02,MSFT,221065.497123275
2020-03-03,MSFT,210557.522489372
2020-03-04,MSFT,218789.64264149827
2020-03-05,MSFT,213666.6706450904
2020-03-06,MSFT,207712.80401420628
2020-03-09,MSFT,196204.10132875523
2020-03-10,MSFT,211641.10829031435
2020-03-11,MSFT,202269.2196694669
2020-03-12,MSFT,184094.30442362602
2020-03-13,MSFT,211508.21229062276
2020-03-16,MSFT,181133.92168394593
2020-03-17,MSFT,199030.7880559995
2020-03-18,MSFT,194966.88611419077
2020-03-19,MSFT,198131.16723307603
2020-03-20,MSFT,188565.60261808915
2020-03-23,MSFT,188631.32651151845
2020-03-24,MSFT,205896.3286356472
2020-03-25,MSFT,201286.80501826722
2020-03-26,MSFT,210494.04582275244
2020-03-27,MSFT,201565.89960159664
2020-03-30,MSFT,217240.27064401176
2020-03-31,MSFT,214325.23694135252
2020-04-01,MSFT,207136.29245829183
2020-04-02,MSFT,210897.66373806406
2020-04-03,MSFT,208389.6617379323
2020-04-06,MSFT,223629.9155027738
2020-04-07,MSFT,219065.10770383806
2020-04-08,MSFT,221965.7002276341
2020-04-09,MSFT,221203.2740995974
2020-04-13,MSFT,220932.0927509407
2020-04-14,MSFT,231345.41519038432
2020-04-15,MSFT,231925.72805529338
2020-04-16,MSFT,239504.47250570435
2020-04-17,MSFT,240142.02173807414
2020-04-20,MSFT,236202.5941886415
2020-04-21,MSFT,228325.46196366372
2020-04-22,MSFT,235271.511191614
2020-04-23,MSFT,230916.38263800557
2020-04-24,MSFT,235609.66189673633
2020-04-27,MSFT,234306.01566137307
2020-04-28,MSFT,227366.52434063744
2020-04-29,MSFT,236643.7038372796
2020-04-30,MSFT,238787.62213490444
2020-05-01,MSFT,235236.43647556732
2020-05-04,MSFT,241293.78540412206
2020-05-05,MSFT,242974.34451015724
2020-05-06,MSFT,246965.5122096577
2020-05-07,MSFT,246483.159457072
2020-05-08,MSFT,246524.04600103243
2020-05-11,MSFT,250626.01796253334
2020-05-12,MSFT,245017.59703437972
2020-05-13,MSFT,242325.10770084176
2020-05-14,MSFT,243660.61561729747
2020-05-15,MSFT,247265.83759311822
2020-05-18,MSFT,249657.45621615645
2020-05-19,MSFT,244376.38632046123
2020-05-20,MSFT,247762.3039288366
2020-05-21,MSFT,245535.47994097884
2020-05-22,MSFT,247054.2666822008
2020-05-26,MSFT,240751.11009259024
2020-05-27,MSFT,240651.835602275
2020-05-28,MSFT,239851.40137812932
2020-05-29,MSFT,242685.35913256247
2020-06-01,MSFT,239362.26799318302
2020-06-02,MSFT,240059.92005565533
2020-06-03,MSFT,240455.2791627492
2020-06-04,MSFT,237337.1480923966
2020-06-05,MSFT,241480.4031085439
2020-06-08,MSFT,242154.28949904372
2020-06-09,MSFT,244737.53164906846
2020-06-10,MSFT,253187.0345400259
2020-06-11,MSFT,242479.72289795778
2020-06-12,MSFT,245185.44490171902
2020-06-15,MSFT,246909.9098257795
2020-06-16,MSFT,252104.9548804298
2020-06-17,MSFT,252912.91381870204
2020-06-18,MSFT,256272.6037932889
2020-06-19,MSFT,254685.16277487768
2020-06-22,MSFT,260969.12804753295
2020-06-23,MSFT,262150.4552307225
2020-06-24,MSFT,258285.37493306384
2020-06-25,MSFT,262589.17582757
2020-06-26,MSFT,257926.98120883922
2020-06-29,MSFT,260803.23077306448
2020-06-30,MSFT,266397.1056517704
2020-07-01,MSFT,267965.1166478008
2020-07-02,MSFT,269180.0933058559
2020-07-06,MSFT,274102.5127940864
2020-07-07,MSFT,271717.2363444891
2020-07-08,MSFT,276784.00270146626
2020-07-09,MSFT,279040.4661127935
2020-07-10,MSFT,278993.3762240707
2020-07-13,MSFT,269875.4721735642
2020-07-14,MSFT,272509.2879132506
2020-07-15,MSFT,270462.62759441714
2020-07-16,MSFT,265261.7177771771
2020-07-17,MSFT,264545.7143611926
2020-07-20,MSFT,275292.82788574754
2020-07-21,MSFT,269606.4990997859
2020-07-22,MSFT,272986.91849323345
2020-07-23,MSFT,260555.9599176636
2020-07-24,MSFT,259518.3543747838
2020-07-27,MSFT,261939.0660954849
2020-07-28,MSFT,259521.13993726045
2020-07-29,MSFT,261862.84016209797
2020-07-30,MSFT,263062.11319920653
2020-07-31,MSFT,263964.9430620143
2020-08-03,MSFT,278806.30308168207
2020-08-04,MSFT,273968.4312574068
2020-08-05,MSFT,271285.5680447543
2020-08-06,MSFT,276256.30191062717
2020-08-07,MSFT,273039.44067823107
2020-08-10,MSFT,267136.27148417494
2020-08-11,MSFT,259652.86438270853
2020-08-12,MSFT,266327.23986963887
2020-08-13,MSFT,264976.52471966966
2020-08-14,MSFT,265871.0268593043
2020-08-17,MSFT,266759.92791096144
2020-08-18,MSFT,267567.3634950789
2020-08-19,MSFT,265944.6500046617
2020-08-20,MSFT,272629.84513960546
2020-08-21,MSFT,270854.1963789585
2020-08-24,MSFT,271734.14947284304
2020-08-25,MSFT,275003.57883354044
2020-08-26,MSFT,280121.5470049186
2020-08-27,MSFT,286442.9550712943
2020-08-28,MSFT,288698.45067694207
2020-08-31,MSFT,283210.97150061966
2020-09-01,MSFT,285709.8857155327
2020-09-02,MSFT,291481.2885159069
2020-09-03,MSFT,274590.61644977017
2020-09-04,MSFT,270021.3841109379
2020-09-08,MSFT,257427.86514302026
2020-09-09,MSFT,268024.3315736216
2020-09-10,MSFT,260279.82068728088
2020-09-11,MSFT,259043.67315514287
2020-09-14,MSFT,260588.21611190707
2020-09-15,MSFT,264862.54537587886
2020-09-16,MSFT,259985.5058864608
2020-09-17,MSFT,257901.4567073503
2020-09-18,MSFT,254436.8951495407
2020-09-21,MSFT,259264.4297304911
2020-09-22,MSFT,265828.03191721253
2020-09-23,MSFT,258018.63310581577
2020-09-24,MSFT,261652.3698929336
2020-09-25,MSFT,268067.4283899953
2020-09-28,MSFT,269782.2731857751
2020-09-29,MSFT,267237.12602462934
2020-09-30,MSFT,270156.18975403404
2020-10-01,MSFT,271939.0705899385
2020-10-02,MSFT,264268.6932191329
2020-10-05,MSFT,268800.75942283426
2020-10-06,MSFT,263153.65323422634
2020-10-07,MSFT,268212.9697846373
2020-10-08,MSFT,268065.59964675596
2020-10-09,MSFT,272990.4361522663
2020-10-12,MSFT,280039.70999587956
2020-10-13,MSFT,281844.9003007838
2020-10-14,MSFT,279406.8439841813
2020-10-15,MSFT,279834.3184593053
2020-10-16,MSFT,279030.5613357836
2020-10-19,MSFT,271551.1053584324
2020-10-20,MSFT,271542.6747622097
2020-10-21,MSFT,271404.63411127497
2020-10-22,MSFT,271935.1174682882
2020-10-23,MSFT,273586.70432752464
2020-10-26,MSFT,267038.2354655238
2020-10-27,MSFT,270297.21771847457
2020-10-28,MSFT,259620.64813916388
2020-10-29,MSFT,263144.47955500515
2020-10-30,MSFT,259661.57463382313
2020-11-02,MSFT,258292.1825321462
2020-11-03,MSFT,261305.10044080103
2020-11-04,MSFT,273734.0165368927
2020-11-05,MSFT,280618.2410596204
2020-11-06,MSFT,280905.8820961992
2020-11-09,MSFT,272738.9944439065
2020-11-10,MSFT,264497.9533007293
2020-11-11,MSFT,271417.06177491666
2020-11-12,MSFT,272247.1154471824
2020-11-13,MSFT,274075.16454319545
2020-11-16,MSFT,273705.313957311
2020-11-17,MSFT,270393.93636283145
2020-11-18,MSFT,266201.1085220284
2020-11-19,MSFT,268302.14074321586
2020-11-20,MSFT,265505.1234024652
2020-11-23,MSFT,265370.5554660272
2020-11-24,MSFT,269082.20510479045
2020-11-25,MSFT,268475.80543230625
2020-11-27,MSFT,269826.4386833428
2020-11-30,MSFT,267942.42165455717
2020-12-01,MSFT,270354.1035185529
2020-12-02,MSFT,268930.72503876593
2020-12-03,MSFT,266399.30593650904
2020-12-04,MSFT,264916.20116195607
2020-12-07,MSFT,264827.98302754486
2020-12-08,MSFT,267097.5862237206
2020-12-09,MSFT,261795.31149584855
2020-12-10,MSFT,258822.5939779016
2020-12-11,MSFT,262884.2616768776
2020-12-14,MSFT,263805.5847181785
2020-12-15,MSFT,262995.40651858575
2020-12-16,MSFT,269981.9677526948
2020-12-17,MSFT,269412.4965086834
2020-12-18,MSFT,269585.1834044198
2020-12-21,MSFT,276123.47382712364
2020-12-22,MSFT,279066.0585304705
2020-12-23,MSFT,274318.34744333755
2020-12-24,MSFT,276025.15815358056
2020-12-28,MSFT,278741.5429988623
2020-12-29,MSFT,277100.03470217576
2020-12-30,MSFT,273284.5462057548
2020-12-31,MSFT,273400.60997725755
2021-01-04,MSFT,267987.308262239
2021-01-05,MSFT,267308.7736079291
2021-01-06,MSFT,259925.96735997943
2021-01-07,MSFT,267782.1604249276
2021-01-08,MSFT,269387.08986175613
2021-01-11,MSFT,268513.32313358696
2021-01-12,MSFT,264487.05475008563
2021-01-13,MSFT,265462.6548108307
2021-01-14,MSFT,260219.67391140963
2021-01-15,MSFT,261274.69496268133
2021-01-19,MSFT,266108.18519406125
2021-01-20,MSFT,274088.13753387635
2021-01-21,MSFT,274236.9558845906
2021-01-22,MSFT,277384.03523132275
2021-01-25,MSFT,282250.5876622954
2021-01-26,MSFT,284909.9229096333
2021-01-27,MSFT,287231.2322977829
2021-01-28,MSFT,295493.8248454495
2021-01-29,MSFT,286212.73916922824
2021-02-01,MSFT,296705.65738350584
2021-02-02,MSFT,296391.44713466347
2021-02-03,MSFT,299885.977709208
2021-02-04,MSFT,299702.7278486983
2021-02-05,MSFT,298746.0134820625
2021-02-08,MSFT,298522.3944391424
2021-02-09,MSFT,299336.0323692547
2021-02-10,MSFT,297456.442876668
2021-02-11,MSFT,299441.2495260224
2021-02-12,MSFT,300652.15321033075
2021-02-16,MSFT,298427.44561074406
2021-02-17,MSFT,300387.59968261165
2021-02-18,MSFT,299513.71410111355
2021-02-19,MSFT,294123.4809183727
2021-02-22,MSFT,286210.3780829268
2021-02-23,MSFT,284486.8110508227
2021-02-24,MSFT,284784.2949408283
2021-02-25,MSFT,277629.1767144755
2021-02-26,MSFT,285233.0241865026
2021-03-01,MSFT,290276.3055251667
2021-03-02,MSFT,285721.00099871756
2021-03-03,MSFT,278142.52022291895
2021-03-04,MSFT,277249.78390417306
2021-03-05,MSFT,283901.83593935904
2021-03-08,MSFT,278571.22118449723
2021-03-09,MSFT,285812.3542642202
2021-03-10,MSFT,284204.1888207857
2021-03-11,MSFT,288218.22629783716
2021-03-12,MSFT,285000.9076299393
2021-03-15,MSFT,283560.0886725736
2021-03-16,MSFT,286491.33337005466
2021-03-17,MSFT,285904.6573575879
2021-03-18,MSFT,278136.6684443063
2021-03-19,MSFT,278757.4034263018
2021-03-22,MSFT,285747.10878040956
2021-03-23,MSFT,288790.70882577356
2021-03-24,MSFT,286218.67284677346
2021-03-25,MSFT,283406.28047957417
2021-03-26,MSFT,287867.65292291046
2021-03-29,MSFT,286677.33883001684
2021-03-30,MSFT,283380.44735893665
2021-03-31,MSFT,286896.6801518586
2021-04-01,MSFT,294658.8063000854
2021-04-05,MSFT,301883.26595564745
2021-04-06,MSFT,301218.85087707517
2021-04-07,MSFT,305098.72691604926
2021-04-08,MSFT,308265.47598935536
2021-04-09,MSFT,310552.41679006023
2021-04-12,MSFT,310849.20254160353
2021-04-13,MSFT,314009.85014442925
2021-04-14,MSFT,309974.6617686444
2021-04-15,MSFT,314644.73166888405
2021-04-16,MSFT,315462.739206682
2021-04-19,MSFT,313438.24153803
2021-04-20,MSFT,314190.11468896805
2021-04-21,MSFT,315775.99263628724
2021-04-22,MSFT,311059.88654700667
2021-04-23,MSFT,315598.4717059912
2021-04-26,MSFT,314126.22653015045
2021-04-27,MSFT,314406.34884520754
2021-04-28,MSFT,304380.1277034076
2021-04-29,MSFT,300344.53582556447
2021-04-30,MSFT,299779.633942733
2021-05-03,MSFT,299246.90935151477
2021-05-04,MSFT,295283.0419620667
2021-05-05,MSFT,292674.5499716076
2021-05-06,MSFT,294812.746330391
2021-05-07,MSFT,296960.78654136864
2021-05-10,MSFT,289289.22463234246
2021-05-11,MSFT,288190.80913199065
2021-05-12,MSFT,279744.9187829759
2021-05-13,MSFT,285736.14730741526
2021-05-14,MSFT,290769.3870379259
2021-05-17,MSFT,286621.99213061127
2021-05-18,MSFT,283464.49663792393
2021-05-19,MSFT,285324.0558488797
2021-05-20,MSFT,288539.377980603
2021-05-21,MSFT,286791.96038129146
2021-05-24,MSFT,293347.466558893
2021-05-25,MSFT,294354.4428997396
2021-05-26,MSFT,295378.6419868561
2021-05-27,MSFT,291933.10595060163
2021-05-28,MSFT,292669.9436560313
2021-06-01,MSFT,288902.07239755784
2021-06-02,MSFT,289070.8471211102
2021-06-03,MSFT,288416.81822546886
2021-06-04,MSFT,293917.73481934617
2021-06-07,MSFT,297209.7393211907
2021-06-08,MSFT,296335.0077836446
2021-06-09,MSFT,297489.19146327476
2021-06-10,MSFT,301736.9704915649
2021-06-11,MSFT,303854.68113075057
2021-06-14,MSFT,306062.10006541427
2021-06-15,MSFT,305412.7124422107
2021-06-16,MSFT,304321.4301391368
2021-06-17,MSFT,312268.94351026113
2021-06-18,MSFT,312487.4838205912
2021-06-21,MSFT,315266.5273419337
2021-06-22,MSFT,318180.8609085957
2021-06-23,MSFT,316127.9173436021
2021-06-24,MSFT,318554.34001670236
2021-06-25,MSFT,316008.4138169292
2021-06-28,MSFT,321491.2557158838
2021-06-29,MSFT,325981.7572125119
2021-06-30,MSFT,325639.66636971646
2021-07-01,MSFT,326475.2302421197
2021-07-02,MSFT,332651.0779372715
2021-07-06,MSFT,335167.8840726601
2021-07-07,MSFT,338696.1939618414
2021-07-08,MSFT,337401.1980515445
2021-07-09,MSFT,336314.7058372615
2021-07-12,MSFT,335422.61871737184
2021-07-13,MSFT,341026.14967998746
2021-07-14,MSFT,342426.37573102914
2021-07-15,MSFT,342668.2672248312
2021-07-16,MSFT,342894.7727057425
2021-07-19,MSFT,342797.89825366007
2021-07-20,MSFT,344874.3847654802
2021-07-21,MSFT,343584.27282811643
2021-07-22,MSFT,348757.53476422426
2021-07-23,MSFT,353287.4576129328
2021-07-26,MSFT,351808.7514103221
2021-07-27,MSFT,349553.9988876727
2021-07-28,MSFT,348830.1871075999
2021-07-29,MSFT,345948.2675404417
2021-07-30,MSFT,344358.70613868954
2021-08-02,MSFT,344251.66423375235
2021-08-03,MSFT,349346.070481722
2021-08-04,MSFT,348600.5634746441
2021-08-05,MSFT,350911.36483023124
2021-08-06,MSFT,352324.3790999717
2021-08-09,MSFT,351375.07658673817
2021-08-10,MSFT,348375.2035800221
2021-08-11,MSFT,348052.6765944486
2021-08-12,MSFT,351912.32659336744
2021-08-13,MSFT,355440.7573334127
2021-08-16,MSFT,359125.7448745376
2021-08-17,MSFT,358822.92257239955
2021-08-18,MSFT,356815.6406586452
2021-08-19,MSFT,368904.7990327536
2021-08-20,MSFT,380217.5225662771
2021-08-23,MSFT,375431.1791533658
2021-08-24,MSFT,370769.88142782403
2021-08-25,MSFT,370340.93876451766
2021-08-26,MSFT,367675.18943248084
2021-08-27,MSFT,367987.5389775248
2021-08-30,MSFT,371803.54883056565
2021-08-31,MSFT,370122.20469329826
2021-09-01,MSFT,369768.41328957997
2021-09-02,MSFT,367937.3618985491
2021-09-03,MSFT,366316.58401949075
2021-09-07,MSFT,368145.780699328
2021-09-08,MSFT,369786.8075900934
2021-09-09,MSFT,365517.7977616722
2021-09-10,MSFT,362956.06906297285
2021-09-13,MSFT,365427.6639912516
2021-09-14,MSFT,368833.29227566725
2021-09-15,MSFT,374721.95636974194
2021-09-16,MSFT,375900.68875504186
2021-09-17,MSFT,370677.7401347867
2021-09-20,MSFT,366853.973853566
2021-09-21,MSFT,366705.74877072946
2021-09-22,MSFT,370106.3462633937
2021-09-23,MSFT,368314.6353242781
2021-09-24,MSFT,368840.95581847226
2021-09-27,MSFT,361228.95640634676
2021-09-28,MSFT,349346.6887187866
2021-09-29,MSFT,351624.1162593302
2021-09-30,MSFT,349049.78910775157
2021-10-01,MSFT,355481.6408810707
2021-10-04,MSFT,346172.7984580628
2021-10-05,MSFT,352860.43557947315
2021-10-06,MSFT,359251.6764686539
2021-10-07,MSFT,359806.0713176904
2021-10-08,MSFT,357628.55448234105
2021-10-11,MSFT,356873.07777836756
2021-10-12,MSFT,354653.4878633023
2021-10-13,MSFT,358337.1879931571
2021-10-14,MSFT,363985.4048111927
2021-10-15,MSFT,365929.68746917864
2021-10-18,MSFT,369532.96584350086
2021-10-19,MSFT,370125.96904789645
2021-10-20,MSFT,368299.72572347097
2021-10-21,MSFT,372972.2186335952
2021-10-22,MSFT,371234.26036100154
2021-10-25,MSFT,370663.7643815649
2021-10-26,MSFT,372941.0181365686
2021-10-27,MSFT,388083.79319500766
2021-10-28,MSFT,389222.0135741488
2021-10-29,MSFT,399069.8578419301
2021-11-01,MSFT,395853.9504324688
2021-11-02,MSFT,401530.53524298343
2021-11-03,MSFT,403006.7435281491
2021-11-04,MSFT,407007.0339697297
2021-11-05,MSFT,406643.7153231055
2021-11-08,MSFT,407663.53081979183
2021-11-09,MSFT,406380.05868857534
2021-11-10,MSFT,400278.6371478277
2021-11-11,MSFT,402249.8465768318
2021-11-12,MSFT,411143.3885014198
2021-11-15,MSFT,408778.915379476
2021-11-16,MSFT,414043.16003835463
2021-11-17,MSFT,415812.07311117713
2021-11-18,MSFT,419115.7192466636
2021-11-19,MSFT,422168.8914794698
2021-11-22,MSFT,419494.6426362547
2021-11-23,MSFT,417723.97672652063
2021-11-24,MSFT,417022.65119729
2021-11-26,MSFT,409886.43364655843
2021-11-29,MSFT,418334.0408768559
2021-11-30,MSFT,411694.9598348159
2021-12-01,MSFT,410543.2830615379
2021-12-02,MSFT,411060.5527249098
2021-12-03,MSFT,402877.118491925
2021-12-06,MSFT,405836.7211942103
2021-12-07,MSFT,412781.37114893366
2021-12-08,MSFT,412256.34805368434
2021-12-09,MSFT,411832.83768665284
2021-12-10,MSFT,423969.2896980481
2021-12-13,MSFT,422631.592483296
2021-12-14,MSFT,410582.13211985753
2021-12-15,MSFT,420039.70600080973
2021-12-16,MSFT,404291.68584508286
2021-12-17,MSFT,404936.74780636956
2021-12-20,MSFT,403062.6325582914
2021-12-21,MSFT,411877.24288841354
2021-12-22,MSFT,417306.77357606846
2021-12-23,MSFT,417582.33252255054
2021-12-27,MSFT,427258.0062573781
2021-12-28,MSFT,425768.0629219512
2021-12-29,MSFT,426233.8870716592
2021-12-30,MSFT,422036.4429276052
2021-12-31,MSFT,415100.4772560422
2022-01-03,MSFT,413158.0682858319
2022-01-04,MSFT,407033.0948093505
2022-01-05,MSFT,391691.10958621517
2022-01-06,MSFT,389320.26133150386
2022-01-07,MSFT,387228.4007920026
2022-01-10,MSFT,387909.500281178
2022-01-11,MSFT,386549.86913399515
2022-01-12,MSFT,387608.14317091997
2022-01-13,MSFT,370433.767209575
2022-01-14,MSFT,378843.1086617559
2022-01-18,MSFT,369154.95632614574
2022-01-19,MSFT,368879.5082428529
2022-01-20,MSFT,366257.4250246483
2022-01-21,MSFT,361536.05842709803
2022-01-24,MSFT,365155.9073525316
2022-01-25,MSFT,354680.94597861514
2022-01-26,MSFT,364131.2907806122
2022-01-27,MSFT,371063.0017027487
2022-01-28,MSFT,383279.6347667161
2022-01-31,MSFT,385063.1408310574
2022-02-01,MSFT,381557.60783405235
2022-02-02,MSFT,386845.5292745987
2022-02-03,MSFT,371842.2121181356
2022-02-04,MSFT,379983.572272637
2022-02-07,MSFT,371733.59216059424
2022-02-08,MSFT,376815.63566480787
2022-02-09,MSFT,384168.64468402765
2022-02-10,MSFT,373328.56188820186
2022-02-11,MSFT,364833.8927346708
2022-02-14,MSFT,365817.0155120074
2022-02-15,MSFT,372689.5714343714
2022-02-16,MSFT,370648.6959767299
2022-02-17,MSFT,360051.7840958365
2022-02-18,MSFT,357679.43469361635
2022-02-22,MSFT,357666.2309876497
2022-02-23,MSFT,347727.4089909347
2022-02-24,MSFT,368767.7571492899
2022-02-25,MSFT,369708.9926176602
2022-02-28,MSFT,370121.68333667837
2022-03-01,MSFT,365650.9983854425
2022-03-02,MSFT,370974.29317350924
2022-03-03,MSFT,365582.7765745682
2022-03-04,MSFT,360527.9904334056
2022-03-07,MSFT,347537.01994054235
2022-03-08,MSFT,346250.86312236387
2022-03-09,MSFT,360836.38685679936
2022-03-10,MSFT,355942.15957797284
2022-03-11,MSFT,347530.5459297953
2022-03-14,MSFT,344566.5646309172
2022-03-15,MSFT,358643.1574115962
2022-03-16,MSFT,365328.79999436694
2022-03-17,MSFT,364344.4956751121
2022-03-18,MSFT,369778.1852305163
2022-03-21,MSFT,367513.92943538027
2022-03-22,MSFT,373385.20099271496
2022-03-23,MSFT,367276.16884383827
2022-03-24,MSFT,372158.5996800648
2022-03-25,MSFT,370368.5197282294
2022-03-28,MSFT,380115.15389433666
2022-03-29,MSFT,384893.5381292716
2022-03-30,MSFT,381807.9029573555
2022-03-31,MSFT,375835.7458977749
2022-04-01,MSFT,377674.0972802513
2022-04-04,MSFT,383771.26507033996
2022-04-05,MSFT,377604.8966772554
2022-04-06,MSFT,365477.2617850941
2022-04-07,MSFT,369964.8109250779
2022-04-08,MSFT,364707.7254314314
2022-04-11,MSFT,351216.66906953475
2022-04-12,MSFT,347168.66450956196
2022-04-13,MSFT,353733.1875598917
2022-04-14,MSFT,343987.2944792479
2022-04-18,MSFT,345298.25169249886
2022-04-19,MSFT,351349.3263638008
2022-04-20,MSFT,349248.69964220654
2022-04-21,MSFT,343216.8532422564
2022-04-22,MSFT,339555.0830497624
2022-04-25,MSFT,349381.7234841344
2022-04-26,MSFT,337338.76709446707
2022-04-27,MSFT,354424.8689904224
2022-04-28,MSFT,362476.11634862
2022-04-29,MSFT,346318.9730712814
2022-05-02,MSFT,357848.5509956438
2022-05-03,MSFT,353145.75847675174
2022-05-04,MSFT,362375.5644347093
2022-05-05,MSFT,346918.58312249766
2022-05-06,MSFT,345246.95998902555
2022-05-09,MSFT,334609.2454606393
2022-05-10,MSFT,342092.7164832239
2022-05-11,MSFT,329665.409401528
2022-05-12,MSFT,324804.8735458008
2022-05-13,MSFT,329950.02317390224
2022-05-16,MSFT,328774.41693078657
2022-05-17,MSFT,334055.91529772687
2022-05-18,MSFT,319021.0510719247
2022-05-19,MSFT,317049.068596898
2022-05-20,MSFT,316816.320819293
2022-05-23,MSFT,326965.6470432663
2022-05-24,MSFT,325597.920885731
2022-05-25,MSFT,329518.37884458684
2022-05-26,MSFT,332590.9101872834
2022-05-27,MSFT,340329.1598003484
2022-05-31,MSFT,336228.0397875002
2022-06-01,MSFT,336669.1913843721
2022-06-02,MSFT,338208.8893201345
2022-06-03,MSFT,332118.5301278957
2022-06-06,MSFT,330163.96515879576
2022-06-07,MSFT,334530.71836699924
2022-06-08,MSFT,331569.77032493055
2022-06-09,MSFT,327370.2137876753
2022-06-10,MSFT,316071.9653911091
2022-06-13,MSFT,304608.7156144959
2022-06-14,MSFT,309348.79412061546
2022-06-15,MSFT,318745.07264310477
2022-06-16,MSFT,309668.78423681256
2022-06-17,MSFT,315646.6582413972
2022-06-21,MSFT,320778.604163532
2022-06-22,MSFT,320328.1660267148
2022-06-23,MSFT,328593.43027736625
2022-06-24,MSFT,338530.30068244284
2022-06-27,MSFT,333786.6615702892
2022-06-28,MSFT,322613.06035287154
2022-06-29,MSFT,327723.15024643834
2022-06-30,MSFT,323606.23772233876
2022-07-01,MSFT,327069.5867764385
2022-07-05,MSFT,335097.2382531337
2022-07-06,MSFT,339613.1194299674
2022-07-07,MSFT,340806.05728500744
2022-07-08,MSFT,339397.23284480785
2022-07-11,MSFT,336229.17638488224
2022-07-12,MSFT,322822.6387226843
2022-07-13,MSFT,320651.30226044555
2022-07-14,MSFT,326399.7014484276
2022-07-15,MSFT,327282.7786869614
2022-07-18,MSFT,321895.31708395254
2022-07-19,MSFT,327462.01749730745
2022-07-20,MSFT,330408.2856550874
2022-07-21,MSFT,333933.3375647782
2022-07-22,MSFT,327799.5689419472
2022-07-25,MSFT,325265.7158433635
2022-07-26,MSFT,317319.9393288712
2022-07-27,MSFT,338244.9088702087
2022-07-28,MSFT,346899.8432484393
2022-07-29,MSFT,352030.6515744246
2022-08-01,MSFT,348604.4596665485
2022-08-02,MSFT,345466.92753807164
2022-08-03,MSFT,355001.34359194036
2022-08-04,MSFT,356510.48623446235
2022-08-05,MSFT,357796.6330649662
2022-08-08,MSFT,352407.47655355907
2022-08-09,MSFT,355532.2554201987
2022-08-10,MSFT,361598.848940465
2022-08-11,MSFT,357911.24362979864
2022-08-12,MSFT,364867.42235743976
2022-08-15,MSFT,370402.6526065509
2022-08-16,MSFT,368268.72398117103
2022-08-17,MSFT,368584.31153035595
2022-08-18,MSFT,367585.8556748045
2022-08-19,MSFT,364258.5217712082
2022-08-22,MSFT,354763.3472912752
2022-08-23,MSFT,351381.2869228728
2022-08-24,MSFT,350854.5499426433
2022-08-25,MSFT,353489.0478405124
2022-08-26,MSFT,341216.89828666934
2022-08-29,MSFT,338096.46505729604
2022-08-30,MSFT,336941.0748665609
2022-08-31,MSFT,335918.0103792915
2022-09-01,MSFT,335945.12891366414
2022-09-02,MSFT,329214.2471582943
2022-09-06,MSFT,326050.5453245422
2022-09-07,MSFT,332914.8104781295
2022-09-08,MSFT,332251.0935380194
2022-09-09,MSFT,337786.65737546585
2022-09-12,MSFT,339148.65759908984
2022-09-13,MSFT,323711.18820819166
2022-09-14,MSFT,325392.43646378187
2022-09-15,MSFT,317383.81250617676
2022-09-16,MSFT,318592.9753387832
2022-09-19,MSFT,318380.9070416652
2022-09-20,MSFT,317040.9326370792
2022-09-21,MSFT,313682.7897533049
2022-09-22,MSFT,318306.7455606409
2022-09-23,MSFT,316360.53528143594
2022-09-26,MSFT,319134.1085533398
2022-09-27,MSFT,317968.4550280726
2022-09-28,MSFT,322675.82789458666
2022-09-29,MSFT,318993.1534989246
2022-09-30,MSFT,312813.43957489263
2022-10-03,MSFT,322279.6038548629
2022-10-04,MSFT,331033.27638527675
2022-10-05,MSFT,333092.30044663383
2022-10-06,MSFT,331759.13663743256
2022-10-07,MSFT,314728.45235337334
2022-10-10,MSFT,308024.7011175858
2022-10-11,MSFT,304255.90300289926
2022-10-12,MSFT,305312.6848812223
2022-10-13,MSFT,316886.013814652
2022-10-14,MSFT,310321.2210971051
2022-10-17,MSFT,319566.8125749419
2022-10-18,MSFT,321481.29600666295
2022-10-19,MSFT,319291.17971966695
2022-10-20,MSFT,317688.29276231665
2022-10-21,MSFT,325339.85934657336
2022-10-24,MSFT,332451.1536538335
2022-10-25,MSFT,334973.6857231334
2022-10-26,MSFT,307472.81217613403
2022-10-27,MSFT,300997.8246345098
2022-10-28,MSFT,314675.0282813494
2022-10-31,MSFT,310459.20381952653
2022-11-01,MSFT,304383.29579382564
2022-11-02,MSFT,293958.00911884685
2022-11-03,MSFT,288643.6542984131
2022-11-04,MSFT,293232.78308403515
2022-11-07,MSFT,301279.0635715994
2022-11-08,MSFT,301433.573898131
2022-11-09,MSFT,296549.9145779151
2022-11-10,MSFT,318518.3853865138
2022-11-11,MSFT,323932.47013522964
2022-11-14,MSFT,314512.229183576
2022-11-15,MSFT,315109.09462178196
2022-11-16,MSFT,316181.3364217887
2022-11-17,MSFT,317042.38384621456
2022-11-18,MSFT,317267.98744009953
2022-11-21,MSFT,319952.4356967284
2022-11-22,MSFT,322546.0320691251
2022-11-23,MSFT,325801.6195114419
2022-11-25,MSFT,325320.46228351904
2022-11-28,MSFT,319594.6262514744
2022-11-29,MSFT,320656.1043344461
2022-11-30,MSFT,338662.591429047
2022-12-01,MSFT,336185.21463587857
2022-12-02,MSFT,337499.6685340456
2022-12-05,MSFT,332693.15201575495
2022-12-06,MSFT,328757.67559043766
2022-12-07,MSFT,327534.1424914584
2022-12-08,MSFT,330185.2059466016
2022-12-09,MSFT,328701.6197661276
2022-12-12,MSFT,338891.58184342616
2022-12-13,MSFT,342006.82048318273
2022-12-14,MSFT,342759.82024382806
2022-12-15,MSFT,333753.12795245025
2022-12-16,MSFT,329093.3513497668
2022-12-19,MSFT,322586.8367141529
2022-12-20,MSFT,323640.11591495515
2022-12-21,MSFT,326943.3565508484
2022-12-22,MSFT,319627.09618195664
2022-12-23,MSFT,319109.38606213
2022-12-27,MSFT,316739.94706832035
2022-12-28,MSFT,312617.09487407067
2022-12-29,MSFT,321066.0164823599
2022-12-30,MSFT,319175.4475389645
2023-01-03,MSFT,321537.2909061572
2023-01-04,MSFT,304097.750171401
2023-01-05,MSFT,296307.5057225631
2023-01-06,MSFT,298073.2966482712
2023-01-09,MSFT,298521.0051535902
2023-01-10,MSFT,301806.73839448433
2023-01-11,MSFT,311027.84608653694
2023-01-12,MSFT,313538.54975267773
2023-01-13,MSFT,315144.0964278033
2023-01-17,MSFT,316243.0702391713
2023-01-18,MSFT,311405.88556691614
2023-01-19,MSFT,307031.9392353866
2023-01-20,MSFT,316802.30611413985
2023-01-23,MSFT,318985.18333450606
2023-01-24,MSFT,317988.73300403636
2023-01-25,MSFT,316653.68651815224
2023-01-26,MSFT,325306.1469493571
2023-01-27,MSFT,324664.6515867094
2023-01-30,MSFT,318538.838146785
2023-01-31,MSFT,325085.17863530514
2023-02-01,MSFT,330846.3580518461
2023-02-02,MSFT,346122.8321190235
2023-02-03,MSFT,339951.58175054076
2023-02-06,MSFT,339157.2999340164
2023-02-07,MSFT,353227.0401710769
2023-02-08,MSFT,351974.8354543076
2023-02-09,MSFT,347818.81718864833
2023-02-10,MSFT,345454.40698905516
2023-02-13,MSFT,355739.04223493
2023-02-14,MSFT,356905.2990157496
2023-02-15,MSFT,355804.0180515235
2023-02-16,MSFT,347053.1910096346
2023-02-17,MSFT,342861.5027625159
2023-02-21,MSFT,336421.1305039017
2023-02-22,MSFT,335520.9903218933
2023-02-23,MSFT,340045.0593944543
2023-02-24,MSFT,334429.6790545627
2023-02-27,MSFT,334482.005481136
2023-02-28,MSFT,334381.0051206309
2023-03-01,MSFT,330227.9621832677
2023-03-02,MSFT,336769.15502424235
2023-03-03,MSFT,342273.33459144743
2023-03-06,MSFT,344517.679957049
2023-03-07,MSFT,343422.98087045684
2023-03-08,MSFT,344515.52761314897
2023-03-09,MSFT,342765.9816403567
2023-03-10,MSFT,338115.20093628456
2023-03-13,MSFT,343439.9089803228
2023-03-14,MSFT,351367.55686644895
2023-03-15,MSFT,360274.46529610135
2023-03-16,MSFT,373955.31744051253
2023-03-17,MSFT,378049.3751685732
2023-03-20,MSFT,366702.57468770666
2023-03-21,MSFT,369652.4304182424
2023-03-22,MSFT,367802.4413971938
2023-03-23,MSFT,373933.9198462138
2023-03-24,MSFT,380395.4479973988
2023-03-27,MSFT,372508.88940502977
2023-03-28,MSFT,369442.2987312507
2023-03-29,MSFT,375145.6015703821
2023-03-30,MSFT,378677.2813010105
2023-03-31,MSFT,384343.32312210114
2023-04-03,MSFT,380227.9756666286
2023-04-04,MSFT,380418.16496352677
2023-04-05,MSFT,376937.75096841744
2023-04-06,MSFT,387162.979525117
2023-04-10,MSFT,385626.6314554524
2023-04-11,MSFT,375659.5333528659
2023-04-12,MSFT,375529.4898330715
2023-04-13,MSFT,381428.3753134444
2023-04-14,MSFT,376644.24716678384
2023-04-17,MSFT,381170.30678291456
2023-04-18,MSFT,380289.113219831
2023-04-19,MSFT,382044.16639645846
2023-04-20,MSFT,379619.97596865584
2023-04-21,MSFT,381129.0906456887
2023-04-24,MSFT,375888.627639062
2023-04-25,MSFT,369614.0348003546
2023-04-26,MSFT,396446.52716315433
2023-04-27,MSFT,408752.6098418247
2023-04-28,MSFT,410980.9080104697
2023-05-01,MSFT,407746.16884034255
2023-05-02,MSFT,409712.132742589
2023-05-03,MSFT,408296.11817536573
2023-05-04,MSFT,408147.65638463857
2023-05-05,MSFT,410894.87218298257
2023-05-08,MSFT,406030.75374833687
2023-05-09,MSFT,404949.47210395016
2023-05-10,MSFT,411491.68568528007
2023-05-11,MSFT,411710.2329869824
2023-05-12,MSFT,411930.83275583765
2023-05-15,MSFT,411150.925200756
2023-05-16,MSFT,413228.41547388444
2023-05-17,MSFT,417350.9081118446
2023-05-18,MSFT,424520.91995872493
2023-05-19,MSFT,424376.54911955906
2023-05-22,MSFT,428163.518809613
2023-05-23,MSFT,420301.0774553662
2023-05-24,MSFT,420839.12447843736
2023-05-25,MSFT,438502.6018641695
2023-05-26,MSFT,447716.397579567
2023-05-30,MSFT,444640.2926468592
2023-05-31,MSFT,441014.58694897563
2023-06-01,MSFT,442670.427558871
2023-06-02,MSFT,444865.5996068052
2023-06-05,MSFT,445548.9782833494
2023-06-06,MSFT,442060.0617807595
2023-06-07,MSFT,427040.86322274
2023-06-08,MSFT,428945.0543556724
2023-06-09,MSFT,430413.8318108538
2023-06-12,MSFT,437897.82718636066
2023-06-13,MSFT,439270.89575109835
2023-06-14,MSFT,442844.63158239576
2023-06-15,MSFT,455423.40274983656
2023-06-16,MSFT,446050.07490506343
2023-06-20,MSFT,441909.29783101165
2023-06-21,MSFT,434128.8662725763
2023-06-22,MSFT,441361.5577696344
2023-06-23,MSFT,436556.7111905553
2023-06-26,MSFT,426635.0869709236
2023-06-27,MSFT,435178.66277120716
2023-06-28,MSFT,439461.3237534221
2023-06-29,MSFT,438448.6264725016
2023-06-30,MSFT,445130.2709890859
2023-07-03,MSFT,441796.58092930424
2023-07-05,MSFT,443107.19057147525
2023-07-06,MSFT,449722.4480130295
2023-07-07,MSFT,442553.423947178
2023-07-10,MSFT,435184.80219485145
2023-07-11,MSFT,435236.8839233943
2023-07-12,MSFT,439032.71467845107
2023-07-13,MSFT,444110.4335195152
2023-07-14,MSFT,449329.8804610171
2023-07-17,MSFT,450103.681551781
2023-07-18,MSFT,468123.6859653345
2023-07-19,MSFT,461680.1426199998
2023-07-20,MSFT,451040.10495847603
2023-07-21,MSFT,448400.9807696812
2023-07-24,MSFT,448785.2465664746
2023-07-25,MSFT,456835.3463408481
2023-07-26,MSFT,440840.05333218543
2023-07-27,MSFT,431020.66994225775
2023-07-28,MSFT,442025.22277383594
2023-07-31,MSFT,437000.3696937794
2023-08-01,MSFT,441333.27467239054
2023-08-02,MSFT,431155.2208996488
2023-08-03,MSFT,430567.1086595587
2023-08-04,MSFT,432168.6822376846
2023-08-07,MSFT,435244.54946373426
2023-08-08,MSFT,433141.5966127001
2023-08-09,MSFT,427271.5655245644
2023-08-10,MSFT,427498.45253464964
2023-08-11,MSFT,426034.0856366202
2023-08-14,MSFT,430631.1406408921
2023-08-15,MSFT,428399.8152080425
2023-08-16,MSFT,428502.78613676794
2023-08-17,MSFT,423982.9718136334
2023-08-18,MSFT,424323.4326679161
2023-08-21,MSFT,431278.2101247955
2023-08-22,MSFT,432247.388110702
2023-08-23,MSFT,438431.27188892546
2023-08-24,MSFT,429416.8221706004
2023-08-25,MSFT,434765.6774157851
2023-08-28,MSFT,435412.9806112767
2023-08-29,MSFT,441651.58186539897
2023-08-30,MSFT,440275.38615970965
2023-08-31,MSFT,438766.8108171111
2023-09-01,MSFT,441565.5660132613
2023-09-05,MSFT,449686.59525712294
2023-09-06,MSFT,449672.0781719319
2023-09-07,MSFT,446312.81267352024
2023-09-08,MSFT,450820.99535068753
2023-09-11,MSFT,454064.99409403827
2023-09-12,MSFT,445086.5809048344
2023-09-13,MSFT,450543.2461071415
2023-09-14,MSFT,452876.13620411727
2023-09-15,MSFT,441896.9001303941
2023-09-18,MSFT,439205.23877508956
2023-09-19,MSFT,436544.7119981587
2023-09-20,MSFT,425982.0878045448
2023-09-21,MSFT,426326.0213733242
2023-09-22,MSFT,422274.0746781434
2023-09-25,MSFT,423199.9720744615
2023-09-26,MSFT,417178.057418243
2023-09-27,MSFT,418231.2896769741
2023-09-28,MSFT,418685.1945356832
2023-09-29,MSFT,422345.19690975355
2023-10-02,MSFT,430437.7462991795
2023-10-03,MSFT,425111.4482173274
2023-10-04,MSFT,433669.41825440316
2023-10-05,MSFT,433905.2472296562
2023-10-06,MSFT,443019.2081461872
2023-10-09,MSFT,446483.572946805
2023-10-10,MSFT,441560.80788502947
2023-10-11,MSFT,447374.30374046904
2023-10-12,MSFT,447446.59353125276
2023-10-13,MSFT,442941.3602144274
2023-10-16,MSFT,448194.3178021163
2023-10-17,MSFT,448333.41115396546
2023-10-18,MSFT,446941.11032280617
2023-10-19,MSFT,449564.65673535573
2023-10-20,MSFT,442607.5661330136
2023-10-23,MSFT,446132.91068157344
2023-10-24,MSFT,449015.30965711764
2023-10-25,MSFT,464510.00842410425
2023-10-26,MSFT,448478.4082203357
2023-10-27,MSFT,452147.4464437161
2023-10-30,MSFT,461630.97030109994
2023-10-31,MSFT,463996.3243359532
2023-11-01,MSFT,475057.08080942713
2023-11-02,MSFT,474800.5393943604
2023-11-03,MSFT,477591.79684310575
2023-11-06,MSFT,482395.88835397677
2023-11-07,MSFT,490803.82753662847
2023-11-08,MSFT,495768.38502446056
2023-11-09,MSFT,491771.7221063347
2023-11-10,MSFT,505404.5934614389
2023-11-13,MSFT,501316.4504343415
2023-11-14,MSFT,502782.34644536907
2023-11-15,MSFT,501154.2226315615
2023-11-16,MSFT,512763.3493886869
2023-11-17,MSFT,503119.2347084081
2023-11-20,MSFT,513594.3179319561
2023-11-21,MSFT,506613.1240742362
2023-11-22,MSFT,514041.2733666019
2023-11-24,MSFT,509726.6957710837
2023-11-27,MSFT,511771.7480742889
2023-11-28,MSFT,515252.0192456499
2023-11-29,MSFT,510405.7757524327
2023-11-30,MSFT,510186.708092878
2023-12-01,MSFT,501478.21281148
2023-12-04,MSFT,495532.08263342624
2023-12-05,MSFT,501471.4741273531
2023-12-06,MSFT,496280.12451234553
2023-12-07,MSFT,500019.05248827685
2023-12-08,MSFT,504105.5275736977
2023-12-11,MSFT,499497.802736533
2023-12-12,MSFT,504717.3535498518
2023-12-13,MSFT,503293.4656986546
2023-12-14,MSFT,486796.1362280877
2023-12-15,MSFT,491674.21743197803
2023-12-18,MSFT,494553.40736763796
2023-12-19,MSFT,493771.18367079104
2023-12-20,MSFT,489803.05553931167
2023-12-21,MSFT,492920.9958450774
2023-12-22,MSFT,492326.2108395135
2023-12-26,MSFT,492429.4953812248
2023-12-27,MSFT,489689.4257641358
2023-12-28,MSFT,491532.4973216802
2023-12-29,MSFT,493050.6778110473
2024-01-02,MSFT,489579.1009105214
2024-01-03,MSFT,490694.9179365204
2024-01-04,MSFT,487098.99448585475
2024-01-05,MSFT,486591.7154934952
2024-01-08,MSFT,496703.757727776
2024-01-09,MSFT,498868.67111640883
2024-01-10,MSFT,507794.3443893064
2024-01-11,MSFT,511292.47751811874
2024-01-12,MSFT,515549.1036286671
2024-01-16,MSFT,521652.61858603393
2024-01-17,MSFT,522087.84149919794
2024-01-18,MSFT,527321.831493845
2024-01-19,MSFT,532049.5722253952
2024-01-22,MSFT,528851.0673403486
2024-01-23,MSFT,532988.8491107548
2024-01-24,MSFT,538118.819470832
2024-01-25,MSFT,541688.5332655236
2024-01-26,MSFT,538547.5074484332
2024-01-29,MSFT,545985.4826151788
2024-01-30,MSFT,543466.5041605406
2024-01-31,MSFT,528031.514709273
2024-02-01,MSFT,536547.4066727954
2024-02-02,MSFT,548472.3846537181
2024-02-05,MSFT,543978.4783587813
2024-02-06,MSFT,542919.4981932546
2024-02-07,MSFT,552862.6608333986
2024-02-08,MSFT,552861.2695503115
2024-02-09,MSFT,561082.1985129251
2024-02-12,MSFT,553696.1213015079
2024-02-13,MSFT,546046.4094284448
2024-02-14,MSFT,551080.0047201752
2024-02-15,MSFT,544834.7946216972
2024-02-16,MSFT,541123.3916784992
2024-02-20,MSFT,540782.6192087654
2024-02-21,MSFT,539723.4243082324
2024-02-22,MSFT,551697.4168027946
2024-02-23,MSFT,549939.9685817716
2024-02-26,MSFT,547037.8719141643
2024-02-27,MSFT,547199.7042050257
2024-02-28,MSFT,549668.6523995064
2024-02-29,MSFT,557485.4880334922
2024-03-01,MSFT,559745.2423836365
2024-03-04,MSFT,559293.2381794247
2024-03-05,MSFT,543154.3583640609
2024-03-06,MSFT,540242.2770180459
2024-03-07,MSFT,547519.4136675635
2024-03-08,MSFT,543490.3507326783
2024-03-11,MSFT,542021.433450051
2024-03-12,MSFT,556766.2765763908
2024-03-13,MSFT,555414.5007353675
2024-03-14,MSFT,570642.6114852965
2024-03-15,MSFT,559701.3575397282
2024-03-18,MSFT,561244.00183953
2024-03-19,MSFT,568417.1408273621
2024-03-20,MSFT,572641.0712859796
2024-03-21,MSFT,576766.5192768864
2024-03-22,MSFT,578816.4695357694
2024-03-25,MSFT,570458.4587389932
2024-03-26,MSFT,568365.7822064682
2024-03-27,MSFT,568695.4034373881
2024-03-28,MSFT,566192.6399726417
2024-04-01,MSFT,572386.5693540886
2024-04-02,MSFT,568081.1214920228
2024-04-03,MSFT,565285.7331410174
2024-04-04,MSFT,560461.6802634709
2024-04-05,MSFT,574680.6663237233
2024-04-08,MSFT,572843.2857432286
2024-04-09,MSFT,574859.2988822145
2024-04-10,MSFT,574697.7162832207
2024-04-11,MSFT,581929.8684458444
2024-04-12,MSFT,576829.6803329851
2024-04-15,MSFT,565455.4357195502
2024-04-16,MSFT,569087.7912112557
2024-04-17,MSFT,564220.4407650738
2024-04-18,MSFT,552645.947268773
2024-04-19,MSFT,544971.8494891379
2024-04-22,MSFT,546170.4783212277
2024-04-23,MSFT,553474.1042816113
2024-04-24,MSFT,556960.530856896
2024-04-25,MSFT,542525.074931281
2024-04-26,MSFT,551573.5037177372
2024-04-29,MSFT,545650.7367083651
2024-04-30,MSFT,531527.3316963202
2024-05-01,MSFT,539696.6982894759
2024-05-02,MSFT,541249.6069225773
2024-05-03,MSFT,552199.199577761
2024-05-06,MSFT,561087.526937383
2024-05-07,MSFT,557178.5498106062
2024-05-08,MSFT,559995.3677164695
2024-05-09,MSFT,560703.3400432196
2024-05-10,MSFT,562880.0408855452
2024-05-13,MSFT,561785.1140799696
2024-05-14,MSFT,564855.2553721081
2024-05-15,MSFT,573130.9397637845
2024-05-16,MSFT,570510.589407142
2024-05-17,MSFT,569243.2094174185
2024-05-20,MSFT,576193.2587090901
2024-05-21,MSFT,582655.6128409737
2024-05-22,MSFT,585737.2549405406
2024-05-23,MSFT,582138.657789355
2024-05-24,MSFT,585204.1628028931
2024-05-28,MSFT,583924.1024613575
2024-05-29,MSFT,585010.6076596177
2024-05-30,MSFT,564337.6561154707
2024-05-31,MSFT,563269.8508405702
2024-06-03,MSFT,561002.882392983
2024-06-04,MSFT,566366.2127751249
2024-06-05,MSFT,577808.7341316448
2024-06-06,MSFT,578079.8775271376
2024-06-07,MSFT,579445.4433506333
2024-06-10,MSFT,586005.8354987028
2024-06-11,MSFT,592679.994253092
2024-06-12,MSFT,601218.25661043
2024-06-13,MSFT,603948.1108338254
2024-06-14,MSFT,605521.9696133987
2024-06-17,MSFT,613100.6101919926
2024-06-18,MSFT,609437.002267352
2024-06-20,MSFT,607453.8995153032
2024-06-21,MSFT,613194.282595563
2024-06-24,MSFT,608580.5252028734
2024-06-25,MSFT,612860.6153576178
2024-06-26,MSFT,616167.7202248565
2024-06-27,MSFT,616838.4984509866
2024-06-28,MSFT,608669.3895398384
2024-07-01,MSFT,621986.8311510182
2024-07-02,MSFT,625917.3856502384
2024-07-03,MSFT,625196.776917445
2024-07-05,MSFT,634224.7519448624
2024-07-08,MSFT,632479.2499815603
2024-07-09,MSFT,623574.0274713989
2024-07-10,MSFT,631843.3956575887
2024-07-11,MSFT,616372.505509576
2024-07-12,MSFT,614994.9894332899
2024-07-15,MSFT,617176.3764925892
2024-07-16,MSFT,612124.2171098755
2024-07-17,MSFT,603910.0478055056
2024-07-18,MSFT,600102.9629385857
2024-07-19,MSFT,597008.2220036364
2024-07-22,MSFT,606205.0426670967
2024-07-23,MSFT,609394.7943540275
2024-07-24,MSFT,588653.9475959692
2024-07-25,MSFT,575283.9558343027
2024-07-26,MSFT,585195.470529593
2024-07-29,MSFT,588137.9653438673
2024-07-30,MSFT,582845.5314718871
2024-07-31,MSFT,574798.6966683763
2024-08-01,MSFT,574630.9456814817
2024-08-02,MSFT,563242.3827375827
2024-08-05,MSFT,544849.1848634194
2024-08-06,MSFT,548454.044286648
2024-08-07,MSFT,544654.8826420755
2024-08-08,MSFT,550637.4228882848
2024-08-09,MSFT,554747.3500326921
2024-08-12,MSFT,556069.5873257606
2024-08-13,MSFT,565292.4408633526
2024-08-14,MSFT,568687.2485009874
2024-08-15,MSFT,575578.9208327463
2024-08-16,MSFT,571745.3616364725
2024-08-19,MSFT,573573.3707817867
2024-08-20,MSFT,577005.9737780592
2024-08-21,MSFT,574630.7229563358
2024-08-22,MSFT,563406.8717499169
2024-08-23,MSFT,562054.6214943449
2024-08-26,MSFT,555626.6669116976
2024-08-27,MSFT,555230.316028505
2024-08-28,MSFT,551334.2639515706
2024-08-29,MSFT,554841.5807472789
2024-08-30,MSFT,560947.5366923448
2024-09-03,MSFT,552918.7566084074
2024-09-04,MSFT,551251.9854873094
2024-09-05,MSFT,550116.6325695775
2024-09-06,MSFT,542347.057613552
2024-09-09,MSFT,548421.6712366104
2024-09-10,MSFT,561453.0818243746
2024-09-11,MSFT,573013.6584947346
2024-09-12,MSFT,578462.5363070703
2024-09-13,MSFT,583111.5891434175
2024-09-16,MSFT,584427.5322038837
2024-09-17,MSFT,589720.7031662577
2024-09-18,MSFT,583580.5234550304
2024-09-19,MSFT,593075.2434957641
2024-09-20,MSFT,588537.3155257754
2024-09-23,MSFT,583781.628281619
2024-09-24,MSFT,576140.9612467734
2024-09-25,MSFT,579829.1728092947
2024-09-26,MSFT,579270.7858866765
2024-09-27,MSFT,575919.3207622134
2024-09-30,MSFT,578986.5576385461
2024-10-01,MSFT,566266.6386545682
2024-10-02,MSFT,560934.0623203935
2024-10-03,MSFT,562174.880089226
2024-10-04,MSFT,563061.5668733999
2024-10-07,MSFT,555544.2006791519
2024-10-08,MSFT,564541.9739770137
2024-10-09,MSFT,569658.0075358005
2024-10-10,MSFT,570099.8472834599
2024-10-11,MSFT,571048.334802437
2024-10-14,MSFT,574917.2813289759
2024-10-15,MSFT,576205.4057190723
2024-10-16,MSFT,571189.605467373
2024-10-17,MSFT,572761.1471064134
2024-10-18,MSFT,575282.0382007584
2024-10-21,MSFT,577511.4619803432
2024-10-22,MSFT,589124.9104043155
2024-10-23,MSFT,585876.8926206614
2024-10-24,MSFT,586141.3013270973
2024-10-25,MSFT,592013.0502952831
2024-10-28,MSFT,590833.8325089923
2024-10-29,MSFT,598945.9966927812
2024-10-30,MSFT,599922.9041401459
2024-10-31,MSFT,563651.1073509735
2024-11-01,MSFT,569881.7973679581
2024-11-04,MSFT,565682.4935188731
2024-11-05,MSFT,568196.7018600695
2024-11-06,MSFT,583631.4536046791
2024-11-07,MSFT,587997.0102894523
2024-11-08,MSFT,585982.5132794875
2024-11-11,MSFT,579700.1989694617
2024-11-12,MSFT,587969.1806326403
2024-11-13,MSFT,592511.5091721062
2024-11-14,MSFT,596865.538082729
2024-11-15,MSFT,582392.6493510683
2024-11-18,MSFT,581925.177235033
2024-11-19,MSFT,582226.2896472608
2024-11-20,MSFT,579518.5830925347
2024-11-21,MSFT,575656.1315508597
2024-11-22,MSFT,582205.8288968499
2024-11-25,MSFT,584746.8131951765
2024-11-26,MSFT,601952.6782973472
2024-11-27,MSFT,592977.0007322463
2024-11-29,MSFT,592536.2406522231
2024-12-02,MSFT,605038.8398197205
2024-12-03,MSFT,605347.6906823135
2024-12-04,MSFT,614516.6277555183
2024-12-05,MSFT,620584.1241615785
2024-12-06,MSFT,626257.7186622848
2024-12-09,MSFT,629449.487859507
2024-12-10,MSFT,627291.501922053
2024-12-11,MSFT,634717.1732723233
2024-12-12,MSFT,637049.5769695408
2024-12-13,MSFT,635725.420045393
2024-12-16,MSFT,642226.4614352658
2024-12-17,MSFT,649303.7566990457
2024-12-18,MSFT,626575.2518105033
2024-12-19,MSFT,627238.066863587
2024-12-20,MSFT,626402.88751666
2024-12-23,MSFT,625770.1433545933
2024-12-24,MSFT,631241.1548528539
2024-12-26,MSFT,629488.2260546372
2024-12-27,MSFT,619887.0763534261
2024-12-30,MSFT,610110.1505686907
2024-12-31,MSFT,605748.8256616922
2025-01-02,MSFT,602764.8020959735
2025-01-03,MSFT,610648.4992195381
2025-01-06,MSFT,613122.556109633
2025-01-07,MSFT,604932.0635869305
2025-01-08,MSFT,610188.8364663586
2025-01-10,MSFT,603464.9840364498
2025-01-13,MSFT,600471.4971489433
2025-01-14,MSFT,596623.0942705155
2025-01-15,MSFT,610319.5891110576
2025-01-16,MSFT,610132.7696556065
2025-01-17,MSFT,618541.4938694903
2025-01-21,MSFT,614824.3759788233
2025-01-22,MSFT,640354.5504669962
2025-01-23,MSFT,641175.6981297231
2025-01-24,MSFT,635819.7825972858
2025-01-27,MSFT,624170.4784211045
2025-01-28,MSFT,642906.3014786602
2025-01-29,MSFT,637716.3810999037
2025-01-30,MSFT,597429.3283373653
2025-01-31,MSFT,600431.9409632543
2025-02-03,MSFT,599326.876667848
2025-02-04,MSFT,590815.6689237646
2025-02-05,MSFT,590069.8792654924
2025-02-06,MSFT,594803.3868804203
2025-02-07,MSFT,585138.4598835807
2025-02-10,MSFT,589694.9928940191
2025-02-11,MSFT,587921.6832467893
2025-02-12,MSFT,584124.5530952527
2025-02-13,MSFT,583970.4193040578
2025-02-14,MSFT,577868.818983933
2025-02-18,MSFT,580685.4571116514
2025-02-19,MSFT,589200.2684087702
2025-02-20,MSFT,589677.5524164406
2025-02-21,MSFT,579229.1492683453
2025-02-24,MSFT,573981.6779103747
2025-02-25,MSFT,567779.0622482325
2025-02-26,MSFT,572466.394845441
2025-02-27,MSFT,565409.0229951728
2025-02-28,MSFT,572467.7082246654
2025-03-03,MSFT,559822.5230154728
2025-03-04,MSFT,562363.0448844604
2025-03-05,MSFT,575555.4757651321
2025-03-06,MSFT,567209.9355789988
2025-03-07,MSFT,564529.1438100812
2025-03-10,MSFT,547932.7196273438
2025-03-11,MSFT,549110.6649838766
2025-03-12,MSFT,550884.0385522246
2025-03-13,MSFT,545097.0160273714
2025-03-14,MSFT,558371.0701808434
2025-03-17,MSFT,555311.1982158418
2025-03-18,MSFT,547795.9444147949
2025-03-19,MSFT,554906.1500655116
2025-03-20,MSFT,554315.2952099462
2025-03-21,MSFT,560687.931058677
2025-03-24,MSFT,562118.2619588297
2025-03-25,MSFT,564224.4548115399
2025-03-26,MSFT,555723.405531404
2025-03-27,MSFT,558192.085057435
2025-03-28,MSFT,541281.1919450802
2025-03-31,MSFT,538995.5165827611
2025-04-01,MSFT,547690.3347424112
2025-04-02,MSFT,546550.0099602086
2025-04-03,MSFT,524281.469452622
2025-04-04,MSFT,510918.0455858448
2025-04-07,MSFT,508464.1657961992
2025-04-08,MSFT,502713.00301862485
2025-04-09,MSFT,551862.3242986993
2025-04-10,MSFT,533803.2850560766
2025-04-11,MSFT,538892.0302900206
2025-04-14,MSFT,537655.5671473618
2025-04-15,MSFT,536813.7270201708
2025-04-16,MSFT,515530.1000799963
2025-04-17,MSFT,509004.6088624333
2025-04-21,MSFT,495692.1311255845
2025-04-22,MSFT,506576.8728101087
2025-04-23,MSFT,518676.2965162841
2025-04-24,MSFT,536600.3683154803
2025-04-25,MSFT,542552.1185580934
2025-04-28,MSFT,541088.869280864
2025-04-29,MSFT,544954.6866689163
2025-04-30,MSFT,545260.2336087152
2025-05-01,MSFT,587857.9938426984
2025-05-02,MSFT,599946.0365935417
2025-05-05,MSFT,601739.0449316022
2025-05-06,MSFT,596495.0682610126
2025-05-07,MSFT,597112.7929578504
2025-05-08,MSFT,608611.9614090231
2025-05-09,MSFT,610266.1720304058
2025-05-12,MSFT,628099.0423767549
2025-05-13,MSFT,626630.3727884605
2025-05-14,MSFT,631705.8593842268
2025-05-15,MSFT,632921.2485332476
2025-05-16,MSFT,634241.3474651607
2025-05-19,MSFT,640663.7618846463
2025-05-20,MSFT,637672.9746656138
2025-05-21,MSFT,625946.4867380409
2025-05-22,MSFT,630113.2287700363
2025-05-23,MSFT,618504.3427158715
2025-05-27,MSFT,633818.3115126777
2025-05-28,MSFT,631566.5512973715
2025-05-29,MSFT,632473.1045653112
2025-05-30,MSFT,632582.6493815307
2025-06-02,MSFT,632441.8141792121
2025-06-03,MSFT,634550.6637533951
2025-06-04,MSFT,633653.0394666462
2025-06-05,MSFT,638016.7674081799
2025-06-06,MSFT,643156.5326808451
2025-06-09,MSFT,646113.7633103868
2025-06-10,MSFT,643612.6777749917
2025-06-11,MSFT,645039.2193513595
2025-06-12,MSFT,651034.4349555431
2025-06-13,MSFT,645054.5783975285
2025-06-16,MSFT,648817.338962853
2025-06-17,MSFT,649476.3257402204
2025-06-18,MSFT,655822.8338319097
2025-06-20,MSFT,654566.9516533123
2025-06-23,MSFT,667669.0629928138
2025-06-24,MSFT,671210.5246520531
2025-06-25,MSFT,675397.8243149043
2025-06-26,MSFT,677685.5022060027
2025-06-27,MSFT,677411.5842344754
2025-06-30,MSFT,677780.0485311102
2025-07-01,MSFT,670476.4135818194
2025-07-02,MSFT,668138.2819531558
2025-07-03,MSFT,676340.661806298
2025-07-07,MSFT,678848.6987632911
2025-07-08,MSFT,678390.0068120935
2025-07-09,MSFT,688606.4681879326
2025-07-10,MSFT,685329.3533115459
2025-07-11,MSFT,687894.1921721499
2025-07-14,MSFT,687936.3381618913
2025-07-15,MSFT,692624.4867521236
2025-07-16,MSFT,692451.6240733124
2025-07-17,MSFT,702873.6287983813
2025-07-18,MSFT,698926.0902583167
2025-07-21,MSFT,697564.3287401183
2025-07-22,MSFT,688086.5118400638
2025-07-23,MSFT,687589.9626066453
2025-07-24,MSFT,695471.193773324
2025-07-25,MSFT,703120.4981492589
2025-07-28,MSFT,702436.9077340108
2025-07-29,MSFT,704990.153900579
2025-07-30,MSFT,707962.1033663409
2025-07-31,MSFT,737667.081937535
2025-08-01,MSFT,722223.3073275924
2025-08-04,MSFT,738111.6413290179
2025-08-05,MSFT,726606.7059944675
2025-08-06,MSFT,720693.1526150155
2025-08-07,MSFT,715428.3776106096
2025-08-08,MSFT,716972.4241799407
2025-08-11,MSFT,718373.4362609822
2025-08-12,MSFT,728129.5517266917
2025-08-13,MSFT,715799.1540539397
2025-08-14,MSFT,720446.8206010372
2025-08-15,MSFT,717261.565365261
2025-08-18,MSFT,713183.2861657073
2025-08-19,MSFT,705263.0741034028
2025-08-20,MSFT,700367.0640246404
2025-08-21,MSFT,699878.642760901
2025-08-22,MSFT,701850.3236081514
2025-08-25,MSFT,696783.8438974384
2025-08-26,MSFT,693816.543694254
2025-08-27,MSFT,699502.1333922873
2025-08-28,MSFT,700196.7062546464
2025-08-29,MSFT,695435.1961961342
2025-09-02,MSFT,695651.4992673291
2025-09-03,MSFT,696220.6189451907
2025-09-04,MSFT,701605.8962437405
2025-09-05,MSFT,683691.7901463698
2025-09-08,MSFT,687464.754120178
2025-09-09,MSFT,688600.7852010228
2025-09-10,MSFT,692358.1933714699
2025-09-11,MSFT,692743.3640515922
2025-09-12,MSFT,705239.2195411252
2025-09-15,MSFT,710526.1192425488
2025-09-16,MSFT,698965.6334600286
2025-09-17,MSFT,700922.5465314528
2025-09-18,MSFT,700643.8354748323
2025-09-19,MSFT,713241.708070156
2025-09-22,MSFT,709888.0826116531
2025-09-23,MSFT,703498.7833264361
2025-09-24,MSFT,707877.8383535797
2025-09-25,MSFT,705270.3421342892
2025-09-26,MSFT,712147.5603032078
2025-09-29,MSFT,715491.7074584109
2025-09-30,MSFT,720149.4945162921
2025-10-01,MSFT,723582.8026423991
2025-10-02,MSFT,719240.183651365
2025-10-03,MSFT,720968.7435220566
2025-10-06,MSFT,736710.2976571762
2025-10-07,MSFT,730103.5137588459
2025-10-08,MSFT,731368.1751035135
2025-10-09,MSFT,730458.5775923223
2025-10-10,MSFT,714462.3177767476
2025-10-13,MSFT,718782.985856304
2025-10-14,MSFT,720471.3243621709
2025-10-15,MSFT,720223.6430133394
2025-10-16,MSFT,717823.8974193897
2025-10-17,MSFT,719921.1113525354
2025-10-20,MSFT,724472.4088238908
2025-10-21,MSFT,724968.2049866362
2025-10-22,MSFT,727649.8277300897
2025-10-23,MSFT,727521.8097107265
2025-10-24,MSFT,732882.6401778884
2025-10-27,MSFT,742945.4082189874
2025-10-28,MSFT,755742.8884884608
2025-10-29,MSFT,752692.1202889575
2025-10-30,MSFT,734474.134194697
2025-10-31,MSFT,724971.4070351482
2025-11-03,MSFT,725893.2823948606
2025-11-04,MSFT,723797.767365183
2025-11-05,MSFT,715227.2937581377
2025-11-06,MSFT,700841.4865635063
2025-11-07,MSFT,697816.8251469274
2025-11-10,MSFT,708537.6291387613
2025-11-11,MSFT,712290.3580836069
2025-11-12,MSFT,714969.2621820043
2025-11-13,MSFT,704642.3580979892
2025-11-14,MSFT,714645.5416693031
2025-11-17,MSFT,711384.3311661244
2025-11-18,MSFT,690305.9908919398
2025-11-19,MSFT,683073.5331064699
2025-11-20,MSFT,672799.1721815694
2025-11-21,MSFT,664868.7187576172
2025-11-24,MSFT,667894.9841947545
2025-11-25,MSFT,671917.5161891468
2025-11-26,MSFT,681723.1695226505
2025-11-28,MSFT,686933.0692458971
2025-12-01,MSFT,679575.2162044429
2025-12-02,MSFT,684469.3306225452
2025-12-03,MSFT,665564.2374527714
2025-12-04,MSFT,670041.1037758854
2025-12-05,MSFT,668834.3849272805
2025-12-08,MSFT,678586.9637573751
2025-12-09,MSFT,680312.947806759
2025-12-10,MSFT,661271.7176368502
2025-12-11,MSFT,665110.7980197037
2025-12-12,MSFT,658075.8584868343
2025-12-15,MSFT,653021.2790905383
2025-12-16,MSFT,654133.7382602999
2025-12-17,MSFT,655379.8125423321
2025-12-18,MSFT,665812.4062001287
2025-12-19,MSFT,668820.9934530293
2025-12-22,MSFT,665846.3283385138
2025-12-23,MSFT,666405.5472344353
2025-12-24,MSFT,666496.05853896
2025-12-26,MSFT,666072.6870006068
2025-12-29,MSFT,665823.4006324494
2025-12-30,MSFT,666683.6430502938
2025-12-31,MSFT,662032.5906814695
2026-01-02,MSFT,648876.9314227777
2026-01-05,MSFT,650217.479119892
2026-01-06,MSFT,659004.1948733167
2026-01-07,MSFT,667476.8811548109
2026-01-08,MSFT,662130.2241968298
2026-01-09,MSFT,665186.6144584275
2026-01-12,MSFT,661271.2082654401
2026-01-13,MSFT,652766.8151118113
2026-01-14,MSFT,636695.9114105238
2026-01-15,MSFT,633929.4333827341
2026-01-16,MSFT,639014.6419810633
2026-01-20,MSFT,627780.994863289
2026-01-21,MSFT,612737.4054048602
2026-01-22,MSFT,621715.7436865037
2026-01-23,MSFT,639053.915515558
2026-01-26,MSFT,643583.4418535806
2026-01-27,MSFT,653743.2081939284
2026-01-28,MSFT,652814.4673066203
2026-01-29,MSFT,585153.1417654045
2026-01-30,MSFT,582840.0442434015
2026-02-02,MSFT,578287.1767095815
2026-02-03,MSFT,560691.9700743298
2026-02-04,MSFT,565417.1389796422
2026-02-05,MSFT,537719.5192272976
2026-02-06,MSFT,546801.0921122788
2026-02-09,MSFT,560811.2908265556
2026-02-10,MSFT,559043.000984635
2026-02-11,MSFT,548215.3128931243
2026-02-12,MSFT,546029.4923050209
2026-02-13,MSFT,545683.647095302
2026-02-17,MSFT,541284.0444249773
2026-02-18,MSFT,545899.2130761035
2026-02-19,MSFT,545058.1869444012
2026-02-20,MSFT,543097.9369908564
2026-02-23,MSFT,525652.301776992
2026-02-24,MSFT,532583.9647582901
2026-02-25,MSFT,547545.401597159
2026-02-26,MSFT,549196.5999358491
2026-02-27,MSFT,535115.5486571796
2026-03-02,MSFT,544862.8519974925
2026-03-03,MSFT,551865.2067416206
2026-03-04,MSFT,552709.9283129654
2026-03-05,MSFT,560994.7404405593
2026-03-06,MSFT,555582.4025361503
2026-03-09,MSFT,554966.8331795149
2026-03-10,MSFT,549816.0914523433
2026-03-11,MSFT,549432.4289111022
2026-03-12,MSFT,546538.3064029834
2026-03-13,MSFT,541867.6881794023
2026-03-16,MSFT,546257.5159124882
2026-03-17,MSFT,546477.3785909498
2026-03-18,MSFT,536325.5214902051
2026-03-19,MSFT,533388.4280104138
2026-03-20,MSFT,523203.60658928845
2026-03-23,MSFT,524713.5772100439
2026-03-24,MSFT,512295.31596533296
2026-03-25,MSFT,511441.16003645706
2026-03-26,MSFT,506024.4085785936
2026-03-27,MSFT,494408.25049847236
2026-03-30,MSFT,499271.5699191413
2026-03-31,MSFT,515344.0027334268
2026-04-01,MSFT,512348.79197326535
2026-04-02,MSFT,519140.9820710751
2026-04-06,MSFT,518260.2489397958
2026-04-07,MSFT,517105.5688727326
2026-04-08,MSFT,517845.43583990174
2026-04-09,MSFT,514984.5303403335
2026-04-10,MSFT,512095.8231494424
2026-04-13,MSFT,530237.5044076857
2026-04-14,MSFT,540134.8735592841
2026-04-15,MSFT,564566.3089464447
2026-04-16,MSFT,575466.305805321
2026-04-17,MSFT,577283.8119119101
2026-04-20,MSFT,570379.7428783011
2026-04-21,MSFT,578391.8834961716
2026-04-22,MSFT,590726.3181870412
2026-04-23,MSFT,568377.1941235919
2026-04-24,MSFT,580079.3890299676
2026-04-27,MSFT,577679.5445580381
2026-04-28,MSFT,586404.4975298233
2026-04-29,MSFT,580030.3855027703
2026-04-30,MSFT,554874.7288408739
2026-05-01,MSFT,561950.269270207
2026-05-04,MSFT,562284.2950656741
2026-05-05,MSFT,559485.7126562966
2026-05-06,MSFT,563325.3283785145
2026-05-07,MSFT,573012.7685929178
2026-05-08,MSFT,567432.9913170652
2026-05-11,MSFT,563287.2973107537
2026-05-12,MSFT,558363.6213730447
2026-05-13,MSFT,554574.8898571718
2026-05-14,MSFT,561250.0643580789
2026-05-15,MSFT,579509.2406216109
2026-05-18,MSFT,581734.3187639294
2026-05-19,MSFT,573536.9207629325
2026-05-20,MSFT,578285.9721960115
2026-05-21,MSFT,576919.7991218936
2026-05-22,MSFT,577290.9071560241
2026-05-26,MSFT,573912.3994035161
2026-05-27,MSFT,570060.3939708202
2026-05-28,MSFT,588903.754321979
2026-05-29,MSFT,620475.4542656635
2026-06-01,MSFT,636436.1299937812
2026-06-02,MSFT,609755.7848736766
2026-06-03,MSFT,592587.5733051627
2026-06-04,MSFT,594085.1492216031
2026-06-05,MSFT,579456.23003932
2026-06-08,MSFT,573545.9935666391
2026-06-09,MSFT,561942.4619048863
2026-06-10,MSFT,552840.2474925817
2026-06-11,MSFT,545529.551257271
2026-06-12,MSFT,545464.1679435492
2026-06-15,MSFT,558255.5167795182
2026-06-16,MSFT,550525.0925095886
2026-06-17,MSFT,531106.8815528197
2026-06-18,MSFT,535469.3440559678
2026-06-22,MSFT,519585.71325056313
2026-06-23,MSFT,530340.3335114303
2026-06-24,MSFT,519554.6076364463
2026-06-25,MSFT,500542.0380978853
2026-06-26,MSFT,528443.1167717478
2026-06-29,MSFT,522945.2014741209
2026-06-30,MSFT,529408.103929346
2026-07-01,MSFT,545388.8428984212
2026-07-02,MSFT,553071.3512989295
2026-07-06,MSFT,549227.8313946675
2026-07-07,MSFT,551433.4195885567
2026-07-08,MSFT,542676.4261563019
2026-07-09,MSFT,543928.4490973913
2026-07-10,MSFT,544091.0244712513
2026-07-13,MSFT,552373.6982376898
2026-07-14,MSFT,540813.6399276473
2026-07-15,MSFT,555135.5220090648
2026-07-16,MSFT,562370.1870706454
2026-07-17,MSFT,551219.1160498387
2026-07-20,MSFT,564681.5207692947
2026-07-21,MSFT,559937.6339628083
2026-07-22,MSFT,549233.2107562661
2026-07-23,MSFT,536716.7786592954
2026-07-24,MSFT,537266.7959105066
2026-07-27,MSFT,548498.8649756768
2026-07-28,MSFT,554018.4834904487
2026-07-29,MSFT,549319.5941548332
2026-07-30,MSFT,631392.3702454986
2026-07-31,MSFT,651152.1337093959
2026-08-03,MSFT,683280.9821040345
2026-08-04,MSFT,692430.6140007924
2026-08-05,MSFT,682868.701878447
2026-08-06,MSFT,699840.1103118696
2026-08-07,MSFT,696276.8165944816
2026-08-10,MSFT,704679.2425806933
2026-08-11,MSFT,700791.3754031837
2026-08-12,MSFT,685109.530583783
2026-08-13,MSFT,691697.7543861996
2026-08-14,MSFT,686520.2996242486
2026-08-17,MSFT,665184.4041860142
2026-08-18,MSFT,668111.424097093
2026-08-19,MSFT,668684.953333339
2026-08-20,MSFT,662447.7813154677
2026-08-21,MSFT,664118.6843375931
2026-08-24,MSFT,673703.1186664097
2026-08-25,MSFT,679638.7607872506
2026-08-26,MSFT,687914.0916152422
2026-08-27,MSFT,699200.8172314955
2026-08-28,MSFT,712311.436072315
2026-08-31,MSFT,702541.3428558487
2026-09-01,MSFT,695359.2838757331
2026-09-02,MSFT,687892.6720480592
2026-09-03,MSFT,702537.5015961552
2026-09-04,MSFT,690732.4016797071
2026-09-08,MSFT,680021.4994685808
2026-09-09,MSFT,677542.5486178781
2026-09-10,MSFT,679811.6464377135
2026-09-11,MSFT,686393.5140839447
2026-09-14,MSFT,702108.332212633
2026-09-15,MSFT,690989.1887915718
2026-09-16,MSFT,682978.5802830018
2026-09-17,MSFT,695394.5483575993
2010-09-17,NVDA,15000.0
2010-09-20,NVDA,15159.75329592482
2010-09-21,NVDA,16029.8414273936
2010-09-22,NVDA,16186.532935234178
2010-09-23,NVDA,16489.950130876434
2010-09-24,NVDA,17322.156139185285
2010-09-27,NVDA,16932.648666821424
2010-09-28,NVDA,16978.935698447895
2010-09-29,NVDA,16838.213516693748
2010-09-30,NVDA,16553.887470282647
2010-10-01,NVDA,15959.000056032724
2010-10-04,NVDA,15836.34842748165
2010-10-05,NVDA,15845.954037157699
2010-10-06,NVDA,14946.628831237442
2010-10-07,NVDA,14976.106045930825
2010-10-08,NVDA,15154.350140482042
2010-10-11,NVDA,15081.527612125481
2010-10-12,NVDA,15336.076268540828
2010-10-13,NVDA,15657.924227749007
2010-10-14,NVDA,15415.80282885205
2010-10-15,NVDA,15708.173573366847
2010-10-18,NVDA,15865.045186388854
2010-10-19,NVDA,16003.42600078446
2010-10-20,NVDA,15921.057897812321
2010-10-21,NVDA,15619.561824105278
2010-10-22,NVDA,16670.115347362862
2010-10-25,NVDA,16715.501853082198
2010-10-26,NVDA,16703.134630624285
2010-10-27,NVDA,17100.986976394215
2010-10-28,NVDA,16921.362075452063
2010-10-29,NVDA,16856.524210138723
2010-11-01,NVDA,16796.068904240077
2010-11-02,NVDA,17073.85112905937
2010-11-03,NVDA,17200.64517678324
2010-11-04,NVDA,17114.79504030354
2010-11-05,NVDA,17370.60443298887
2010-11-08,NVDA,17468.76175686601
2010-11-09,NVDA,17353.314335571973
2010-11-10,NVDA,17568.059746892184
2010-11-11,NVDA,17386.093478591498
2010-11-12,NVDA,18394.082143972082
2010-11-15,NVDA,18146.977835055673
2010-11-16,NVDA,17904.67633097729
2010-11-17,NVDA,18153.46162158701
2010-11-18,NVDA,18648.450695206
2010-11-19,NVDA,19321.984038678587
2010-11-22,NVDA,19295.6886821904
2010-11-23,NVDA,18951.92792590873
2010-11-24,NVDA,19159.40909491143
2010-11-26,NVDA,19077.34116724167
2010-11-29,NVDA,19357.945039903305
2010-11-30,NVDA,19229.289905304697
2010-12-01,NVDA,19872.625613358203
2010-12-02,NVDA,19882.711503518054
2010-12-03,NVDA,20480.24046042889
2010-12-06,NVDA,20092.233864576912
2010-12-07,NVDA,20809.47273207553
2010-12-08,NVDA,21003.446012471286
2010-12-09,NVDA,20650.319786755466
2010-12-10,NVDA,20768.34871564994
2010-12-13,NVDA,20148.786891544663
2010-12-14,NVDA,20168.838601743417
2010-12-15,NVDA,19707.469161990604
2010-12-16,NVDA,19777.10983214197
2010-12-17,NVDA,20023.733860574575
2010-12-20,NVDA,20045.046307043314
2010-12-21,NVDA,20822.4403051382
2010-12-22,NVDA,20992.279491222875
2010-12-23,NVDA,20728.84564585718
2010-12-27,NVDA,20840.27071809937
2010-12-28,NVDA,20757.362299582957
2010-12-29,NVDA,20568.19182402523
2010-12-30,NVDA,20649.47929590881
2010-12-31,NVDA,21088.87590352766
2011-01-03,NVDA,21661.13009997839
2011-01-04,NVDA,21676.439040399597
2011-01-05,NVDA,23245.395310861546
2011-01-06,NVDA,26486.808296044892
2011-01-07,NVDA,27176.310965603916
2011-01-10,NVDA,28181.477983142155
2011-01-11,NVDA,27685.64841867651
2011-01-12,NVDA,31704.575472075696
2011-01-13,NVDA,31773.495721501356
2011-01-14,NVDA,32162.042632897614
2011-01-18,NVDA,31431.415946912995
2011-01-19,NVDA,30665.248505126998
2011-01-20,NVDA,30880.534231991485
2011-01-21,NVDA,30418.324301392015
2011-01-24,NVDA,33813.54711151312
2011-01-25,NVDA,32945.56020716098
2011-01-26,NVDA,33617.71274424264
2011-01-27,NVDA,33481.73333226604
2011-01-28,NVDA,32669.338893914042
2011-01-31,NVDA,32998.21095519784
2011-02-01,NVDA,33417.735957799356
2011-02-02,NVDA,34798.90255909452
2011-02-03,NVDA,34197.47132325279
2011-02-04,NVDA,34984.41089596324
2011-02-07,NVDA,33477.35077285134
2011-02-08,NVDA,32549.028632721507
2011-02-09,NVDA,31891.944895819157
2011-02-10,NVDA,31267.700336996804
2011-02-11,NVDA,31992.56365717579
2011-02-14,NVDA,31446.544782152778
2011-02-15,NVDA,30692.684527764213
2011-02-16,NVDA,31717.00272959408
2011-02-17,NVDA,34780.11158516574
2011-02-18,NVDA,34679.49282380911
2011-02-22,NVDA,31502.197283213398
2011-02-23,NVDA,30205.439976946534
2011-02-24,NVDA,30682.71870772531
2011-02-25,NVDA,31217.751166681344
2011-02-28,NVDA,30375.03902278931
2011-03-01,NVDA,29036.677419613054
2011-03-02,NVDA,27799.59496345866
2011-03-03,NVDA,28003.353958711887
2011-03-04,NVDA,27742.501620946634
2011-03-07,NVDA,27434.46172564778
2011-03-08,NVDA,26137.884524562345
2011-03-09,NVDA,25521.684663843687
2011-03-10,NVDA,24000.576336580565
2011-03-11,NVDA,24184.22358657456
2011-03-14,NVDA,24449.278378573086
2011-03-15,NVDA,23895.815156051136
2011-03-16,NVDA,23932.616648122505
2011-03-17,NVDA,24300.931744138576
2011-03-18,NVDA,23873.782288856695
2011-03-21,NVDA,23894.55441978115
2011-03-22,NVDA,23462.96237002409
2011-03-23,NVDA,24077.121038686593
2011-03-24,NVDA,25799.646993844406
2011-03-25,NVDA,25074.24335812114
2011-03-28,NVDA,25950.63517093983
2011-03-29,NVDA,25759.60360850737
2011-03-30,NVDA,24665.52466640518
2011-03-31,NVDA,24689.058410111506
2011-04-01,NVDA,24123.58817549449
2011-04-04,NVDA,23382.63545910812
2011-04-05,NVDA,23317.497418492403
2011-04-06,NVDA,23044.39792839018
2011-04-07,NVDA,23900.017610284405
2011-04-08,NVDA,23109.65603912685
2011-04-11,NVDA,22761.512723430485
2011-04-12,NVDA,23011.018434765905
2011-04-13,NVDA,23566.943094767343
2011-04-14,NVDA,24523.48171332058
2011-04-15,NVDA,24762.24114883092
2011-04-18,NVDA,24131.51280347723
2011-04-19,NVDA,23741.404980508618
2011-04-20,NVDA,24344.217022741283
2011-04-21,NVDA,24263.469866401978
2011-04-25,NVDA,24706.768752951724
2011-04-26,NVDA,25256.389731603256
2011-04-27,NVDA,25367.994909026875
2011-04-28,NVDA,25540.655742953884
2011-04-29,NVDA,26115.01116652125
2011-05-02,NVDA,25781.51640558086
2011-05-03,NVDA,24546.17496618025
2011-05-04,NVDA,24593.4825938348
2011-05-05,NVDA,24835.243782368903
2011-05-06,NVDA,25575.656183210995
2011-05-09,NVDA,26267.20004482618
2011-05-10,NVDA,26170.063316977114
2011-05-11,NVDA,26213.34859557982
2011-05-12,NVDA,27249.67380950475
2011-05-13,NVDA,24405.452784426107
2011-05-16,NVDA,23640.666149031033
2011-05-17,NVDA,23715.109624020428
2011-05-18,NVDA,24142.91946496754
2011-05-19,NVDA,23744.04652316953
2011-05-20,NVDA,24241.076788844683
2011-05-23,NVDA,24214.721397296023
2011-05-24,NVDA,24404.7323637004
2011-05-25,NVDA,24676.691187653592
2011-05-26,NVDA,25412.540923899556
2011-05-27,NVDA,26226.616343944865
2011-05-31,NVDA,26724.4270654062
2011-06-01,NVDA,25595.46775316785
2011-06-02,NVDA,25678.676346986642
2011-06-03,NVDA,24821.19557821768
2011-06-06,NVDA,24339.114042600882
2011-06-07,NVDA,24226.188093846806
2011-06-08,NVDA,23651.292354735164
2011-06-09,NVDA,23266.827827451234
2011-06-10,NVDA,23016.121414906305
2011-06-13,NVDA,22880.982493776366
2011-06-14,NVDA,22850.18450775253
2011-06-15,NVDA,22575.464071017475
2011-06-16,NVDA,21936.691027560097
2011-06-17,NVDA,21308.964435230173
2011-06-20,NVDA,21040.667749965978
2011-06-21,NVDA,21362.575744234633
2011-06-22,NVDA,21071.34566586887
2011-06-23,NVDA,21866.1498315016
2011-06-24,NVDA,21337.841299318803
2011-06-27,NVDA,20922.278610708654
2011-06-28,NVDA,20950.49508913205
2011-06-29,NVDA,21025.839090028578
2011-06-30,NVDA,21157.435942590473
2011-07-01,NVDA,21426.152873277995
2011-07-05,NVDA,21002.905696927006
2011-07-06,NVDA,20831.985879753778
2011-07-07,NVDA,20740.972728073193
2011-07-08,NVDA,20449.982789949332
2011-07-11,NVDA,19807.427537682004
2011-07-12,NVDA,19556.48098489518
2011-07-13,NVDA,19338.79385561168
2011-07-14,NVDA,18574.36743057946
2011-07-15,NVDA,18505.207040911893
2011-07-18,NVDA,18249.757858589415
2011-07-19,NVDA,18605.4055568452
2011-07-20,NVDA,18319.57863392221
2011-07-21,NVDA,19129.991915278522
2011-07-22,NVDA,19616.035764886696
2011-07-25,NVDA,19198.311814099434
2011-07-26,NVDA,18729.49802684768
2011-07-27,NVDA,18073.074675610555
2011-07-28,NVDA,18052.362579746572
2011-07-29,NVDA,18155.142603280314
2011-08-01,NVDA,19129.931880218046
2011-08-02,NVDA,19016.7057561616
2011-08-03,NVDA,19638.969157988264
2011-08-04,NVDA,18014.96073707045
2011-08-05,NVDA,17548.668422358656
2011-08-08,NVDA,16237.382631456772
2011-08-09,NVDA,17609.844148983004
2011-08-10,NVDA,16837.55313102852
2011-08-11,NVDA,18257.44234633026
2011-08-12,NVDA,17513.7880522225
2011-08-15,NVDA,18103.45241621107
2011-08-16,NVDA,17552.75080647098
2011-08-17,NVDA,17316.873053863455
2011-08-18,NVDA,16269.021108327264
2011-08-19,NVDA,15903.047379669728
2011-08-22,NVDA,16269.021108327264
2011-08-23,NVDA,17983.92261080471
2011-08-24,NVDA,17732.79595283646
2011-08-25,NVDA,16912.95716698552
2011-08-26,NVDA,17644.844589240114
2011-08-29,NVDA,17981.461173325224
2011-08-30,NVDA,18440.90949114283
2011-08-31,NVDA,17923.04705948274
2011-09-01,NVDA,17823.508929214662
2011-09-02,NVDA,17456.274464287144
2011-09-06,NVDA,17978.639525482882
2011-09-07,NVDA,19383.459940605317
2011-09-08,NVDA,19244.238635363054
2011-09-09,NVDA,19046.903391580683
2011-09-12,NVDA,19475.55372337445
2011-09-13,NVDA,19808.38809864961
2011-09-14,NVDA,20850.716818622073
2011-09-15,NVDA,21038.026207305065
2011-09-16,NVDA,20883.7361018835
2011-09-19,NVDA,20628.046779319124
2011-09-20,NVDA,20151.548504326525
2011-09-21,NVDA,19878.929294708112
2011-09-22,NVDA,19207.55721341263
2011-09-23,NVDA,19515.777213892914
2011-09-26,NVDA,19664.303953508846
2011-09-27,NVDA,19413.417435782496
2011-09-28,NVDA,18884.26841275305
2011-09-29,NVDA,18626.77803837441
2011-09-30,NVDA,17890.387986584166
2011-10-03,NVDA,16970.05050949755
2011-10-04,NVDA,18828.97612205528
2011-10-05,NVDA,19211.519527404
2011-10-06,NVDA,19938.664179881052
2011-10-07,NVDA,20116.24788876704
2011-10-10,NVDA,21013.411832510188
2011-10-11,NVDA,20704.89165672753
2011-10-12,NVDA,20442.05816196659
2011-10-13,NVDA,21786.003025767048
2011-10-14,NVDA,21954.821615823643
2011-10-17,NVDA,20874.550737630776
2011-10-18,NVDA,21650.744034516156
2011-10-19,NVDA,21166.621306843197
2011-10-20,NVDA,20269.037117676722
2011-10-21,NVDA,20115.827643343713
2011-10-24,NVDA,20752.31935450303
2011-10-25,NVDA,20178.804421782323
2011-10-26,NVDA,20330.513019603448
2011-10-27,NVDA,20869.988073034652
2011-10-28,NVDA,21380.766367558655
2011-10-31,NVDA,20239.439832862394
2011-11-01,NVDA,19736.646201381605
2011-11-02,NVDA,19247.000248144916
2011-11-03,NVDA,20425.36841515445
2011-11-04,NVDA,20763.005595267638
2011-11-07,NVDA,20641.134422502742
2011-11-08,NVDA,21046.130940469233
2011-11-09,NVDA,20048.64841067183
2011-11-10,NVDA,20299.114682974858
2011-11-11,NVDA,21009.449518518817
2011-11-14,NVDA,20588.063429042562
2011-11-15,NVDA,20957.45915614719
2011-11-16,NVDA,20485.583580811195
2011-11-17,NVDA,19790.857860990818
2011-11-18,NVDA,19676.61114090629
2011-11-21,NVDA,20917.71594611253
2011-11-22,NVDA,21519.387322196162
2011-11-23,NVDA,20830.905248665218
2011-11-25,NVDA,20267.716346346268
2011-11-28,NVDA,21076.44864600927
2011-11-29,NVDA,21129.219464167072
2011-11-30,NVDA,21940.653341551468
2011-12-01,NVDA,22157.68008516974
2011-12-02,NVDA,21993.78437007212
2011-12-05,NVDA,21603.856652284936
2011-12-06,NVDA,21251.330777173873
2011-12-07,NVDA,21101.84347659033
2011-12-08,NVDA,20618.441169643072
2011-12-09,NVDA,20918.436366838232
2011-12-12,NVDA,20554.50383023686
2011-12-13,NVDA,19999.8399065054
2011-12-14,NVDA,19451.659769305275
2011-12-15,NVDA,19151.904712352014
2011-12-16,NVDA,19317.241268901038
2011-12-19,NVDA,18757.47436502918
2011-12-20,NVDA,19677.571701873894
2011-12-21,NVDA,19426.44504390564
2011-12-22,NVDA,20103.700561127698
2011-12-23,NVDA,19910.147526155273
2011-12-27,NVDA,19755.977490854657
2011-12-28,NVDA,19313.038814667765
2011-12-29,NVDA,19636.32761532735
2011-12-30,NVDA,19400.81007308268
2012-01-03,NVDA,19500.408238411233
2012-01-04,NVDA,19809.108519375317
2012-01-05,NVDA,20653.441609900183
2012-01-06,NVDA,20480.780775973166
2012-01-09,NVDA,20560.86754664724
2012-01-10,NVDA,20261.352629935885
2012-01-11,NVDA,19906.425352405804
2012-01-12,NVDA,19789.837264962738
2012-01-13,NVDA,19361.307003289923
2012-01-17,NVDA,18855.15140842252
2012-01-18,NVDA,19512.055040143445
2012-01-19,NVDA,19936.082672280612
2012-01-20,NVDA,19852.15365773612
2012-01-23,NVDA,20273.119501789046
2012-01-24,NVDA,20761.44468369528
2012-01-25,NVDA,20679.49682614647
2012-01-26,NVDA,20226.112049436873
2012-01-27,NVDA,20548.440289128852
2012-01-30,NVDA,20437.07525194714
2012-01-31,NVDA,20436.77507664476
2012-02-01,NVDA,20488.58533383496
2012-02-02,NVDA,21271.56259255405
2012-02-03,NVDA,21658.968837801276
2012-02-06,NVDA,21496.573999215543
2012-02-07,NVDA,21552.286535336636
2012-02-08,NVDA,22385.152929310716
2012-02-09,NVDA,22306.92724551138
2012-02-10,NVDA,21921.802332562216
2012-02-13,NVDA,22221.91759987833
2012-02-14,NVDA,22336.52453032571
2012-02-15,NVDA,22180.49340815036
2012-02-16,NVDA,22560.215165656744
2012-02-17,NVDA,21752.323356840396
2012-02-21,NVDA,21830.008725095457
2012-02-22,NVDA,21778.738783449535
2012-02-23,NVDA,21865.96972632017
2012-02-24,NVDA,21708.91800811674
2012-02-27,NVDA,21255.353126225717
2012-02-28,NVDA,21010.350044425944
2012-02-29,NVDA,20574.31540019371
2012-03-01,NVDA,20674.75405636892
2012-03-02,NVDA,20938.007796553185
2012-03-05,NVDA,20319.046323052662
2012-03-06,NVDA,20294.43194825778
2012-03-07,NVDA,20370.796545182384
2012-03-08,NVDA,20272.879361547144
2012-03-09,NVDA,20181.746139745614
2012-03-12,NVDA,19955.894242237464
2012-03-13,NVDA,20164.696182570624
2012-03-14,NVDA,19594.903423599382
2012-03-15,NVDA,19929.598885749278
2012-03-16,NVDA,19925.636571757906
2012-03-19,NVDA,19912.368823392862
2012-03-20,NVDA,19688.858293243255
2012-03-21,NVDA,19769.42534440113
2012-03-22,NVDA,19882.77153857853
2012-03-23,NVDA,19995.277241909276
2012-03-26,NVDA,20105.98189342576
2012-03-27,NVDA,20249.04544253844
2012-03-28,NVDA,20834.207176991364
2012-03-29,NVDA,20963.282557013295
2012-03-30,NVDA,21184.27161462294
2012-04-02,NVDA,20928.041976514283
2012-04-03,NVDA,20568.73213956951
2012-04-04,NVDA,20092.534039879287
2012-04-05,NVDA,19997.198363844487
2012-04-09,NVDA,19821.175566530856
2012-04-10,NVDA,19543.993692316315
2012-04-11,NVDA,19811.629991915277
2012-04-12,NVDA,20111.385048868542
2012-04-13,NVDA,19448.477911100083
2012-04-16,NVDA,19304.453801019794
2012-04-17,NVDA,19064.673769481375
2012-04-18,NVDA,18904.440193072754
2012-04-19,NVDA,18649.771466536455
2012-04-20,NVDA,18265.727184675852
2012-04-23,NVDA,18091.325333995053
2012-04-24,NVDA,17441.025558926412
2012-04-25,NVDA,17729.19384920794
2012-04-26,NVDA,17731.29507632457
2012-04-27,NVDA,17522.49313599142
2012-04-30,NVDA,17686.74906145189
2012-05-01,NVDA,17914.70218607667
2012-05-02,NVDA,17493.61627190279
2012-05-03,NVDA,17157.11975793864
2012-05-04,NVDA,16803.99353222282
2012-05-07,NVDA,17057.401522489134
2012-05-08,NVDA,17150.696006467777
2012-05-09,NVDA,17246.33185780496
2012-05-10,NVDA,17130.464191087594
2012-05-11,NVDA,18122.723670623644
2012-05-14,NVDA,18106.093958871985
2012-05-15,NVDA,17946.220592826212
2012-05-16,NVDA,17704.999719836385
2012-05-17,NVDA,17700.377020179785
2012-05-18,NVDA,16977.43482193601
2012-05-21,NVDA,17272.567179232672
2012-05-22,NVDA,17031.4663763638
2012-05-23,NVDA,17600.538714609334
2012-05-24,NVDA,17128.663139273336
2012-05-25,NVDA,17560.375259151344
2012-05-29,NVDA,17957.327079014143
2012-05-30,NVDA,17797.453712968374
2012-05-31,NVDA,17711.84371673057
2012-06-01,NVDA,17115.215285726863
2012-06-04,NVDA,16821.76391012351
2012-06-05,NVDA,17286.67541844437
2012-06-06,NVDA,17566.018554836028
2012-06-07,NVDA,16762.02902495057
2012-06-08,NVDA,17238.58733500364
2012-06-11,NVDA,17355.895843172413
2012-06-12,NVDA,17682.006291674337
2012-06-13,NVDA,17218.835800107263
2012-06-14,NVDA,16967.70914213901
2012-06-15,NVDA,17330.080767168027
2012-06-18,NVDA,17527.956326494674
2012-06-19,NVDA,18531.982677883887
2012-06-20,NVDA,18871.060699448477
2012-06-21,NVDA,18118.040935906567
2012-06-22,NVDA,18344.793359321844
2012-06-25,NVDA,17855.927861871332
2012-06-26,NVDA,17990.646537577948
2012-06-27,NVDA,18548.492319514597
2012-06-28,NVDA,18826.574719636268
2012-06-29,NVDA,19382.799554940084
2012-07-02,NVDA,18852.029585277804
2012-07-03,NVDA,19229.169835183748
2012-07-05,NVDA,19046.96342664116
2012-07-06,NVDA,18811.80609475934
2012-07-09,NVDA,18579.770586022238
2012-07-10,NVDA,18005.71533775725
2012-07-11,NVDA,17695.09393485796
2012-07-12,NVDA,17439.164472051678
2012-07-13,NVDA,17549.80908850769
2012-07-16,NVDA,17616.92828611909
2012-07-17,NVDA,17271.96682862792
2012-07-18,NVDA,18177.17547047476
2012-07-19,NVDA,18293.70352285735
2012-07-20,NVDA,17835.3358361283
2012-07-23,NVDA,18174.653997934794
2012-07-24,NVDA,18042.096584405295
2012-07-25,NVDA,18343.892833414717
2012-07-26,NVDA,18281.51640558086
2012-07-27,NVDA,18666.941493832397
2012-07-30,NVDA,18404.46820943431
2012-07-31,NVDA,18663.81967068768
2012-08-01,NVDA,18461.08127146253
2012-08-02,NVDA,18613.390219888413
2012-08-03,NVDA,18859.89417820007
2012-08-06,NVDA,19257.566418788574
2012-08-07,NVDA,19407.293859614016
2012-08-08,NVDA,19479.816212668196
2012-08-09,NVDA,20100.51870292251
2012-08-10,NVDA,19958.17557453553
2012-08-13,NVDA,20248.505126994165
2012-08-14,NVDA,19913.749629783793
2012-08-15,NVDA,19717.134806727132
2012-08-16,NVDA,20103.9407013696
2012-08-17,NVDA,19937.223338429645
2012-08-20,NVDA,19947.309228589496
2012-08-21,NVDA,19838.70580418965
2012-08-22,NVDA,20011.066462814284
2012-08-23,NVDA,19552.69877608523
2012-08-24,NVDA,19937.703618913445
2012-08-27,NVDA,19535.168538426442
2012-08-28,NVDA,19399.489301752223
2012-08-29,NVDA,19461.385449102276
2012-08-30,NVDA,19198.37184915991
2012-08-31,NVDA,19048.70444339494
2012-09-04,NVDA,18013.459860558567
2012-09-05,NVDA,18149.91955301896
2012-09-06,NVDA,18567.58346874575
2012-09-07,NVDA,18035.252587511106
2012-09-10,NVDA,17841.759587599157
2012-09-11,NVDA,17988.185100098457
2012-09-12,NVDA,18253.17985703651
2012-09-13,NVDA,18365.62552530678
2012-09-14,NVDA,18497.102307747726
2012-09-17,NVDA,18014.30035140522
2012-09-18,NVDA,18170.21140345962
2012-09-19,NVDA,18390.179865041184
2012-09-20,NVDA,18311.293795576617
2012-09-21,NVDA,18345.813955349924
2012-09-24,NVDA,18426.561111689225
2012-09-25,NVDA,18032.250834487342
2012-09-26,NVDA,17855.267476206107
2012-09-27,NVDA,17924.007620450346
2012-09-28,NVDA,18058.546190975532
2012-10-01,NVDA,17729.67412969174
2012-10-02,NVDA,17816.96510762285
2012-10-03,NVDA,17703.078597901174
2012-10-04,NVDA,18415.994941045574
2012-10-05,NVDA,17869.916030962082
2012-10-08,NVDA,17697.315232095545
2012-10-09,NVDA,17365.981733332268
2012-10-10,NVDA,17071.990042184636
2012-10-11,NVDA,17155.91905672913
2012-10-12,NVDA,17037.16970710895
2012-10-15,NVDA,17225.199516517645
2012-10-16,NVDA,17849.263970158576
2012-10-17,NVDA,17609.123728257302
2012-10-18,NVDA,17360.338437647584
2012-10-19,NVDA,16541.40017770378
2012-10-22,NVDA,16372.701657768137
2012-10-23,NVDA,16864.08862775861
2012-10-24,NVDA,16660.149527323956
2012-10-25,NVDA,16668.914646153353
2012-10-26,NVDA,16569.736726248128
2012-10-31,NVDA,16482.02550289369
2012-11-01,NVDA,17228.921690267114
2012-11-02,NVDA,17135.8073114699
2012-11-05,NVDA,17860.31042128603
2012-11-06,NVDA,17793.491398977003
2012-11-07,NVDA,17307.98786491311
2012-11-08,NVDA,17434.121526971754
2012-11-09,NVDA,16790.605713736823
2012-11-12,NVDA,16400.798066070587
2012-11-13,NVDA,16309.124528724777
2012-11-14,NVDA,15911.75246343865
2012-11-15,NVDA,15993.220040503656
2012-11-16,NVDA,15704.631504798805
2012-11-19,NVDA,16045.09033275433
2012-11-20,NVDA,15871.46893785971
2012-11-21,NVDA,16339.082023901958
2012-11-23,NVDA,16364.116644120166
2012-11-26,NVDA,16677.139449438473
2012-11-27,NVDA,16734.59300231335
2012-11-28,NVDA,16868.71132741521
2012-11-29,NVDA,16565.474236954382
2012-11-30,NVDA,16468.757754528644
2012-12-03,NVDA,16159.877368383137
2012-12-04,NVDA,16640.277922306625
2012-12-05,NVDA,16422.470722902177
2012-12-06,NVDA,16445.284045882796
2012-12-07,NVDA,16374.142499219546
2012-12-10,NVDA,16908.45453744987
2012-12-11,NVDA,17294.29987112474
2012-12-12,NVDA,17093.182418532422
2012-12-13,NVDA,17092.82220816957
2012-12-14,NVDA,17200.52510666229
2012-12-17,NVDA,17082.43614270734
2012-12-18,NVDA,17147.57418332306
2012-12-19,NVDA,17296.04088787852
2012-12-20,NVDA,17310.449302392597
2012-12-21,NVDA,17015.316945095936
2012-12-24,NVDA,16826.626750022013
2012-12-26,NVDA,16811.738055024136
2012-12-27,NVDA,16764.25032218816
2012-12-28,NVDA,16682.1823945184
2012-12-31,NVDA,16902.69117164424
2013-01-02,NVDA,17373.786291194057
2013-01-03,NVDA,17377.448429883054
2013-01-04,NVDA,17951.563713208514
2013-01-07,NVDA,17442.946680861623
2013-01-08,NVDA,17084.597404884455
2013-01-09,NVDA,16692.80860022253
2013-01-10,NVDA,16708.83796136944
2013-01-11,NVDA,16647.121919200814
2013-01-14,NVDA,16633.614030593868
2013-01-15,NVDA,16327.495257230223
2013-01-16,NVDA,16496.974232952045
2013-01-17,NVDA,16724.807287455875
2013-01-18,NVDA,16755.90544878209
2013-01-22,NVDA,16667.41376964147
2013-01-23,NVDA,16781.00010406077
2013-01-24,NVDA,16934.149543333308
2013-01-25,NVDA,17331.82178392181
2013-01-28,NVDA,17593.994893017523
2013-01-29,NVDA,17150.996181770155
2013-01-30,NVDA,17128.903279515238
2013-01-31,NVDA,16975.7538402427
2013-02-01,NVDA,17119.77795032299
2013-02-04,NVDA,16811.37784466128
2013-02-05,NVDA,17185.456306482985
2013-02-06,NVDA,17033.02728793616
2013-02-07,NVDA,17018.678908482554
2013-02-08,NVDA,17176.330977290738
2013-02-11,NVDA,17445.288048220158
2013-02-12,NVDA,17271.66665332554
2013-02-13,NVDA,17176.330977290738
2013-02-14,NVDA,17650.788060227173
2013-02-15,NVDA,17761.972992227464
2013-02-19,NVDA,17606.96246608019
2013-02-20,NVDA,17435.502333362685
2013-02-21,NVDA,17345.68988289161
2013-02-22,NVDA,17734.95721501357
2013-02-25,NVDA,17495.477358777527
2013-02-26,NVDA,17725.47167545847
2013-02-27,NVDA,18001.272743282076
2013-02-28,NVDA,18150.45986856324
2013-03-01,NVDA,18219.380117988905
2013-03-04,NVDA,18159.765302936914
2013-03-05,NVDA,18360.942790589706
2013-03-06,NVDA,18390.23990010166
2013-03-07,NVDA,18323.66101803453
2013-03-08,NVDA,18358.181177807837
2013-03-11,NVDA,18168.41035164536
2013-03-12,NVDA,18209.35426288953
2013-03-13,NVDA,18243.093966876655
2013-03-14,NVDA,18237.210530950073
2013-03-15,NVDA,17958.707885405078
2013-03-18,NVDA,17878.320939428628
2013-03-19,NVDA,17858.689474653198
2013-03-20,NVDA,18063.709206176405
2013-03-21,NVDA,17730.03434005459
2013-03-22,NVDA,17788.868699320403
2013-03-25,NVDA,17675.462470082526
2013-03-26,NVDA,17714.845469754335
2013-03-27,NVDA,17934.03347554972
2013-03-28,NVDA,18161.326214509274
2013-04-01,NVDA,17587.270966244287
2013-04-02,NVDA,17361.779279098995
2013-04-03,NVDA,17136.64780231655
2013-04-04,NVDA,17303.785410679837
2013-04-05,NVDA,17698.51593330505
2013-04-08,NVDA,17669.63906921642
2013-04-09,NVDA,17890.68816188654
2013-04-10,NVDA,18150.579938684194
2013-04-11,NVDA,17992.62769457363
2013-04-12,NVDA,18486.53613710407
2013-04-15,NVDA,18238.471267220055
2013-04-16,NVDA,18476.39021188374
2013-04-17,NVDA,18291.362155498813
2013-04-18,NVDA,17930.07116155835
2013-04-19,NVDA,17987.044433949428
2013-04-22,NVDA,18013.039615135236
2013-04-23,NVDA,18473.388458859972
2013-04-24,NVDA,19124.28858453337
2013-04-25,NVDA,19137.97657832174
2013-04-26,NVDA,19009.321443723136
2013-04-29,NVDA,19175.498491118815
2013-04-30,NVDA,19331.649683415115
2013-05-01,NVDA,19184.143539827262
2013-05-02,NVDA,19410.235577577307
2013-05-03,NVDA,19487.020419925237
2013-05-06,NVDA,19421.942414369994
2013-05-07,NVDA,19123.26798850529
2013-05-08,NVDA,19418.340310741474
2013-05-09,NVDA,19438.15188069833
2013-05-10,NVDA,20521.42451191496
2013-05-13,NVDA,20064.797841939693
2013-05-14,NVDA,20443.318898236572
2013-05-15,NVDA,20824.481497194363
2013-05-16,NVDA,20723.442490414403
2013-05-17,NVDA,21281.288272351052
2013-05-20,NVDA,21238.24313399025
2013-05-21,NVDA,21484.44691699953
2013-05-22,NVDA,20850.116468017324
2013-05-23,NVDA,21127.058201989963
2013-05-24,NVDA,21026.19930039143
2013-05-28,NVDA,21111.509121326853
2013-05-29,NVDA,20985.195354086787
2013-05-30,NVDA,21125.017009933803
2013-05-31,NVDA,20964.663363404226
2013-06-03,NVDA,20841.411384248404
2013-06-04,NVDA,20979.79219864401
2013-06-05,NVDA,20522.80531830589
2013-06-06,NVDA,20441.998126906114
2013-06-07,NVDA,20669.35090092614
2013-06-10,NVDA,20614.839066014552
2013-06-11,NVDA,20230.014328367768
2013-06-12,NVDA,20080.1067823609
2013-06-13,NVDA,20476.69839186085
2013-06-14,NVDA,20460.248785290612
2013-06-17,NVDA,20659.62522112914
2013-06-18,NVDA,20599.950371016675
2013-06-19,NVDA,21176.647161942576
2013-06-20,NVDA,21019.595443739145
2013-06-21,NVDA,21156.115171260015
2013-06-24,NVDA,20831.985879753778
2013-06-25,NVDA,20945.69228429403
2013-06-26,NVDA,20737.550729626102
2013-06-27,NVDA,20565.670351485267
2013-06-28,NVDA,20673.913565522267
2013-07-01,NVDA,20760.844333090525
2013-07-02,NVDA,20780.595867986904
2013-07-03,NVDA,20829.944687697618
2013-07-05,NVDA,21085.69404532247
2013-07-08,NVDA,20988.73742265483
2013-07-09,NVDA,21011.130500212123
2013-07-10,NVDA,21255.353126225717
2013-07-11,NVDA,21288.972760091896
2013-07-12,NVDA,21310.105101379206
2013-07-15,NVDA,21308.24401450447
2013-07-16,NVDA,21376.563913325383
2013-07-17,NVDA,21332.798354238876
2013-07-18,NVDA,21189.194489581918
2013-07-19,NVDA,20676.67517830413
2013-07-22,NVDA,20610.51654166033
2013-07-23,NVDA,20515.661146109327
2013-07-24,NVDA,20503.71416907474
2013-07-25,NVDA,20546.038886709837
2013-07-26,NVDA,20473.696638837082
2013-07-29,NVDA,20370.976650363813
2013-07-30,NVDA,20783.657656071147
2013-07-31,NVDA,20809.832942438385
2013-08-01,NVDA,21199.340414802246
2013-08-02,NVDA,21463.854891256495
2013-08-05,NVDA,21568.31589648355
2013-08-06,NVDA,21238.663379413578
2013-08-07,NVDA,21300.619561824104
2013-08-08,NVDA,21310.345241621104
2013-08-09,NVDA,20917.47580587063
2013-08-12,NVDA,20732.447749485702
2013-08-13,NVDA,20903.547671840355
2013-08-14,NVDA,21735.75368014921
2013-08-15,NVDA,21914.95833566803
2013-08-16,NVDA,22012.455273879947
2013-08-19,NVDA,21643.29968701722
2013-08-20,NVDA,21843.2764734605
2013-08-21,NVDA,21879.717755169022
2013-08-22,NVDA,22144.052126441842
2013-08-23,NVDA,22150.415842852228
2013-08-26,NVDA,22192.320315063997
2013-08-27,NVDA,21895.20680077165
2013-08-28,NVDA,21860.566570877392
2013-08-29,NVDA,21887.702418212237
2013-08-30,NVDA,21915.97893169611
2013-09-03,NVDA,21888.30276881699
2013-09-04,NVDA,21991.02275729026
2013-09-05,NVDA,22089.1800811674
2013-09-06,NVDA,21768.712928350156
2013-09-09,NVDA,22078.854050765647
2013-09-10,NVDA,22533.259423503325
2013-09-11,NVDA,22867.894850592747
2013-09-12,NVDA,22814.823857132567
2013-09-13,NVDA,23006.275664988352
2013-09-16,NVDA,22964.251122655634
2013-09-17,NVDA,22984.362867914864
2013-09-18,NVDA,23232.187597556975
2013-09-19,NVDA,22955.786179128612
2013-09-20,NVDA,22886.145508977246
2013-09-23,NVDA,22644.924635987416
2013-09-24,NVDA,22759.531566434798
2013-09-25,NVDA,22804.67793191224
2013-09-26,NVDA,22772.619209618417
2013-09-27,NVDA,22594.6152553091
2013-09-30,NVDA,22533.379493624274
2013-10-01,NVDA,22624.932960849135
2013-10-02,NVDA,22607.222618008916
2013-10-03,NVDA,22352.373786291195
2013-10-04,NVDA,22622.5915934906
2013-10-07,NVDA,22622.5915934906
2013-10-08,NVDA,22491.535056472978
2013-10-09,NVDA,22280.091573478912
2013-10-10,NVDA,22497.838737822887
2013-10-11,NVDA,22315.332153977924
2013-10-14,NVDA,22651.528492639703
2013-10-15,NVDA,22502.82164784234
2013-10-16,NVDA,22722.489934121528
2013-10-17,NVDA,22633.878184859957
2013-10-18,NVDA,22899.713432644665
2013-10-21,NVDA,22982.381710919177
2013-10-22,NVDA,22838.177495657463
2013-10-23,NVDA,22665.216486428075
2013-10-24,NVDA,22574.86372041272
2013-10-25,NVDA,22423.695438135874
2013-10-28,NVDA,22367.862831893828
2013-10-29,NVDA,22397.340046587207
2013-10-30,NVDA,22406.52541083993
2013-10-31,NVDA,22302.42461597573
2013-11-01,NVDA,22439.96493952468
2013-11-04,NVDA,21733.592417972093
2013-11-05,NVDA,21773.03545270438
2013-11-06,NVDA,21858.82555412361
2013-11-07,NVDA,21387.61036445284
2013-11-08,NVDA,22975.897924387842
2013-11-11,NVDA,23168.37032827171
2013-11-12,NVDA,23248.697239187684
2013-11-13,NVDA,23808.464143059547
2013-11-14,NVDA,23973.20034900382
2013-11-15,NVDA,23815.24810489326
2013-11-18,NVDA,23170.05130996502
2013-11-19,NVDA,22878.461021236402
2013-11-20,NVDA,22494.296669254847
2013-11-21,NVDA,22800.77565298134
2013-11-22,NVDA,22640.842251875096
2013-11-25,NVDA,23173.35323829116
2013-11-26,NVDA,23354.659120926623
2013-11-27,NVDA,23549.112681806175
2013-11-29,NVDA,23408.81074547536
2013-12-02,NVDA,23712.227941117613
2013-12-03,NVDA,23758.755112985982
2013-12-04,NVDA,24166.63331385529
2013-12-05,NVDA,23644.628463022407
2013-12-06,NVDA,23350.69680693525
2013-12-09,NVDA,22900.433853370367
2013-12-10,NVDA,23400.045626645962
2013-12-11,NVDA,23140.81423551354
2013-12-12,NVDA,22760.251987160504
2013-12-13,NVDA,22526.595531790565
2013-12-16,NVDA,22515.609115723582
2013-12-17,NVDA,22693.973280395752
2013-12-18,NVDA,23086.002225299577
2013-12-19,NVDA,23247.796713280557
2013-12-20,NVDA,23717.63109656039
2013-12-23,NVDA,23689.474653197467
2013-12-24,NVDA,23786.911556348907
2013-12-26,NVDA,23558.658256421753
2013-12-27,NVDA,23867.41857244631
2013-12-30,NVDA,24055.448381855003
2013-12-31,NVDA,24124.84891176447
2014-01-02,NVDA,23875.64337573143
2014-01-03,NVDA,23547.55177023382
2014-01-06,NVDA,23966.056176807255
2014-01-07,NVDA,24542.392757370308
2014-01-08,NVDA,25019.97166345146
2014-01-09,NVDA,24196.11052854867
2014-01-10,NVDA,24310.597388875103
2014-01-13,NVDA,23635.44309876968
2014-01-14,NVDA,24520.78013559919
2014-01-15,NVDA,24782.112753848247
2014-01-16,NVDA,24844.90942710543
2014-01-17,NVDA,24813.99137096064
2014-01-21,NVDA,24935.02205287888
2014-01-22,NVDA,25123.592177831855
2014-01-23,NVDA,25163.215317745566
2014-01-24,NVDA,24367.0303457219
2014-01-27,NVDA,24289.945328071593
2014-01-28,NVDA,24636.70783737703
2014-01-29,NVDA,24399.389243318095
2014-01-30,NVDA,24859.49794680093
2014-01-31,NVDA,24713.73281996686
2014-02-03,NVDA,24288.264346378284
2014-02-04,NVDA,24382.81956662691
2014-02-05,NVDA,24266.53165448622
2014-02-06,NVDA,24503.85024854515
2014-02-07,NVDA,24756.717923267188
2014-02-10,NVDA,24900.32178792415
2014-02-11,NVDA,25358.749509713674
2014-02-12,NVDA,26190.535272599198
2014-02-13,NVDA,26984.258807143375
2014-02-14,NVDA,27837.236946376685
2014-02-18,NVDA,27751.086634594605
2014-02-19,NVDA,28362.303585293812
2014-02-20,NVDA,29521.52056801172
2014-02-21,NVDA,29367.17042752968
2014-02-24,NVDA,29603.468425560528
2014-02-25,NVDA,29541.51224315
2014-02-26,NVDA,29580.11478703563
2014-02-27,NVDA,29309.536769473372
2014-02-28,NVDA,28944.70370696487
2014-03-03,NVDA,28855.97188758235
2014-03-04,NVDA,29207.837377028183
2014-03-05,NVDA,29290.025374818895
2014-03-06,NVDA,28659.837345009488
2014-03-07,NVDA,28952.688370008083
2014-03-10,NVDA,28566.302720788943
2014-03-11,NVDA,28804.461805694526
2014-03-12,NVDA,28998.1349107879
2014-03-13,NVDA,27895.23081479584
2014-03-14,NVDA,28090.644936643
2014-03-17,NVDA,28001.91311726048
2014-03-18,NVDA,28758.715089612335
2014-03-19,NVDA,29506.451767832415
2014-03-20,NVDA,29708.649851513284
2014-03-21,NVDA,29515.27692172229
2014-03-24,NVDA,29429.366750182107
2014-03-25,NVDA,29321.783921810336
2014-03-26,NVDA,28569.244438752234
2014-03-27,NVDA,27968.233448333827
2014-03-28,NVDA,28160.405676915318
2014-03-31,NVDA,28147.017858429324
2014-04-01,NVDA,29241.637116075788
2014-04-02,NVDA,29068.9162470883
2014-04-03,NVDA,29395.026695590223
2014-04-04,NVDA,28335.708053503247
2014-04-07,NVDA,28412.432860790705
2014-04-08,NVDA,29293.087162903135
2014-04-09,NVDA,29212.70021692669
2014-04-10,NVDA,28518.694917832014
2014-04-11,NVDA,28241.272903375575
2014-04-14,NVDA,28576.08843564642
2014-04-15,NVDA,28810.165136439682
2014-04-16,NVDA,28998.315015969325
2014-04-17,NVDA,29028.692756569835
2014-04-21,NVDA,29324.725639773627
2014-04-22,NVDA,29587.198924171716
2014-04-23,NVDA,29951.131460773093
2014-04-24,NVDA,30207.30106382127
2014-04-25,NVDA,29413.637564337576
2014-04-28,NVDA,29257.54640710175
2014-04-29,NVDA,29137.536321211588
2014-04-30,NVDA,28778.826834871565
2014-05-01,NVDA,28953.46882579426
2014-05-02,NVDA,28758.354879249484
2014-05-05,NVDA,29019.147181954264
2014-05-06,NVDA,28266.42759371473
2014-05-07,NVDA,28313.37501100643
2014-05-08,NVDA,28567.6234921194
2014-05-09,NVDA,27977.658952828453
2014-05-12,NVDA,28763.81806975274
2014-05-13,NVDA,28318.658096328258
2014-05-14,NVDA,28020.463950947353
2014-05-15,NVDA,27867.374546735296
2014-05-16,NVDA,27790.529669326887
2014-05-19,NVDA,28692.61648802901
2014-05-20,NVDA,28402.947321235602
2014-05-21,NVDA,28486.275985175344
2014-05-22,NVDA,28521.276425432454
2014-05-23,NVDA,28710.446900990177
2014-05-27,NVDA,29221.345265635133
2014-05-28,NVDA,29467.969294067738
2014-05-29,NVDA,29339.254124408657
2014-05-30,NVDA,29500.508296845357
2014-06-02,NVDA,29481.23704243278
2014-06-03,NVDA,29409.855355527627
2014-06-04,NVDA,29500.448261784884
2014-06-05,NVDA,29616.85624404652
2014-06-06,NVDA,29735.1253131829
2014-06-09,NVDA,29695.862383632044
2014-06-10,NVDA,29866.54206056337
2014-06-11,NVDA,30114.90710574976
2014-06-12,NVDA,30257.910619801965
2014-06-13,NVDA,30336.616584085103
2014-06-16,NVDA,30193.25285967005
2014-06-17,NVDA,30400.613958551792
2014-06-18,NVDA,30420.365493448175
2014-06-19,NVDA,29610.37245751519
2014-06-20,NVDA,29116.644120166176
2014-06-23,NVDA,28684.27161462294
2014-06-24,NVDA,28264.806647081896
2014-06-25,NVDA,28503.265907289857
2014-06-26,NVDA,28083.68086962786
2014-06-27,NVDA,28032.410927981942
2014-06-30,NVDA,28272.371064701787
2014-07-01,NVDA,28598.721653445613
2014-07-02,NVDA,28469.045922818925
2014-07-03,NVDA,28636.783881786963
2014-07-07,NVDA,28485.79570469154
2014-07-08,NVDA,28282.45695486164
2014-07-09,NVDA,29078.94210218768
2014-07-10,NVDA,28933.176975353606
2014-07-11,NVDA,29178.72037269766
2014-07-14,NVDA,29549.677011374642
2014-07-15,NVDA,29788.43644688498
2014-07-16,NVDA,29715.25370816557
2014-07-17,NVDA,29649.33521176367
2014-07-18,NVDA,28287.740040183467
2014-07-21,NVDA,28449.4144580435
2014-07-22,NVDA,28354.499027432023
2014-07-23,NVDA,27743.34211179329
2014-07-24,NVDA,27792.270686080672
2014-07-25,NVDA,27478.707565218087
2014-07-28,NVDA,27338.16548864537
2014-07-29,NVDA,27557.773739864082
2014-07-30,NVDA,28177.275528908885
2014-07-31,NVDA,27225.899925556525
2014-08-01,NVDA,27590.973128306934
2014-08-04,NVDA,27536.101083032492
2014-08-05,NVDA,27677.723790693766
2014-08-06,NVDA,27536.761468697718
2014-08-07,NVDA,27242.349532126762
2014-08-08,NVDA,29812.690611317008
2014-08-11,NVDA,29525.903127426416
2014-08-12,NVDA,29550.21732691892
2014-08-13,NVDA,29684.575792262684
2014-08-14,NVDA,29302.81284270014
2014-08-15,NVDA,29678.812426457054
2014-08-18,NVDA,30024.314199492506
2014-08-19,NVDA,30375.69940845454
2014-08-20,NVDA,30228.55347522954
2014-08-21,NVDA,29963.438648170533
2014-08-22,NVDA,29983.190183066912
2014-08-25,NVDA,30112.745843572644
2014-08-26,NVDA,30563.068832198
2014-08-27,NVDA,30052.71078309733
2014-08-28,NVDA,30206.220432732716
2014-08-29,NVDA,30303.477230702727
2014-09-02,NVDA,30559.226588327583
2014-09-03,NVDA,30707.032907217814
2014-09-04,NVDA,31222.67404164032
2014-09-05,NVDA,31207.54520640054
2014-09-08,NVDA,31044.910227572906
2014-09-09,NVDA,30875.25114666966
2014-09-10,NVDA,30822.420293451374
2014-09-11,NVDA,30726.184091509444
2014-09-12,NVDA,30393.349716234283
2014-09-15,NVDA,29908.68667301704
2014-09-16,NVDA,30187.609563985367
2014-09-17,NVDA,30099.65820038903
2014-09-18,NVDA,30532.69109159749
2014-09-19,NVDA,30035.240580499016
2014-09-22,NVDA,29839.76642359138
2014-09-23,NVDA,29852.133646049293
2014-09-24,NVDA,30112.565738391222
2014-09-25,NVDA,29497.68664900302
2014-09-26,NVDA,29709.910587783266
2014-09-29,NVDA,29601.247128322942
2014-09-30,NVDA,29669.146781720527
2014-10-01,NVDA,29285.342640101822
2014-10-02,NVDA,29104.517037950165
2014-10-03,NVDA,29442.634498547155
2014-10-06,NVDA,29061.171724286985
2014-10-07,NVDA,28759.67565057994
2014-10-08,NVDA,29298.070072922586
2014-10-09,NVDA,28652.813242933877
2014-10-10,NVDA,27008.212796273023
2014-10-13,NVDA,26920.381502797634
2014-10-14,NVDA,27687.629575672196
2014-10-15,NVDA,28251.899109079703
2014-10-16,NVDA,28209.874566746978
2014-10-17,NVDA,28116.219872405487
2014-10-20,NVDA,28434.825938347993
2014-10-21,NVDA,29493.8444051326
2014-10-22,NVDA,28799.058650251747
2014-10-23,NVDA,29483.878585093695
2014-10-24,NVDA,29730.802788828678
2014-10-27,NVDA,29838.44565226092
2014-10-28,NVDA,30367.594675290373
2014-10-29,NVDA,30048.62839898501
2014-10-30,NVDA,30018.550833686877
2014-10-31,NVDA,31612.66179448798
2014-11-03,NVDA,32272.687249353625
2014-11-04,NVDA,32914.46204583477
2014-11-05,NVDA,32856.70831765751
2014-11-06,NVDA,33145.89720396711
2014-11-07,NVDA,32257.43834399289
2014-11-10,NVDA,32594.415138440854
2014-11-11,NVDA,32198.48391460613
2014-11-12,NVDA,31813.659176959343
2014-11-13,NVDA,31838.51369199613
2014-11-14,NVDA,32053.739383800137
2014-11-17,NVDA,31952.46023677828
2014-11-18,NVDA,32715.92610084289
2014-11-19,NVDA,32725.65178063989
2014-11-20,NVDA,33153.161446284634
2014-11-21,NVDA,33122.96381086554
2014-11-24,NVDA,33455.49801083833
2014-11-25,NVDA,33378.35295812754
2014-11-26,NVDA,33860.67463398625
2014-11-28,NVDA,34527.96433116941
2014-12-01,NVDA,33639.38540107423
2014-12-02,NVDA,33855.331513603945
2014-12-03,NVDA,34606.7903655735
2014-12-04,NVDA,34330.80919256846
2014-12-05,NVDA,34682.37450671192
2014-12-08,NVDA,34383.39990554484
2014-12-09,NVDA,34119.185604392966
2014-12-10,NVDA,33536.36523729858
2014-12-11,NVDA,33673.2451751823
2014-12-12,NVDA,32639.201293555434
2014-12-15,NVDA,32792.650908130345
2014-12-16,NVDA,32403.62371625029
2014-12-17,NVDA,33747.62861511122
2014-12-18,NVDA,33779.567267284096
2014-12-19,NVDA,34216.142227060605
2014-12-22,NVDA,34860.318425960766
2014-12-23,NVDA,34599.2259479536
2014-12-24,NVDA,34451.3595940029
2014-12-26,NVDA,34482.697895571015
2014-12-29,NVDA,34460.66502837657
2014-12-30,NVDA,34046.543181217836
2014-12-31,NVDA,33512.651388410835
2015-01-02,NVDA,34018.806983278235
2015-01-05,NVDA,33611.16892265083
2015-01-06,NVDA,32635.83933016882
2015-01-07,NVDA,32678.28411792487
2015-01-08,NVDA,33803.6413265347
2015-01-09,NVDA,34072.53836240365
2015-01-12,NVDA,33845.90600910932
2015-01-13,NVDA,33838.281556428956
2015-01-14,NVDA,34012.8034772307
2015-01-15,NVDA,33694.257446348674
2015-01-16,NVDA,34470.570813355
2015-01-20,NVDA,34861.579162230744
2015-01-21,NVDA,36193.69711911756
2015-01-22,NVDA,36813.19890816237
2015-01-23,NVDA,37032.5069840787
2015-01-26,NVDA,36867.41056777158
2015-01-27,NVDA,35082.92843020324
2015-01-28,NVDA,34644.73252379389
2015-01-29,NVDA,36036.82550609556
2015-01-30,NVDA,35179.044562024224
2015-02-02,NVDA,35556.18481193017
2015-02-03,NVDA,36093.07835776093
2015-02-04,NVDA,36458.03149039039
2015-02-05,NVDA,36670.73570965444
2015-02-06,NVDA,36812.718627678565
2015-02-09,NVDA,36557.14937523514
2015-02-10,NVDA,37817.285294612055
2015-02-11,NVDA,37888.006595851984
2015-02-12,NVDA,40045.246423911565
2015-02-13,NVDA,40022.91338141475
2015-02-17,NVDA,39993.85641214469
2015-02-18,NVDA,39701.60573775085
2015-02-19,NVDA,39892.45719500188
2015-02-20,NVDA,40242.94187805679
2015-02-23,NVDA,40173.90155851017
2015-02-24,NVDA,40672.07249033435
2015-02-25,NVDA,39777.3699840707
2015-02-26,NVDA,40109.724078862055
2015-02-27,NVDA,39915.510658224404
2015-03-02,NVDA,40955.3179056569
2015-03-03,NVDA,39951.83186981198
2015-03-04,NVDA,40366.07378709166
2015-03-05,NVDA,41275.24474292987
2015-03-06,NVDA,41148.810905568855
2015-03-09,NVDA,41198.03965515861
2015-03-10,NVDA,42030.485803709365
2015-03-11,NVDA,42242.94988273152
2015-03-12,NVDA,41616.24388642968
2015-03-13,NVDA,42041.832430139206
2015-03-16,NVDA,42414.59012063045
2015-03-17,NVDA,42943.0187229342
2015-03-18,NVDA,42248.53314335572
2015-03-19,NVDA,42803.97752287336
2015-03-20,NVDA,42760.21196378685
2015-03-23,NVDA,41117.47260400074
2015-03-24,NVDA,40541.73637404244
2015-03-25,NVDA,38085.52194481577
2015-03-26,NVDA,37829.172236586164
2015-03-27,NVDA,38911.66441201662
2015-03-30,NVDA,39412.29678132029
2015-03-31,NVDA,38387.738439248526
2015-04-01,NVDA,38330.04474613174
2015-04-02,NVDA,38340.8510570173
2015-04-06,NVDA,39030.59386681822
2015-04-07,NVDA,39489.44183403108
2015-04-08,NVDA,39842.748164928315
2015-04-09,NVDA,40978.67154418181
2015-04-10,NVDA,41467.71714681374
2015-04-13,NVDA,41103.18425960761
2015-04-14,NVDA,40362.23154322124
2015-04-15,NVDA,40518.983086122294
2015-04-16,NVDA,39709.110120310266
2015-04-17,NVDA,39271.57459956614
2015-04-20,NVDA,39000.99658200389
2015-04-21,NVDA,39168.79457603241
2015-04-22,NVDA,39532.847182754726
2015-04-23,NVDA,39044.70210602992
2015-04-24,NVDA,38771.6026159277
2015-04-27,NVDA,38873.362043433364
2015-04-28,NVDA,38788.77264322364
2015-04-29,NVDA,38287.960168738544
2015-04-30,NVDA,38901.57852185677
2015-05-01,NVDA,40123.29200252948
2015-05-04,NVDA,39605.48960592986
2015-05-05,NVDA,38370.08813146878
2015-05-06,NVDA,38395.06271662651
2015-05-07,NVDA,39491.12281572438
2015-05-08,NVDA,36421.04989313759
2015-05-11,NVDA,36123.21595811954
2015-05-12,NVDA,36116.732171588206
2015-05-13,NVDA,36215.970126553904
2015-05-14,NVDA,36936.931167802
2015-05-15,NVDA,37010.354046763314
2015-05-18,NVDA,36957.88340390788
2015-05-19,NVDA,37336.82470562809
2015-05-20,NVDA,37339.88649371233
2015-05-21,NVDA,37039.411016033366
2015-05-22,NVDA,37247.55257070129
2015-05-26,NVDA,37443.26686785083
2015-05-27,NVDA,39624.46068504007
2015-05-28,NVDA,40145.8651852682
2015-05-29,NVDA,40089.312158300454
2015-06-01,NVDA,40814.77582908419
2015-06-02,NVDA,39601.82746724087
2015-06-03,NVDA,39215.56188814268
2015-06-04,NVDA,40054.491823224766
2015-06-05,NVDA,40400.83408710687
2015-06-08,NVDA,39303.27311149712
2015-06-09,NVDA,39128.15084009061
2015-06-10,NVDA,38272.11091277306
2015-06-11,NVDA,38830.85722061684
2015-06-12,NVDA,37748.12490494449
2015-06-15,NVDA,37734.61701633754
2015-06-16,NVDA,38221.9216022157
2015-06-17,NVDA,38596.2402042793
2015-06-18,NVDA,38929.19464967542
2015-06-19,NVDA,39025.7910619802
2015-06-22,NVDA,38875.34320042905
2015-06-23,NVDA,38020.50397432101
2015-06-24,NVDA,37904.75637772459
2015-06-25,NVDA,37989.705988297166
2015-06-26,NVDA,37246.41190455226
2015-06-29,NVDA,36202.22209770506
2015-06-30,NVDA,36454.00914133854
2015-07-01,NVDA,36977.51486868331
2015-07-02,NVDA,37285.61479904264
2015-07-06,NVDA,37006.51180289289
2015-07-07,NVDA,36636.69583036493
2015-07-08,NVDA,36325.47407686089
2015-07-09,NVDA,35899.10507736518
2015-07-10,NVDA,36493.872421494154
2015-07-13,NVDA,36864.228709566385
2015-07-14,NVDA,36842.135807311475
2015-07-15,NVDA,37131.08455337917
2015-07-16,NVDA,37962.75024614375
2015-07-17,NVDA,37907.51799050645
2015-07-20,NVDA,37165.18446772915
2015-07-21,NVDA,37272.22698055665
2015-07-22,NVDA,36736.71424111682
2015-07-23,NVDA,37204.927677763815
2015-07-24,NVDA,36849.880330112785
2015-07-27,NVDA,36503.23789092831
2015-07-28,NVDA,37083.716890664145
2015-07-29,NVDA,37413.549512915546
2015-07-30,NVDA,37897.85234576993
2015-07-31,NVDA,37823.58897596196
2015-08-03,NVDA,38467.40496449927
2015-08-04,NVDA,38850.00840490847
2015-08-05,NVDA,39423.82351293156
2015-08-06,NVDA,39084.325245943626
2015-08-07,NVDA,43816.22867754769
2015-08-10,NVDA,45115.867666717364
2015-08-11,NVDA,45207.66127418413
2015-08-12,NVDA,44720.17658312455
2015-08-13,NVDA,44696.34266411585
2015-08-14,NVDA,44734.76510282005
2015-08-17,NVDA,44495.22521152353
2015-08-18,NVDA,44030.43377332362
2015-08-19,NVDA,44162.69101155075
2015-08-20,NVDA,42299.26276945736
2015-08-21,NVDA,41194.197411288194
2015-08-24,NVDA,39930.939668766565
2015-08-25,NVDA,39346.55839009982
2015-08-26,NVDA,42339.18608467345
2015-08-27,NVDA,43580.29088987969
2015-08-28,NVDA,44011.342624092475
2015-08-31,NVDA,43376.59192968694
2015-09-01,NVDA,41462.01381606858
2015-09-02,NVDA,43146.05729746172
2015-09-03,NVDA,42893.729938283956
2015-09-04,NVDA,42126.96214589321
2015-09-08,NVDA,43669.38291962506
2015-09-09,NVDA,42898.832918424356
2015-09-10,NVDA,43556.216830629084
2015-09-11,NVDA,43881.66689346579
2015-09-14,NVDA,43937.499499707825
2015-09-15,NVDA,44394.42634498547
2015-09-16,NVDA,44421.262017017936
2015-09-17,NVDA,44851.17308508169
2015-09-18,NVDA,44681.57403923891
2015-09-21,NVDA,45498.05086170324
2015-09-22,NVDA,44349.880330112785
2015-09-23,NVDA,44685.896563593145
2015-09-24,NVDA,45665.36857524794
2015-09-25,NVDA,45912.05263874103
2015-09-28,NVDA,45427.26952540284
2015-09-29,NVDA,46408.12234344857
2015-09-30,NVDA,48181.197819526606
2015-10-01,NVDA,46707.217014736605
2015-10-02,NVDA,47822.728473428484
2015-10-05,NVDA,48538.64656959665
2015-10-06,NVDA,49057.34949210339
2015-10-07,NVDA,49497.106310085095
2015-10-08,NVDA,49709.69045922819
2015-10-09,NVDA,49246.159757298265
2015-10-12,NVDA,49778.43060347243
2015-10-13,NVDA,50027.39599926357
2015-10-14,NVDA,51828.2076732812
2015-10-15,NVDA,51646.06129979908
2015-10-16,NVDA,52580.747156339305
2015-10-19,NVDA,52749.92595675875
2015-10-20,NVDA,52576.24452680365
2015-10-21,NVDA,52459.896579602486
2015-10-22,NVDA,54242.69773547752
2015-10-23,NVDA,54950.87130884437
2015-10-26,NVDA,54543.47338845886
2015-10-27,NVDA,54952.13204511435
2015-10-28,NVDA,55005.38314375595
2015-10-29,NVDA,53198.62799875127
2015-10-30,NVDA,54163.09124528724
2015-11-02,NVDA,54839.92651708598
2015-11-03,NVDA,54505.71133541989
2015-11-04,NVDA,53852.950122871756
2015-11-05,NVDA,53245.635451103444
2015-11-06,NVDA,61271.002265322946
2015-11-09,NVDA,60846.73449294388
2015-11-10,NVDA,59611.21294836185
2015-11-11,NVDA,59029.59328247697
2015-11-12,NVDA,59029.413177295544
2015-11-13,NVDA,57976.87849704228
2015-11-16,NVDA,59233.472347851144
2015-11-17,NVDA,59104.817213252536
2015-11-18,NVDA,60695.20600030418
2015-11-19,NVDA,60476.79845029497
2015-11-20,NVDA,61328.996133742105
2015-11-23,NVDA,60497.27040591705
2015-11-24,NVDA,60763.46586406461
2015-11-25,NVDA,60651.74061652005
2015-11-27,NVDA,61430.155210643024
2015-11-30,NVDA,61948.61799290786
2015-12-01,NVDA,64146.501556909236
2015-12-02,NVDA,63598.861735253384
2015-12-03,NVDA,63632.30126393814
2015-12-04,NVDA,66072.72647225979
2015-12-07,NVDA,65512.41925284367
2015-12-08,NVDA,66819.4425544518
2015-12-09,NVDA,65136.5397392077
2015-12-10,NVDA,65696.24660801908
2015-12-11,NVDA,65179.464807447555
2015-12-14,NVDA,65516.261496714076
2015-12-15,NVDA,66298.81851000985
2015-12-16,NVDA,67073.63100050429
2015-12-17,NVDA,66852.0415922899
2015-12-18,NVDA,65354.10679837025
2015-12-21,NVDA,67419.79315920499
2015-12-22,NVDA,67185.95659865362
2015-12-23,NVDA,67120.63845285647
2015-12-24,NVDA,67268.02452632338
2015-12-28,NVDA,67207.3891152433
2015-12-29,NVDA,68326.80285286608
2015-12-30,NVDA,67907.03771002266
2015-12-31,NVDA,66818.962273968
2016-01-04,NVDA,66239.3237650788
2016-01-05,NVDA,67412.46888182698
2016-01-06,NVDA,65049.54893657896
2016-01-07,NVDA,62364.06061139706
2016-01-08,NVDA,61419.529004938886
2016-01-11,NVDA,61758.78713168491
2016-01-12,NVDA,63176.81526011191
2016-01-13,NVDA,61265.59910988017
2016-01-14,NVDA,60360.09029273096
2016-01-15,NVDA,57689.49066254692
2016-01-19,NVDA,58098.50952956527
2016-01-20,NVDA,58722.45391308524
2016-01-21,NVDA,58002.273327623334
2016-01-22,NVDA,58969.73832718308
2016-01-25,NVDA,59330.72914582116
2016-01-26,NVDA,59117.18443571046
2016-01-27,NVDA,58335.28780807992
2016-01-28,NVDA,57829.79259887774
2016-01-29,NVDA,60409.138937139294
2016-02-01,NVDA,60113.526299358826
2016-02-02,NVDA,57714.40521264419
2016-02-03,NVDA,57193.24085265795
2016-02-04,NVDA,56718.123384056285
2016-02-05,NVDA,53720.512779463206
2016-02-08,NVDA,51431.07574823697
2016-02-09,NVDA,51596.59240996742
2016-02-10,NVDA,52034.42810601391
2016-02-11,NVDA,51623.007836576566
2016-02-12,NVDA,52144.29226668375
2016-02-16,NVDA,54793.51941533855
2016-02-17,NVDA,55444.47957607243
2016-02-18,NVDA,60372.577585309824
2016-02-19,NVDA,61533.65565490246
2016-02-22,NVDA,63186.96118533223
2016-02-23,NVDA,63839.90250306179
2016-02-24,NVDA,64164.45203999136
2016-02-25,NVDA,63413.95374898941
2016-02-26,NVDA,62864.212700216936
2016-02-29,NVDA,62344.84939204495
2016-03-01,NVDA,64547.535760884355
2016-03-02,NVDA,65222.26980556645
2016-03-03,NVDA,64353.08220000481
2016-03-04,NVDA,63820.51117852826
2016-03-07,NVDA,63238.17109191768
2016-03-08,NVDA,62496.91820022894
2016-03-09,NVDA,61743.2380510218
2016-03-10,NVDA,62284.45412120679
2016-03-11,NVDA,62602.09962618169
2016-03-14,NVDA,63128.54707148975
2016-03-15,NVDA,63124.0444419541
2016-03-16,NVDA,65020.49196730891
2016-03-17,NVDA,62647.24599165913
2016-03-18,NVDA,64531.02611925364
2016-03-21,NVDA,65155.45078325743
2016-03-22,NVDA,64950.73122703659
2016-03-23,NVDA,66831.02932112354
2016-03-24,NVDA,67263.8220720901
2016-03-28,NVDA,67513.32778342553
2016-03-29,NVDA,68436.84711871733
2016-03-30,NVDA,68145.0767248073
2016-03-31,NVDA,67945.76032402924
2016-04-01,NVDA,69338.69379717756
2016-04-04,NVDA,68612.98998615191
2016-04-05,NVDA,69219.58423719453
2016-04-06,NVDA,68828.7559935002
2016-04-07,NVDA,68560.93958871982
2016-04-08,NVDA,68129.88785450703
2016-04-11,NVDA,68118.90143844005
2016-04-12,NVDA,67440.80543037133
2016-04-13,NVDA,69096.27222297822
2016-04-14,NVDA,69520.2998551154
2016-04-15,NVDA,70182.54660721861
2016-04-18,NVDA,69644.51239523882
2016-04-19,NVDA,67560.51534095911
2016-04-20,NVDA,67666.71736293995
2016-04-21,NVDA,68037.01361595173
2016-04-22,NVDA,67579.84663043216
2016-04-25,NVDA,67950.74323404868
2016-04-26,NVDA,67652.2489133654
2016-04-27,NVDA,69300.27135847336
2016-04-28,NVDA,66757.12616167842
2016-04-29,NVDA,65549.40085009646
2016-05-02,NVDA,66411.50431852201
2016-05-03,NVDA,66340.2427017378
2016-05-04,NVDA,65841.83162967172
2016-05-05,NVDA,66054.89605929863
2016-05-06,NVDA,67108.3913005195
2016-05-09,NVDA,67392.47720668871
2016-05-10,NVDA,68509.1893665901
2016-05-11,NVDA,68049.56094359106
2016-05-12,NVDA,67239.7480128395
2016-05-13,NVDA,77965.011566755
2016-05-16,NVDA,79931.88021804734
2016-05-17,NVDA,80088.15148046458
2016-05-18,NVDA,82411.38825073844
2016-05-19,NVDA,83971.21919200814
2016-05-20,NVDA,85619.72191759988
2016-05-23,NVDA,85753.84024270174
2016-05-24,NVDA,87702.03799018628
2016-05-25,NVDA,87148.6348027248
2016-05-26,NVDA,87339.42622491535
2016-05-27,NVDA,87970.63485075285
2016-05-31,NVDA,90207.66127418412
2016-06-01,NVDA,90325.6902030786
2016-06-02,NVDA,90883.47594995478
2016-06-03,NVDA,88686.7930871629
2016-06-06,NVDA,87624.47269205215
2016-06-07,NVDA,87336.72464719397
2016-06-08,NVDA,86412.78506647883
2016-06-09,NVDA,88907.96224995397
2016-06-10,NVDA,86730.07036109088
2016-06-13,NVDA,88216.53845845973
2016-06-14,NVDA,88690.33515573095
2016-06-15,NVDA,90154.89045602632
2016-06-16,NVDA,91401.69859197772
2016-06-17,NVDA,88678.92849424064
2016-06-20,NVDA,89776.9697503342
2016-06-21,NVDA,89307.73571765912
2016-06-22,NVDA,89253.16384768704
2016-06-23,NVDA,91151.4724599166
2016-06-24,NVDA,87284.25400433854
2016-06-27,NVDA,87207.7093022325
2016-06-28,NVDA,88543.48939780833
2016-06-29,NVDA,89262.10907169788
2016-06-30,NVDA,90141.02235705653
2016-07-01,NVDA,89463.88690995541
2016-07-05,NVDA,90375.93954869643
2016-07-06,NVDA,91360.15433012879
2016-07-07,NVDA,93571.3656775557
2016-07-08,NVDA,97982.38171091917
2016-07-11,NVDA,100652.80123592177
2016-07-12,NVDA,101300.4594683295
2016-07-13,NVDA,100864.60492927869
2016-07-14,NVDA,101495.99366029762
2016-07-15,NVDA,100795.20439936924
2016-07-18,NVDA,101378.02476646361
2016-07-19,NVDA,102783.02528676747
2016-07-20,NVDA,104222.54596684463
2016-07-21,NVDA,102425.39643151601
2016-07-22,NVDA,106187.85370656464
2016-07-25,NVDA,108548.31221433317
2016-07-26,NVDA,110261.5327351173
2016-07-27,NVDA,109245.37930151209
2016-07-28,NVDA,109068.63608347275
2016-07-29,NVDA,109763.4218383536
2016-08-01,NVDA,109054.8880546239
2016-08-02,NVDA,108123.5641614703
2016-08-03,NVDA,108338.96995845574
2016-08-04,NVDA,109878.98932976858
2016-08-05,NVDA,113059.46672856949
2016-08-08,NVDA,113971.75950755242
2016-08-09,NVDA,113856.19201613743
2016-08-10,NVDA,112633.81814979948
2016-08-11,NVDA,114453.00055232256
2016-08-12,NVDA,120278.56268060546
2016-08-15,NVDA,119948.48991811217
2016-08-16,NVDA,118666.44120166177
2016-08-17,NVDA,116137.94455962282
2016-08-18,NVDA,116922.72287015617
2016-08-19,NVDA,118174.69402130845
2016-08-22,NVDA,119258.50696806936
2016-08-23,NVDA,119848.05126193698
2016-08-24,NVDA,118355.99990394391
2016-08-25,NVDA,117545.64665764807
2016-08-26,NVDA,118582.45215205681
2016-08-29,NVDA,119163.7716426393
2016-08-30,NVDA,118996.99424463886
2016-08-31,NVDA,118874.46268620875
2016-09-01,NVDA,122224.41906073145
2016-09-02,NVDA,120016.26950138882
2016-09-06,NVDA,119700.90532871196
2016-09-07,NVDA,118430.56344905426
2016-09-08,NVDA,119402.35097296821
2016-09-09,NVDA,114549.53692956688
2016-09-12,NVDA,117329.22026463455
2016-09-13,NVDA,116437.93975681798
2016-09-14,NVDA,117630.17602279731
2016-09-15,NVDA,121689.20649659401
2016-09-16,NVDA,122602.09962618169
2016-09-19,NVDA,123917.88804661923
2016-09-20,NVDA,123233.66846238203
2016-09-21,NVDA,126289.09283021285
2016-09-22,NVDA,125192.73255581259
2016-09-23,NVDA,126261.05645697087
2016-09-26,NVDA,125373.97840338758
2016-09-27,NVDA,130170.83977042594
2016-09-28,NVDA,130580.15881274665
2016-09-29,NVDA,130383.66405981092
2016-09-30,NVDA,132728.153241493
2016-10-03,NVDA,132788.5485123312
2016-10-04,NVDA,132821.68786571358
2016-10-05,NVDA,132767.8964515277
2016-10-06,NVDA,131349.50811273782
2016-10-07,NVDA,131334.499347619
2016-10-10,NVDA,131796.9494184604
2016-10-11,NVDA,129273.31561631992
2016-10-12,NVDA,130232.61584765503
2016-10-13,NVDA,127563.81726928527
2016-10-14,NVDA,128311.25377220297
2016-10-17,NVDA,127286.93557037311
2016-10-18,NVDA,128888.91112409648
2016-10-19,NVDA,128651.65256509803
2016-10-20,NVDA,131997.16634514558
2016-10-21,NVDA,132882.2032066727
2016-10-24,NVDA,139788.09624820898
2016-10-25,NVDA,141526.53149439272
2016-10-26,NVDA,142363.12006211627
2016-10-27,NVDA,139710.95119549817
2016-10-28,NVDA,139469.06993684312
2016-10-31,NVDA,140837.86931568038
2016-11-01,NVDA,136421.02988145076
2016-11-02,NVDA,135956.05833806944
2016-11-03,NVDA,134326.64676170883
2016-11-04,NVDA,133816.1686424872
2016-11-07,NVDA,140844.65327751407
2016-11-08,NVDA,140144.3442970695
2016-11-09,NVDA,138519.0151048212
2016-11-10,NVDA,134848.4114722998
2016-11-11,NVDA,175034.9203935098
2016-11-14,NVDA,167736.75826682782
2016-11-15,NVDA,171408.2023901959
2016-11-16,NVDA,181529.51323572968
2016-11-17,NVDA,183210.61499915953
2016-11-18,NVDA,186375.7834575392
2016-11-21,NVDA,184495.9056088756
2016-11-22,NVDA,185914.05380742354
2016-11-23,NVDA,187203.60690643336
2016-11-25,NVDA,188188.30196834952
2016-11-28,NVDA,186518.18662098667
2016-11-29,NVDA,185274.2001328776
2016-11-30,NVDA,183064.9099073859
2016-12-01,NVDA,172773.09949010223
2016-12-02,NVDA,173938.86029441195
2016-12-05,NVDA,180337.99739047603
2016-12-06,NVDA,183429.562864713
2016-12-07,NVDA,186325.8943222842
2016-12-08,NVDA,182751.6469618257
2016-12-09,NVDA,178751.9911628391
2016-12-12,NVDA,174093.69071537777
2016-12-13,NVDA,176896.6076188494
2016-12-14,NVDA,187186.85712456075
2016-12-15,NVDA,195594.40713376613
2016-12-16,NVDA,198073.73506127577
2016-12-19,NVDA,201374.8228965716
2016-12-20,NVDA,208083.0805190231
2016-12-21,NVDA,209726.42022941398
2016-12-22,NVDA,213325.1618945464
2016-12-23,NVDA,219644.5724302993
2016-12-27,NVDA,234864.90110224372
2016-12-28,NVDA,219008.7411048052
2016-12-29,NVDA,222260.96040087412
2016-12-30,NVDA,211959.9646193377
2017-01-03,NVDA,202695.35408678668
2017-01-04,NVDA,205561.96818942262
2017-01-05,NVDA,199280.98009237394
2017-01-06,NVDA,201460.1927525675
2017-01-09,NVDA,210030.9180561448
2017-01-10,NVDA,208050.24134094312
2017-01-11,NVDA,206068.24385441098
2017-01-12,NVDA,200473.75667389756
2017-01-13,NVDA,200985.4354943287
2017-01-17,NVDA,195270.21780719943
2017-01-18,NVDA,199408.8547711864
2017-01-19,NVDA,206892.52523473708
2017-01-20,NVDA,205441.23768280676
2017-01-23,NVDA,206570.2570301056
2017-01-24,NVDA,209086.80669510996
2017-01-25,NVDA,208625.43725535713
2017-01-26,NVDA,212461.07726912518
2017-01-27,NVDA,216906.5534272015
2017-01-30,NVDA,213347.19476174086
2017-01-31,NVDA,210369.9960777094
2017-02-01,NVDA,220353.16624908947
2017-02-02,NVDA,222154.33813346995
2017-02-03,NVDA,220210.94319082343
2017-02-06,NVDA,227299.2827811442
2017-02-07,NVDA,232008.73310013048
2017-02-08,NVDA,230829.40437215334
2017-02-09,NVDA,225974.90934705868
2017-02-10,NVDA,219870.5443979284
2017-02-13,NVDA,209642.67132005093
2017-02-14,NVDA,210231.91543861615
2017-02-15,NVDA,210961.46149351224
2017-02-16,NVDA,207017.81840594907
2017-02-17,NVDA,207747.4244959056
2017-02-21,NVDA,215950.25494889016
2017-02-22,NVDA,216152.03278714768
2017-02-23,NVDA,195105.00132077135
2017-02-24,NVDA,196646.70167377748
2017-02-27,NVDA,202818.30589064016
2017-02-28,NVDA,199118.40514860678
2017-03-01,NVDA,202967.13280555845
2017-03-02,NVDA,196249.68981885424
2017-03-03,NVDA,195381.22263401828
2017-03-06,NVDA,193853.81062540525
2017-03-07,NVDA,196175.60655422768
2017-03-08,NVDA,196652.2849344017
2017-03-09,NVDA,197174.4098553555
2017-03-10,NVDA,197579.76658368486
2017-03-13,NVDA,202819.8668022125
2017-03-14,NVDA,203232.24763261745
2017-03-15,NVDA,203917.42777782225
2017-03-16,NVDA,204728.14123448095
2017-03-17,NVDA,209468.68971479344
2017-03-20,NVDA,216467.51702994548
2017-03-21,NVDA,208834.77951123455
2017-03-22,NVDA,213801.78023965994
2017-03-23,NVDA,211457.77133846167
2017-03-24,NVDA,212823.02864873086
2017-03-27,NVDA,214330.14880690322
2017-03-28,NVDA,213263.86609780113
2017-03-29,NVDA,212399.18112177512
2017-03-30,NVDA,215496.56999687818
2017-03-31,NVDA,214674.8701241525
2017-04-03,NVDA,214769.9656599454
2017-04-04,NVDA,200371.57700096857
2017-04-05,NVDA,198621.73509329447
2017-04-06,NVDA,200226.83247016257
2017-04-07,NVDA,199024.75045426528
2017-04-10,NVDA,193258.74310597387
2017-04-11,NVDA,193708.9460244783
2017-04-12,NVDA,191640.67815604314
2017-04-13,NVDA,187709.28222081697
2017-04-17,NVDA,195266.19545814756
2017-04-18,NVDA,196679.72095703892
2017-04-19,NVDA,198683.09092510026
2017-04-20,NVDA,202167.70594026914
2017-04-21,NVDA,203361.0828723975
2017-04-24,NVDA,205658.02428618312
2017-04-25,NVDA,210815.9965419805
2017-04-26,NVDA,209364.2287095664
2017-04-27,NVDA,213094.56722726073
2017-04-28,NVDA,211000.30417763974
2017-05-01,NVDA,215702.91049973184
2017-05-02,NVDA,210219.84839146063
2017-05-03,NVDA,211705.41596292236
2017-05-04,NVDA,211328.0355727745
2017-05-05,NVDA,210867.80679917074
2017-05-08,NVDA,208535.38466464417
2017-05-09,NVDA,209230.65070000882
2017-05-10,NVDA,245535.53275112668
2017-05-11,NVDA,256756.50579938685
2017-05-12,NVDA,259697.62341207263
2017-05-15,NVDA,271302.7608123144
2017-05-16,NVDA,275485.5835808112
2017-05-17,NVDA,257460.65702370185
2017-05-18,NVDA,268176.2549328808
2017-05-19,NVDA,273074.03523657814
2017-05-22,NVDA,278839.86247968813
2017-05-23,NVDA,274022.94940245105
2017-05-24,NVDA,276441.4017786387
2017-05-25,NVDA,275676.5551081832
2017-05-26,NVDA,282916.4231911436
2017-05-30,NVDA,289245.4393365726
2017-05-31,NVDA,288860.014248321
2017-06-01,NVDA,288876.2237146493
2017-06-02,NVDA,287521.172364661
2017-06-05,NVDA,295826.6627710583
2017-06-06,NVDA,294012.1631032523
2017-06-07,NVDA,298248.3570405117
2017-06-08,NVDA,320135.15893281676
2017-06-09,NVDA,298354.619097553
2017-06-12,NVDA,298250.3982325678
2017-06-13,NVDA,297115.0752039191
2017-06-14,NVDA,297098.62559734884
2017-06-15,NVDA,300037.34180761565
2017-06-16,NVDA,297409.36707036913
2017-06-19,NVDA,308251.75902727194
2017-06-20,NVDA,308910.40367574664
2017-06-21,NVDA,314618.89743610274
2017-06-22,NVDA,310806.6110608595
2017-06-23,NVDA,302563.6771874775
2017-06-26,NVDA,298575.8482954045
2017-06-27,NVDA,286545.84277217893
2017-06-28,NVDA,293802.16046170966
2017-06-29,NVDA,282982.2816524851
2017-06-30,NVDA,278072.91458211595
2017-07-03,NVDA,268000.2321355672
2017-07-05,NVDA,275301.03580491006
2017-07-06,NVDA,275352.9060971607
2017-07-07,NVDA,280353.16624908947
2017-07-10,NVDA,293643.60786699434
2017-07-11,NVDA,298506.1475901927
2017-07-12,NVDA,308188.6021436519
2017-07-13,NVDA,303353.79861839314
2017-07-14,NVDA,309960.4769185204
2017-07-17,NVDA,308465.54387762456
2017-07-18,NVDA,310624.10447701457
2017-07-19,NVDA,308250.9185364253
2017-07-20,NVDA,312479.7881963067
2017-07-21,NVDA,312683.60722662037
2017-07-24,NVDA,308131.268660898
2017-07-25,NVDA,306568.7961769673
2017-07-26,NVDA,310043.68551233923
2017-07-27,NVDA,300146.72568780166
2017-07-28,NVDA,303321.8599662203
2017-07-31,NVDA,300745.2752407406
2017-08-01,NVDA,305142.3631400738
2017-08-02,NVDA,306075.54812010215
2017-08-03,NVDA,310375.13908122346
2017-08-04,NVDA,313242.593674706
2017-08-07,NVDA,322848.80370136164
2017-08-08,NVDA,319886.91395775136
2017-08-09,NVDA,324103.47643023526
2017-08-10,NVDA,310426.04881250655
2017-08-11,NVDA,293212.9763782049
2017-08-14,NVDA,317140.4300111265
2017-08-15,NVDA,315706.07234625024
2017-08-16,NVDA,310895.34288024204
2017-08-17,NVDA,302676.5431011711
2017-08-18,NVDA,301277.12584149145
2017-08-21,NVDA,296641.1584365269
2017-08-22,NVDA,302705.840210683
2017-08-23,NVDA,309034.73628599104
2017-08-24,NVDA,307085.45790741796
2017-08-25,NVDA,303594.23903559684
2017-08-28,NVDA,305522.86535336636
2017-08-29,NVDA,305819.67869235633
2017-08-30,NVDA,309831.341503438
2017-08-31,NVDA,315138.98116500035
2017-09-01,NVDA,313347.65503053786
2017-09-05,NVDA,304495.54539851274
2017-09-06,NVDA,301670.41552266525
2017-09-07,NVDA,300223.8707405125
2017-09-08,NVDA,294626.62194721715
2017-09-11,NVDA,304105.49761060457
2017-09-12,NVDA,305975.5897444107
2017-09-13,NVDA,308045.4785594787
2017-09-14,NVDA,306568.91624708835
2017-09-15,NVDA,325540.8958831958
2017-09-18,NVDA,340535.43269269256
2017-09-19,NVDA,341252.13124464685
2017-09-20,NVDA,338367.6266939893
2017-09-21,NVDA,330905.3287119678
2017-09-22,NVDA,327118.67730754765
2017-09-25,NVDA,313070.8934017466
2017-09-26,NVDA,315557.66567675525
2017-09-27,NVDA,323600.02241308923
2017-09-28,NVDA,324501.0286007028
2017-09-29,NVDA,331021.3764838666
2017-10-02,NVDA,332111.6732171588
2017-10-03,NVDA,332675.28236490116
2017-10-04,NVDA,334862.119477775
2017-10-05,NVDA,336525.33079318324
2017-10-06,NVDA,337545.8667862032
2017-10-09,NVDA,345188.14987952966
2017-10-10,NVDA,350388.14667765977
2017-10-11,NVDA,354012.10306819185
2017-10-12,NVDA,353447.1131140586
2017-10-13,NVDA,360474.4570829365
2017-10-16,NVDA,367928.47022661235
2017-10-17,NVDA,368155.7629655719
2017-10-18,NVDA,366014.37239347777
2017-10-19,NVDA,366191.8360322428
2017-10-20,NVDA,368100.1704995718
2017-10-23,NVDA,368826.41462614166
2017-10-24,NVDA,373318.8382015097
2017-10-25,NVDA,366928.7063645169
2017-10-26,NVDA,372489.5138761036
2017-10-27,NVDA,385537.53391980915
2017-10-30,NVDA,388215.03758194786
2017-10-31,NVDA,395628.64712992386
2017-11-01,NVDA,396118.0529429187
2017-11-02,NVDA,391781.9006299679
2017-11-03,NVDA,395228.87366221874
2017-11-06,NVDA,396426.8732940037
2017-11-07,NVDA,402101.6273503726
2017-11-08,NVDA,395022.41308924416
2017-11-09,NVDA,386645.42092582065
2017-11-10,NVDA,406716.5224491103
2017-11-13,NVDA,400095.91601495276
2017-11-14,NVDA,404633.84616616106
2017-11-15,NVDA,397918.444371513
2017-11-16,NVDA,400124.372633618
2017-11-17,NVDA,400834.6474341015
2017-11-20,NVDA,406341.6034964419
2017-11-21,NVDA,409594.1830028737
2017-11-22,NVDA,406207.7853466424
2017-11-24,NVDA,409369.8319818774
2017-11-27,NVDA,404903.0433773324
2017-11-28,NVDA,400628.4270013688
2017-11-29,NVDA,374692.26028000354
2017-11-30,NVDA,384034.0759003258
2017-12-01,NVDA,373596.1401458452
2017-12-04,NVDA,351806.95526187296
2017-12-05,NVDA,353428.3221401298
2017-12-06,NVDA,358419.75713816873
2017-12-07,NVDA,366055.1361995406
2017-12-08,NVDA,365576.11645200796
2017-12-11,NVDA,371461.7736758267
2017-12-12,NVDA,364631.6448806103
2017-12-13,NVDA,355256.5698367847
2017-12-14,NVDA,354493.9444635667
2017-12-15,NVDA,365044.26585125714
2017-12-18,NVDA,377995.5694125369
2017-12-19,NVDA,375168.45837969374
2017-12-20,NVDA,375117.1284029873
2017-12-21,NVDA,370330.2328559879
2017-12-22,NVDA,369886.8739343777
2017-12-26,NVDA,374017.04595483764
2017-12-27,NVDA,369951.6517646305
2017-12-28,NVDA,368928.7744042521
2017-12-29,NVDA,360382.6634754697
2018-01-02,NVDA,370450.4230470595
2018-01-03,NVDA,395349.0038182299
2018-01-04,NVDA,396881.15859662043
2018-01-05,NVDA,396681.66209066095
2018-01-08,NVDA,409398.1685304218
2018-01-09,NVDA,410333.1545622644
2018-01-10,NVDA,414982.56982077536
2018-01-11,NVDA,417029.52524274174
2018-01-12,NVDA,413930.09517558257
2018-01-16,NVDA,405806.99128290924
2018-01-17,NVDA,414538.7906537418
2018-01-18,NVDA,414741.04877248313
2018-01-19,NVDA,425621.26281748543
2018-01-22,NVDA,432212.15189670766
2018-01-23,NVDA,441717.6230918857
2018-01-24,NVDA,432023.40166657325
2018-01-25,NVDA,432403.8438448054
2018-01-26,NVDA,445134.8187341408
2018-01-29,NVDA,452109.15174461884
2018-01-30,NVDA,444263.469866402
2018-01-31,NVDA,448630.96048092085
2018-02-01,NVDA,438747.6286151112
2018-02-02,NVDA,429186.44488381216
2018-02-05,NVDA,396068.70412320795
2018-02-06,NVDA,419611.87333402707
2018-02-07,NVDA,426186.8531222234
2018-02-08,NVDA,406434.35766487627
2018-02-09,NVDA,434450.1989161671
2018-02-12,NVDA,426704.47541364154
2018-02-13,NVDA,435174.1617104389
2018-02-14,NVDA,450263.9141258495
2018-02-15,NVDA,457760.9123728257
2018-02-16,NVDA,454007.4603568484
2018-02-20,NVDA,466736.27398400666
2018-02-21,NVDA,454344.3170811754
2018-02-22,NVDA,457186.31680901645
2018-02-23,NVDA,462848.16332738317
2018-02-26,NVDA,464745.69148382655
2018-02-27,NVDA,465731.22703658935
2018-02-28,NVDA,460499.111481105
2018-03-01,NVDA,443303.80942470406
2018-03-02,NVDA,452992.32751927123
2018-03-05,NVDA,454287.9441593891
2018-03-06,NVDA,464008.5209762501
2018-03-07,NVDA,465172.78090404795
2018-03-08,NVDA,463168.2702698376
2018-03-09,NVDA,468001.63295364496
2018-03-12,NVDA,476042.90905889036
2018-03-13,NVDA,475185.48832518194
2018-03-14,NVDA,478316.7970094535
2018-03-15,NVDA,482716.4063813267
2018-03-16,NVDA,487029.265090813
2018-03-19,NVDA,468269.62946360675
2018-03-20,NVDA,484854.2548848528
2018-03-21,NVDA,478484.83514372393
2018-03-22,NVDA,463787.0516381567
2018-03-23,NVDA,444940.42520832166
2018-03-26,NVDA,468032.01069424546
2018-03-27,NVDA,431119.03351557313
2018-03-28,NVDA,424242.55765366973
2018-03-29,NVDA,443606.62626974157
2018-04-02,NVDA,423866.4379997919
2018-04-03,NVDA,428901.81866209867
2018-04-04,NVDA,430491.6070985456
2018-04-05,NVDA,420160.8339270134
2018-04-06,NVDA,406275.68500004004
2018-04-09,NVDA,407351.8134590601
2018-04-10,NVDA,427212.3119902023
2018-04-11,NVDA,422929.7109511955
2018-04-12,NVDA,438999.2355535633
2018-04-13,NVDA,433222.24178920494
2018-04-16,NVDA,432588.0914454041
2018-04-17,NVDA,442959.9285983014
2018-04-18,NVDA,442940.4772387074
2018-04-19,NVDA,429800.5435174142
2018-04-20,NVDA,432445.8083520776
2018-04-23,NVDA,426821.24360626604
2018-04-24,NVDA,421524.3502205288
2018-04-25,NVDA,414225.5277081816
2018-04-26,NVDA,430320.8073514933
2018-04-27,NVDA,432281.61246167764
2018-04-30,NVDA,428866.0377660554
2018-05-01,NVDA,434176.67918064154
2018-05-02,NVDA,432033.54759179364
2018-05-03,NVDA,445186.6890263914
2018-05-04,NVDA,456723.6866329937
2018-05-07,NVDA,475236.9984070697
2018-05-08,NVDA,482222.07769337296
2018-05-09,NVDA,488482.1135543157
2018-05-10,NVDA,493653.713768841
2018-05-11,NVDA,483191.16363956546
2018-05-14,NVDA,484623.660217567
2018-05-15,NVDA,469737.42665716785
2018-05-16,NVDA,468153.6417267684
2018-05-17,NVDA,471100.52270525985
2018-05-18,NVDA,470617.12039831263
2018-05-21,NVDA,467350.13247736683
2018-05-22,NVDA,461013.25173901557
2018-05-23,NVDA,473821.9720316665
2018-05-24,NVDA,474667.26568315894
2018-05-25,NVDA,480747.13632761536
2018-05-29,NVDA,481125.1771034284
2018-05-30,NVDA,485008.72509545577
2018-05-31,NVDA,485389.8876944136
2018-06-01,NVDA,496456.93084761506
2018-06-04,NVDA,508996.75410439697
2018-06-05,NVDA,511984.09871364885
2018-06-06,NVDA,508986.78828435804
2018-06-07,NVDA,506948.8981565235
2018-06-08,NVDA,505348.06326894904
2018-06-11,NVDA,503346.79452800436
2018-06-12,NVDA,507577.28513451864
2018-06-13,NVDA,506594.87140490045
2018-06-14,NVDA,517846.04208857974
2018-06-15,NVDA,519590.54087587155
2018-06-18,NVDA,520495.74951771833
2018-06-19,NVDA,513419.11676419026
2018-06-20,NVDA,518628.47903175454
2018-06-21,NVDA,508686.61298198154
2018-06-22,NVDA,496427.03338749835
2018-06-25,NVDA,472842.6200901327
2018-06-26,NVDA,478646.4495265235
2018-06-27,NVDA,466270.1617744763
2018-06-28,NVDA,475016.54966500436
2018-06-29,NVDA,463735.7216614503
2018-07-02,NVDA,474171.61622387473
2018-07-03,NVDA,463116.3399425264
2018-07-05,NVDA,473735.1613342192
2018-07-06,NVDA,481840.6149191128
2018-07-09,NVDA,485241.96130540234
2018-07-10,NVDA,494084.88557317475
2018-07-11,NVDA,483925.8727096624
2018-07-12,NVDA,491683.3630840411
2018-07-13,NVDA,488125.98557557614
2018-07-16,NVDA,484686.0366454009
2018-07-17,NVDA,497273.10749477695
2018-07-18,NVDA,494036.2571741898
2018-07-19,NVDA,496596.15215285734
2018-07-20,NVDA,490125.0930543437
2018-07-23,NVDA,487743.86241565074
2018-07-24,NVDA,486400.9981829388
2018-07-25,NVDA,490025.25474877335
2018-07-26,NVDA,494928.3781728529
2018-07-27,NVDA,489349.8002833655
2018-07-30,NVDA,472544.4859798122
2018-07-31,NVDA,473829.47641422594
2018-08-01,NVDA,476400.2977739
2018-08-02,NVDA,484836.5445420125
2018-08-03,NVDA,486530.43377332366
2018-08-06,NVDA,490242.10138721013
2018-08-07,NVDA,497405.24466288317
2018-08-08,NVDA,501368.2190399193
2018-08-09,NVDA,497100.20652060804
2018-08-10,NVDA,496644.36030641897
2018-08-13,NVDA,500082.4481497195
2018-08-14,NVDA,508557.3574967781
2018-08-15,NVDA,505947.93359321845
2018-08-16,NVDA,503293.2432540604
2018-08-17,NVDA,476080.55104180845
2018-08-20,NVDA,481362.91594291065
2018-08-21,NVDA,490874.63078437804
2018-08-22,NVDA,508512.1510962402
2018-08-23,NVDA,518149.15910891956
2018-08-24,NVDA,527517.5702610324
2018-08-27,NVDA,532618.3291041969
2018-08-28,NVDA,526876.4558502166
2018-08-29,NVDA,535586.3424239757
2018-08-30,NVDA,536292.7149455282
2018-08-31,NVDA,544964.7794311878
2018-09-04,NVDA,556231.6793007116
2018-09-05,NVDA,545972.1677459637
2018-09-06,NVDA,534949.430467393
2018-09-07,NVDA,532295.760724263
2018-09-10,NVDA,537905.5568451976
2018-09-11,NVDA,533199.9487700817
2018-09-12,NVDA,519114.3427761813
2018-09-13,NVDA,524530.1656167202
2018-09-14,NVDA,535874.6307843782
2018-09-17,NVDA,530458.5678035973
2018-09-18,NVDA,523705.1638156683
2018-09-19,NVDA,523752.8316536858
2018-09-20,NVDA,511086.3944543614
2018-09-21,NVDA,506084.8135311022
2018-09-24,NVDA,511157.05572054087
2018-09-25,NVDA,516885.901366398
2018-09-26,NVDA,515101.83947425295
2018-09-27,NVDA,518802.580707133
2018-09-28,NVDA,541032.7831453568
2018-10-01,NVDA,550991.6391172444
2018-10-02,NVDA,546108.5674033635
2018-10-03,NVDA,547224.5591425393
2018-10-04,NVDA,535817.9576872893
2018-10-05,NVDA,519198.75207120954
2018-10-08,NVDA,511328.57588831877
2018-10-09,NVDA,512047.5557725712
2018-10-10,NVDA,474764.0422006452
2018-10-11,NVDA,455953.73698239774
2018-10-12,NVDA,477853.9867282493
2018-10-15,NVDA,454863.6803893474
2018-10-16,NVDA,473069.61265378987
2018-10-17,NVDA,469760.3000152089
2018-10-18,NVDA,465155.4307715706
2018-10-19,NVDA,446610.8407309869
2018-10-22,NVDA,450677.07541204063
2018-10-23,NVDA,430632.3893153602
2018-10-24,NVDA,386384.0883075716
2018-10-25,NVDA,404247.58058706287
2018-10-26,NVDA,386550.985775693
2018-10-29,NVDA,362188.0978491439
2018-10-30,NVDA,396514.58451735816
2018-10-31,NVDA,412091.76158876787
2018-11-01,NVDA,424584.99763862096
2018-11-02,NVDA,418937.6195698288
2018-11-05,NVDA,412480.42857028503
2018-11-06,NVDA,412163.9837665197
2018-11-07,NVDA,416435.11810897564
2018-11-08,NVDA,401803.973520536
2018-11-09,NVDA,403989.30975689803
2018-11-12,NVDA,372269.24523921974
2018-11-13,NVDA,392488.2731515205
2018-11-14,NVDA,388169.17079574475
2018-11-15,NVDA,397394.6985039263
2018-11-16,NVDA,321695.04990914697
2018-11-19,NVDA,283712.9083384697
2018-11-20,NVDA,293996.43391740776
2018-11-21,NVDA,285622.80371737096
2018-11-23,NVDA,285289.78923691437
2018-11-26,NVDA,301173.745467353
2018-11-27,NVDA,303853.950707213
2018-11-28,NVDA,316677.0193793175
2018-11-29,NVDA,310991.0387666398
2018-11-30,NVDA,323613.95054711954
2018-12-03,NVDA,333937.87972175755
2018-12-04,NVDA,309179.9610972808
2018-12-06,NVDA,315876.0316024558
2018-12-07,NVDA,292268.56484186766
2018-12-10,NVDA,302478.90768208634
2018-12-11,NVDA,295690.0229734165
2018-12-12,NVDA,295869.4077341167
2018-12-13,NVDA,296133.5620002081
2018-12-14,NVDA,291723.1463174494
2018-12-17,NVDA,286409.32304465806
2018-12-18,NVDA,294343.85681237845
2018-12-19,NVDA,277364.8610788701
2018-12-20,NVDA,271438.8002593515
2018-12-21,NVDA,261679.8010037862
2018-12-24,NVDA,257085.79810609398
2018-12-26,NVDA,269259.40749397647
2018-12-27,NVDA,266346.5663947746
2018-12-28,NVDA,271349.5281244247
2018-12-31,NVDA,271126.9181201822
2019-01-02,NVDA,275810.793503406
2019-01-03,NVDA,257252.7556092758
2019-01-04,NVDA,271901.97075091855
2019-01-07,NVDA,284220.14456442563
2019-01-08,NVDA,276756.7659513156
2019-01-09,NVDA,280686.0606594251
2019-01-10,NVDA,286134.24239756016
2019-01-11,NVDA,293798.2581827788
2019-01-14,NVDA,297206.20842572063
2019-01-15,NVDA,296010.4901262337
2019-01-16,NVDA,293569.5846374282
2019-01-17,NVDA,300285.826922923
2019-01-18,NVDA,309796.6412384833
2019-01-22,NVDA,295472.93619473773
2019-01-23,NVDA,296680.6615063197
2019-01-24,NVDA,313731.69931239844
2019-01-25,NVDA,316059.4387122079
2019-01-28,NVDA,272453.21267620294
2019-01-29,NVDA,259875.92754168436
2019-01-30,NVDA,269830.82119958056
2019-01-31,NVDA,281297.87796072906
2019-02-01,NVDA,282170.6076348588
2019-02-04,NVDA,291565.25410839927
2019-02-05,NVDA,293222.04167233664
2019-02-06,NVDA,300469.0539274937
2019-02-07,NVDA,291586.08627438423
2019-02-08,NVDA,292737.85890960327
2019-02-11,NVDA,289869.7439304554
2019-02-12,NVDA,298165.8688674186
2019-02-13,NVDA,301369.57983462344
2019-02-14,NVDA,305924.6800131277
2019-02-15,NVDA,310732.40772611205
2019-02-19,NVDA,308711.2073450895
2019-02-20,NVDA,310851.1570757322
2019-02-21,NVDA,306029.26108847564
2019-02-22,NVDA,312208.54979307915
2019-02-25,NVDA,311246.00766847836
2019-02-26,NVDA,308594.85939788836
2019-02-27,NVDA,304137.07605241466
2019-02-28,NVDA,302743.5422286616
2019-03-01,NVDA,309160.5697727473
2019-03-04,NVDA,311152.29293907643
2019-03-05,NVDA,311286.5913693597
2019-03-06,NVDA,304114.0225891921
2019-03-07,NVDA,298923.0910851938
2019-03-08,NVDA,301341.483426321
2019-03-11,NVDA,322126.521888783
2019-03-12,NVDA,324004.7787908138
2019-03-13,NVDA,334878.56908434525
2019-03-14,NVDA,328825.4740768609
2019-03-15,NVDA,337664.4360306419
2019-03-18,NVDA,336012.9915870869
2019-03-19,NVDA,348105.43357320677
2019-03-20,NVDA,346139.46544782154
2019-03-21,NVDA,366427.413609548
2019-03-22,NVDA,354766.1434277618
2019-03-25,NVDA,347571.90199076256
2019-03-26,NVDA,352868.7953764999
2019-03-27,NVDA,352860.3904680333
2019-03-28,NVDA,354742.4295788741
2019-03-29,NVDA,357621.5309740889
2019-04-01,NVDA,362330.38094247045
2019-04-02,NVDA,363962.4940965524
2019-04-03,NVDA,374510.1139065214
2019-04-04,NVDA,374740.82864392805
2019-04-05,NVDA,380905.8290041384
2019-04-08,NVDA,380847.5949954774
2019-04-09,NVDA,375561.92816604895
2019-04-10,NVDA,381500.17610284407
2019-04-11,NVDA,381865.2493055945
2019-04-12,NVDA,377415.3905881035
2019-04-15,NVDA,367588.0113986568
2019-04-16,NVDA,374748.8133069713
2019-04-17,NVDA,372121.7390956318
2019-04-18,NVDA,371565.8744706909
2019-04-22,NVDA,375052.7107830973
2019-04-23,NVDA,381339.40221089113
2019-04-24,NVDA,383891.372561576
2019-04-25,NVDA,375886.4777029786
2019-04-26,NVDA,357256.6979115804
2019-04-29,NVDA,359650.71601815464
2019-04-30,NVDA,362092.0417523834
2019-05-01,NVDA,360850.51670175383
2019-05-02,NVDA,367568.92024942563
2019-05-03,NVDA,366305.12219135975
2019-05-06,NVDA,360675.09425504494
2019-05-07,NVDA,347672.8209274216
2019-05-08,NVDA,349045.4025150688
2019-05-09,NVDA,341976.754424584
2019-05-10,NVDA,337593.29448397865
2019-05-13,NVDA,317770.497970815
2019-05-14,NVDA,325256.20962642186
2019-05-15,NVDA,319885.8933617233
2019-05-16,NVDA,320809.11252171267
2019-05-17,NVDA,314171.87637580343
2019-05-20,NVDA,304596.16415986937
2019-05-21,NVDA,309960.95719900425
2019-05-22,NVDA,304193.32890408
2019-05-23,NVDA,295919.2368343113
2019-05-24,NVDA,290884.87676803255
2019-05-28,NVDA,287883.18377932714
2019-05-29,NVDA,282677.12344008905
2019-05-30,NVDA,280237.0584421302
2019-05-31,NVDA,273397.2039671168
2019-06-03,NVDA,268855.25146685663
2019-06-04,NVDA,286191.99612573744
2019-06-05,NVDA,282516.2895130756
2019-06-06,NVDA,286986.86032643064
2019-06-07,NVDA,288371.50896123337
2019-06-10,NVDA,293816.2086658609
2019-06-11,NVDA,298666.5012367222
2019-06-12,NVDA,290201.73781488393
2019-06-13,NVDA,294742.6096840555
2019-06-14,NVDA,288860.67463398626
2019-06-17,NVDA,290116.1878537066
2019-06-18,NVDA,305516.6217070769
2019-06-19,NVDA,304833.12254356546
2019-06-20,NVDA,303280.9760900366
2019-06-21,NVDA,299162.5109063693
2019-06-24,NVDA,300536.41326534696
2019-06-25,NVDA,297749.22554771986
2019-06-26,NVDA,311976.09403891873
2019-06-27,NVDA,319306.1347827131
2019-06-28,NVDA,320684.23959592404
2019-07-01,NVDA,324473.5925780656
2019-07-02,NVDA,317414.85027255915
2019-07-03,NVDA,317439.6447525355
2019-07-05,NVDA,313125.2851665373
2019-07-08,NVDA,306815.3601703395
2019-07-09,NVDA,308091.28531062143
2019-07-10,NVDA,312620.03009757696
2019-07-11,NVDA,324288.7446268621
2019-07-12,NVDA,326038.94674489903
2019-07-15,NVDA,325399.3932456555
2019-07-16,NVDA,325348.4835143724
2019-07-17,NVDA,330506.996085714
2019-07-18,NVDA,331828.54787195724
2019-07-19,NVDA,328486.2159501149
2019-07-22,NVDA,334924.31580042746
2019-07-23,NVDA,344468.9898900958
2019-07-24,NVDA,350195.4941685945
2019-07-25,NVDA,340080.78717971296
2019-07-26,NVDA,344355.7037309789
2019-07-29,NVDA,343257.1821944015
2019-07-30,NVDA,344731.5232095544
2019-07-31,NVDA,330973.82871597016
2019-08-01,NVDA,325215.5058554196
2019-08-02,NVDA,318039.6351469258
2019-08-05,NVDA,297553.7513908122
2019-08-06,NVDA,301267.64030193636
2019-08-07,NVDA,305876.95214004983
2019-08-08,NVDA,313031.8105773772
2019-08-09,NVDA,304129.45159973425
2019-08-12,NVDA,299041.7803997534
2019-08-13,NVDA,308188.6021436519
2019-08-14,NVDA,298051.8622875759
2019-08-15,NVDA,295779.0549681014
2019-08-16,NVDA,316280.1876295757
2019-08-19,NVDA,338839.6823745067
2019-08-20,NVDA,333685.79250282166
2019-08-21,NVDA,339222.1057097345
2019-08-22,NVDA,340100.118469186
2019-08-23,NVDA,322581.58764718595
2019-08-26,NVDA,327800.5555244263
2019-08-27,NVDA,320266.6957503182
2019-08-28,NVDA,320241.7812002209
2019-08-29,NVDA,331613.50228533463
2019-08-30,NVDA,332601.43924051645
2019-09-03,NVDA,327156.73953588895
2019-09-04,NVDA,334290.705772171
2019-09-05,NVDA,355119.62986384047
2019-09-06,NVDA,351512.36322012055
2019-09-09,NVDA,354650.93614670966
2019-09-10,NVDA,359856.0359249802
2019-09-11,NVDA,362873.3980644696
2019-09-12,NVDA,363407.28985727666
2019-09-13,NVDA,360260.43209234194
2019-09-16,NVDA,356586.346426313
2019-09-17,NVDA,358535.744875007
2019-09-18,NVDA,356751.26273743866
2019-09-19,NVDA,350387.00601151073
2019-09-20,NVDA,342383.4919593042
2019-09-23,NVDA,346527.0517982502
2019-09-24,NVDA,341394.7745483362
2019-09-25,NVDA,353246.9562224339
2019-09-26,NVDA,351209.4863400226
2019-09-27,NVDA,339862.7998751271
2019-09-30,NVDA,344295.54860038264
2019-10-01,NVDA,344178.42019739526
2019-10-02,NVDA,343567.14321163564
2019-10-03,NVDA,360990.2182874799
2019-10-04,NVDA,361946.93701121456
2019-10-07,NVDA,366314.66776597535
2019-10-08,NVDA,352662.21473340434
2019-10-09,NVDA,359629.46360674634
2019-10-10,NVDA,363443.13078838045
2019-10-11,NVDA,366615.3833838962
2019-10-14,NVDA,367692.1722285815
2019-10-15,NVDA,387449.4104557062
2019-10-16,NVDA,382882.8435806511
2019-10-17,NVDA,381358.4333250618
2019-10-18,NVDA,373583.5327831454
2019-10-21,NVDA,383369.9080262874
2019-10-22,NVDA,382525.27476046013
2019-10-23,NVDA,381273.3636443683
2019-10-24,NVDA,384401.19029513234
2019-10-25,NVDA,399097.89316961105
2019-10-28,NVDA,403253.88026607543
2019-10-29,NVDA,396252.5314783834
2019-10-30,NVDA,398743.98648810905
2019-10-31,NVDA,395097.03666941496
2019-11-01,NVDA,398089.9045042305
2019-11-04,NVDA,413344.69330088777
2019-11-05,NVDA,411767.0919817173
2019-11-06,NVDA,408711.2473684632
2019-11-07,NVDA,410022.2930191232
2019-11-08,NVDA,410376.679981109
2019-11-11,NVDA,411167.3417275689
2019-11-12,NVDA,414115.0031618465
2019-11-13,NVDA,412723.4504950891
2019-11-14,NVDA,415412.3608187181
2019-11-15,NVDA,403501.46485547564
2019-11-18,NVDA,418945.06391732773
2019-11-19,NVDA,411223.5945792343
2019-11-20,NVDA,419606.04993316095
2019-11-21,NVDA,417029.58527780225
2019-11-22,NVDA,418496.3018402747
2019-11-25,NVDA,439618.4972023662
2019-11-26,NVDA,430675.07424335816
2019-11-27,NVDA,433096.3482673882
2019-11-29,NVDA,430508.8371609019
2019-12-02,NVDA,415860.8227204688
2019-12-03,NVDA,412884.34445716295
2019-12-04,NVDA,413879.9058650252
2019-12-05,NVDA,411019.05512819486
2019-12-06,NVDA,420348.38345593825
2019-12-09,NVDA,419714.173077077
2019-12-10,NVDA,423227.30474597163
2019-12-11,NVDA,428843.6446884981
2019-12-12,NVDA,441446.4447237187
2019-12-13,NVDA,441321.6318329905
2019-12-16,NVDA,442233.98464703385
2019-12-17,NVDA,449015.60511338623
2019-12-18,NVDA,450009.42550449463
2019-12-19,NVDA,461800.6115571494
2019-12-20,NVDA,470973.0682718708
2019-12-23,NVDA,469748.4130732348
2019-12-24,NVDA,469254.26449046243
2019-12-26,NVDA,470367.97489734006
2019-12-27,NVDA,463004.01434437715
2019-12-30,NVDA,453431.42395158776
2019-12-31,NVDA,456773.63580330915
2020-01-02,NVDA,465870.02809640835
2020-01-03,NVDA,458269.16919480974
2020-01-06,NVDA,459553.43920849776
2020-01-07,NVDA,466518.6468897836
2020-01-08,NVDA,468011.1785282605
2020-01-09,NVDA,475065.5382743522
2020-01-10,NVDA,476591.80961681623
2020-01-13,NVDA,491404.80040343566
2020-01-14,NVDA,482755.6092758171
2020-01-15,NVDA,478996.5139641551
2020-01-16,NVDA,485350.80487004406
2020-01-17,NVDA,486671.81634074304
2020-01-21,NVDA,484224.60717058764
2020-01-22,NVDA,490194.07333882985
2020-01-23,NVDA,496701.99396447523
2020-01-24,NVDA,491941.3937739641
2020-01-27,NVDA,473252.0592025743
2020-01-28,NVDA,488438.2879601688
2020-01-29,NVDA,484299.9511714842
2020-01-30,NVDA,485593.5866546063
2020-01-31,NVDA,467617.6487068448
2020-02-03,NVDA,476853.92269085144
2020-02-04,NVDA,490443.81919040723
2020-02-05,NVDA,498077.39719996485
2020-02-06,NVDA,504988.5132917624
2020-02-07,NVDA,500304.2176631153
2020-02-10,NVDA,523471.50736029836
2020-02-11,NVDA,532212.7922706861
2020-02-12,NVDA,539906.3453056585
2020-02-13,NVDA,536498.8753432005
2020-02-14,NVDA,573830.2968933858
2020-02-18,NVDA,587644.4843788772
2020-02-19,NVDA,622336.8847406886
2020-02-20,NVDA,611523.7298582372
2020-02-21,NVDA,581216.0501733012
2020-02-24,NVDA,542406.6855043345
2020-02-25,NVDA,520147.36606178
2020-02-26,NVDA,532334.0630928463
2020-02-27,NVDA,504716.0741873254
2020-02-28,NVDA,542408.1863808464
2020-03-02,NVDA,552132.5454065175
2020-03-03,NVDA,531369.2996710078
2020-03-04,NVDA,569806.6871052695
2020-03-05,NVDA,548299.366830229
2020-03-06,NVDA,533981.7853626518
2020-03-09,NVDA,499159.7092702138
2020-03-10,NVDA,536108.7675202319
2020-03-11,NVDA,506664.15186468896
2020-03-12,NVDA,447089.6203382776
2020-03-13,NVDA,500700.0288168291
2020-03-16,NVDA,410135.15893281676
2020-03-17,NVDA,460612.3376051614
2020-03-18,NVDA,439691.7399761461
2020-03-19,NVDA,461677.6597532959
2020-03-20,NVDA,441015.5730946873
2020-03-23,NVDA,460663.66758186783
2020-03-24,NVDA,540018.7309388684
2020-03-25,NVDA,525370.7164984351
2020-03-26,NVDA,541525.9711671616
2020-03-27,NVDA,531239.9241156835
2020-03-30,NVDA,562266.6437199325
2020-03-31,NVDA,559271.7346930607
2020-04-01,NVDA,516827.60732267646
2020-04-02,NVDA,541685.6043929656
2020-04-03,NVDA,515880.6743137993
2020-04-06,NVDA,567068.5480320507
2020-04-07,NVDA,541773.4957215014
2020-04-08,NVDA,560281.2842700137
2020-04-09,NVDA,549940.9054888055
2020-04-13,NVDA,562426.1568756154
2020-04-14,NVDA,590448.6620186188
2020-04-15,NVDA,591607.5788260343
2020-04-16,NVDA,622384.4925436456
2020-04-17,NVDA,613649.5113146078
2020-04-20,NVDA,604686.4568908243
2020-04-21,NVDA,572477.7670159374
2020-04-22,NVDA,605748.3570405117
2020-04-23,NVDA,597327.4192128204
2020-04-24,NVDA,610195.8143555836
2020-04-27,NVDA,624338.8739023589
2020-04-28,NVDA,609057.9098193345
2020-04-29,NVDA,621399.9175518503
2020-04-30,NVDA,608013.9601527293
2020-05-01,NVDA,594864.9011022438
2020-05-04,NVDA,613551.0538154283
2020-05-05,NVDA,616408.8427641743
2020-05-06,NVDA,628992.3715449823
2020-05-07,NVDA,638991.3309372674
2020-05-08,NVDA,651209.8465503855
2020-05-11,NVDA,676031.0421286032
2020-05-12,NVDA,654156.5474236954
2020-05-13,NVDA,654957.7153057386
2020-05-14,NVDA,676855.6236842315
2020-05-15,NVDA,715877.6925724624
2020-05-18,NVDA,737751.1066462814
2020-05-19,NVDA,731811.297797914
2020-05-20,NVDA,745422.9870244223
2020-05-21,NVDA,731516.4055808593
2020-05-22,NVDA,756754.1244086546
2020-05-26,NVDA,719890.9763301768
2020-05-27,NVDA,702744.7829532446
2020-05-28,NVDA,698801.9803565283
2020-05-29,NVDA,732003.4700264955
2020-06-01,NVDA,718015.1208305651
2020-06-02,NVDA,713497.0022493136
2020-06-03,NVDA,708429.8030049549
2020-06-04,NVDA,708720.7329080183
2020-06-05,NVDA,716885.9213780848
2020-06-08,NVDA,705228.3733700481
2020-06-09,NVDA,726696.7308908403
2020-06-10,NVDA,750625.1450847295
2020-06-11,NVDA,713478.7515909291
2020-06-12,NVDA,726820.4031154193
2020-06-15,NVDA,746884.4205015729
2020-06-16,NVDA,735817.2572782505
2020-06-17,NVDA,749247.7606922443
2020-06-18,NVDA,749661.0420485564
2020-06-19,NVDA,753076.9769545415
2020-06-22,NVDA,772283.5736069864
2020-06-23,NVDA,764406.4333570806
2020-06-24,NVDA,751205.0237338606
2020-06-25,NVDA,774974.705227853
2020-06-26,NVDA,749296.2089860478
2020-06-29,NVDA,753314.7157940237
2020-06-30,NVDA,774646.553587295
2020-07-01,NVDA,777276.9297269606
2020-07-02,NVDA,781583.484755097
2020-07-06,NVDA,797463.6587767256
2020-07-07,NVDA,802458.695878393
2020-07-08,NVDA,827693.0527428018
2020-07-09,NVDA,852535.3806623068
2020-07-10,NVDA,852621.5309740888
2020-07-13,NVDA,816206.124376636
2020-07-14,NVDA,845679.8570365093
2020-07-15,NVDA,828423.5593586655
2020-07-16,NVDA,821429.2947081095
2020-07-17,NVDA,828753.2118757354
2020-07-20,NVDA,851943.2548608388
2020-07-21,NVDA,831181.990282325
2020-07-22,NVDA,838404.9284782313
2020-07-23,NVDA,811868.6512923547
2020-07-24,NVDA,818847.8471427313
2020-07-27,NVDA,834415.658744707
2020-07-28,NVDA,817605.2414610132
2020-07-29,NVDA,836822.0440737391
2020-07-30,NVDA,853266.4275937148
2020-07-31,NVDA,851487.7688570125
2020-08-03,NVDA,883217.4389843668
2020-08-04,NVDA,898577.5893121583
2020-08-05,NVDA,895803.6093078358
2020-08-06,NVDA,901732.1915998943
2020-08-07,NVDA,896584.6054095592
2020-08-10,NVDA,892325.2979740169
2020-08-11,NVDA,863108.5754080383
2020-08-12,NVDA,907429.5788740624
2020-08-13,NVDA,905134.4385120912
2020-08-14,NVDA,916995.6254452601
2020-08-17,NVDA,975055.8326062422
2020-08-18,NVDA,966410.0634770707
2020-08-19,NVDA,956836.6325934345
2020-08-20,NVDA,958817.7895891201
2020-08-21,NVDA,1002385.353046179
2020-08-24,NVDA,1005383.6240364372
2020-08-25,NVDA,1006762.3892353134
2020-08-26,NVDA,1005602.992147414
2020-08-27,NVDA,992210.1907513988
2020-08-28,NVDA,1030521.0843132389
2020-08-31,NVDA,1043951.4076220513
2020-09-01,NVDA,1080229.754176439
2020-09-02,NVDA,1122235.2053599302
2020-09-03,NVDA,1022514.0281924644
2020-09-04,NVDA,989030.0735629608
2020-09-08,NVDA,940835.6079950691
2020-09-09,NVDA,1002716.266299519
2020-09-10,NVDA,970074.1833230606
2020-09-11,NVDA,960301.1958984047
2020-09-14,NVDA,1015262.8735181347
2020-09-15,NVDA,1024745.2312150297
2020-09-16,NVDA,986469.5181986281
2020-09-17,NVDA,984904.4642070968
2020-09-18,NVDA,962280.2516669736
2020-09-21,NVDA,996073.2067527437
2020-09-22,NVDA,1007007.752527476
2020-09-23,NVDA,969539.5110744674
2020-09-24,NVDA,988581.6116612102
2020-09-25,NVDA,1032453.9731203023
2020-09-28,NVDA,1043981.3050821681
2020-09-29,NVDA,1060246.363876504
2020-09-30,NVDA,1080513.7800475478
2020-10-01,NVDA,1083409.6912596957
2020-10-02,NVDA,1040832.2860550563
2020-10-05,NVDA,1083765.4590280724
2020-10-06,NVDA,1091492.3315216086
2020-10-07,NVDA,1109798.2821968028
2020-10-08,NVDA,1095303.2370904607
2020-10-09,NVDA,1082358.0571053496
2020-10-12,NVDA,1118721.35327031
2020-10-13,NVDA,1120200.4370552402
2020-10-14,NVDA,1108722.4539130852
2020-10-15,NVDA,1106512.8034772307
2020-10-16,NVDA,1090852.9581275466
2020-10-19,NVDA,1063826.6747780703
2020-10-20,NVDA,1073302.4886533737
2020-10-21,NVDA,1062463.2185196155
2020-10-22,NVDA,1051166.9615055192
2020-10-23,NVDA,1069127.1102323756
2020-10-26,NVDA,1038545.6706716722
2020-10-27,NVDA,1055771.7106790366
2020-10-28,NVDA,1005524.0460428891
2020-10-29,NVDA,1040844.7133125747
2020-10-30,NVDA,999305.7345489765
2020-11-02,NVDA,998461.3414233912
2020-11-03,NVDA,1024543.8736221953
2020-11-04,NVDA,1084967.961289393
2020-11-05,NVDA,1106389.4914630144
2020-11-06,NVDA,1136723.2263641967
2020-11-09,NVDA,1058409.8313415034
2020-11-10,NVDA,995132.0371096721
2020-11-11,NVDA,1045623.2039511073
2020-11-12,NVDA,1057210.510938388
2020-11-13,NVDA,1046523.3696478744
2020-11-16,NVDA,1058681.850200517
2020-11-17,NVDA,1052201.4856676299
2020-11-18,NVDA,1050180.9456722727
2020-11-19,NVDA,1052731.355111385
2020-11-20,NVDA,1024096.6124216544
2020-11-23,NVDA,1029105.217446989
2020-11-24,NVDA,1011049.372833735
2020-11-25,NVDA,1030228.5934986032
2020-11-27,NVDA,1030907.2898572767
2020-11-30,NVDA,1040200.8372889768
2020-12-01,NVDA,1038302.4686416867
2020-12-02,NVDA,1048794.1958103534
2020-12-03,NVDA,1033303.8294363909
2020-12-04,NVDA,1039392.7653749791
2020-12-07,NVDA,1043081.619665885
2020-12-08,NVDA,1023990.5304697944
2020-12-09,NVDA,991362.1354871244
2020-12-10,NVDA,989230.1704195249
2020-12-11,NVDA,995084.4893417757
2020-12-14,NVDA,1016704.1352149654
2020-12-15,NVDA,1017878.6611381047
2020-12-16,NVDA,1011339.8224563145
2020-12-17,NVDA,1016107.9270293852
2020-12-18,NVDA,1015385.3450415042
2020-12-21,NVDA,1025879.9538930736
2020-12-22,NVDA,1026413.6655806991
2020-12-23,NVDA,1001555.6685104102
2020-12-24,NVDA,998686.7130404157
2020-12-28,NVDA,991528.3125345202
2020-12-29,NVDA,992593.8748228967
2020-12-30,NVDA,1005172.780904048
2020-12-31,NVDA,995327.3311613983
2021-01-04,NVDA,1001313.8472868155
2021-01-05,NVDA,1020035.120510378
2021-01-06,NVDA,958198.4679052568
2021-01-07,NVDA,1015457.927429619
2021-01-08,NVDA,1010119.0695366095
2021-01-11,NVDA,1043173.953588896
2021-01-12,NVDA,1029279.7994028514
2021-01-13,NVDA,1029943.7271366478
2021-01-14,NVDA,1000298.2341687545
2021-01-15,NVDA,980052.4306194817
2021-01-19,NVDA,993344.6732892009
2021-01-20,NVDA,1012977.939116444
2021-01-21,NVDA,1048666.0209562385
2021-01-22,NVDA,1044239.9361226957
2021-01-25,NVDA,1041534.6962626174
2021-01-26,NVDA,1021921.4221105125
2021-01-27,NVDA,988197.0270638054
2021-01-28,NVDA,1001117.4125689403
2021-01-29,NVDA,994100.3345954036
2021-02-01,NVDA,1016508.3608827556
2021-02-02,NVDA,1040619.2216254293
2021-02-03,NVDA,1035782.4369431749
2021-02-04,NVDA,1049740.7686088674
2021-02-05,NVDA,1039898.6808296045
2021-02-08,NVDA,1102694.4535608797
2021-02-09,NVDA,1086330.8171972432
2021-02-10,NVDA,1121804.3937659594
2021-02-11,NVDA,1158583.672864953
2021-02-12,NVDA,1138774.9245559408
2021-02-16,NVDA,1164325.366013752
2021-02-17,NVDA,1134674.7700657183
2021-02-18,NVDA,1127377.6285350644
2021-02-19,NVDA,1127434.2415970927
2021-02-22,NVDA,1084304.3337308988
2021-02-23,NVDA,1067351.3331785763
2021-02-24,NVDA,1089473.892753368
2021-02-25,NVDA,998537.5259151345
2021-02-26,NVDA,1041846.5183667261
2021-03-01,NVDA,1049521.0402875277
2021-03-02,NVDA,1013608.7274968582
2021-03-03,NVDA,968496.8221441321
2021-03-04,NVDA,936068.824193329
2021-03-05,NVDA,945285.8869579835
2021-03-08,NVDA,878899.5373298005
2021-03-09,NVDA,947602.2196963027
2021-03-10,NVDA,943807.163383416
2021-03-11,NVDA,977743.9624740848
2021-03-12,NVDA,962108.1311485907
2021-03-15,NVDA,986168.922650828
2021-03-16,NVDA,991663.3313855293
2021-03-17,NVDA,996193.7571541781
2021-03-18,NVDA,949413.0572254197
2021-03-19,NVDA,962358.4773507729
2021-03-22,NVDA,988400.96616424
2021-03-23,NVDA,983613.7704419381
2021-03-24,NVDA,951388.4508552995
2021-03-25,NVDA,946562.4724839306
2021-03-26,NVDA,967524.1941293715
2021-03-29,NVDA,976842.2358657456
2021-03-30,NVDA,973949.0262313191
2021-03-31,NVDA,1005513.2997670639
2021-04-01,NVDA,1039684.9560143123
2021-04-05,NVDA,1049556.6410783897
2021-04-06,NVDA,1042943.2988865497
2021-04-07,NVDA,1069067.1952420212
2021-04-08,NVDA,1078821.3916927485
2021-04-09,NVDA,1082062.6846078108
2021-04-12,NVDA,1143648.6908354477
2021-04-13,NVDA,1179027.05179825
2021-04-14,NVDA,1146852.7019779552
2021-04-15,NVDA,1211180.5094174999
2021-04-16,NVDA,1191704.2352733999
2021-04-19,NVDA,1151952.500260152
2021-04-20,NVDA,1142519.1311726046
2021-04-21,NVDA,1152170.2474244959
2021-04-22,NVDA,1111924.3638284758
2021-04-23,NVDA,1142009.1933689273
2021-04-26,NVDA,1150728.2052718787
2021-04-27,NVDA,1142767.856428154
2021-04-28,NVDA,1130747.5765847254
2021-04-29,NVDA,1128341.791606298
2021-04-30,NVDA,1104577.6333378693
2021-05-03,NVDA,1091307.2434301632
2021-05-04,NVDA,1058686.112689811
2021-05-05,NVDA,1062858.0090773012
2021-05-06,NVDA,1061383.0076764831
2021-05-07,NVDA,1078550.9937803678
2021-05-10,NVDA,1033615.831645681
2021-05-11,NVDA,1036598.7336604578
2021-05-12,NVDA,996956.382527396
2021-05-13,NVDA,994623.4200773252
2021-05-14,NVDA,1033147.4981389131
2021-05-17,NVDA,1025246.3438648169
2021-05-18,NVDA,1011862.667797994
2021-05-19,NVDA,1019594.5232015498
2021-05-20,NVDA,1056522.3290401595
2021-05-21,NVDA,1083148.2986063862
2021-05-24,NVDA,1127889.3673905563
2021-05-25,NVDA,1130113.9065214084
2021-05-26,NVDA,1138854.9512915541
2021-05-27,NVDA,1120023.9940125034
2021-05-28,NVDA,1176018.8750230134
2021-06-01,NVDA,1173053.5632809561
2021-06-02,NVDA,1211282.5690203079
2021-06-03,NVDA,1230337.3370048108
2021-06-04,NVDA,1272463.278554676
2021-06-07,NVDA,1274276.6375563329
2021-06-08,NVDA,1265044.6260616202
2021-06-09,NVDA,1257951.8438768242
2021-06-10,NVDA,1262697.9155827004
2021-06-11,NVDA,1297464.3992091382
2021-06-14,NVDA,1310950.5551241925
2021-06-15,NVDA,1299036.5973728658
2021-06-16,NVDA,1300959.1601495272
2021-06-17,NVDA,1379638.4688658176
2021-06-18,NVDA,1387016.2975177504
2021-06-21,NVDA,1366587.6872093303
2021-06-22,NVDA,1398339.510274
2021-06-23,NVDA,1403048.6604176841
2021-06-24,NVDA,1417362.3396063303
2021-06-25,NVDA,1401936.3908522576
2021-06-28,NVDA,1477088.2795552602
2021-06-29,NVDA,1486078.529861439
2021-06-30,NVDA,1485418.324301392
2021-07-01,NVDA,1501006.6678940502
2021-07-02,NVDA,1516339.2020940229
2021-07-06,NVDA,1543423.7794872206
2021-07-07,NVDA,1522784.3860814716
2021-07-08,NVDA,1495470.8349676211
2021-07-09,NVDA,1498833.698880146
2021-07-12,NVDA,1532688.0698327825
2021-07-13,NVDA,1518394.442354335
2021-07-14,NVDA,1485841.2713024407
2021-07-15,NVDA,1428739.523881947
2021-07-16,NVDA,1370357.0485163336
2021-07-19,NVDA,1435774.312198324
2021-07-20,NVDA,1419686.8971479344
2021-07-21,NVDA,1464175.2783625638
2021-07-22,NVDA,1475498.6111889344
2021-07-23,NVDA,1473720.1325574135
2021-07-26,NVDA,1450806.4309556782
2021-07-27,NVDA,1447665.0964163071
2021-07-28,NVDA,1468516.173445292
2021-07-29,NVDA,1466829.1882459356
2021-07-30,NVDA,1456062.9807807761
2021-08-02,NVDA,1474811.8100970967
2021-08-03,NVDA,1489522.3210354846
2021-08-04,NVDA,1523963.4146341465
2021-08-05,NVDA,1545171.640237899
2021-08-06,NVDA,1531487.368623276
2021-08-09,NVDA,1527969.5542196643
2021-08-10,NVDA,1497955.2058402107
2021-08-11,NVDA,1476204.9236754265
2021-08-12,NVDA,1493236.0298414275
2021-08-13,NVDA,1513736.5021172364
2021-08-16,NVDA,1502468.2214413218
2021-08-17,NVDA,1471767.1920401515
2021-08-18,NVDA,1440926.701193497
2021-08-19,NVDA,1517544.165792823
2021-08-20,NVDA,1603359.6020075723
2021-08-23,NVDA,1668484.915190471
2021-08-24,NVDA,1646260.0558726296
2021-08-25,NVDA,1679484.4789356985
2021-08-26,NVDA,1672745.783537586
2021-08-27,NVDA,1713639.625541316
2021-08-30,NVDA,1713234.028672745
2021-08-31,NVDA,1692542.0445540196
2021-09-01,NVDA,1695423.847526956
2021-09-02,NVDA,1687469.8623996414
2021-09-03,NVDA,1713598.3214197091
2021-09-07,NVDA,1714014.0041784402
2021-09-08,NVDA,1696956.182410528
2021-09-09,NVDA,1681711.7196442725
2021-09-10,NVDA,1701457.1909995438
2021-09-13,NVDA,1680874.4706908835
2021-09-14,NVDA,1687575.1038606549
2021-09-15,NVDA,1693761.2965972128
2021-09-16,NVDA,1689307.8357760932
2021-09-17,NVDA,1669491.8832598238
2021-09-20,NVDA,1623002.2333042498
2021-09-21,NVDA,1629807.3875143083
2021-09-22,NVDA,1677225.0594347098
2021-09-23,NVDA,1704716.914678172
2021-09-24,NVDA,1677874.398648811
2021-09-27,NVDA,1640290.2294940245
2021-09-28,NVDA,1572822.6484266813
2021-09-29,NVDA,1566559.5507776542
2021-09-30,NVDA,1581681.7221257216
2021-10-01,NVDA,1572856.6282709104
2021-10-04,NVDA,1488005.9554779993
2021-10-05,NVDA,1541174.0856660288
2021-10-06,NVDA,1564587.6992163425
2021-10-07,NVDA,1585991.9392925468
2021-10-08,NVDA,1558139.3333706886
2021-10-11,NVDA,1547963.0304097594
2021-10-12,NVDA,1543563.300967765
2021-10-13,NVDA,1561574.7196362675
2021-10-14,NVDA,1612258.4789517077
2021-10-15,NVDA,1621784.061892145
2021-10-18,NVDA,1647968.4735885758
2021-10-19,NVDA,1650616.0197555374
2021-10-20,NVDA,1633056.8451975954
2021-10-21,NVDA,1679570.689282541
2021-10-22,NVDA,1682901.494472772
2021-10-25,NVDA,1718552.7748204952
2021-10-26,NVDA,1833203.7109672048
2021-10-27,NVDA,1810839.6903791816
2021-10-28,NVDA,1845781.4163471467
2021-10-29,NVDA,1897494.8369847992
2021-11-01,NVDA,1914304.1136023437
2021-11-02,NVDA,1962568.339910508
2021-11-03,NVDA,1979221.2251955143
2021-11-04,NVDA,2223273.1114971144
2021-11-05,NVDA,2220160.7738919533
2021-11-08,NVDA,2298130.348123304
2021-11-09,NVDA,2286967.6691187653
2021-11-10,NVDA,2198287.2997830734
2021-11-11,NVDA,2267765.2148854933
2021-11-12,NVDA,2288344.8133710087
2021-11-15,NVDA,2252212.3520135763
2021-11-16,NVDA,2271538.7786467294
2021-11-17,NVDA,2208561.039647154
2021-11-18,NVDA,2394617.856828388
2021-11-19,NVDA,2498361.7432580628
2021-11-22,NVDA,2428324.4814971946
2021-11-23,NVDA,2417497.938796257
2021-11-24,NVDA,2482234.5849976386
2021-11-26,NVDA,2411050.5335115707
2021-11-29,NVDA,2553186.480904849
2021-11-30,NVDA,2504905.865025175
2021-12-01,NVDA,2407116.3159285025
2021-12-02,NVDA,2467557.093342512
2021-12-03,NVDA,2356919.0207080934
2021-12-06,NVDA,2300762.165104421
2021-12-07,NVDA,2460459.628422999
2021-12-08,NVDA,2411499.415658745
2021-12-09,NVDA,2320845.2736398056
2021-12-10,NVDA,2301146.269421342
2021-12-13,NVDA,2158897.8163247337
2021-12-14,NVDA,2181584.3452576306
2021-12-15,NVDA,2353730.798786491
2021-12-16,NVDA,2174705.948273792
2021-12-17,NVDA,2140455.8862375626
2021-12-20,NVDA,2150088.3916207068
2021-12-21,NVDA,2252684.467729154
2021-12-22,NVDA,2266950.7192200245
2021-12-23,NVDA,2276751.44284262
2021-12-27,NVDA,2377013.175694606
2021-12-28,NVDA,2329140.5580859226
2021-12-29,NVDA,2302315.5122591597
2021-12-30,NVDA,2265503.6341223274
2021-12-31,NVDA,2234836.584565386
2022-01-03,NVDA,2288785.1105045346
2022-01-04,NVDA,2230893.4817933673
2022-01-05,NVDA,2103936.3188101854
2022-01-06,NVDA,2151759.0472836136
2022-01-07,NVDA,2068405.5288288363
2022-01-10,NVDA,2082167.00553123
2022-01-11,NVDA,2101676.8993091965
2022-01-12,NVDA,2099318.1217831215
2022-01-13,NVDA,1988401.7866433999
2022-01-14,NVDA,2025697.607402723
2022-01-18,NVDA,1945165.676755225
2022-01-19,NVDA,1876814.859878169
2022-01-20,NVDA,1805535.7728913685
2022-01-21,NVDA,1757466.8406349306
2022-01-24,NVDA,1772865.233296245
2022-01-25,NVDA,1689754.3765559087
2022-01-26,NVDA,1720506.0155130597
2022-01-27,NVDA,1671897.6082031908
2022-01-28,NVDA,1748368.5872549568
2022-01-31,NVDA,1866623.9683975442
2022-02-01,NVDA,1874523.5017250075
2022-02-02,NVDA,1917905.2566698953
2022-02-03,NVDA,1819862.8398985008
2022-02-04,NVDA,1859587.2589592324
2022-02-07,NVDA,1880485.3434405692
2022-02-08,NVDA,1912537.8220880996
2022-02-09,NVDA,2029500.8284838344
2022-02-10,NVDA,1962904.59628423
2022-02-11,NVDA,1823240.3523657816
2022-02-14,NVDA,1852695.4741569078
2022-02-15,NVDA,2023216.4784233992
2022-02-16,NVDA,2015701.2895530988
2022-02-17,NVDA,1864694.6816941095
2022-02-18,NVDA,1804417.3797497738
2022-02-22,NVDA,1786429.3147197964
2022-02-23,NVDA,1706472.7600918938
2022-02-24,NVDA,1826439.200493088
2022-02-25,NVDA,1845586.5425408438
2022-02-28,NVDA,1855865.4454201253
2022-03-01,NVDA,1788144.8766079391
2022-03-02,NVDA,1839244.018506808
2022-03-03,NVDA,1800253.7081655688
2022-03-04,NVDA,1753003.8342391956
2022-03-07,NVDA,1634884.6126137665
2022-03-08,NVDA,1659414.7582188
2022-03-09,NVDA,1768761.6568075756
2022-03-10,NVDA,1735294.0917495817
2022-03-11,NVDA,1685145.1847879163
2022-03-14,NVDA,1633716.6905472798
2022-03-15,NVDA,1763127.0662066645
2022-03-16,NVDA,1867979.079782593
2022-03-17,NVDA,1878183.899397248
2022-03-18,NVDA,2000723.2023501724
2022-03-21,NVDA,2018138.9531486388
2022-03-22,NVDA,2001490.2102828054
2022-03-23,NVDA,1931709.3582652272
2022-03-24,NVDA,2116932.948842124
2022-03-25,NVDA,2075338.7978579488
2022-03-28,NVDA,2121445.484162751
2022-03-29,NVDA,2148797.5177503666
2022-03-30,NVDA,2069877.0481961465
2022-03-31,NVDA,2043944.783753712
2022-04-01,NVDA,2003512.9715754
2022-04-04,NVDA,2048504.6867370545
2022-04-05,NVDA,1935447.9215862064
2022-04-06,NVDA,1830194.873806303
2022-04-07,NVDA,1826141.6066983119
2022-04-08,NVDA,1744683.515172861
2022-04-11,NVDA,1658186.4408814749
2022-04-12,NVDA,1626423.151120254
2022-04-13,NVDA,1677963.070433133
2022-04-14,NVDA,1605780.9961017235
2022-04-18,NVDA,1647641.5226492272
2022-04-19,NVDA,1679846.7905256671
2022-04-20,NVDA,1609947.609403892
2022-04-21,NVDA,1515851.8374730842
2022-04-22,NVDA,1485934.8059266612
2022-04-25,NVDA,1522081.3755233055
2022-04-26,NVDA,1441279.707349092
2022-04-27,NVDA,1416076.0884356466
2022-04-28,NVDA,1521317.3693436969
2022-04-29,NVDA,1422239.227708982
2022-05-02,NVDA,1509906.265258911
2022-05-03,NVDA,1509607.5908330465
2022-05-04,NVDA,1561446.6048172133
2022-05-05,NVDA,1448390.6801572118
2022-05-06,NVDA,1442129.3235249387
2022-05-09,NVDA,1317240.1282348891
2022-05-10,NVDA,1372448.4899181123
2022-05-11,NVDA,1292971.7354935282
2022-05-12,NVDA,1264295.6886821904
2022-05-13,NVDA,1374826.0584181163
2022-05-16,NVDA,1333789.9333210597
2022-05-17,NVDA,1398423.859533968
2022-05-18,NVDA,1303817.3093086362
2022-05-19,NVDA,1314848.3314255525
2022-05-20,NVDA,1283837.040831846
2022-05-23,NVDA,1299525.8230806792
2022-05-24,NVDA,1242025.622963811
2022-05-25,NVDA,1306254.9729041762
2022-05-26,NVDA,1368857.7329160231
2022-05-27,NVDA,1436385.9493944466
2022-05-31,NVDA,1415705.4319722718
2022-06-01,NVDA,1388011.6187853708
2022-06-02,NVDA,1479474.6732091543
2022-06-03,NVDA,1411591.949698624
2022-06-06,NVDA,1414886.9139577514
2022-06-07,NVDA,1424395.5670111345
2022-06-08,NVDA,1402103.648530742
2022-06-09,NVDA,1368240.0922138528
2022-06-10,NVDA,1300348.963794856
2022-06-13,NVDA,1206390.0718019323
2022-06-14,NVDA,1228656.235241381
2022-06-15,NVDA,1283051.9023109495
2022-06-16,NVDA,1209300.991779199
2022-06-17,NVDA,1241111.9493784371
2022-06-21,NVDA,1284196.2906337301
2022-06-22,NVDA,1269505.1710198757
2022-06-23,NVDA,1262922.8669543015
2022-06-24,NVDA,1328011.7388554916
2022-06-27,NVDA,1303435.846534376
2022-06-28,NVDA,1232700.016809817
2022-06-29,NVDA,1200062.4364628945
2022-06-30,NVDA,1171225.0154089988
2022-07-01,NVDA,1122077.4932560616
2022-07-05,NVDA,1169808.4281220231
2022-07-06,NVDA,1183587.014816653
2022-07-07,NVDA,1234731.3030809993
2022-07-08,NVDA,1231470.558806343
2022-07-11,NVDA,1181040.32755129
2022-07-12,NVDA,1176933.5692044154
2022-07-13,NVDA,1179794.7801516084
2022-07-14,NVDA,1210898.2845982052
2022-07-15,NVDA,1232176.9313278955
2022-07-18,NVDA,1249984.110720661
2022-07-19,NVDA,1314668.5264194289
2022-07-20,NVDA,1375593.1263858094
2022-07-21,NVDA,1395556.2848703645
2022-07-22,NVDA,1337077.873478111
2022-07-25,NVDA,1311824.3053943503
2022-07-26,NVDA,1277074.931760148
2022-07-27,NVDA,1373005.975489686
2022-07-28,NVDA,1383984.8871741097
2022-07-29,NVDA,1396556.6490830644
2022-08-01,NVDA,1417936.514924716
2022-08-02,NVDA,1428035.0724823296
2022-08-03,NVDA,1455974.429066575
2022-08-04,NVDA,1480905.2486652206
2022-08-05,NVDA,1472588.8318778167
2022-08-08,NVDA,1371637.5363212116
2022-08-09,NVDA,1319476.4942726553
2022-08-10,NVDA,1387693.0727544886
2022-08-11,NVDA,1371934.889975746
2022-08-12,NVDA,1433947.2051678179
2022-08-15,NVDA,1472953.0645897205
2022-08-16,NVDA,1456478.8436446884
2022-08-17,NVDA,1419457.5031818582
2022-08-18,NVDA,1455179.985111305
2022-08-19,NVDA,1390292.8910483723
2022-08-22,NVDA,1331285.9910187551
2022-08-23,NVDA,1336299.6990242302
2022-08-24,NVDA,1340628.527059803
2022-08-25,NVDA,1389476.7744362708
2022-08-26,NVDA,1266325.35400674
2022-08-29,NVDA,1232474.3450174902
2022-08-30,NVDA,1212704.379357545
2022-08-31,NVDA,1186559.2906257254
2022-09-01,NVDA,1100203.658936819
2022-09-02,NVDA,1073630.8804341736
2022-09-06,NVDA,1060763.325782257
2022-09-07,NVDA,1082768.3967436983
2022-09-08,NVDA,1100513.740024174
2022-09-09,NVDA,1124753.5560767488
2022-09-12,NVDA,1129195.1899909547
2022-09-13,NVDA,1032464.8394662483
2022-09-14,NVDA,1036637.9365549482
2022-09-15,NVDA,1023568.7241348948
2022-09-16,NVDA,1051590.4488221123
2022-09-19,NVDA,1066498.4751094638
2022-09-20,NVDA,1054577.3131508802
2022-09-21,NVDA,1065514.9807487573
2022-09-22,NVDA,1015531.9506591851
2022-09-23,NVDA,1018646.1493512212
2022-09-26,NVDA,1005915.4146021276
2022-09-27,NVDA,1021868.8313975362
2022-09-28,NVDA,1043427.4216142227
2022-09-29,NVDA,1004597.0446740896
2022-09-30,NVDA,997931.5320146965
2022-10-03,NVDA,1025224.1308924411
2022-10-04,NVDA,1071940.4132013095
2022-10-05,NVDA,1080670.9518358721
2022-10-06,NVDA,1080343.6406861607
2022-10-07,NVDA,993117.6206904831
2022-10-10,NVDA,959728.5814915912
2022-10-11,NVDA,957191.4398008437
2022-10-12,NVDA,951966.4684175559
2022-10-13,NVDA,990319.4465567893
2022-10-14,NVDA,932989.9261168523
2022-10-17,NVDA,978949.5265234897
2022-10-18,NVDA,987310.9696062501
2022-10-19,NVDA,995910.451703795
2022-10-20,NVDA,1004066.4548096089
2022-10-21,NVDA,1025264.2943478993
2022-10-24,NVDA,1036893.7459476335
2022-10-25,NVDA,1084682.6146469538
2022-10-26,NVDA,1049184.4837385034
2022-10-27,NVDA,1070540.1554507832
2022-10-28,NVDA,1129664.5440937507
2022-10-31,NVDA,1104879.3695518181
2022-11-01,NVDA,1105805.8306050734
2022-11-02,NVDA,1080617.760772291
2022-11-03,NVDA,1106717.6431035725
2022-11-04,NVDA,1147614.666965508
2022-11-07,NVDA,1157306.6070585223
2022-11-08,NVDA,1177127.1222393878
2022-11-09,NVDA,1113777.646145349
2022-11-10,NVDA,1263722.8941701956
2022-11-11,NVDA,1310016.4095831965
2022-11-14,NVDA,1298650.511898949
2022-11-15,NVDA,1328414.8742865834
2022-11-16,NVDA,1270163.9357384713
2022-11-17,NVDA,1255227.2126922123
2022-11-18,NVDA,1236998.467104789
2022-11-21,NVDA,1235768.6488909523
2022-11-22,NVDA,1288552.8548672425
2022-11-23,NVDA,1326799.8110896763
2022-11-25,NVDA,1305340.8790733789
2022-11-28,NVDA,1277018.4387682406
2022-11-29,NVDA,1273567.2032466962
2022-11-30,NVDA,1371371.1607578828
2022-12-01,NVDA,1380845.6538618554
2022-12-02,NVDA,1363518.1546022878
2022-12-05,NVDA,1348404.1480224452
2022-12-06,NVDA,1309053.867458596
2022-12-07,NVDA,1319073.5989818054
2022-12-08,NVDA,1398934.4577233105
2022-12-09,NVDA,1390131.3367006332
2022-12-12,NVDA,1436764.7105909851
2022-12-13,NVDA,1468721.2532118757
2022-12-14,NVDA,1437852.7860270399
2022-12-15,NVDA,1387146.9338093447
2022-12-16,NVDA,1360644.5764326367
2022-12-19,NVDA,1331306.0427289538
2022-12-20,NVDA,1314374.114482858
2022-12-21,NVDA,1347476.546303041
2022-12-22,NVDA,1256632.5133878184
2022-12-23,NVDA,1240910.1715401795
2022-12-27,NVDA,1152351.9135174942
2022-12-28,NVDA,1142210.6109968221
2022-12-29,NVDA,1187668.6184731885
2022-12-30,NVDA,1187424.155706933
2023-01-03,NVDA,1172910.1395214805
2023-01-04,NVDA,1195207.7613326183
2023-01-05,NVDA,1160766.1274184124
2023-01-06,NVDA,1202167.0855779776
2023-01-09,NVDA,1254058.2099946367
2023-01-10,NVDA,1280910.1515284926
2023-01-11,NVDA,1288690.6953660937
2023-01-12,NVDA,1325107.542804998
2023-01-13,NVDA,1359092.309908987
2023-01-17,NVDA,1421972.732075532
2023-01-18,NVDA,1400979.1918480392
2023-01-19,NVDA,1354953.6129099396
2023-01-20,NVDA,1436303.3411512324
2023-01-23,NVDA,1540820.1189494664
2023-01-24,NVDA,1545217.627094223
2023-01-25,NVDA,1552531.2782665077
2023-01-26,NVDA,1585802.1684663845
2023-01-27,NVDA,1626597.312830693
2023-01-30,NVDA,1535340.7790149448
2023-01-31,NVDA,1564698.1036925563
2023-02-01,NVDA,1673652.7331961866
2023-02-02,NVDA,1733691.7559854954
2023-02-03,NVDA,1695053.191063581
2023-02-06,NVDA,1700621.1427473645
2023-02-07,NVDA,1787119.4177399601
2023-02-08,NVDA,1788893.1536017035
2023-02-09,NVDA,1799267.0919817174
2023-02-10,NVDA,1704610.412480889
2023-02-13,NVDA,1744049.3047939998
2023-02-14,NVDA,1839016.785802909
2023-02-15,NVDA,1831453.8090244704
2023-02-16,NVDA,1773863.1360714657
2023-02-17,NVDA,1730507.9766583685
2023-02-21,NVDA,1674799.522921386
2023-02-22,NVDA,1686069.9048244176
2023-02-23,NVDA,1923482.5137880521
2023-02-24,NVDA,1902941.3977763015
2023-02-27,NVDA,1913607.5267956487
2023-02-28,NVDA,1895414.3819990875
2023-03-01,NVDA,1853517.774380238
2023-03-02,NVDA,1904112.321595812
2023-03-03,NVDA,1950575.6761948979
2023-03-06,NVDA,1923861.0948794095
2023-03-07,NVDA,1916706.6566875055
2023-03-08,NVDA,2000061.9761940972
2023-03-09,NVDA,1939151.4844669288
2023-03-10,NVDA,1902508.9052006372
2023-03-13,NVDA,1891981.2770658066
2023-03-14,NVDA,1974703.2867194444
2023-03-15,NVDA,2002933.9934521762
2023-03-16,NVDA,2106272.1029080986
2023-03-17,NVDA,2119894.2982701897
2023-03-20,NVDA,2124999.1394974664
2023-03-21,NVDA,2154558.602223699
2023-03-22,NVDA,2177637.640381983
2023-03-23,NVDA,2230432.952844461
2023-03-24,NVDA,2211409.0428810427
2023-03-27,NVDA,2178048.1000904525
2023-03-28,NVDA,2159235.1533295447
2023-03-29,NVDA,2198062.408446533
2023-03-30,NVDA,2223509.1693549035
2023-03-31,NVDA,2255495.4893657896
2023-04-03,NVDA,2254821.05549641
2023-04-04,NVDA,2215022.072890568
2023-04-05,NVDA,2170474.0768608865
2023-04-06,NVDA,2186483.926613142
2023-04-10,NVDA,2238415.9949410455
2023-04-11,NVDA,2197979.8002033187
2023-04-12,NVDA,2137731.9754736763
2023-04-13,NVDA,2121175.806671096
2023-04-14,NVDA,2145292.6709198174
2023-04-17,NVDA,2170690.623324021
2023-04-18,NVDA,2222321.615823641
2023-04-19,NVDA,2253251.198700041
2023-04-20,NVDA,2190441.5578697957
2023-04-21,NVDA,2203044.77815044
2023-04-24,NVDA,2197272.887366222
2023-04-25,NVDA,2144946.148550754
2023-04-26,NVDA,2203705.524026031
2023-04-27,NVDA,2223667.2416691347
2023-04-28,NVDA,2260713.0164015787
2023-05-01,NVDA,2349744.7109111724
2023-05-02,NVDA,2305054.191647922
2023-05-03,NVDA,2271372.361459092
2023-05-04,NVDA,2243485.1153073395
2023-05-05,NVDA,2310570.5131796966
2023-05-08,NVDA,2335752.759611613
2023-05-09,NVDA,2295457.2870556405
2023-05-10,NVDA,2318074.955774172
2023-05-11,NVDA,2310938.1078549875
2023-05-12,NVDA,2301390.4920473555
2023-05-15,NVDA,2342992.027343969
2023-05-16,NVDA,2358602.2236986402
2023-05-17,NVDA,2437777.001769033
2023-05-18,NVDA,2565982.8339750413
2023-05-19,NVDA,2533008.2167986105
2023-05-22,NVDA,2525882.595435735
2023-05-23,NVDA,2486539.21890384
2023-05-24,NVDA,2488670.703690956
2023-05-25,NVDA,3105645.1967949285
2023-05-26,NVDA,3183461.741657128
2023-05-30,NVDA,3272659.9133894197
2023-05-31,NVDA,3088024.8465103623
2023-06-01,NVDA,3217157.860190351
2023-06-02,NVDA,3170235.5375539316
2023-06-05,NVDA,3157434.1415386586
2023-06-06,NVDA,3112266.6437199325
2023-06-07,NVDA,3007977.879081384
2023-06-08,NVDA,3086891.6247088304
2023-06-09,NVDA,3103787.231743338
2023-06-12,NVDA,3166704.2752967733
2023-06-13,NVDA,3276444.943847207
2023-06-14,NVDA,3430834.5273639807
2023-06-15,NVDA,3391879.577673361
2023-06-16,NVDA,3381132.4013223723
2023-06-20,NVDA,3480822.1801532097
2023-06-21,NVDA,3405219.6682862793
2023-06-22,NVDA,3397698.535944992
2023-06-23,NVDA,3343131.408742706
2023-06-26,NVDA,3206529.3131188615
2023-06-27,NVDA,3310721.421310045
2023-06-28,NVDA,3270218.9478655537
2023-06-29,NVDA,3246990.6625469276
2023-06-30,NVDA,3360908.3905000524
2023-07-03,NVDA,3369731.3831277466
2023-07-05,NVDA,3370480.560647418
2023-07-06,NVDA,3372376.8280675914
2023-07-07,NVDA,3390402.8952908497
2023-07-10,NVDA,3362348.0312502505
2023-07-11,NVDA,3374184.7839138056
2023-07-12,NVDA,3474323.9251723005
2023-07-13,NVDA,3621985.319426545
2023-07-14,NVDA,3596986.119894018
2023-07-17,NVDA,3676564.8738863496
2023-07-18,NVDA,3759161.1100882916
2023-07-19,NVDA,3720514.2002929715
2023-07-20,NVDA,3597736.67822008
2023-07-21,NVDA,3512913.321379686
2023-07-24,NVDA,3526230.538634563
2023-07-25,NVDA,3613872.6015993343
2023-07-26,NVDA,3605732.327679365
2023-07-27,NVDA,3636023.4376876093
2023-07-28,NVDA,3712060.723462502
2023-07-31,NVDA,3694969.942446389
2023-08-01,NVDA,3709230.790781817
2023-08-02,NVDA,3542431.2998791295
2023-08-03,NVDA,3566375.2031186214
2023-08-04,NVDA,3580672.8529461203
2023-08-07,NVDA,3639707.0689282543
2023-08-08,NVDA,3606459.952612326
2023-08-09,NVDA,3429712.352013576
2023-08-10,NVDA,3410731.3070833366
2023-08-11,NVDA,3295707.072930591
2023-08-14,NVDA,3534219.6442722552
2023-08-15,NVDA,3554852.673961594
2023-08-16,NVDA,3527524.714433229
2023-08-17,NVDA,3517520.6520608035
2023-08-18,NVDA,3521182.790749798
2023-08-21,NVDA,3816942.8146037287
2023-08-22,NVDA,3713028.1284270016
2023-08-23,NVDA,3831601.875495289
2023-08-24,NVDA,3839104.997318434
2023-08-25,NVDA,3757213.4526563515
2023-08-28,NVDA,3821114.0506055537
2023-08-29,NVDA,3979238.7754448596
2023-08-30,NVDA,4001255.193032731
2023-08-31,NVDA,4007456.8147798316
2023-09-01,NVDA,3953029.3291282114
2023-09-05,NVDA,3969893.0575456065
2023-09-06,NVDA,3856251.9111160925
2023-09-07,NVDA,3794593.26246528
2023-09-08,NVDA,3728228.2252835655
2023-09-11,NVDA,3682155.939068416
2023-09-12,NVDA,3651405.0205319906
2023-09-13,NVDA,3698997.6946536778
2023-09-14,NVDA,3696959.9846310248
2023-09-15,NVDA,3563498.5031258254
2023-09-18,NVDA,3559623.119902023
2023-09-19,NVDA,3506547.984022669
2023-09-20,NVDA,3402567.259279419
2023-09-21,NVDA,3319640.2899293187
2023-09-22,NVDA,3362125.481281068
2023-09-25,NVDA,3413359.822136128
2023-09-26,NVDA,3397774.06005107
2023-09-27,NVDA,3444468.5496329856
2023-09-28,NVDA,3489141.598693637
2023-09-29,NVDA,3529394.0261112493
2023-10-02,NVDA,3633491.218871821
2023-10-03,NVDA,3580736.189934922
2023-10-04,NVDA,3632301.7442186237
2023-10-05,NVDA,3682984.9031834593
2023-10-06,NVDA,3757767.5762645383
2023-10-09,NVDA,3717614.566907074
2023-10-10,NVDA,3735438.916327135
2023-10-11,NVDA,3821031.622467521
2023-10-12,NVDA,3847588.3716090196
2023-10-13,NVDA,3727055.920657664
2023-10-16,NVDA,3767401.5224891338
2023-10-17,NVDA,3598489.9981589247
2023-10-18,NVDA,3465448.281796569
2023-10-19,NVDA,3465223.030249666
2023-10-20,NVDA,3401499.055448382
2023-10-23,NVDA,3531487.928950507
2023-10-24,NVDA,3597994.708910004
2023-10-25,NVDA,3455517.1019875607
2023-10-26,NVDA,3345759.683655255
2023-10-27,NVDA,3367962.4500708417
2023-10-30,NVDA,3417014.636547744
2023-10-31,NVDA,3394682.0743314093
2023-11-01,NVDA,3524307.435542357
2023-11-02,NVDA,3597323.8771442524
2023-11-03,NVDA,3695607.694893818
2023-11-06,NVDA,3754941.966108207
2023-11-07,NVDA,3794849.191928086
2023-11-08,NVDA,3856308.8243534225
2023-11-09,NVDA,3882936.594971464
2023-11-10,NVDA,4008504.9669006704
2023-11-13,NVDA,4032132.7255116985
2023-11-14,NVDA,4090044.946248609
2023-11-15,NVDA,4012110.132317274
2023-11-16,NVDA,4082974.737246552
2023-11-17,NVDA,4059675.370416323
2023-11-20,NVDA,4152368.5432292465
2023-11-21,NVDA,4105674.7140329955
2023-11-22,NVDA,4012022.481128979
2023-11-24,NVDA,3905948.9942126204
2023-11-27,NVDA,3947518.951067423
2023-11-28,NVDA,3897575.9043281274
2023-11-29,NVDA,3926168.9226508285
2023-11-30,NVDA,3812197.343248457
2023-12-01,NVDA,3790740.8726696395
2023-12-04,NVDA,3698300.3273911965
2023-12-05,NVDA,3795059.1345345685
2023-12-06,NVDA,3707068.748148919
2023-12-07,NVDA,3802538.6625789464
2023-12-08,NVDA,3874231.090957119
2023-12-11,NVDA,3797513.3678067992
2023-12-12,NVDA,3889695.342079775
2023-12-13,NVDA,3913907.361899349
2023-12-14,NVDA,3894022.9694141382
2023-12-15,NVDA,3925479.2999111484
2023-12-18,NVDA,4023493.9204495423
2023-12-19,NVDA,3972693.8131869007
2023-12-20,NVDA,3849358.6854723156
2023-12-21,NVDA,3913810.8855571654
2023-12-22,NVDA,3885492.227460837
2023-12-26,NVDA,3921230.1984358863
2023-12-27,NVDA,3916486.9483778523
2023-12-28,NVDA,3926891.504638709
2023-12-29,NVDA,3931052.594715314
2024-01-02,NVDA,3849584.1171244006
2024-01-03,NVDA,3813134.4305074164
2024-01-04,NVDA,3846948.698039655
2024-01-05,NVDA,3932969.694301472
2024-01-08,NVDA,4193616.2919144784
2024-01-09,NVDA,4270867.426577121
2024-01-10,NVDA,4365182.986864328
2024-01-11,NVDA,4411970.710895163
2024-01-12,NVDA,4395730.686721045
2024-01-16,NVDA,4562569.320483162
2024-01-17,NVDA,4549058.670263434
2024-01-18,NVDA,4628770.70209002
2024-01-19,NVDA,4806649.063052823
2024-01-22,NVDA,4816958.343672705
2024-01-23,NVDA,4843271.590608916
2024-01-24,NVDA,4965931.684103516
2024-01-25,NVDA,4990995.841571478
2024-01-26,NVDA,4926316.46881779
2024-01-29,NVDA,5039450.739231711
2024-01-30,NVDA,5054951.731811378
2024-01-31,NVDA,4947145.753119822
2024-02-01,NVDA,5070404.9965179665
2024-02-02,NVDA,5342302.104428986
2024-02-05,NVDA,5628812.106270062
2024-02-06,NVDA,5530184.647834335
2024-02-07,NVDA,5666681.742137408
2024-02-08,NVDA,5628819.4305474395
2024-02-09,NVDA,5826342.704139218
2024-02-12,NVDA,5832165.264514477
2024-02-13,NVDA,5868362.743842403
2024-02-14,NVDA,6009872.465519863
2024-02-15,NVDA,5884014.904704347
2024-02-16,NVDA,5876447.365261313
2024-02-20,NVDA,5634805.706532615
2024-02-21,NVDA,5471736.9743930455
2024-02-22,NVDA,6360667.890047788
2024-02-23,NVDA,6383261.904952493
2024-02-26,NVDA,6415500.492287496
2024-02-27,NVDA,6386617.984903183
2024-02-28,NVDA,6327096.764510474
2024-02-29,NVDA,6443238.071033483
2024-03-01,NVDA,6698201.509681654
2024-03-04,NVDA,6943103.492439585
2024-03-05,NVDA,7007808.440129036
2024-03-06,NVDA,7202103.088203511
2024-03-07,NVDA,7494338.873902359
2024-03-08,NVDA,7076998.006835992
2024-03-11,NVDA,6945483.282236826
2024-03-12,NVDA,7446993.003914286
2024-03-13,NVDA,7349204.775588945
2024-03-14,NVDA,7132274.928558278
2024-03-15,NVDA,7134625.841491431
2024-03-18,NVDA,7189107.178592298
2024-03-19,NVDA,7287221.817541445
2024-03-20,NVDA,7354685.97661034
2024-03-21,NVDA,7422532.198804102
2024-03-22,NVDA,7692696.03448414
2024-03-25,NVDA,7745170.639653559
2024-03-26,NVDA,7540047.407686088
2024-03-27,NVDA,7359922.294620058
2024-03-28,NVDA,7348502.605521625
2024-04-01,NVDA,7362088.899917552
2024-04-02,NVDA,7286784.402090821
2024-04-03,NVDA,7228349.696222594
2024-04-04,NVDA,6962788.208313656
2024-04-05,NVDA,7182894.51039407
2024-04-08,NVDA,7103103.772603201
2024-04-09,NVDA,6956036.365237299
2024-04-10,NVDA,7141950.359009662
2024-04-11,NVDA,7446876.535896963
2024-04-12,NVDA,7286348.067271287
2024-04-15,NVDA,7104771.066302721
2024-04-16,NVDA,7251494.592842219
2024-04-17,NVDA,6957488.9135254985
2024-04-18,NVDA,6994903.18345914
2024-04-19,NVDA,6287772.899373234
2024-04-22,NVDA,6545811.934169555
2024-04-23,NVDA,6764168.634482537
2024-04-24,NVDA,6556034.284021868
2024-04-25,NVDA,6789251.76302961
2024-04-26,NVDA,7197477.62693413
2024-04-29,NVDA,7194015.645136761
2024-04-30,NVDA,7128563.681189815
2024-05-01,NVDA,6857753.568083761
2024-05-02,NVDA,7055587.883323861
2024-05-03,NVDA,7286071.665852858
2024-05-06,NVDA,7554972.483930616
2024-05-07,NVDA,7448854.03075396
2024-05-08,NVDA,7452907.718107375
2024-05-09,NVDA,7293277.61412665
2024-05-10,NVDA,7371655.907049717
2024-05-13,NVDA,7418195.686280788
2024-05-14,NVDA,7486303.36116292
2024-05-15,NVDA,7733010.8983646445
2024-05-16,NVDA,7713699.900742033
2024-05-17,NVDA,7557233.94462366
2024-05-20,NVDA,7745271.558590217
2024-05-21,NVDA,7814253.824233353
2024-05-22,NVDA,7792790.989938124
2024-05-23,NVDA,8536453.388779048
2024-05-24,NVDA,8737555.592466
2024-05-28,NVDA,9323526.59953413
2024-05-29,NVDA,9441909.675250346
2024-05-30,NVDA,9071678.079998719
2024-05-31,NVDA,8973504.486620186
2024-06-03,NVDA,9411437.439464647
2024-06-04,NVDA,9561132.881602855
2024-06-05,NVDA,10065206.580643095
2024-06-06,NVDA,9939377.116235882
2024-06-07,NVDA,9969520.600030418
2024-06-10,NVDA,10062199.90474437
2024-06-11,NVDA,9991756.145589024
2024-06-12,NVDA,10295808.75231135
2024-06-13,NVDA,10694310.317225259
2024-06-14,NVDA,10885598.34943607
2024-06-17,NVDA,10805009.805726545
2024-06-18,NVDA,11168179.176639156
2024-06-20,NVDA,10753182.738719413
2024-06-21,NVDA,10410008.044698104
2024-06-24,NVDA,9686602.976138065
2024-06-25,NVDA,10337978.159245
2024-06-26,NVDA,10391471.499355623
2024-06-27,NVDA,10188846.086114291
2024-06-28,NVDA,10149636.827907499
2024-07-01,NVDA,10212086.01823465
2024-07-02,NVDA,10085676.675178304
2024-07-03,NVDA,10500622.083296645
2024-07-05,NVDA,10297019.83958632
2024-07-08,NVDA,10491763.910123512
2024-07-09,NVDA,10755207.12095864
2024-07-10,NVDA,11029570.349083865
2024-07-11,NVDA,10418635.202958528
2024-07-12,NVDA,10572235.14532487
2024-07-15,NVDA,10534537.449870724
2024-07-16,NVDA,10380597.709062094
2024-07-17,NVDA,9692341.247288417
2024-07-18,NVDA,9955026.395414922
2024-07-19,NVDA,9717142.93147198
2024-07-22,NVDA,10200062.436462894
2024-07-23,NVDA,10131344.505191032
2024-07-24,NVDA,9459821.795928823
2024-07-25,NVDA,9313530.581859807
2024-07-26,NVDA,9385706.412544927
2024-07-29,NVDA,9278390.620122151
2024-07-30,NVDA,8624292.246672057
2024-07-31,NVDA,9699748.37304986
2024-08-01,NVDA,9076618.425160293
2024-08-02,NVDA,8923166.709358266
2024-08-05,NVDA,8355765.987336604
2024-08-06,NVDA,8631863.808464143
2024-08-07,NVDA,8157049.396847759
2024-08-08,NVDA,8659353.982725913
2024-08-09,NVDA,8634286.163119262
2024-08-12,NVDA,8990149.50731227
2024-08-13,NVDA,9566840.294732124
2024-08-14,NVDA,9718163.887710422
2024-08-15,NVDA,10114492.78378573
2024-08-16,NVDA,10250049.54893658
2024-08-19,NVDA,10652362.859910188
2024-08-20,NVDA,10408657.916223073
2024-08-21,NVDA,10483923.571365679
2024-08-22,NVDA,10102936.755064957
2024-08-23,NVDA,10505992.399561344
2024-08-26,NVDA,10233202.029985512
2024-08-27,NVDA,10365946.512763456
2024-08-28,NVDA,10156868.951467657
2024-08-29,NVDA,9510544.938243935
2024-08-30,NVDA,9666712.340006564
2024-09-03,NVDA,8782932.612645784
2024-09-04,NVDA,8622678.744386721
2024-09-05,NVDA,8696797.249593763
2024-09-06,NVDA,8360576.35659225
2024-09-09,NVDA,8666797.549769064
2024-09-10,NVDA,8824159.22898973
2024-09-11,NVDA,9536241.505038943
2024-09-12,NVDA,9720414.782232825
2024-09-13,NVDA,9713576.18849408
2024-09-16,NVDA,9529255.885437096
2024-09-17,NVDA,9434226.808456138
2024-09-18,NVDA,9248938.860294411
2024-09-19,NVDA,9596978.495441338
2024-09-20,NVDA,9446105.405556846
2024-09-23,NVDA,9428893.593858814
2024-09-24,NVDA,9772323.556957263
2024-09-25,NVDA,9981251.811057659
2024-09-26,NVDA,10033021.424511915
2024-09-27,NVDA,9837768.917047556
2024-09-30,NVDA,9841010.57017298
2024-10-01,NVDA,9484698.884148343
2024-10-02,NVDA,9625405.756962067
2024-10-03,NVDA,9985515.621122736
2024-10-04,NVDA,10181445.864384802
2024-10-07,NVDA,10434207.577225098
2024-10-08,NVDA,10894897.540163456
2024-10-09,NVDA,10901498.214957535
2024-10-10,NVDA,11130818.097769096
2024-10-11,NVDA,11135656.923643408
2024-10-14,NVDA,11405722.90217487
2024-10-15,NVDA,10906051.694189407
2024-10-16,NVDA,11219809.448718052
2024-10-17,NVDA,11334641.450607155
2024-10-18,NVDA,11433905.28068392
2024-10-21,NVDA,11935507.336284392
2024-10-22,NVDA,11916920.481561232
2024-10-23,NVDA,11597516.849840308
2024-10-24,NVDA,11669843.18842204
2024-10-25,NVDA,11786708.39770426
2024-10-28,NVDA,11721163.859694062
2024-10-29,NVDA,11795626.485867746
2024-10-30,NVDA,11639041.480224451
2024-10-31,NVDA,11090654.462205928
2024-11-01,NVDA,11321708.577809442
2024-11-04,NVDA,11347548.868539227
2024-11-05,NVDA,11635842.932272447
2024-11-06,NVDA,12180729.546054896
2024-11-07,NVDA,12392625.81347507
2024-11-08,NVDA,12330223.210354846
2024-11-11,NVDA,12132264.742609683
2024-11-12,NVDA,12412947.08109536
2024-11-13,NVDA,12275457.667277692
2024-11-14,NVDA,12357990.56649083
2024-11-15,NVDA,11999781.65248505
2024-11-18,NVDA,11813974.641190456
2024-11-19,NVDA,12338447.653429603
2024-11-20,NVDA,12254949.930759564
2024-11-21,NVDA,12291419.789156867
2024-11-22,NVDA,11912032.18679709
2024-11-25,NVDA,11415269.197211172
2024-11-26,NVDA,11574643.791974513
2024-11-27,NVDA,11403695.278042378
2024-11-29,NVDA,11627244.710911172
2024-12-02,NVDA,11697487.652789228
2024-12-03,NVDA,11835035.660825923
2024-12-04,NVDA,12255548.720452745
2024-12-05,NVDA,12225253.227885086
2024-12-06,NVDA,12088250.57833775
2024-12-09,NVDA,11775188.510089893
2024-12-10,NVDA,11487929.090588903
2024-12-11,NVDA,11837675.642575264
2024-12-12,NVDA,11698311.33381895
2024-12-13,NVDA,11469768.845005484
2024-12-16,NVDA,11283877.784626223
2024-12-17,NVDA,11197913.281356312
2024-12-18,NVDA,11100219.308075916
2024-12-19,NVDA,11273813.50708814
2024-12-20,NVDA,11616577.081015315
2024-12-23,NVDA,12070346.982637862
2024-12-24,NVDA,12110301.936330818
2024-12-26,NVDA,12085255.669310879
2024-12-27,NVDA,11857741.881258655
2024-12-30,NVDA,11868743.606266059
2024-12-31,NVDA,11600567.591473421
2025-01-02,NVDA,11971913.077237107
2025-01-03,NVDA,12525929.582876401
2025-01-06,NVDA,12871646.88177896
2025-01-07,NVDA,12064691.379765783
2025-01-08,NVDA,12104166.233080119
2025-01-10,NVDA,11767436.302800836
2025-01-13,NVDA,11526596.712480089
2025-01-14,NVDA,11367776.541500237
2025-01-15,NVDA,11724031.794568028
2025-01-16,NVDA,11537568.90023774
2025-01-17,NVDA,11934032.575023813
2025-01-21,NVDA,12146075.988377212
2025-01-22,NVDA,12686902.130844414
2025-01-23,NVDA,12701609.459924595
2025-01-24,NVDA,12274770.38590537
2025-01-27,NVDA,10223958.91200461
2025-01-28,NVDA,11146601.975553723
2025-01-29,NVDA,10719917.43178016
2025-01-30,NVDA,10786529.933481153
2025-01-31,NVDA,10440660.625805471
2025-02-03,NVDA,10227488.733420318
2025-02-04,NVDA,10218172.912981182
2025-02-05,NVDA,10712925.448461901
2025-02-06,NVDA,11064191.247688651
2025-02-07,NVDA,11145222.730074363
2025-02-10,NVDA,11485446.160557766
2025-02-11,NVDA,11406478.983726496
2025-02-12,NVDA,11256812.298382256
2025-02-13,NVDA,11567556.533015281
2025-02-14,NVDA,11808590.81703715
2025-02-18,NVDA,11877961.929766985
2025-02-19,NVDA,11888552.654750373
2025-02-20,NVDA,11934253.684151545
2025-02-21,NVDA,11465778.074395448
2025-02-24,NVDA,11125895.522985423
2025-02-25,NVDA,10861319.87080455
2025-02-26,NVDA,11301143.387738438
2025-02-27,NVDA,10402895.090732988
2025-02-28,NVDA,10827893.2496578
2025-03-03,NVDA,9879715.834047083
2025-03-04,NVDA,10089366.85024054
2025-03-05,NVDA,10119515.79722558
2025-03-06,NVDA,9498423.85953397
2025-03-07,NVDA,9722485.871749101
2025-03-10,NVDA,9268383.015681157
2025-03-11,NVDA,9435654.982509784
2025-03-12,NVDA,9999525.763045618
2025-03-13,NVDA,9998192.26428234
2025-03-14,NVDA,10509665.404596284
2025-03-17,NVDA,10264537.209730482
2025-03-18,NVDA,9910374.238555318
2025-03-19,NVDA,10107451.871893186
2025-03-20,NVDA,10209261.668814588
2025-03-21,NVDA,10138478.471427314
2025-03-24,NVDA,10436185.012047036
2025-03-25,NVDA,10358354.719155988
2025-03-26,NVDA,9744456.842796193
2025-03-27,NVDA,9572301.444043322
2025-03-28,NVDA,9419793.299286783
2025-03-31,NVDA,9353887.950563129
2025-04-01,NVDA,9488134.270413922
2025-04-02,NVDA,9492830.212844301
2025-04-03,NVDA,8598366.646121334
2025-04-04,NVDA,8048966.35635211
2025-04-07,NVDA,8339029.833422719
2025-04-08,NVDA,8207241.82922827
2025-04-09,NVDA,9712288.976762429
2025-04-10,NVDA,9050846.994644873
2025-04-11,NVDA,9250308.380093975
2025-04-14,NVDA,9225981.032923227
2025-04-15,NVDA,9385850.136479706
2025-04-16,NVDA,8713285.158532582
2025-04-17,NVDA,8443012.299182722
2025-04-21,NVDA,8040472.836136304
2025-04-22,NVDA,8208906.181209828
2025-04-23,NVDA,8553137.492295502
2025-04-24,NVDA,8863558.077917503
2025-04-25,NVDA,9238985.347442906
2025-04-28,NVDA,9040742.793791573
2025-04-29,NVDA,9062892.36914358
2025-04-30,NVDA,9031692.748565162
2025-05-01,NVDA,9270829.92467601
2025-05-02,NVDA,9486139.90570493
2025-05-05,NVDA,9438686.152713183
2025-05-06,NVDA,9395017.610284407
2025-05-07,NVDA,9695420.685680438
2025-05-08,NVDA,9799310.337236946
2025-05-09,NVDA,9753203.17065166
2025-05-12,NVDA,10336560.551361995
2025-05-13,NVDA,10896316.46881779
2025-05-14,NVDA,11345952.596316248
2025-05-15,NVDA,11320196.294636067
2025-05-16,NVDA,11363175.694605649
2025-05-19,NVDA,11377442.606482185
2025-05-20,NVDA,11242077.173069073
2025-05-21,NVDA,10957397.520151768
2025-05-22,NVDA,11060571.974032834
2025-05-23,NVDA,10842483.450334996
2025-05-27,NVDA,11205619.081543623
2025-05-28,NVDA,11189833.222602
2025-05-29,NVDA,11536680.261272583
2025-05-30,NVDA,11161229.397968413
2025-06-02,NVDA,11305008.084721478
2025-06-03,NVDA,11634566.947097106
2025-06-04,NVDA,11653044.417940076
2025-06-05,NVDA,11479444.45556205
2025-06-06,NVDA,11647683.04689939
2025-06-09,NVDA,11717336.444483578
2025-06-10,NVDA,11826598.573566964
2025-06-11,NVDA,11717474.705227854
2025-06-12,NVDA,11849360.026255334
2025-06-13,NVDA,11589816.813018803
2025-06-16,NVDA,11777119.958055506
2025-06-17,NVDA,11769659.641230479
2025-06-18,NVDA,11941862.287575945
2025-06-20,NVDA,11855560.447301224
2025-06-23,NVDA,11905302.796833351
2025-06-24,NVDA,12175139.081223434
2025-06-25,NVDA,12725970.786939574
2025-06-26,NVDA,12694250.24214141
2025-06-27,NVDA,12951897.908378493
2025-06-30,NVDA,12940302.556693109
2025-07-01,NVDA,12556164.199892737
2025-07-02,NVDA,12859867.162422854
2025-07-03,NVDA,12985826.722806118
2025-07-07,NVDA,12973128.947305227
2025-07-08,NVDA,13137592.353934698
2025-07-09,NVDA,13389714.633345874
2025-07-10,NVDA,13480154.210058674
2025-07-11,NVDA,13548504.006339703
2025-07-14,NVDA,13487539.783233408
2025-07-15,NVDA,14049987.192520432
2025-07-16,NVDA,14107191.239683975
2025-07-17,NVDA,14283955.830204839
2025-07-18,NVDA,14201084.63342592
2025-07-21,NVDA,14088465.70397112
2025-07-22,NVDA,13672709.162150696
2025-07-23,NVDA,13953018.68291082
2025-07-24,NVDA,14216759.787716025
2025-07-25,NVDA,14274200.132877601
2025-07-28,NVDA,14561745.559406694
2025-07-29,NVDA,14510163.195306059
2025-07-30,NVDA,14864068.435966605
2025-07-31,NVDA,14783227.084617415
2025-08-01,NVDA,14389292.386753865
2025-08-04,NVDA,14909467.128803222
2025-08-05,NVDA,14752500.060035061
2025-08-06,NVDA,14806490.910691844
2025-08-07,NVDA,14925495.349283982
2025-08-08,NVDA,15082654.470210604
2025-08-11,NVDA,15066981.717322916
2025-08-12,NVDA,15147019.859598005
2025-08-13,NVDA,15008462.121879179
2025-08-14,NVDA,15086619.305674514
2025-08-15,NVDA,14956490.790621722
2025-08-18,NVDA,15089068.556036726
2025-08-19,NVDA,14606321.771914799
2025-08-20,NVDA,14601105.44558022
2025-08-21,NVDA,14598708.005475197
2025-08-22,NVDA,14803886.229558062
2025-08-25,NVDA,14934749.993996494
2025-08-26,NVDA,15099727.180673514
2025-08-27,NVDA,15068161.406261258
2025-08-28,NVDA,14879200.573134711
2025-08-29,NVDA,14369881.370720502
2025-09-02,NVDA,14137568.860214366
2025-09-03,NVDA,14129445.276041208
2025-09-04,NVDA,14251639.797641823
2025-09-05,NVDA,13866415.466632513
2025-09-08,NVDA,13960378.62111473
2025-09-09,NVDA,14181020.195794344
2025-09-10,NVDA,14748992.331521608
2025-09-11,NVDA,14725048.308211995
2025-09-12,NVDA,14783341.631512804
2025-09-15,NVDA,14730568.652092822
2025-09-16,NVDA,14433930.855619682
2025-09-17,NVDA,14067357.73691836
2025-09-18,NVDA,14598024.92655711
2025-09-19,NVDA,14624096.232199604
2025-09-22,NVDA,15229428.546271022
2025-09-23,NVDA,14816915.63873302
2025-09-24,NVDA,14760485.383463943
2025-09-25,NVDA,14856808.155963082
2025-09-26,NVDA,14913590.276721606
2025-09-29,NVDA,15198078.778006354
2025-09-30,NVDA,15593387.618369129
2025-10-01,NVDA,15669904.82441746
2025-10-02,NVDA,15834073.51893506
2025-10-03,NVDA,15716349.508112738
2025-10-06,NVDA,15544342.095783938
2025-10-07,NVDA,15498009.077301143
2025-10-08,NVDA,15840026.895707093
2025-10-09,NVDA,16185332.234024672
2025-10-10,NVDA,15394430.347322835
2025-10-13,NVDA,15828123.624196533
2025-10-14,NVDA,15181074.027231904
2025-10-15,NVDA,15163129.36755065
2025-10-16,NVDA,15333355.95988057
2025-10-17,NVDA,15437971.97563377
2025-10-20,NVDA,15390198.115699569
2025-10-21,NVDA,15250259.271414505
2025-10-22,NVDA,15148039.73520536
2025-10-23,NVDA,15302726.072026065
2025-10-24,NVDA,15670637.492295502
2025-10-27,NVDA,16088811.165720781
2025-10-28,NVDA,16846905.212644182
2025-10-29,NVDA,17297113.354198854
2025-10-30,NVDA,17036884.12032627
2025-10-31,NVDA,17040980.852818046
2025-11-03,NVDA,17458868.939460646
2025-11-04,NVDA,16807067.92766976
2025-11-05,NVDA,16547855.147406086
2025-11-06,NVDA,15938932.016297517
2025-11-07,NVDA,15884997.538562521
2025-11-10,NVDA,16753870.260231977
2025-11-11,NVDA,16258113.938540107
2025-11-12,NVDA,16294530.005523225
2025-11-13,NVDA,15725604.633105733
2025-11-14,NVDA,16012156.59945408
2025-11-17,NVDA,15722768.096568396
2025-11-18,NVDA,15239875.607354695
2025-11-19,NVDA,15721626.229718156
2025-11-20,NVDA,15269384.520560008
2025-11-21,NVDA,15142090.981132982
2025-11-24,NVDA,15461521.928806422
2025-11-25,NVDA,15056632.75352806
2025-11-26,NVDA,15214537.329800604
2025-11-28,NVDA,14854372.953805022
2025-12-01,NVDA,15099428.146037286
2025-12-02,NVDA,15236295.356488189
2025-12-03,NVDA,15039388.46286231
2025-12-04,NVDA,15360076.844877409
2025-12-05,NVDA,15178079.598485515
2025-12-08,NVDA,15413733.720492769
2025-12-09,NVDA,15373326.10244383
2025-12-10,NVDA,15264492.263481872
2025-12-11,NVDA,14961516.445604233
2025-12-12,NVDA,14467551.329976708
2025-12-15,NVDA,14573590.777013777
2025-12-16,NVDA,14668333.666861447
2025-12-17,NVDA,14143630.360130316
2025-12-18,NVDA,14400035.780896043
2025-12-19,NVDA,14974084.005058954
2025-12-22,NVDA,15161074.787676003
2025-12-23,NVDA,15567829.912668997
2025-12-24,NVDA,15483361.12289577
2025-12-26,NVDA,15640977.650948156
2025-12-29,NVDA,15464905.024534328
2025-12-30,NVDA,15416914.798242174
2025-12-31,NVDA,15345976.050013207
2026-01-02,NVDA,15574490.202278132
2026-01-05,NVDA,15549297.749885935
2026-01-06,NVDA,15500166.257094141
2026-01-07,NVDA,15693570.225011406
2026-01-08,NVDA,15403583.532783145
2026-01-09,NVDA,15421893.745947635
2026-01-12,NVDA,15405251.66697351
2026-01-13,NVDA,15489992.11539539
2026-01-14,NVDA,15257513.067631498
2026-01-15,NVDA,15607962.750246145
2026-01-16,NVDA,15555192.172228584
2026-01-20,NVDA,14783813.927333564
2026-01-21,NVDA,15203173.533343473
2026-01-22,NVDA,15311475.82187998
2026-01-23,NVDA,15471542.020539995
2026-01-26,NVDA,15339029.633305851
2026-01-27,NVDA,15414856.676298957
2026-01-28,NVDA,15603820.150968166
2026-01-29,NVDA,15619757.838577729
2026-01-30,NVDA,15561718.403547673
2026-02-02,NVDA,15239313.919328889
2026-02-03,NVDA,14780641.97491335
2026-02-04,NVDA,14293320.819358505
2026-02-05,NVDA,14112026.703594899
2026-02-06,NVDA,15191726.04801204
2026-02-09,NVDA,15488943.783169372
2026-02-10,NVDA,15330467.553050982
2026-02-11,NVDA,15487476.886501716
2026-02-12,NVDA,15268829.196250612
2026-02-13,NVDA,14941377.804637909
2026-02-17,NVDA,15164558.02188478
2026-02-18,NVDA,15436157.355895841
2026-02-19,NVDA,15449893.137592355
2026-02-20,NVDA,15599786.15511459
2026-02-23,NVDA,15741961.005227055
2026-02-24,NVDA,15870795.34448118
2026-02-25,NVDA,16066814.619737927
2026-02-26,NVDA,15193518.935058074
2026-02-27,NVDA,14511830.789180882
2026-03-02,NVDA,14995474.797281614
2026-03-03,NVDA,14791463.414634146
2026-03-04,NVDA,15015120.190191071
2026-03-05,NVDA,15053217.5390428
2026-03-06,NVDA,14521844.577233104
2026-03-09,NVDA,14883624.196530774
2026-03-10,NVDA,15048621.915198477
2026-03-11,NVDA,15174399.50931344
2026-03-12,NVDA,14971647.722269807
2026-03-13,NVDA,14842522.032867195
2026-03-16,NVDA,15041985.519543413
2026-03-17,NVDA,14962292.398760878
2026-03-18,NVDA,14844043.321299639
2026-03-19,NVDA,14716224.355023334
2026-03-20,NVDA,14222897.772299023
2026-03-23,NVDA,14463970.238619354
2026-03-24,NVDA,14474016.025358811
2026-03-25,NVDA,14804421.862367624
2026-03-26,NVDA,14232190.95952036
2026-03-27,NVDA,13954189.246519968
2026-03-30,NVDA,13809008.981245046
2026-03-31,NVDA,14594292.66691748
2026-04-01,NVDA,14653453.616912277
2026-04-02,NVDA,14822140.249905946
2026-04-06,NVDA,14840896.523569765
2026-04-07,NVDA,14869704.107198605
2026-04-08,NVDA,15140782.697095104
2026-04-09,NVDA,15259832.40212284
2026-04-10,NVDA,15656001.604937285
2026-04-13,NVDA,15697665.756801972
2026-04-14,NVDA,16229806.627070207
2026-04-15,NVDA,16411586.48650812
2026-04-16,NVDA,16325805.270277845
2026-04-17,NVDA,16552670.439536689
2026-04-20,NVDA,16570514.780631889
2026-04-21,NVDA,16383337.709222186
2026-04-22,NVDA,16609029.673329225
2026-04-23,NVDA,16405614.79904264
2026-04-24,NVDA,17102290.097416893
2026-04-27,NVDA,17705210.743073955
2026-04-28,NVDA,17504658.280435774
2026-04-29,NVDA,17187788.66858245
2026-04-30,NVDA,16323182.818766158
2026-05-01,NVDA,16174389.04320123
2026-05-04,NVDA,16218539.306955263
2026-05-05,NVDA,16063824.27337565
2026-05-06,NVDA,17000030.51782241
2026-05-07,NVDA,17312925.748637203
2026-05-08,NVDA,17681689.30655503
2026-05-11,NVDA,18005033.819750737
2026-05-12,NVDA,18171975.23353639
2026-05-13,NVDA,18578140.574095275
2026-05-14,NVDA,19424532.927229505
2026-05-15,NVDA,18602467.68112578
2026-05-18,NVDA,18354787.035628807
2026-05-19,NVDA,18220231.235041264
2026-05-20,NVDA,18448389.67957287
2026-05-21,NVDA,18163645.549000617
2026-05-22,NVDA,17851377.024182122
2026-05-26,NVDA,17816282.62905537
2026-05-27,NVDA,17653133.029689338
2026-05-28,NVDA,17761842.415970925
2026-05-29,NVDA,17490072.522353053
2026-06-01,NVDA,18637700.336996805
2026-06-02,NVDA,18505758.64304754
2026-06-03,NVDA,17899987.59275417
2026-06-04,NVDA,18241649.28318138
2026-06-05,NVDA,17144887.014016185
2026-06-08,NVDA,17469614.735005245
2026-06-09,NVDA,17431935.830525026
2026-06-10,NVDA,16760891.96090517
2026-06-11,NVDA,17210526.407421935
2026-06-12,NVDA,17217698.916167043
2026-06-15,NVDA,17833270.029697344
2026-06-16,NVDA,17427639.901702594
2026-06-17,NVDA,17242418.17221257
2026-06-18,NVDA,17874000.756441765
2026-06-22,NVDA,17739767.824409455
2026-06-23,NVDA,17053367.166425195
2026-06-24,NVDA,17005327.111032844
2026-06-25,NVDA,16691493.592257878
2026-06-26,NVDA,16396959.304233674
2026-06-29,NVDA,16628173.773483714
2026-06-30,NVDA,17069642.070969447
2026-07-01,NVDA,16855514.42042153
2026-07-02,NVDA,16586992.183435127
2026-07-06,NVDA,16692901.354390966
2026-07-07,NVDA,16787058.061908156
2026-07-08,NVDA,17369324.965780016
2026-07-09,NVDA,17249212.460076686
2026-07-10,NVDA,17915903.84784714
2026-07-13,NVDA,17283684.771906793
2026-07-14,NVDA,17886789.485059272
2026-07-15,NVDA,17922941.998126905
2026-07-16,NVDA,17479094.991475023
2026-07-17,NVDA,17063040.855859824
2026-07-20,NVDA,17151399.137096062
2026-07-21,NVDA,17540759.103316337
2026-07-22,NVDA,17935482.001488872
2026-07-23,NVDA,17650110.144324288
2026-07-24,NVDA,17500196.834951613
2026-07-27,NVDA,16650977.010574177
2026-07-28,NVDA,16679150.744034518
2026-07-29,NVDA,16064846.850560728
2026-07-30,NVDA,16409326.406621465
2026-07-31,NVDA,16907804.657920226
2026-08-03,NVDA,17403879.225467674
2026-08-04,NVDA,17899885.052870877
2026-08-05,NVDA,18459458.64384801
2026-08-06,NVDA,18429573.791094
2026-08-07,NVDA,18746993.92445188
2026-08-10,NVDA,18209126.730010323
2026-08-11,NVDA,18185355.24746452
2026-08-12,NVDA,18740386.58576609
2026-08-13,NVDA,18852398.200549122
2026-08-14,NVDA,18755523.225563727
2026-08-17,NVDA,18729519.939644754
2026-08-18,NVDA,18322513.507888608
2026-08-19,NVDA,18055841.251290757
2026-08-20,NVDA,17946144.048124105
2026-08-21,NVDA,17737641.982918024
2026-08-24,NVDA,17324798.642407164
2026-08-25,NVDA,17700730.92686129
2026-08-26,NVDA,17465652.901294358
2026-08-27,NVDA,18971263.898116503
2026-08-28,NVDA,18138599.34201574
2026-08-31,NVDA,18378746.06770354
2026-09-01,NVDA,18139871.12473685
2026-09-02,NVDA,18676882.279251084
2026-09-03,NVDA,18911626.68998695
2026-09-04,NVDA,19140272.319034316
2026-09-08,NVDA,18679682.854787197
2026-09-09,NVDA,18528012.31919441
2026-09-10,NVDA,18119613.374210536
2026-09-11,NVDA,18171466.9767144
2026-09-14,NVDA,17615743.434165552
2026-09-15,NVDA,17726971.891584687
2026-09-16,NVDA,17910039.26292955
2026-09-17,NVDA,18419524.522321034
2010-09-17,RY,10000.0
2010-09-20,RY,9957.982252827127
2010-09-21,RY,9922.427476767089
2010-09-22,RY,9766.661859755333
2010-09-23,RY,9690.05091962078
2010-09-24,RY,9866.655958310192
2010-09-27,RY,9769.31675695014
2010-09-28,RY,9841.400243329927
2010-09-29,RY,9833.250585573078
2010-09-30,RY,9906.074539138253
2010-10-01,RY,9932.059876381743
2010-10-04,RY,9895.564303324158
2010-10-05,RY,10062.152248910003
2010-10-06,RY,10105.784684493648
2010-10-07,RY,10130.089661297716
2010-10-08,RY,10127.707092148308
2010-10-11,RY,10158.211146959267
2010-10-12,RY,10141.108102214235
2010-10-13,RY,10195.561360132782
2010-10-14,RY,10151.866264998866
2010-10-15,RY,10227.102912497234
2010-10-18,RY,10377.275260903974
2010-10-19,RY,10386.51995455134
2010-10-20,RY,10487.841351079682
2010-10-21,RY,10453.20779090773
2010-10-22,RY,10283.077773244666
2010-10-25,RY,10199.272130999188
2010-10-26,RY,10228.217228249372
2010-10-27,RY,10188.507340762124
2010-10-28,RY,9981.439819463376
2010-10-29,RY,10035.355048743557
2010-11-01,RY,9989.508140304011
2010-11-02,RY,9999.833409945677
2010-11-03,RY,10046.500917495478
2010-11-04,RY,10186.200987315688
2010-11-05,RY,10212.77646907349
2010-11-08,RY,10161.374249256496
2010-11-09,RY,9998.020801705447
2010-11-10,RY,9998.152447010581
2010-11-11,RY,9891.782136720187
2010-11-12,RY,9770.767265289298
2010-11-15,RY,9778.785880236692
2010-11-16,RY,9792.126339487215
2010-11-17,RY,9763.405973124052
2010-11-18,RY,9946.50531270143
2010-11-19,RY,10255.36959961662
2010-11-22,RY,10120.357849896578
2010-11-23,RY,9995.054414246324
2010-11-24,RY,10130.149609617445
2010-11-26,RY,10173.666968527043
2010-11-29,RY,10291.063853425576
2010-11-30,RY,10150.504926019707
2010-12-01,RY,10378.63690113097
2010-12-02,RY,10301.919319261826
2010-12-03,RY,9869.511787812831
2010-12-06,RY,9669.572694100683
2010-12-07,RY,9712.464060003265
2010-12-08,RY,9699.467023287873
2010-12-09,RY,9674.352894791393
2010-12-10,RY,9731.801761209334
2010-12-13,RY,9706.639131810962
2010-12-14,RY,9637.83292065894
2010-12-15,RY,9580.2590363883
2010-12-16,RY,9568.832705899358
2010-12-17,RY,9508.952769430116
2010-12-20,RY,9398.425841473325
2010-12-21,RY,9545.145287162844
2010-12-22,RY,9597.374432294684
2010-12-23,RY,9579.729141441554
2010-12-27,RY,9572.917024084674
2010-12-28,RY,9614.00210795162
2010-12-29,RY,9605.788284405311
2010-12-30,RY,9630.153812024784
2010-12-31,RY,9610.31694315143
2011-01-03,RY,9690.465436645636
2011-01-04,RY,9632.782199409861
2011-01-05,RY,9597.798890498188
2011-01-06,RY,9512.315297795989
2011-01-07,RY,9603.1508595851
2011-01-10,RY,9529.12161342076
2011-01-11,RY,9702.92504721834
2011-01-12,RY,9771.806269081979
2011-01-13,RY,9747.260595255486
2011-01-14,RY,9941.485619979647
2011-01-18,RY,9967.799618614212
2011-01-19,RY,9944.072435163105
2011-01-20,RY,10006.103883690139
2011-01-21,RY,9953.610544204521
2011-01-24,RY,9838.8176456162
2011-01-25,RY,9857.319082824448
2011-01-26,RY,9764.538062498623
2011-01-27,RY,9867.462398772064
2011-01-28,RY,9831.202702771501
2011-01-31,RY,9931.016655119334
2011-02-01,RY,10035.085431928697
2011-02-02,RY,9965.898443509659
2011-02-03,RY,10066.46009299099
2011-02-04,RY,10157.281797379559
2011-02-07,RY,10045.968010070354
2011-02-08,RY,10039.971370610483
2011-02-09,RY,10087.96828486863
2011-02-10,RY,10137.496743134312
2011-02-11,RY,10175.443427026732
2011-02-14,RY,10205.933323189314
2011-02-15,RY,10267.239668170687
2011-02-16,RY,10361.370278809996
2011-02-17,RY,10361.370278809996
2011-02-18,RY,10501.005580345072
2011-02-22,RY,10381.286978360373
2011-02-23,RY,10393.795391082806
2011-02-24,RY,10442.400524725532
2011-02-25,RY,10476.533109743172
2011-02-28,RY,10526.810168885862
2011-03-01,RY,10432.779873776553
2011-03-02,RY,10526.566760632895
2011-03-03,RY,11100.893353475565
2011-03-04,RY,10996.238348373785
2011-03-07,RY,11013.08021124342
2011-03-08,RY,11155.627675626813
2011-03-09,RY,11208.91540566079
2011-03-10,RY,10951.72325662529
2011-03-11,RY,11048.201792912656
2011-03-14,RY,11107.357529579751
2011-03-15,RY,10988.31131276909
2011-03-16,RY,10904.067957415244
2011-03-17,RY,11068.761054101129
2011-03-18,RY,10945.60039432137
2011-03-21,RY,11045.137499906235
2011-03-22,RY,11030.000097303051
2011-03-23,RY,11088.664197498805
2011-03-24,RY,11000.515163927475
2011-03-25,RY,10978.108952245258
2011-03-28,RY,10942.661420415487
2011-03-29,RY,11031.858193966795
2011-03-30,RY,11098.864449287772
2011-03-31,RY,11113.1541404753
2011-04-01,RY,11190.119046819305
2011-04-04,RY,11183.990762054304
2011-04-05,RY,11121.764406176195
2011-04-06,RY,11103.42112408281
2011-04-07,RY,11126.781688915275
2011-04-08,RY,11150.794154068808
2011-04-11,RY,11094.824414534618
2011-04-12,RY,11022.749965589966
2011-04-13,RY,11175.023517665579
2011-04-14,RY,11138.930712967172
2011-04-15,RY,11104.362222328195
2011-04-18,RY,11078.891416391722
2011-04-19,RY,11046.742247138363
2011-04-20,RY,11059.37356897863
2011-04-21,RY,11137.014174222892
2011-04-25,RY,11093.197676210328
2011-04-26,RY,11124.377731169383
2011-04-27,RY,11149.273153735598
2011-04-28,RY,11104.904769684128
2011-04-29,RY,11110.149795788608
2011-05-02,RY,11093.929708456259
2011-05-03,RY,10942.332156528737
2011-05-04,RY,10835.48858588511
2011-05-05,RY,10826.894286319623
2011-05-06,RY,10818.613284505476
2011-05-09,RY,10974.42619742777
2011-05-10,RY,10930.417503294673
2011-05-11,RY,10827.589867577173
2011-05-12,RY,10900.08606349479
2011-05-13,RY,10894.322589861402
2011-05-16,RY,10901.035897927472
2011-05-17,RY,11068.20796307087
2011-05-18,RY,11136.387578720201
2011-05-19,RY,11166.15990253307
2011-05-20,RY,11170.543058573516
2011-05-23,RY,11014.848837299325
2011-05-24,RY,11073.403584529948
2011-05-25,RY,11100.654765188005
2011-05-26,RY,11001.625864705558
2011-05-27,RY,10672.103507311089
2011-05-31,RY,10557.137993711693
2011-06-01,RY,10171.571488567086
2011-06-02,RY,10300.226306413213
2011-06-03,RY,10260.759827178936
2011-06-06,RY,10103.276494995867
2011-06-07,RY,10097.614240635989
2011-06-08,RY,10086.269849558937
2011-06-09,RY,10182.386587193068
2011-06-10,RY,10101.554562354824
2011-06-13,RY,10097.081031963027
2011-06-14,RY,10105.078860809612
2011-06-15,RY,9984.419763075202
2011-06-16,RY,10022.287218786272
2011-06-17,RY,10122.60214628842
2011-06-20,RY,10130.100506219878
2011-06-21,RY,10194.375046147403
2011-06-22,RY,10143.38131839851
2011-06-23,RY,10024.627914486222
2011-06-24,RY,10011.276911561376
2011-06-27,RY,10021.395223938454
2011-06-28,RY,10120.151495127662
2011-06-29,RY,10180.186272985547
2011-06-30,RY,10230.97033223931
2011-07-01,RY,10333.107809160338
2011-07-05,RY,10194.965190661713
2011-07-06,RY,10198.492200347044
2011-07-07,RY,10150.39587430241
2011-07-08,RY,10175.046382376471
2011-07-11,RY,10020.356521393613
2011-07-12,RY,9971.345004417648
2011-07-13,RY,9909.202997934131
2011-07-14,RY,9904.393877450993
2011-07-15,RY,9858.816887074145
2011-07-18,RY,9763.457486504321
2011-07-19,RY,9867.663632327738
2011-07-20,RY,9978.072471132096
2011-07-21,RY,10092.233954252322
2011-07-22,RY,10025.583773875662
2011-07-25,RY,9918.056370640157
2011-07-26,RY,9789.822094775642
2011-07-27,RY,9627.301296248357
2011-07-28,RY,9726.97396336025
2011-07-29,RY,9627.859809739697
2011-08-01,RY,9675.15451528786
2011-08-02,RY,9436.464405956283
2011-08-03,RY,9634.360135584422
2011-08-04,RY,9482.610453498795
2011-08-05,RY,9440.51829810998
2011-08-08,RY,9045.51791567585
2011-08-09,RY,9509.484471863889
2011-08-10,RY,9255.619906445074
2011-08-11,RY,9641.935313714526
2011-08-12,RY,9581.46884770503
2011-08-15,RY,9746.049277699565
2011-08-16,RY,9632.562288488243
2011-08-17,RY,9720.111838862289
2011-08-18,RY,9471.599543778224
2011-08-19,RY,9139.070732962198
2011-08-22,RY,9104.076579128363
2011-08-23,RY,9411.625919231417
2011-08-24,RY,9634.316153400097
2011-08-25,RY,9478.561682558344
2011-08-26,RY,9233.52006381393
2011-08-29,RY,9236.083984161714
2011-08-30,RY,9197.530285876064
2011-08-31,RY,9391.741453199687
2011-09-01,RY,9218.571844852904
2011-09-02,RY,9153.292040890537
2011-09-06,RY,9070.825746532057
2011-09-07,RY,9243.532336952094
2011-09-08,RY,9157.378769058558
2011-09-09,RY,8926.280707736005
2011-09-12,RY,8718.95833076645
2011-09-13,RY,8745.311491619932
2011-09-14,RY,8652.627171850052
2011-09-15,RY,8933.106983741263
2011-09-16,RY,8749.247897116873
2011-09-19,RY,8745.565443547224
2011-09-20,RY,8815.683890280838
2011-09-21,RY,8670.078760343456
2011-09-22,RY,8525.037867606336
2011-09-23,RY,8656.450308159969
2011-09-26,RY,9019.293990144797
2011-09-27,RY,9000.552157161961
2011-09-28,RY,8832.95111509749
2011-09-29,RY,9066.911030879439
2011-09-30,RY,8923.109471747155
2011-10-03,RY,8686.597083035262
2011-10-04,RY,8665.951062469492
2011-10-05,RY,8813.070264039814
2011-10-06,RY,9056.512558013179
2011-10-07,RY,8825.012029579284
2011-10-10,RY,9076.746170288956
2011-10-11,RY,9003.061250403258
2011-10-12,RY,9160.541570107947
2011-10-13,RY,9000.055399477376
2011-10-14,RY,9001.796611980042
2011-10-17,RY,8838.792310673038
2011-10-18,RY,8975.823023402227
2011-10-19,RY,8859.54919044313
2011-10-20,RY,8993.616829439408
2011-10-21,RY,9048.90725509929
2011-10-24,RY,9124.002316113876
2011-10-25,RY,9042.25359410511
2011-10-26,RY,9184.854680603637
2011-10-27,RY,9492.64170525074
2011-10-28,RY,9447.903087606577
2011-10-31,RY,9234.73409260039
2011-11-01,RY,8956.474477273998
2011-11-02,RY,8912.64080813468
2011-11-03,RY,8981.948898184526
2011-11-04,RY,8750.530309162523
2011-11-07,RY,8788.637558152506
2011-11-08,RY,8877.707807611925
2011-11-09,RY,8524.751079664718
2011-11-10,RY,8576.29398222198
2011-11-11,RY,8730.547033839983
2011-11-14,RY,8710.638166733388
2011-11-15,RY,8642.842039581616
2011-11-16,RY,8537.339323064176
2011-11-17,RY,8312.676518053377
2011-11-18,RY,8421.853554448844
2011-11-21,RY,8461.85535109095
2011-11-22,RY,8494.791078448883
2011-11-23,RY,8320.003769212946
2011-11-25,RY,8254.700467919229
2011-11-28,RY,8425.266692451474
2011-11-29,RY,8541.224516428687
2011-11-30,RY,8909.242431276105
2011-12-01,RY,8945.020130736139
2011-12-02,RY,9224.432019042237
2011-12-05,RY,9336.123571140082
2011-12-06,RY,9248.654755186577
2011-12-07,RY,9414.182308383253
2011-12-08,RY,9228.77661535944
2011-12-09,RY,9425.379991763282
2011-12-12,RY,9271.199842122032
2011-12-13,RY,9163.082595620055
2011-12-14,RY,9146.801053728786
2011-12-15,RY,9123.705285745775
2011-12-16,RY,9287.322023907087
2011-12-19,RY,9230.39762997481
2011-12-20,RY,9321.802550177421
2011-12-21,RY,9339.999425821621
2011-12-22,RY,9668.254734810173
2011-12-23,RY,9756.244107027453
2011-12-27,RY,9720.111236366614
2011-12-28,RY,9643.408114393686
2011-12-29,RY,9776.240938502695
2011-12-30,RY,9847.467073536012
2012-01-03,RY,9983.505174639547
2012-01-04,RY,10062.408610819995
2012-01-05,RY,9945.829613801176
2012-01-06,RY,9838.980018200793
2012-01-09,RY,9976.24811422619
2012-01-10,RY,9964.347017144828
2012-01-11,RY,9992.687509984484
2012-01-12,RY,10040.412698692908
2012-01-13,RY,9903.793189262358
2012-01-17,RY,9822.637021750606
2012-01-18,RY,10006.951896353632
2012-01-19,RY,10069.19361587147
2012-01-20,RY,10238.559669017795
2012-01-23,RY,10417.983483725793
2012-01-24,RY,10301.779540265072
2012-01-25,RY,10301.92413922723
2012-01-26,RY,10075.959341061325
2012-01-27,RY,10059.46481694871
2012-01-30,RY,10056.94487878525
2012-01-31,RY,10102.5218691621
2012-02-01,RY,10186.470604130547
2012-02-02,RY,10128.883163707202
2012-02-03,RY,10236.484372662975
2012-02-06,RY,10259.271964107887
2012-02-07,RY,10280.089093445544
2012-02-08,RY,10351.959898851821
2012-02-09,RY,10301.005634569683
2012-02-10,RY,10274.715434514306
2012-02-13,RY,10300.783313665363
2012-02-14,RY,10283.832700326271
2012-02-15,RY,10212.971978920243
2012-02-16,RY,10222.561902589763
2012-02-17,RY,10214.552626325343
2012-02-21,RY,10281.445009963621
2012-02-22,RY,10423.536686368374
2012-02-23,RY,10450.34382771347
2012-02-24,RY,10472.318953739748
2012-02-27,RY,10543.974668189814
2012-02-28,RY,10669.377515626553
2012-02-29,RY,10643.397600844144
2012-03-01,RY,10882.266350143555
2012-03-02,RY,10828.787327732554
2012-03-05,RY,10903.623616854444
2012-03-06,RY,10785.221467921067
2012-03-07,RY,10715.832342202842
2012-03-08,RY,10928.735335368221
2012-03-09,RY,10889.303800883132
2012-03-12,RY,10906.626455301945
2012-03-13,RY,11141.702795570898
2012-03-14,RY,11055.84806553249
2012-03-15,RY,11177.792286543086
2012-03-16,RY,11144.837881819209
2012-03-19,RY,11174.536701159645
2012-03-20,RY,11163.862887769605
2012-03-21,RY,11163.94844215555
2012-03-22,RY,11126.792835085274
2012-03-23,RY,11122.859140818873
2012-03-26,RY,11273.569819111819
2012-03-27,RY,11234.388621579967
2012-03-28,RY,11264.161849136348
2012-03-29,RY,11149.513549510188
2012-03-30,RY,11130.239411597904
2012-04-02,RY,11264.094369620672
2012-04-03,RY,10948.800248854812
2012-04-04,RY,10954.783332161982
2012-04-05,RY,10893.977058591408
2012-04-09,RY,10845.738242319483
2012-04-10,RY,10712.521025969401
2012-04-11,RY,10803.38580879878
2012-04-12,RY,10906.637601471946
2012-04-13,RY,10729.678596573083
2012-04-16,RY,10828.643933761745
2012-04-17,RY,10864.762947022044
2012-04-18,RY,10925.643327560721
2012-04-19,RY,10963.45535366963
2012-04-20,RY,10957.787074352997
2012-04-23,RY,10964.594974240148
2012-04-24,RY,10954.25012348902
2012-04-25,RY,11038.366352255302
2012-04-26,RY,10967.226374103602
2012-04-27,RY,11044.229538923013
2012-04-30,RY,11075.799709832057
2012-05-01,RY,10994.90412170003
2012-05-02,RY,10958.737210033516
2012-05-03,RY,10796.955372452432
2012-05-04,RY,10644.423952227635
2012-05-07,RY,10663.603197071005
2012-05-08,RY,10504.462700532024
2012-05-09,RY,10348.722388338647
2012-05-10,RY,10465.488159016924
2012-05-11,RY,10414.294101455873
2012-05-14,RY,10299.041197419185
2012-05-15,RY,10204.273146355024
2012-05-16,RY,10256.516148887406
2012-05-17,RY,10034.250071674393
2012-05-18,RY,10019.378068416336
2012-05-21,RY,10169.13589979822
2012-05-22,RY,10078.035842407495
2012-05-23,RY,10300.54924409537
2012-05-24,RY,9960.063574138703
2012-05-25,RY,9733.943030840637
2012-05-29,RY,9898.183352026263
2012-05-30,RY,9801.045384221885
2012-05-31,RY,9979.887188107194
2012-06-01,RY,9664.878650291595
2012-06-04,RY,9622.177371774686
2012-06-05,RY,9784.12700440144
2012-06-06,RY,9849.215214738948
2012-06-07,RY,9847.186009303317
2012-06-08,RY,9812.880206778924
2012-06-11,RY,9648.318454150334
2012-06-12,RY,9790.57521437022
2012-06-13,RY,9857.328722755257
2012-06-14,RY,9880.290435450435
2012-06-15,RY,9966.891356383152
2012-06-18,RY,9889.239906216728
2012-06-19,RY,10241.174199002333
2012-06-20,RY,10280.42829851094
2012-06-21,RY,9909.284334850347
2012-06-22,RY,10083.280567264137
2012-06-25,RY,9896.606922090892
2012-06-26,RY,9929.187779495862
2012-06-27,RY,9962.607009633513
2012-06-28,RY,9915.99161795966
2012-06-29,RY,10117.700542719067
2012-07-02,RY,10187.174921575397
2012-07-03,RY,10357.582388497105
2012-07-05,RY,10372.054937122195
2012-07-06,RY,10250.26073753484
2012-07-09,RY,10213.88927858644
2012-07-10,RY,10144.982450656584
2012-07-11,RY,10218.84540801444
2012-07-12,RY,10150.473596244572
2012-07-13,RY,10177.739236798845
2012-07-16,RY,10131.891725863623
2012-07-17,RY,10167.712805012306
2012-07-18,RY,10157.157382022535
2012-07-19,RY,10198.712713764337
2012-07-20,RY,10140.641770561271
2012-07-23,RY,9989.90156998022
2012-07-24,RY,9961.109807879491
2012-07-25,RY,9904.092629613162
2012-07-26,RY,9972.054141827903
2012-07-27,RY,10154.20214073341
2012-07-30,RY,10150.04040185377
2012-07-31,RY,10034.767314211947
2012-08-01,RY,9981.314199115
2012-08-02,RY,9957.558698367138
2012-08-03,RY,10078.004813880198
2012-08-06,RY,10057.97002517739
2012-08-07,RY,10169.594097759562
2012-08-08,RY,10067.142419343678
2012-08-09,RY,10038.005125972959
2012-08-10,RY,10043.355588820681
2012-08-13,RY,9980.859013632036
2012-08-14,RY,10183.520484054665
2012-08-15,RY,10328.304412386118
2012-08-16,RY,10491.935610443647
2012-08-17,RY,10569.378295858452
2012-08-20,RY,10501.49209560317
2012-08-21,RY,10543.714992553605
2012-08-22,RY,10499.831918768881
2012-08-23,RY,10418.80076910983
2012-08-24,RY,10541.236325343929
2012-08-27,RY,10529.005060632302
2012-08-28,RY,10599.609118880498
2012-08-29,RY,10673.811582551592
2012-08-30,RY,10782.521082302746
2012-08-31,RY,10826.723177547734
2012-09-04,RY,10761.534952928067
2012-09-05,RY,10892.32381045739
2012-09-06,RY,10954.30856556956
2012-09-07,RY,11013.279336064226
2012-09-10,RY,11042.516643717105
2012-09-11,RY,10931.249248574924
2012-09-12,RY,10854.919372673066
2012-09-13,RY,11005.86381928817
2012-09-14,RY,10997.151129322412
2012-09-17,RY,10945.03374713841
2012-09-18,RY,11045.190519525695
2012-09-19,RY,11107.540085769477
2012-09-20,RY,11125.872824188538
2012-09-21,RY,10974.728951504792
2012-09-24,RY,11017.808898553856
2012-09-25,RY,10965.654161637962
2012-09-26,RY,10988.680040122596
2012-09-27,RY,11121.323078093772
2012-09-28,RY,11068.116684976008
2012-10-01,RY,11133.74563518242
2012-10-02,RY,11127.602589273365
2012-10-03,RY,11155.346912641951
2012-10-04,RY,11282.237321901901
2012-10-05,RY,11229.46532816629
2012-10-08,RY,11187.966631018002
2012-10-09,RY,11206.531330272192
2012-10-10,RY,11111.246639166153
2012-10-11,RY,11124.606378278295
2012-10-12,RY,11132.958775830006
2012-10-15,RY,11195.879809222155
2012-10-16,RY,11315.224863887943
2012-10-17,RY,11415.710900161977
2012-10-18,RY,11455.725650461109
2012-10-19,RY,11467.23392036194
2012-10-22,RY,11495.567183253488
2012-10-23,RY,11283.403753529983
2012-10-24,RY,11281.153733429222
2012-10-25,RY,11267.272534309794
2012-10-26,RY,11264.160041649322
2012-10-31,RY,11287.457043188004
2012-11-01,RY,11406.565317053259
2012-11-02,RY,11401.854704613088
2012-11-05,RY,11357.699905278641
2012-11-06,RY,11332.878288432694
2012-11-07,RY,11170.595475697297
2012-11-08,RY,11012.130075562898
2012-11-09,RY,11047.74961990807
2012-11-12,RY,11080.846514859246
2012-11-13,RY,11072.700472076449
2012-11-14,RY,10932.406040272197
2012-11-15,RY,10916.09648233201
2012-11-16,RY,11030.32122749818
2012-11-19,RY,11187.237912498287
2012-11-20,RY,11365.771238597656
2012-11-21,RY,11426.356998750935
2012-11-23,RY,11494.835151007559
2012-11-26,RY,11485.962799687752
2012-11-27,RY,11472.151791314536
2012-11-28,RY,11558.677701535631
2012-11-29,RY,11593.55466996055
2012-11-30,RY,11579.762941448958
2012-12-03,RY,11601.178951488222
2012-12-04,RY,11556.349356997034
2012-12-05,RY,11633.393190274552
2012-12-06,RY,11580.145526203003
2012-12-07,RY,11562.614408280411
2012-12-10,RY,11582.342526684306
2012-12-11,RY,11663.538157662815
2012-12-12,RY,11744.973883168073
2012-12-13,RY,11739.834293806834
2012-12-14,RY,11678.550843661138
2012-12-17,RY,11691.740076497068
2012-12-18,RY,11865.940253697072
2012-12-19,RY,11960.564910790421
2012-12-20,RY,11985.146734357457
2012-12-21,RY,11985.145529366106
2012-12-24,RY,11932.925120421563
2012-12-26,RY,11922.353731296389
2012-12-27,RY,11896.68741551316
2012-12-28,RY,11808.355223256429
2012-12-31,RY,11880.263082146761
2013-01-02,RY,11984.850908980707
2013-01-03,RY,11989.489221939795
2013-01-04,RY,12073.097546851493
2013-01-07,RY,12048.650682315807
2013-01-08,RY,12001.869604331148
2013-01-09,RY,12050.2216897901
2013-01-10,RY,12070.749922451276
2013-01-11,RY,12053.300442692735
2013-01-14,RY,12086.312988249316
2013-01-15,RY,12114.428147706272
2013-01-16,RY,12081.177616357805
2013-01-17,RY,12167.135674404588
2013-01-18,RY,12262.632443988461
2013-01-22,RY,12347.481006248512
2013-01-23,RY,12284.233420200155
2013-01-24,RY,12355.004369750512
2013-01-25,RY,12433.959921806907
2013-01-28,RY,12523.590793492527
2013-01-29,RY,12510.547364610109
2013-01-30,RY,12538.023878650863
2013-01-31,RY,12453.16477271649
2013-02-01,RY,12527.412122315418
2013-02-04,RY,12425.062566916558
2013-02-05,RY,12412.076676371165
2013-02-06,RY,12554.6627004778
2013-02-07,RY,12558.509635366907
2013-02-08,RY,12567.025610494558
2013-02-11,RY,12648.994243424942
2013-02-12,RY,12603.751939395925
2013-02-13,RY,12674.061678506561
2013-02-14,RY,12676.00773953895
2013-02-15,RY,12674.025227518183
2013-02-19,RY,12879.218987265622
2013-02-20,RY,12857.020937839347
2013-02-21,RY,12787.498359328962
2013-02-22,RY,12873.269342468453
2013-02-25,RY,12703.45292380457
2013-02-26,RY,12666.211461100514
2013-02-27,RY,12715.736906887816
2013-02-28,RY,12773.098712680627
2013-03-01,RY,12769.5048259753
2013-03-04,RY,12758.283344016083
2013-03-05,RY,12767.218957381834
2013-03-06,RY,12641.767609043207
2013-03-07,RY,12545.252320519625
2013-03-08,RY,12466.88992545592
2013-03-11,RY,12532.646604745576
2013-03-12,RY,12478.336439549998
2013-03-13,RY,12292.595457682675
2013-03-14,RY,12359.377885860147
2013-03-15,RY,12291.627247131886
2013-03-18,RY,12208.103874110457
2013-03-19,RY,12211.959545186859
2013-03-20,RY,12267.527420105382
2013-03-21,RY,12146.419161844768
2013-03-22,RY,12269.873538266413
2013-03-25,RY,12242.173498329988
2013-03-26,RY,12283.966213368
2013-03-27,RY,12143.550077437261
2013-03-28,RY,12245.20435282641
2013-04-01,RY,12246.154789754766
2013-04-02,RY,12442.18549401889
2013-04-03,RY,12243.192921013208
2013-04-04,RY,12089.185687630874
2013-04-05,RY,11951.206646708193
2013-04-08,RY,11931.121549616466
2013-04-09,RY,12029.638630022437
2013-04-10,RY,12279.003757735405
2013-04-11,RY,12263.368693704122
2013-04-12,RY,12301.502452503833
2013-04-15,RY,12102.50897575464
2013-04-16,RY,12322.038216360957
2013-04-17,RY,12258.844252427732
2013-04-18,RY,12202.968502218944
2013-04-19,RY,12281.826148728045
2013-04-22,RY,12189.485853988966
2013-04-23,RY,12097.242862301511
2013-04-24,RY,12192.323909869177
2013-04-25,RY,12188.452573905208
2013-04-26,RY,12125.535456734951
2013-04-29,RY,12268.36549159023
2013-04-30,RY,12292.234562772956
2013-05-01,RY,12232.788423190192
2013-05-02,RY,12278.868798704054
2013-05-03,RY,12345.380706323152
2013-05-06,RY,12405.310348685636
2013-05-07,RY,12479.008824724036
2013-05-08,RY,12542.07355333483
2013-05-09,RY,12385.234289029046
2013-05-10,RY,12472.47536161715
2013-05-13,RY,12394.63472780857
2013-05-14,RY,12403.26909333649
2013-05-15,RY,12303.825073333514
2013-05-16,RY,12296.230916589624
2013-05-17,RY,12540.208829218653
2013-05-20,RY,12572.350467276065
2013-05-21,RY,12910.560511065753
2013-05-22,RY,12767.497611631828
2013-05-23,RY,12769.48524486584
2013-05-24,RY,12834.34782057281
2013-05-28,RY,12921.237336934168
2013-05-29,RY,12940.203298308352
2013-05-30,RY,12700.39013703734
2013-05-31,RY,12410.627674271196
2013-06-03,RY,12438.325605472757
2013-06-04,RY,12377.165064444895
2013-06-05,RY,12228.881841229195
2013-06-06,RY,12044.38320544509
2013-06-07,RY,12132.258103483993
2013-06-10,RY,12143.717571235096
2013-06-11,RY,11996.939080969365
2013-06-12,RY,11914.441456835748
2013-06-13,RY,12232.36637496939
2013-06-14,RY,12119.778911801834
2013-06-17,RY,12209.265485773134
2013-06-18,RY,12359.69811231176
2013-06-19,RY,12153.906074358389
2013-06-20,RY,11918.688448853492
2013-06-21,RY,11995.381629647776
2013-06-24,RY,12052.137324790869
2013-06-25,RY,12145.769370258566
2013-06-26,RY,12311.189377977138
2013-06-27,RY,12355.380025804287
2013-06-28,RY,12384.714636508786
2013-07-01,RY,12407.673336725584
2013-07-02,RY,12297.497663747707
2013-07-03,RY,12145.212965502093
2013-07-05,RY,12301.317185083568
2013-07-08,RY,12374.922575540078
2013-07-09,RY,12440.402408066766
2013-07-10,RY,12366.469561210532
2013-07-11,RY,12454.090206074306
2013-07-12,RY,12491.434093043226
2013-07-15,RY,12578.128400805668
2013-07-16,RY,12673.292291528738
2013-07-17,RY,12904.538566787503
2013-07-18,RY,13102.991604915629
2013-07-19,RY,13149.18494836868
2013-07-22,RY,13250.096346589733
2013-07-23,RY,13289.278146617262
2013-07-24,RY,13202.52539677428
2013-07-25,RY,13260.397215156536
2013-07-26,RY,13298.026082580043
2013-07-29,RY,13301.360896144837
2013-07-30,RY,13235.308692726272
2013-07-31,RY,13075.838631052706
2013-08-01,RY,13025.34226348407
2013-08-02,RY,13142.048989586132
2013-08-05,RY,13169.321257592837
2013-08-06,RY,13058.302994412545
2013-08-07,RY,12930.581141120183
2013-08-08,RY,13106.335757163395
2013-08-09,RY,13010.109064068454
2013-08-12,RY,12917.756418168026
2013-08-13,RY,13069.876032598511
2013-08-14,RY,13053.9086922021
2013-08-15,RY,13072.405309444941
2013-08-16,RY,13165.113427794011
2013-08-19,RY,13045.612025500388
2013-08-20,RY,13168.149403503674
2013-08-21,RY,13136.370467843013
2013-08-22,RY,13136.619901052736
2013-08-23,RY,13313.194513710527
2013-08-26,RY,13253.617933813981
2013-08-27,RY,13158.215153555513
2013-08-28,RY,13167.019724111808
2013-08-29,RY,13296.078214060628
2013-08-30,RY,13294.355678923908
2013-09-03,RY,13356.799535740933
2013-09-04,RY,13343.155117422039
2013-09-05,RY,13569.961903294683
2013-09-06,RY,13553.499913948555
2013-09-09,RY,13531.99774702767
2013-09-10,RY,13501.279203756176
2013-09-11,RY,13549.943381975118
2013-09-12,RY,13398.236778330303
2013-09-13,RY,13336.997912864603
2013-09-16,RY,13436.27142659137
2013-09-17,RY,13518.197884824456
2013-09-18,RY,13641.92880676123
2013-09-19,RY,13456.330616369041
2013-09-20,RY,13471.07699927872
2013-09-23,RY,13511.933134788917
2013-09-24,RY,13572.639695325166
2013-09-25,RY,13500.65742821889
2013-09-26,RY,13557.605921978195
2013-09-27,RY,13573.770579708385
2013-09-30,RY,13472.981488109492
2013-10-01,RY,13613.306044697529
2013-10-02,RY,13546.439568373302
2013-10-03,RY,13451.795028922654
2013-10-04,RY,13552.493746170197
2013-10-07,RY,13557.05765091334
2013-10-08,RY,13487.801977987277
2013-10-09,RY,13562.631037161058
2013-10-10,RY,13800.790046554539
2013-10-11,RY,13911.34890678214
2013-10-14,RY,13941.382111222569
2013-10-15,RY,13915.214519037192
2013-10-16,RY,13954.842768360384
2013-10-17,RY,14024.113202430502
2013-10-18,RY,14179.834837257935
2013-10-21,RY,14255.626985769262
2013-10-22,RY,14232.455604578954
2013-10-23,RY,14258.858170077841
2013-10-24,RY,14290.60276348499
2013-10-25,RY,14301.23048595584
2013-10-28,RY,14352.629994542292
2013-10-29,RY,14394.85650646678
2013-10-30,RY,14418.962057202203
2013-10-31,RY,14428.19439968822
2013-11-01,RY,14533.855873816197
2013-11-04,RY,14469.693398084346
2013-11-05,RY,14405.47489025466
2013-11-06,RY,14456.167370165722
2013-11-07,RY,14354.358554635768
2013-11-08,RY,14506.603488166787
2013-11-11,RY,14463.859432456906
2013-11-12,RY,14409.567944627273
2013-11-13,RY,14664.388369435526
2013-11-14,RY,14668.14251999058
2013-11-15,RY,14705.922011333003
2013-11-18,RY,14709.729482755352
2013-11-19,RY,14773.103291647762
2013-11-20,RY,14750.855536328243
2013-11-21,RY,14716.102682012512
2013-11-22,RY,14756.723844209197
2013-11-25,RY,14745.312576112148
2013-11-26,RY,14569.997179416492
2013-11-27,RY,14519.361635346782
2013-11-29,RY,14520.14939844271
2013-12-02,RY,14491.214543619015
2013-12-03,RY,14318.894755422754
2013-12-04,RY,14231.707304949783
2013-12-05,RY,14030.513513993066
2013-12-06,RY,14235.596113288344
2013-12-09,RY,14387.725066401801
2013-12-10,RY,14300.984065224495
2013-12-11,RY,14120.444729773008
2013-12-12,RY,14038.541467623432
2013-12-13,RY,14051.646652312607
2013-12-16,RY,14193.81213443763
2013-12-17,RY,14162.3455927848
2013-12-18,RY,14330.601246400878
2013-12-19,RY,14546.551662693759
2013-12-20,RY,14517.318873758448
2013-12-23,RY,14565.044966210386
2013-12-24,RY,14643.741143878407
2013-12-26,RY,14643.741143878407
2013-12-27,RY,14672.708533468587
2013-12-30,RY,14716.035804992514
2013-12-31,RY,14726.812042647416
2014-01-02,RY,14682.202057830003
2014-01-03,RY,14662.553468855294
2014-01-06,RY,14558.934153819977
2014-01-07,RY,14581.338256767327
2014-01-08,RY,14625.335202234754
2014-01-09,RY,14643.48930068598
2014-01-10,RY,14688.421921937708
2014-01-13,RY,14682.186995438115
2014-01-14,RY,14594.82451997136
2014-01-15,RY,14622.176317407253
2014-01-16,RY,14691.512724753855
2014-01-17,RY,14788.038556951762
2014-01-21,RY,15036.001375979624
2014-01-22,RY,15046.08655109454
2014-01-23,RY,14908.65186501482
2014-01-24,RY,14614.889132210114
2014-01-27,RY,14415.853480763624
2014-01-28,RY,14455.446182841953
2014-01-29,RY,14276.481771086648
2014-01-30,RY,14498.125169018866
2014-01-31,RY,14315.14452108959
2014-02-03,RY,14204.229284669838
2014-02-04,RY,14127.710225125822
2014-02-05,RY,14386.977670516142
2014-02-06,RY,14555.835217312206
2014-02-07,RY,14549.587939651261
2014-02-10,RY,14550.397091343677
2014-02-11,RY,14605.362470586537
2014-02-12,RY,14679.406779142768
2014-02-13,RY,14812.41553198907
2014-02-14,RY,14809.53018019832
2014-02-18,RY,14869.996043712144
2014-02-19,RY,15001.085847831462
2014-02-20,RY,15129.721687063806
2014-02-21,RY,15079.68833742192
2014-02-24,RY,15069.676064283758
2014-02-25,RY,15125.376488250928
2014-02-26,RY,14990.9708491806
2014-02-27,RY,15081.821473361602
2014-02-28,RY,14986.948588049878
2014-03-03,RY,14966.11368508979
2014-03-04,RY,14970.21848812808
2014-03-05,RY,15056.208478445673
2014-03-06,RY,14950.444580052832
2014-03-07,RY,14916.567754449512
2014-03-10,RY,14933.17283651861
2014-03-11,RY,15030.568371224337
2014-03-12,RY,15082.82854488347
2014-03-13,RY,14930.614037384072
2014-03-14,RY,14790.867876644674
2014-03-17,RY,14858.972481582385
2014-03-18,RY,14886.68366768881
2014-03-19,RY,14850.930670551477
2014-03-20,RY,15037.51605010824
2014-03-21,RY,14991.749876089232
2014-03-24,RY,15097.670122109907
2014-03-25,RY,15158.268233424536
2014-03-26,RY,15182.860901913735
2014-03-27,RY,15064.382838525224
2014-03-28,RY,15077.852834346011
2014-03-31,RY,15175.372483160923
2014-04-01,RY,15226.575276909272
2014-04-02,RY,15209.302629631538
2014-04-03,RY,15160.432699139355
2014-04-04,RY,15161.162923898257
2014-04-07,RY,15176.745570805759
2014-04-08,RY,15209.51079188748
2014-04-09,RY,15275.41237138713
2014-04-10,RY,15159.195775517219
2014-04-11,RY,15118.837903930798
2014-04-14,RY,15176.981447862781
2014-04-15,RY,15177.942428465461
2014-04-16,RY,15267.988118423778
2014-04-17,RY,15243.947335973487
2014-04-21,RY,15305.441659605667
2014-04-22,RY,15231.040372361605
2014-04-23,RY,15165.41714586411
2014-04-24,RY,15200.19982371579
2014-04-25,RY,15235.545835024213
2014-04-28,RY,15251.445394657108
2014-04-29,RY,15319.97536154184
2014-04-30,RY,15392.426671531619
2014-05-01,RY,15340.904555075167
2014-05-02,RY,15369.253181606444
2014-05-05,RY,15367.010993949465
2014-05-06,RY,15361.948222786874
2014-05-07,RY,15376.845530863307
2014-05-08,RY,15446.89318435503
2014-05-09,RY,15373.78907030067
2014-05-12,RY,15457.320275765886
2014-05-13,RY,15440.59800828787
2014-05-14,RY,15462.76472793901
2014-05-15,RY,15406.878735303735
2014-05-16,RY,15337.157031972547
2014-05-19,RY,15391.738621470011
2014-05-20,RY,15443.37340461781
2014-05-21,RY,15633.919891994214
2014-05-22,RY,15862.03921469629
2014-05-23,RY,15825.476764618705
2014-05-27,RY,15842.291213935097
2014-05-28,RY,15789.354437632192
2014-05-29,RY,15724.64338958765
2014-05-30,RY,15726.46744524572
2014-06-02,RY,15689.826369482462
2014-06-03,RY,15689.363954051389
2014-06-04,RY,15736.472488435773
2014-06-05,RY,15691.509742400262
2014-06-06,RY,15714.015064621126
2014-06-09,RY,15827.675271339198
2014-06-10,RY,15840.387327600005
2014-06-11,RY,15736.419468816313
2014-06-12,RY,15699.193972247662
2014-06-13,RY,15843.059697169407
2014-06-16,RY,15819.696421106399
2014-06-17,RY,15792.209363391321
2014-06-18,RY,15873.874639749009
2014-06-19,RY,15790.163890572445
2014-06-20,RY,15803.63177765837
2014-06-23,RY,15834.914256882284
2014-06-24,RY,15787.660521040067
2014-06-25,RY,15748.03950166498
2014-06-26,RY,15863.008630238432
2014-06-27,RY,16014.936349796217
2014-06-30,RY,16036.355673561697
2014-07-01,RY,16153.840824076713
2014-07-02,RY,16198.449905150612
2014-07-03,RY,16271.670903366048
2014-07-07,RY,16284.61251047928
2014-07-08,RY,16352.716814169156
2014-07-09,RY,16490.67205651265
2014-07-10,RY,16494.262026996083
2014-07-11,RY,16445.310759587686
2014-07-14,RY,16561.04053895166
2014-07-15,RY,16681.7372926658
2014-07-16,RY,16762.90641383458
2014-07-17,RY,16765.67337522506
2014-07-18,RY,16758.45186205657
2014-07-21,RY,16819.29277912849
2014-07-22,RY,16863.869927931573
2014-07-23,RY,16840.151781915603
2014-07-24,RY,16839.19532003049
2014-07-25,RY,16964.80060601425
2014-07-28,RY,16951.75988836237
2014-07-29,RY,16947.30232410598
2014-07-30,RY,17133.48674279059
2014-07-31,RY,17066.050305557186
2014-08-01,RY,16832.792598485223
2014-08-04,RY,16965.845634763686
2014-08-05,RY,16896.179662282495
2014-08-06,RY,16927.4166530829
2014-08-07,RY,16841.92492668908
2014-08-08,RY,16783.752764212502
2014-08-11,RY,16876.498237293465
2014-08-12,RY,16934.302576160047
2014-08-13,RY,16902.40043013371
2014-08-14,RY,17039.03952067372
2014-08-15,RY,16988.901638032105
2014-08-18,RY,17080.228535044716
2014-08-19,RY,17300.64163680723
2014-08-20,RY,17278.89003667662
2014-08-21,RY,17352.057111529088
2014-08-22,RY,17162.32128208429
2014-08-25,RY,17188.93261233479
2014-08-26,RY,17126.70926893506
2014-08-27,RY,17233.46638144923
2014-08-28,RY,17126.779760929112
2014-08-29,RY,17121.94623937111
2014-09-02,RY,17218.580520790634
2014-09-03,RY,17214.28623286235
2014-09-04,RY,17196.163464186255
2014-09-05,RY,17183.331210038155
2014-09-08,RY,17096.648048445713
2014-09-09,RY,17304.01470884743
2014-09-10,RY,17274.90513027779
2014-09-11,RY,17357.24339430519
2014-09-12,RY,17413.39147255938
2014-09-15,RY,17402.783933693663
2014-09-16,RY,17504.902130753067
2014-09-17,RY,17426.262888926398
2014-09-18,RY,17639.591244038795
2014-09-19,RY,17439.400909629894
2014-09-22,RY,17293.186054068745
2014-09-23,RY,17295.246288031674
2014-09-24,RY,17285.531949005126
2014-09-25,RY,16923.745948178923
2014-09-26,RY,17078.71837963367
2014-09-29,RY,16880.606655305808
2014-09-30,RY,17002.49966418397
2014-10-01,RY,16943.712052374707
2014-10-02,RY,16891.97876118394
2014-10-03,RY,16994.579256031713
2014-10-06,RY,17076.42467859642
2014-10-07,RY,16923.443495349744
2014-10-08,RY,17313.117816011014
2014-10-09,RY,17103.161327947462
2014-10-10,RY,16837.053749151346
2014-10-13,RY,16745.032174624695
2014-10-14,RY,16629.861209999897
2014-10-15,RY,16446.783259019005
2014-10-16,RY,16434.554404290084
2014-10-17,RY,16701.396124066992
2014-10-20,RY,16820.315214290087
2014-10-21,RY,16990.391609838018
2014-10-22,RY,16821.5415942379
2014-10-23,RY,16974.186283649724
2014-10-24,RY,16993.87072111713
2014-10-27,RY,16972.689985639216
2014-10-28,RY,17063.499037618596
2014-10-29,RY,16887.673327085653
2014-10-30,RY,17083.766690900047
2014-10-31,RY,17219.893358867903
2014-11-03,RY,17116.61355014582
2014-11-04,RY,17215.876218950423
2014-11-05,RY,17419.338104878167
2014-11-06,RY,17394.216445185742
2014-11-07,RY,17429.858281870915
2014-11-10,RY,17438.627606430182
2014-11-11,RY,17572.87328289862
2014-11-12,RY,17572.954921062672
2014-11-13,RY,17592.653215930623
2014-11-14,RY,17651.84510233826
2014-11-17,RY,17666.02754929552
2014-11-18,RY,17632.324844942465
2014-11-19,RY,17790.28113623093
2014-11-20,RY,17804.121064396575
2014-11-21,RY,17714.19316234285
2014-11-24,RY,17683.696036232162
2014-11-25,RY,17687.65503531694
2014-11-26,RY,17771.391993055393
2014-11-28,RY,17937.27230747017
2014-12-01,RY,17783.883837146746
2014-12-02,RY,17477.768737999606
2014-12-03,RY,17491.18360546607
2014-12-04,RY,17299.09051169024
2014-12-05,RY,17252.466685076924
2014-12-08,RY,17122.677367873526
2014-12-09,RY,17111.739360129708
2014-12-10,RY,16856.738186618757
2014-12-11,RY,16845.69444088386
2014-12-12,RY,16552.287783023472
2014-12-15,RY,16602.093991795635
2014-12-16,RY,16841.987887487187
2014-12-17,RY,17072.549125162725
2014-12-18,RY,17001.327207599134
2014-12-19,RY,17164.508341386943
2014-12-22,RY,17050.451993762123
2014-12-23,RY,17200.995780752906
2014-12-24,RY,17231.10761087901
2014-12-26,RY,17278.446599859333
2014-12-29,RY,17346.384614742725
2014-12-30,RY,17259.54058680488
2014-12-31,RY,17195.731474786808
2015-01-02,RY,17253.50388138258
2015-01-05,RY,16973.040939370287
2015-01-06,RY,16782.24471753632
2015-01-07,RY,16846.6033056106
2015-01-08,RY,16885.281419253275
2015-01-09,RY,16610.922059683282
2015-01-12,RY,16423.0919240606
2015-01-13,RY,16442.976088844494
2015-01-14,RY,16252.05424666215
2015-01-15,RY,16078.365889538623
2015-01-16,RY,16228.220421476453
2015-01-20,RY,16146.154786742287
2015-01-21,RY,16505.99322029691
2015-01-22,RY,16193.156679392077
2015-01-23,RY,16361.333104826806
2015-01-26,RY,16286.155803152493
2015-01-27,RY,16312.132404208685
2015-01-28,RY,15959.848362683357
2015-01-29,RY,16136.35308584277
2015-01-30,RY,15632.880888201533
2015-02-02,RY,15857.250277818288
2015-02-03,RY,16326.820043789987
2015-02-04,RY,16086.747508130602
2015-02-05,RY,16359.603339741978
2015-02-06,RY,16517.743994707194
2015-02-09,RY,16589.25390520375
2015-02-10,RY,16542.831613393948
2015-02-11,RY,16657.630235691187
2015-02-12,RY,16791.789755278005
2015-02-13,RY,16837.089597644048
2015-02-17,RY,16922.723814265162
2015-02-18,RY,16725.777015326195
2015-02-19,RY,16759.28210109763
2015-02-20,RY,16459.530862524676
2015-02-23,RY,16311.92032573085
2015-02-24,RY,16450.70671085892
2015-02-25,RY,16897.302714221933
2015-02-26,RY,16927.571193223706
2015-02-27,RY,17014.703816590194
2015-03-02,RY,16974.47427658269
2015-03-03,RY,16726.1370064924
2015-03-04,RY,16756.6748010612
2015-03-05,RY,16723.71889009813
2015-03-06,RY,16747.243635002214
2015-03-09,RY,16705.17045822718
2015-03-10,RY,16368.350974456926
2015-03-11,RY,16501.55644214133
2015-03-12,RY,16539.76701913969
2015-03-13,RY,16452.623249603203
2015-03-16,RY,16572.528625247356
2015-03-17,RY,16541.56335999668
2015-03-18,RY,16780.797522923378
2015-03-19,RY,16409.85961278386
2015-03-20,RY,16622.728263695728
2015-03-23,RY,16685.41914373977
2015-03-24,RY,16754.433215899895
2015-03-25,RY,16580.999714447174
2015-03-26,RY,16467.564841111798
2015-03-27,RY,16299.679722336252
2015-03-30,RY,16358.915590928209
2015-03-31,RY,16628.488724850737
2015-04-01,RY,16552.53661373752
2015-04-02,RY,16710.94507803057
2015-04-06,RY,16707.381316109026
2015-04-07,RY,16877.309196472906
2015-04-08,RY,16986.669692801614
2015-04-09,RY,17166.11820983231
2015-04-10,RY,17309.936638843516
2015-04-13,RY,17424.82925046616
2015-04-14,RY,17439.330116388006
2015-04-15,RY,17752.417897989588
2015-04-16,RY,17676.88572636231
2015-04-17,RY,17539.47996007502
2015-04-20,RY,17613.10764287153
2015-04-21,RY,17627.5744677877
2015-04-22,RY,17609.71288098701
2015-04-23,RY,17683.178793694606
2015-04-24,RY,17698.963879149127
2015-04-27,RY,17732.054749143543
2015-04-28,RY,17765.773118384164
2015-04-29,RY,17675.937096920978
2015-04-30,RY,17706.08778801816
2015-05-01,RY,17685.368865475637
2015-05-04,RY,17710.124207797264
2015-05-05,RY,17453.529433224183
2015-05-06,RY,17343.725801326025
2015-05-07,RY,17354.155001471747
2015-05-08,RY,17406.11091481467
2015-05-11,RY,17386.611744767528
2015-05-12,RY,17262.770264874267
2015-05-13,RY,17208.837563219495
2015-05-14,RY,17336.189182919163
2015-05-15,RY,17291.298435116893
2015-05-18,RY,17190.645808788537
2015-05-19,RY,17569.540578068692
2015-05-20,RY,17503.9507900812
2015-05-21,RY,17653.39893868579
2015-05-22,RY,17640.055466956892
2015-05-26,RY,17479.6750343174
2015-05-27,RY,17601.625280284752
2015-05-28,RY,17641.126403020382
2015-05-29,RY,17431.074720640077
2015-06-01,RY,17348.84550832997
2015-06-02,RY,17404.975511713885
2015-06-03,RY,17604.06117030146
2015-06-04,RY,17538.026138009645
2015-06-05,RY,17553.463884707147
2015-06-08,RY,17325.627734972633
2015-06-09,RY,17091.462066917447
2015-06-10,RY,17199.79259688861
2015-06-11,RY,17225.70292342048
2015-06-12,RY,17124.23963916052
2015-06-15,RY,17204.88248035661
2015-06-16,RY,17269.92550351844
2015-06-17,RY,17241.669661321215
2015-06-18,RY,17073.083840074873
2015-06-19,RY,16841.943905302862
2015-06-22,RY,16980.48055597337
2015-06-23,RY,17118.03845241876
2015-06-24,RY,17197.380505451096
2015-06-25,RY,17197.921847815676
2015-06-26,RY,17263.111578674532
2015-06-29,RY,16792.1289603434
2015-06-30,RY,16763.42968132889
2015-07-01,RY,16795.82165633954
2015-07-02,RY,16771.7597865406
2015-07-06,RY,16759.795427413294
2015-07-07,RY,16832.903156441706
2015-07-08,RY,16582.007990960396
2015-07-09,RY,16614.06256839267
2015-07-10,RY,16863.3023770051
2015-07-13,RY,16945.973821141142
2015-07-14,RY,16902.191364134258
2015-07-15,RY,17005.036472226348
2015-07-16,RY,17086.71379849755
2015-07-17,RY,16999.661608303762
2015-07-20,RY,16923.984536466487
2015-07-21,RY,16859.476228216805
2015-07-22,RY,16781.06141602932
2015-07-23,RY,16772.005002280595
2015-07-24,RY,16587.860633953784
2015-07-27,RY,16326.549824479453
2015-07-28,RY,16406.083169888807
2015-07-29,RY,16722.356647375458
2015-07-30,RY,16879.084148733407
2015-07-31,RY,16954.050275673402
2015-08-03,RY,16790.821544727216
2015-08-04,RY,16963.994466800214
2015-08-05,RY,17182.52326333709
2015-08-06,RY,17223.973760831326
2015-08-07,RY,16987.629468412943
2015-08-10,RY,17293.96176725116
2015-08-11,RY,17101.970495244517
2015-08-12,RY,16889.272049361025
2015-08-13,RY,16798.293093601107
2015-08-14,RY,16903.247237805856
2015-08-17,RY,16797.99395449814
2015-08-18,RY,16858.623395587907
2015-08-19,RY,16940.34169156505
2015-08-20,RY,16482.799245518767
2015-08-21,RY,16172.094033066587
2015-08-24,RY,15697.53439790905
2015-08-25,RY,16036.22463075224
2015-08-26,RY,16056.850166465036
2015-08-27,RY,16469.82299490418
2015-08-28,RY,16476.655597114033
2015-08-31,RY,16361.019505827624
2015-09-01,RY,15836.790428416298
2015-09-02,RY,15934.139269707159
2015-09-03,RY,16008.061271641229
2015-09-04,RY,15792.327753791587
2015-09-08,RY,16073.686004377912
2015-09-09,RY,16101.939135344597
2015-09-10,RY,16104.83352457048
2015-09-11,RY,16151.20068802596
2015-09-14,RY,16169.72562256556
2015-09-15,RY,16315.420223110776
2015-09-16,RY,16595.813878120367
2015-09-17,RY,16505.907063415292
2015-09-18,RY,16049.749754927352
2015-09-21,RY,16288.491678887036
2015-09-22,RY,16026.675074292989
2015-09-23,RY,15932.228755919632
2015-09-24,RY,15936.694152619804
2015-09-25,RY,16029.534820017521
2015-09-28,RY,15805.543195189408
2015-09-29,RY,16000.438496352746
2015-09-30,RY,16479.31320553938
2015-10-01,RY,16366.138610335891
2015-10-02,RY,16080.82889186073
2015-10-05,RY,16167.09211396724
2015-10-06,RY,16346.243901877675
2015-10-07,RY,16459.711611227372
2015-10-08,RY,16570.633776347397
2015-10-09,RY,16461.006073186534
2015-10-12,RY,16332.658528134996
2015-10-13,RY,16379.680001894245
2015-10-14,RY,16412.569337085155
2015-10-15,RY,16422.840683363847
2015-10-16,RY,16520.059385588767
2015-10-19,RY,16360.280243633586
2015-10-20,RY,16541.046719954797
2015-10-21,RY,16595.532211391994
2015-10-22,RY,16767.136837221242
2015-10-23,RY,16892.605959182303
2015-10-26,RY,16870.975159434664
2015-10-27,RY,17002.954849666934
2015-10-28,RY,17091.474418078797
2015-10-29,RY,17265.43962196529
2015-10-30,RY,16790.802867361268
2015-11-02,RY,16841.39171801612
2015-11-03,RY,17193.500734547666
2015-11-04,RY,17162.399004026447
2015-11-05,RY,17276.658995189642
2015-11-06,RY,17313.655242153705
2015-11-09,RY,17156.70903486549
2015-11-10,RY,17166.54628300987
2015-11-11,RY,17148.172876132703
2015-11-12,RY,16948.724515148384
2015-11-13,RY,16709.47016861655
2015-11-16,RY,17001.400109575887
2015-11-17,RY,17052.1383791583
2015-11-18,RY,17104.216900371222
2015-11-19,RY,17164.75415962261
2015-11-20,RY,17175.127628918333
2015-11-23,RY,17034.055977692475
2015-11-24,RY,16992.373218115274
2015-11-25,RY,17002.26770334884
2015-11-27,RY,17002.021885113172
2015-11-30,RY,17117.558564613097
2015-12-01,RY,17390.554175221227
2015-12-02,RY,17369.071890657637
2015-12-03,RY,17301.789993565046
2015-12-04,RY,17301.41012004154
2015-12-07,RY,17021.330666526806
2015-12-08,RY,16775.91188548943
2015-12-09,RY,16871.87980669167
2015-12-10,RY,16709.494870939252
2015-12-11,RY,16433.792849756046
2015-12-14,RY,16350.561385889472
2015-12-15,RY,16611.14317559625
2015-12-16,RY,16973.176500897313
2015-12-17,RY,16939.024033522375
2015-12-18,RY,16706.15312867419
2015-12-21,RY,16852.223686521018
2015-12-22,RY,16787.765385412415
2015-12-23,RY,16934.036273071404
2015-12-24,RY,17061.56141152566
2015-12-28,RY,16946.781767842207
2015-12-29,RY,17171.1538686895
2015-12-30,RY,17047.38619451651
2015-12-31,RY,16746.665540401416
2016-01-04,RY,16531.769190293107
2016-01-05,RY,16454.914540657748
2016-01-06,RY,16169.977465757986
2016-01-07,RY,15835.709551174159
2016-01-08,RY,15813.059629991138
2016-01-11,RY,15866.683552612138
2016-01-12,RY,16056.380521085857
2016-01-13,RY,15559.475827557182
2016-01-14,RY,15713.751171515185
2016-01-15,RY,15128.302508499783
2016-01-19,RY,15172.400673240718
2016-01-20,RY,14911.560111641244
2016-01-21,RY,15043.785921357023
2016-01-22,RY,15836.037007573881
2016-01-25,RY,15296.769638098018
2016-01-26,RY,15428.13237275841
2016-01-27,RY,15609.50074225961
2016-01-28,RY,16256.636527523402
2016-01-29,RY,16486.556709800036
2016-02-01,RY,16375.521275492985
2016-02-02,RY,16022.942914830097
2016-02-03,RY,16105.489943609116
2016-02-04,RY,16197.628703544682
2016-02-05,RY,16226.83016270486
2016-02-08,RY,15825.908452770318
2016-02-09,RY,15391.392186456505
2016-02-10,RY,15165.060769671958
2016-02-11,RY,14865.642711207644
2016-02-12,RY,15511.374982794983
2016-02-16,RY,15840.860587953237
2016-02-17,RY,16169.831360556638
2016-02-18,RY,16191.72846339292
2016-02-19,RY,16320.308571775266
2016-02-22,RY,16121.789560370653
2016-02-23,RY,15941.383376463487
2016-02-24,RY,15575.384725873053
2016-02-25,RY,15511.12103086769
2016-02-26,RY,15661.38525986497
2016-02-29,RY,15750.964015674648
2016-03-01,RY,16002.368591249731
2016-03-02,RY,16068.807295644237
2016-03-03,RY,16180.400038451275
2016-03-04,RY,16336.783514778419
2016-03-07,RY,16532.499113804173
2016-03-08,RY,16561.65448204516
2016-03-09,RY,16708.33084929387
2016-03-10,RY,16779.83172235529
2016-03-11,RY,16932.942743420077
2016-03-14,RY,16996.766917830042
2016-03-15,RY,17043.729648260913
2016-03-16,RY,17356.698135718718
2016-03-17,RY,17312.02127388131
2016-03-18,RY,17105.562875710653
2016-03-21,RY,17193.58327645523
2016-03-22,RY,17134.87188034894
2016-03-23,RY,17103.787320954478
2016-03-24,RY,16934.781258974363
2016-03-28,RY,17079.173866364472
2016-03-29,RY,17208.761046268683
2016-03-30,RY,17254.02684762905
2016-03-31,RY,17061.958154928085
2016-04-01,RY,17197.73386916487
2016-04-04,RY,17037.46158449916
2016-04-05,RY,16956.098760970654
2016-04-06,RY,16857.9513116617
2016-04-07,RY,16848.389705288937
2016-04-08,RY,17111.574577562416
2016-04-11,RY,17132.785739071955
2016-04-12,RY,17367.870514280366
2016-04-13,RY,17524.46004412859
2016-04-14,RY,17655.578165544663
2016-04-15,RY,17753.352670030377
2016-04-18,RY,17799.488776394242
2016-04-19,RY,17890.476468341458
2016-04-20,RY,17956.06625632895
2016-04-21,RY,17855.04640888628
2016-04-22,RY,17923.022682245075
2016-04-25,RY,17844.68318201705
2016-04-26,RY,17958.78351182619
2016-04-27,RY,18022.976112341825
2016-04-28,RY,17945.39455167378
2016-04-29,RY,17995.83247716187
2016-05-02,RY,17951.116754353385
2016-05-03,RY,17545.447679742458
2016-05-04,RY,17488.91822172558
2016-05-05,RY,17444.592916114918
2016-05-06,RY,17583.36062387704
2016-05-09,RY,17503.264848754457
2016-05-10,RY,17752.461880173913
2016-05-11,RY,17655.191664568723
2016-05-12,RY,17801.189922934474
2016-05-13,RY,17735.24345750699
2016-05-16,RY,17778.95210879361
2016-05-17,RY,17707.76061726164
2016-05-18,RY,17906.863748223805
2016-05-19,RY,17916.48620665981
2016-05-20,RY,17994.93295111811
2016-05-23,RY,18012.780078022584
2016-05-24,RY,18091.47565319493
2016-05-25,RY,18400.0706245431
2016-05-26,RY,18498.53348033826
2016-05-27,RY,18566.705564791646
2016-05-31,RY,18208.87765930671
2016-06-01,RY,18305.290824813266
2016-06-02,RY,18353.230501982227
2016-06-03,RY,18317.40580785949
2016-06-06,RY,18370.826990685626
2016-06-07,RY,18494.764568639155
2016-06-08,RY,18399.288283908252
2016-06-09,RY,18335.756922396657
2016-06-10,RY,18102.781183300904
2016-06-13,RY,18100.45193501879
2016-06-14,RY,17774.99280846099
2016-06-15,RY,17765.160380282014
2016-06-16,RY,17946.389573282137
2016-06-17,RY,17876.751315602025
2016-06-20,RY,18020.402250815394
2016-06-21,RY,18169.445522325943
2016-06-22,RY,18089.054524322284
2016-06-23,RY,18378.410001259515
2016-06-24,RY,17757.777097024606
2016-06-27,RY,17360.17574075864
2016-06-28,RY,17717.558401939263
2016-06-29,RY,17769.060334790578
2016-06-30,RY,17746.496871737014
2016-07-01,RY,17779.102130216845
2016-07-05,RY,17667.689232368997
2016-07-06,RY,17756.00575973816
2016-07-07,RY,17688.25903723179
2016-07-08,RY,17914.812774920658
2016-07-11,RY,18049.237091356932
2016-07-12,RY,18227.315834469013
2016-07-13,RY,18269.512824105394
2016-07-14,RY,18458.598861963994
2016-07-15,RY,18547.792623036923
2016-07-18,RY,18539.575787012236
2016-07-19,RY,18462.33554014445
2016-07-20,RY,18631.47897113862
2016-07-21,RY,18519.397604338617
2016-07-22,RY,18618.290642046202
2016-07-25,RY,18631.58681786456
2016-07-26,RY,18767.297763816212
2016-07-27,RY,18550.428541617945
2016-07-28,RY,18603.853640665977
2016-07-29,RY,18539.76135568034
2016-08-01,RY,18332.371800442947
2016-08-02,RY,18314.48129384982
2016-08-03,RY,18390.663558311142
2016-08-04,RY,18380.193388459476
2016-08-05,RY,18536.744057336622
2016-08-08,RY,18632.69450616427
2016-08-09,RY,18700.479788393877
2016-08-10,RY,18702.820484093827
2016-08-11,RY,18815.353421402735
2016-08-12,RY,18653.48452319652
2016-08-15,RY,18692.396103913514
2016-08-16,RY,18659.15039253045
2016-08-17,RY,18771.58482179639
2016-08-18,RY,18692.41749251
2016-08-19,RY,18895.577528104237
2016-08-22,RY,18881.370981319953
2016-08-23,RY,19135.97119395875
2016-08-24,RY,19126.297222142475
2016-08-25,RY,18995.47552859883
2016-08-26,RY,18949.782557804414
2016-08-29,RY,19064.028390319232
2016-08-30,RY,19047.165741348785
2016-08-31,RY,19012.908138478448
2016-09-01,RY,19037.004049283063
2016-09-02,RY,19028.94657336459
2016-09-06,RY,19022.309782249326
2016-09-07,RY,18975.294032198995
2016-09-08,RY,18878.569978923795
2016-09-09,RY,18796.466386962064
2016-09-12,RY,18843.693612994553
2016-09-13,RY,18691.321854123806
2016-09-14,RY,18668.080282187282
2016-09-15,RY,18959.437551006908
2016-09-16,RY,18830.338392599977
2016-09-19,RY,18781.200050284286
2016-09-20,RY,18916.11148447433
2016-09-21,RY,19136.174837497125
2016-09-22,RY,19048.300541953897
2016-09-23,RY,18967.406460061058
2016-09-26,RY,18807.536341258852
2016-09-27,RY,18907.596111842355
2016-09-28,RY,19196.342164403657
2016-09-29,RY,18863.990487316274
2016-09-30,RY,18953.21587941218
2016-10-03,RY,18918.161476010773
2016-10-04,RY,18882.883245465866
2016-10-05,RY,19031.630691599665
2016-10-06,RY,19149.95331110385
2016-10-07,RY,19117.813179285633
2016-10-10,RY,19229.670718942125
2016-10-11,RY,19126.38699399815
2016-10-12,RY,19177.365960602987
2016-10-13,RY,19305.4035216294
2016-10-14,RY,19310.139137640104
2016-10-17,RY,19318.151426382905
2016-10-18,RY,19454.876673804534
2016-10-19,RY,19480.65234255289
2016-10-20,RY,19537.618911182468
2016-10-21,RY,19703.67214185616
2016-10-24,RY,19740.23911065131
2016-10-25,RY,19642.14016224425
2016-10-26,RY,19677.663608529158
2016-10-27,RY,19728.580216831564
2016-10-28,RY,19720.009715845266
2016-10-31,RY,19727.552057961046
2016-11-01,RY,19579.738781372365
2016-11-02,RY,19453.164682342136
2016-11-03,RY,19491.227045404285
2016-11-04,RY,19336.32088847386
2016-11-07,RY,19587.930915074347
2016-11-08,RY,19719.361129250414
2016-11-09,RY,19917.27824747504
2016-11-10,RY,20204.913599258256
2016-11-11,RY,20148.854690364067
2016-11-14,RY,20442.683697693094
2016-11-15,RY,20303.31319300747
2016-11-16,RY,20230.863088009042
2016-11-17,RY,20355.486607289313
2016-11-18,RY,20557.312717457633
2016-11-21,RY,21008.754593539998
2016-11-22,RY,21008.197285040013
2016-11-23,RY,21130.30658986574
2016-11-25,RY,21180.195340545466
2016-11-28,RY,20990.820406010385
2016-11-29,RY,21221.265964516195
2016-11-30,RY,20501.073059860748
2016-12-01,RY,20557.008758389264
2016-12-02,RY,20698.448835720785
2016-12-05,RY,20722.94992486728
2016-12-06,RY,20737.00253400644
2016-12-07,RY,20837.953696942084
2016-12-08,RY,21116.952574462513
2016-12-09,RY,21252.387577394707
2016-12-12,RY,21284.57560761915
2016-12-13,RY,21468.215687065433
2016-12-14,RY,21114.562474117163
2016-12-15,RY,21636.863866614203
2016-12-16,RY,21565.56362461278
2016-12-19,RY,21592.95428301975
2016-12-20,RY,21686.25585960935
2016-12-21,RY,21660.683533151525
2016-12-22,RY,21641.420240161402
2016-12-23,RY,21608.900234819674
2016-12-27,RY,21650.041049536623
2016-12-28,RY,21623.64209901179
2016-12-29,RY,21505.583673861376
2016-12-30,RY,21417.869642167876
2017-01-03,RY,21566.173651484387
2017-01-04,RY,21885.124619753682
2017-01-05,RY,21865.735103919505
2017-01-06,RY,21812.702530804174
2017-01-09,RY,21814.220518659004
2017-01-10,RY,21885.52467688232
2017-01-11,RY,22252.56172876976
2017-01-12,RY,22048.230140334195
2017-01-13,RY,22277.73038312489
2017-01-17,RY,22038.60436817197
2017-01-18,RY,21712.16799362825
2017-01-19,RY,21952.964729089777
2017-01-20,RY,22229.5698912908
2017-01-23,RY,22205.345950155108
2017-01-24,RY,22230.291681110244
2017-01-25,RY,22386.396804435233
2017-01-26,RY,22430.605828380492
2017-01-27,RY,22424.598645246297
2017-01-30,RY,22346.52424311556
2017-01-31,RY,22256.41649610265
2017-02-01,RY,22300.34023834548
2017-02-02,RY,22281.673114826426
2017-02-03,RY,22464.119349091387
2017-02-06,RY,22544.744115417205
2017-02-07,RY,22646.98401660309
2017-02-08,RY,22679.486549570225
2017-02-09,RY,22836.57042712033
2017-02-10,RY,23005.036050479375
2017-02-13,RY,23094.525335681217
2017-02-14,RY,23166.3006455229
2017-02-15,RY,23428.776380386127
2017-02-16,RY,23412.45266379756
2017-02-17,RY,23549.709011157283
2017-02-21,RY,23547.43067375977
2017-02-22,RY,23500.314608179437
2017-02-23,RY,23330.839202067982
2017-02-24,RY,22959.05026678659
2017-02-27,RY,23123.223710952218
2017-02-28,RY,22882.65441760825
2017-03-01,RY,23179.25008507992
2017-03-02,RY,23241.09445869966
2017-03-03,RY,23408.836183504398
2017-03-06,RY,23538.36281259321
2017-03-07,RY,23461.80278334325
2017-03-08,RY,23329.855326629622
2017-03-09,RY,23370.122823864695
2017-03-10,RY,23212.29034543758
2017-03-13,RY,23176.62199894268
2017-03-14,RY,23121.416826420907
2017-03-15,RY,23181.13047408366
2017-03-16,RY,23088.052724637575
2017-03-17,RY,23008.686571778217
2017-03-20,RY,22889.183964493244
2017-03-21,RY,22613.810604701113
2017-03-22,RY,22689.204202322988
2017-03-23,RY,22950.27551976624
2017-03-24,RY,22928.84806230914
2017-03-27,RY,23007.26227200095
2017-03-28,RY,23231.53857603581
2017-03-29,RY,23388.850498199154
2017-03-30,RY,23201.4418083016
2017-03-31,RY,23063.83059098891
2017-04-03,RY,23003.688870148595
2017-04-04,RY,23068.1718735799
2017-04-05,RY,23017.735153083155
2017-04-06,RY,23250.975387780523
2017-04-07,RY,23108.746944857394
2017-04-10,RY,23131.41072344096
2017-04-11,RY,23007.129421704463
2017-04-12,RY,22885.196949359542
2017-04-13,RY,22397.56345928797
2017-04-17,RY,22758.42101427797
2017-04-18,RY,22678.22040490782
2017-04-19,RY,22587.36224953087
2017-04-20,RY,22779.42702600995
2017-04-21,RY,22675.337161851938
2017-04-24,RY,23023.6878103587
2017-04-25,RY,23312.216964476764
2017-04-26,RY,22860.713031339805
2017-04-27,RY,22452.111007779757
2017-04-28,RY,22438.92418492653
2017-05-01,RY,22343.33884847833
2017-05-02,RY,22224.90386353063
2017-05-03,RY,22251.168457519794
2017-05-04,RY,22226.474268509246
2017-05-05,RY,22587.42641532033
2017-05-08,RY,22591.666779885643
2017-05-09,RY,22297.786861672022
2017-05-10,RY,22402.506032563266
2017-05-11,RY,22260.043821317977
2017-05-12,RY,22185.232535766627
2017-05-15,RY,22437.47217034818
2017-05-16,RY,22317.70386247024
2017-05-17,RY,21938.69040154198
2017-05-18,RY,22176.428868953844
2017-05-19,RY,22352.627825557858
2017-05-22,RY,22371.80435917069
2017-05-23,RY,22405.21364812969
2017-05-24,RY,22359.361015981227
2017-05-25,RY,22470.407596458277
2017-05-26,RY,22523.49409293658
2017-05-30,RY,22449.050932243066
2017-05-31,RY,22374.036906896858
2017-06-01,RY,22464.849573850286
2017-06-02,RY,22516.945868685645
2017-06-05,RY,22449.720606186565
2017-06-06,RY,22293.13981252564
2017-06-07,RY,22311.842483289558
2017-06-08,RY,22536.796896207376
2017-06-09,RY,22844.75442713069
2017-06-12,RY,22747.370641090645
2017-06-13,RY,22523.446797026045
2017-06-14,RY,22357.95328483504
2017-06-15,RY,22491.050604545668
2017-06-16,RY,22536.636632357648
2017-06-19,RY,22626.194903314354
2017-06-20,RY,22484.302050482573
2017-06-21,RY,22361.587839998476
2017-06-22,RY,22569.954944469628
2017-06-23,RY,22603.427495474578
2017-06-26,RY,22529.6678661251
2017-06-27,RY,22597.13081316823
2017-06-28,RY,22856.808558113673
2017-06-29,RY,22718.92742273829
2017-06-30,RY,22570.617087217182
2017-07-03,RY,22841.76544608373
2017-07-05,RY,22801.134041460562
2017-07-06,RY,22766.218513312397
2017-07-07,RY,22810.336259162792
2017-07-10,RY,22756.97502465638
2017-07-11,RY,22775.764153549757
2017-07-12,RY,22876.433951004867
2017-07-13,RY,22852.15307402783
2017-07-14,RY,22885.65574981656
2017-07-17,RY,22792.34362955264
2017-07-18,RY,22715.99507628484
2017-07-19,RY,22770.724879718513
2017-07-20,RY,22831.0096932818
2017-07-21,RY,22745.324565776093
2017-07-24,RY,22695.976554965273
2017-07-25,RY,22735.246620609287
2017-07-26,RY,22668.17288577263
2017-07-27,RY,22495.46780159179
2017-07-28,RY,22482.23006785397
2017-07-31,RY,22532.061581444505
2017-08-01,RY,22581.458394405057
2017-08-02,RY,22767.872966437764
2017-08-03,RY,22742.94561160074
2017-08-04,RY,22863.770094398118
2017-08-07,RY,22793.261230466673
2017-08-08,RY,22925.2803841657
2017-08-09,RY,22827.868883324572
2017-08-10,RY,22426.823059280843
2017-08-11,RY,22380.949641031566
2017-08-14,RY,22603.27988403404
2017-08-15,RY,22606.817136145855
2017-08-16,RY,22626.729015730827
2017-08-17,RY,22335.16298215959
2017-08-18,RY,22337.00872766198
2017-08-21,RY,22317.486662779163
2017-08-22,RY,22251.862231290317
2017-08-23,RY,22571.951615138776
2017-08-24,RY,22511.63878552657
2017-08-25,RY,22605.507913042642
2017-08-28,RY,22493.520234320207
2017-08-29,RY,22444.03244451263
2017-08-30,RY,22343.19906948158
2017-08-31,RY,22473.536055254153
2017-09-01,RY,22291.897767690258
2017-09-05,RY,21955.437371342694
2017-09-06,RY,22053.969212892716
2017-09-07,RY,21936.05388046528
2017-09-08,RY,21886.40311557744
2017-09-11,RY,22058.136976729114
2017-09-12,RY,22164.737139119774
2017-09-13,RY,22313.215269686552
2017-09-14,RY,22324.756375601708
2017-09-15,RY,22263.47262420817
2017-09-18,RY,22208.35872978126
2017-09-19,RY,22521.48989107149
2017-09-20,RY,22563.066310161943
2017-09-21,RY,22821.30318669904
2017-09-22,RY,22816.56817318401
2017-09-25,RY,22794.740357350427
2017-09-26,RY,22893.5815804299
2017-09-27,RY,22971.31256002551
2017-09-28,RY,23259.134082972512
2017-09-29,RY,23366.34788720883
2017-10-02,RY,23481.792083622546
2017-10-03,RY,23706.2467263774
2017-10-04,RY,23681.53235376172
2017-10-05,RY,23724.739427398352
2017-10-06,RY,23768.10073992795
2017-10-09,RY,23626.639575247777
2017-10-10,RY,23783.423409951403
2017-10-11,RY,24010.806784185654
2017-10-12,RY,23876.169786775878
2017-10-13,RY,23969.398461388715
2017-10-16,RY,24050.01961274048
2017-10-17,RY,24183.10910000732
2017-10-18,RY,24266.283025536868
2017-10-19,RY,24386.997854121277
2017-10-20,RY,24479.382131044676
2017-10-23,RY,24543.1096048987
2017-10-24,RY,24673.26704695993
2017-10-25,RY,24436.181986108317
2017-10-26,RY,24625.934986679877
2017-10-27,RY,24808.367062296456
2017-10-30,RY,24684.397552072118
2017-10-31,RY,24609.843532174276
2017-11-01,RY,24643.287163386794
2017-11-02,RY,24770.96834822105
2017-11-03,RY,24757.96799777944
2017-11-06,RY,24826.111463688234
2017-11-07,RY,24764.769571462
2017-11-08,RY,24690.079387541453
2017-11-09,RY,24621.676245996452
2017-11-10,RY,24391.287623331995
2017-11-13,RY,24338.523462040168
2017-11-14,RY,24397.265585425917
2017-11-15,RY,24426.772208645816
2017-11-16,RY,24531.60103375003
2017-11-17,RY,24674.52114170882
2017-11-20,RY,24662.4531533253
2017-11-21,RY,24638.84827649635
2017-11-22,RY,24806.152288192723
2017-11-24,RY,24715.345344948204
2017-11-27,RY,24608.915086338082
2017-11-28,RY,24520.53559817081
2017-11-29,RY,24767.899837744902
2017-11-30,RY,24646.695481424016
2017-12-01,RY,24813.284632001214
2017-12-04,RY,24743.64125310786
2017-12-05,RY,24608.51954792701
2017-12-06,RY,24674.408776265307
2017-12-07,RY,24886.943644572857
2017-12-08,RY,25013.28939774201
2017-12-11,RY,24863.883423834708
2017-12-12,RY,24944.61362690377
2017-12-13,RY,24983.63606682508
2017-12-14,RY,24878.306567814394
2017-12-15,RY,24816.845983940053
2017-12-18,RY,25002.08659314874
2017-12-19,RY,25098.79739151907
2017-12-20,RY,25041.143676571402
2017-12-21,RY,25108.244523713463
2017-12-22,RY,25096.15574922913
2017-12-26,RY,25051.761759111443
2017-12-27,RY,24958.801797569948
2017-12-28,RY,25103.070893346543
2017-12-29,RY,25017.32009381219
2018-01-02,RY,25169.39964228024
2018-01-03,RY,25357.615977631023
2018-01-04,RY,25651.72303671437
2018-01-05,RY,25567.467028951334
2018-01-08,RY,25494.48251028859
2018-01-09,RY,25587.69612250954
2018-01-10,RY,25546.03655901585
2018-01-11,RY,25679.424582889984
2018-01-12,RY,25760.186115734177
2018-01-16,RY,25837.191991784126
2018-01-17,RY,25958.18457087501
2018-01-18,RY,26175.051684338418
2018-01-19,RY,26209.035151676326
2018-01-22,RY,26395.479547244984
2018-01-23,RY,26283.418966545796
2018-01-24,RY,26133.75512448931
2018-01-25,RY,25937.828651977077
2018-01-26,RY,26051.427404136233
2018-01-29,RY,25901.96027691786
2018-01-30,RY,25981.813848778827
2018-01-31,RY,25941.04567763728
2018-02-01,RY,25805.78328971616
2018-02-02,RY,25417.047356069732
2018-02-05,RY,24816.66463274168
2018-02-06,RY,25008.469432336708
2018-02-07,RY,24846.026355751586
2018-02-08,RY,24372.13428580268
2018-02-09,RY,24418.61260971032
2018-02-12,RY,24555.782800188426
2018-02-13,RY,24593.778286230572
2018-02-14,RY,24902.915804934673
2018-02-15,RY,24830.807314984348
2018-02-16,RY,24704.60826951222
2018-02-20,RY,24701.930176233902
2018-02-21,RY,25209.844875739633
2018-02-22,RY,25200.301344237138
2018-02-23,RY,25359.04298863883
2018-02-26,RY,25273.0129323588
2018-02-27,RY,25258.77656203857
2018-02-28,RY,24890.24532087549
2018-03-01,RY,24817.50903043112
2018-03-02,RY,24615.579291006583
2018-03-05,RY,24842.932841704893
2018-03-06,RY,24847.776906937223
2018-03-07,RY,24878.75633083628
2018-03-08,RY,25066.151163333296
2018-03-09,RY,25109.266356379383
2018-03-12,RY,25070.772305165625
2018-03-13,RY,24953.592017462495
2018-03-14,RY,25000.539384253636
2018-03-15,RY,25134.741379785588
2018-03-16,RY,25175.16974336606
2018-03-19,RY,25154.784904675693
2018-03-20,RY,25260.139106009083
2018-03-21,RY,25297.940889691505
2018-03-22,RY,24746.692291209412
2018-03-23,RY,24402.313896692296
2018-03-26,RY,24645.937240616197
2018-03-27,RY,24300.103216546675
2018-03-28,RY,24255.104320770624
2018-03-29,RY,24548.205513323453
2018-04-02,RY,24319.69547217571
2018-04-03,RY,24199.303581273456
2018-04-04,RY,24098.018936981334
2018-04-05,RY,24268.937922731675
2018-04-06,RY,23979.829469021464
2018-04-09,RY,24193.155715399
2018-04-10,RY,24177.640246759333
2018-04-11,RY,23901.604141723972
2018-04-12,RY,23853.40117394475
2018-04-13,RY,23641.950195357713
2018-04-16,RY,23755.87851265146
2018-04-17,RY,23723.416346894595
2018-04-18,RY,23887.488270538874
2018-04-19,RY,23749.39806916403
2018-04-20,RY,23918.215851245503
2018-04-23,RY,24125.387905543983
2018-04-24,RY,24016.788662501473
2018-04-25,RY,24074.16583193401
2018-04-26,RY,24143.794750931145
2018-04-27,RY,24460.721333730216
2018-04-30,RY,24279.861470579275
2018-05-01,RY,24320.28139922029
2018-05-02,RY,24249.467672476963
2018-05-03,RY,24288.04788057234
2018-05-04,RY,24353.689483187944
2018-05-07,RY,24516.20154552793
2018-05-08,RY,24617.63651249113
2018-05-09,RY,24727.78778439415
2018-05-10,RY,24911.26729874287
2018-05-11,RY,24948.093641926396
2018-05-14,RY,25048.84899376745
2018-05-15,RY,25169.736136115098
2018-05-16,RY,25220.97297086912
2018-05-17,RY,25131.18063034242
2018-05-18,RY,24998.179709939905
2018-05-21,RY,25215.19202486114
2018-05-22,RY,25228.87861787733
2018-05-23,RY,25256.390076667274
2018-05-24,RY,24660.432382829127
2018-05-25,RY,24535.54015047751
2018-05-29,RY,24103.854107600124
2018-05-30,RY,24132.645568453012
2018-05-31,RY,24344.624333251926
2018-06-01,RY,24413.722152310966
2018-06-04,RY,24595.800261718094
2018-06-05,RY,24723.300095353978
2018-06-06,RY,24606.473773860296
2018-06-07,RY,24693.26658966571
2018-06-08,RY,24887.31448066123
2018-06-11,RY,24865.53878070359
2018-06-12,RY,24866.65068647303
2018-06-13,RY,24853.270462507913
2018-06-14,RY,24773.16715618938
2018-06-15,RY,24913.207636066345
2018-06-18,RY,25005.35995215461
2018-06-19,RY,24855.54156995732
2018-06-20,RY,24970.664636175905
2018-06-21,RY,25051.55419935118
2018-06-22,RY,25256.338262039164
2018-06-25,RY,24816.564015963846
2018-06-26,RY,24773.097567938843
2018-06-27,RY,24513.832231283388
2018-06-28,RY,24571.715195835644
2018-06-29,RY,24663.457814864465
2018-07-02,RY,24516.169312009282
2018-07-03,RY,24686.927130166387
2018-07-05,RY,24753.083866584682
2018-07-06,RY,24917.07113958653
2018-07-09,RY,25032.099312736194
2018-07-10,RY,25222.340334805038
2018-07-11,RY,24915.275401225215
2018-07-12,RY,25258.374396175066
2018-07-13,RY,25257.888483412647
2018-07-16,RY,25343.071732020526
2018-07-17,RY,25354.71465970487
2018-07-18,RY,25315.68318234842
2018-07-19,RY,25199.15750619689
2018-07-20,RY,25274.764688535794
2018-07-23,RY,25308.30833403047
2018-07-24,RY,25421.289829369907
2018-07-25,RY,25432.39382467237
2018-07-26,RY,25375.34200290469
2018-07-27,RY,25389.18976351412
2018-07-30,RY,25420.151413790747
2018-07-31,RY,25480.338623054577
2018-08-01,RY,25562.253633869823
2018-08-02,RY,25468.702925318343
2018-08-03,RY,25459.740199647185
2018-08-06,RY,25427.55186817491
2018-08-07,RY,25165.049623501956
2018-08-08,RY,25463.724503550344
2018-08-09,RY,25581.53439923454
2018-08-10,RY,25389.287669061418
2018-08-13,RY,25449.68846304227
2018-08-14,RY,25647.875499329584
2018-08-15,RY,25471.01711120856
2018-08-16,RY,25573.7941372893
2018-08-17,RY,25859.589467279045
2018-08-20,RY,25883.100053534756
2018-08-21,RY,25684.862708858513
2018-08-22,RY,26142.05661115643
2018-08-23,RY,26010.573377360903
2018-08-24,RY,26038.769873734076
2018-08-27,RY,26153.861911425363
2018-08-28,RY,26031.66675096585
2018-08-29,RY,26276.58425560108
2018-08-30,RY,26314.491476026742
2018-08-31,RY,26063.62523033786
2018-09-04,RY,26071.72367596228
2018-09-05,RY,26072.215613681456
2018-09-06,RY,26209.68916073226
2018-09-07,RY,25980.167830592916
2018-09-10,RY,26028.712413420242
2018-09-11,RY,26105.791191446948
2018-09-12,RY,25952.21082625082
2018-09-13,RY,25842.35266849401
2018-09-14,RY,25875.49535311654
2018-09-17,RY,25952.533763932977
2018-09-18,RY,26123.36388157116
2018-09-19,RY,26162.798729782466
2018-09-20,RY,26262.237929820036
2018-09-21,RY,26132.52753955015
2018-09-24,RY,26158.81201589661
2018-09-25,RY,26224.029762804377
2018-09-26,RY,26128.65921606456
2018-09-27,RY,26279.21173924264
2018-09-28,RY,26061.382741433048
2018-10-01,RY,26000.28154622924
2018-10-02,RY,25817.27920845564
2018-10-03,RY,25837.288391092236
2018-10-04,RY,25896.523657188514
2018-10-05,RY,25812.64270298358
2018-10-08,RY,25702.359183279757
2018-10-09,RY,25724.00745540199
2018-10-10,RY,25161.505442689875
2018-10-11,RY,24801.228693531204
2018-10-12,RY,24791.367345559796
2018-10-15,RY,24712.184050138003
2018-10-16,RY,24972.542012701273
2018-10-17,RY,25063.760460492267
2018-10-18,RY,24811.921786782863
2018-10-19,RY,24825.047155077173
2018-10-22,RY,24680.042110832754
2018-10-23,RY,24731.41149463542
2018-10-24,RY,23947.89629446783
2018-10-25,RY,24034.284233179198
2018-10-26,RY,23979.772533180116
2018-10-29,RY,23823.396588048912
2018-10-30,RY,24228.188127708236
2018-10-31,RY,24274.642351788847
2018-11-01,RY,24298.10925710807
2018-11-02,RY,24266.227897182547
2018-11-05,RY,24232.95386850273
2018-11-06,RY,24242.826061396296
2018-11-07,RY,24309.88413134538
2018-11-08,RY,24416.817172596842
2018-11-09,RY,24316.116045366598
2018-11-12,RY,24114.616186606647
2018-11-13,RY,24250.04727331695
2018-11-14,RY,24144.526481929242
2018-11-15,RY,24285.36587107213
2018-11-16,RY,24162.91103497641
2018-11-19,RY,24037.752499536153
2018-11-20,RY,23649.965195331053
2018-11-21,RY,24360.723620201305
2018-11-23,RY,23981.08687749657
2018-11-26,RY,23826.607588752355
2018-11-27,RY,24206.20818171655
2018-11-28,RY,24947.77733169667
2018-11-29,RY,24785.92530336937
2018-11-30,RY,24710.45669503588
2018-12-03,RY,24667.235763998706
2018-12-04,RY,24460.554141180222
2018-12-06,RY,24347.644041578347
2018-12-07,RY,23948.108975441344
2018-12-10,RY,23813.507224028588
2018-12-11,RY,23708.899816085184
2018-12-12,RY,23914.221003668023
2018-12-13,RY,23903.992434582302
2018-12-14,RY,23908.58435537436
2018-12-17,RY,23696.08473306384
2018-12-18,RY,23729.03130534393
2018-12-19,RY,23431.828020983357
2018-12-20,RY,23393.95604655472
2018-12-21,RY,23025.443784005416
2018-12-24,RY,22867.16726626534
2018-12-26,RY,23583.761765497897
2018-12-27,RY,23564.124925188862
2018-12-28,RY,23572.253796844903
2018-12-31,RY,23704.305485310415
2019-01-02,RY,23769.43526784954
2019-01-03,RY,23496.80326338168
2019-01-04,RY,23912.95998021886
2019-01-07,RY,23838.606290133175
2019-01-08,RY,23799.26994996484
2019-01-09,RY,24285.984935378874
2019-01-10,RY,24482.051186887864
2019-01-11,RY,24474.696823422884
2019-01-14,RY,24523.295028365348
2019-01-15,RY,24665.335793885508
2019-01-16,RY,24803.91763173169
2019-01-17,RY,25007.703057837265
2019-01-18,RY,24990.7208134752
2019-01-22,RY,25340.296636938427
2019-01-23,RY,25268.035414334317
2019-01-24,RY,25331.590273177262
2019-01-25,RY,25425.204846270364
2019-01-28,RY,25470.4257617029
2019-01-29,RY,25553.205956308397
2019-01-30,RY,25705.700021801305
2019-01-31,RY,25644.75547547317
2019-02-01,RY,25670.496801968016
2019-02-04,RY,25796.380440953933
2019-02-05,RY,25935.28340899524
2019-02-06,RY,25951.336002529755
2019-02-07,RY,25957.474830969084
2019-02-08,RY,25849.85434215169
2019-02-11,RY,25710.66368242525
2019-02-12,RY,25817.574431336714
2019-02-13,RY,25795.32336229098
2019-02-14,RY,25813.381965177618
2019-02-15,RY,26022.93719112118
2019-02-19,RY,26130.918273600455
2019-02-20,RY,26314.150463474318
2019-02-21,RY,26125.490992554085
2019-02-22,RY,26109.876714623613
2019-02-25,RY,26179.484546272102
2019-02-26,RY,26339.63000559809
2019-02-27,RY,26418.61056122502
2019-02-28,RY,26367.746370046396
2019-03-01,RY,26425.122334487583
2019-03-04,RY,26515.1656144632
2019-03-05,RY,26574.051433067594
2019-03-06,RY,26544.831899037148
2019-03-07,RY,26388.107410157576
2019-03-08,RY,26372.942594001146
2019-03-11,RY,26426.080905107563
2019-03-12,RY,26352.37881409511
2019-03-13,RY,26396.996330108464
2019-03-14,RY,26319.92719201257
2019-03-15,RY,26530.296690861785
2019-03-18,RY,26665.831708076144
2019-03-19,RY,26523.00890316897
2019-03-20,RY,26409.416778462248
2019-03-21,RY,26239.232234940537
2019-03-22,RY,26115.067516117288
2019-03-25,RY,26160.28572031928
2019-03-26,RY,26305.351315379103
2019-03-27,RY,26151.782096352978
2019-03-28,RY,26060.147625297937
2019-03-29,RY,25856.750507655324
2019-04-01,RY,26284.995095233327
2019-04-02,RY,26394.50350425041
2019-04-03,RY,26419.766750426617
2019-04-04,RY,26495.502264344435
2019-04-05,RY,26521.412892124143
2019-04-08,RY,26500.024898133794
2019-04-09,RY,26386.25353096356
2019-04-10,RY,26498.481002964912
2019-04-11,RY,26608.97479365954
2019-04-12,RY,26797.84694555328
2019-04-15,RY,26852.051372757778
2019-04-16,RY,27077.840543434228
2019-04-17,RY,27237.832667610757
2019-04-18,RY,27422.50542464513
2019-04-22,RY,27420.600935814356
2019-04-23,RY,27588.33934689288
2019-04-24,RY,27321.988359843795
2019-04-25,RY,27358.48513789273
2019-04-26,RY,27480.28445869333
2019-04-29,RY,27674.18925696588
2019-04-30,RY,27748.89932324372
2019-05-01,RY,27561.046292785366
2019-05-02,RY,27588.794231128002
2019-05-03,RY,27736.746985465605
2019-05-06,RY,27803.620691737935
2019-05-07,RY,27582.532192323004
2019-05-08,RY,27457.1606746614
2019-05-09,RY,27543.894747138438
2019-05-10,RY,27356.095338795218
2019-05-13,RY,27050.811683680487
2019-05-14,RY,27162.778576302113
2019-05-15,RY,27199.901949853742
2019-05-16,RY,27276.76684191559
2019-05-17,RY,27272.416220641626
2019-05-20,RY,27335.627355701607
2019-05-21,RY,27286.140469637547
2019-05-22,RY,27270.544266577344
2019-05-23,RY,26628.129938675884
2019-05-24,RY,26951.3532037813
2019-05-28,RY,26864.71522936453
2019-05-29,RY,26643.399287832035
2019-05-30,RY,26607.43873093444
2019-05-31,RY,26370.8630801766
2019-06-03,RY,26444.940224747155
2019-06-04,RY,26762.48918557918
2019-06-05,RY,26796.30064040169
2019-06-06,RY,26781.100277000398
2019-06-07,RY,26763.385699144565
2019-06-10,RY,26810.24148659301
2019-06-11,RY,26757.231205817672
2019-06-12,RY,26496.708159439273
2019-06-13,RY,26708.762236197643
2019-06-14,RY,26809.347081762488
2019-06-17,RY,26864.478147316157
2019-06-18,RY,27352.235149001248
2019-06-19,RY,27403.20116194906
2019-06-20,RY,27347.97429958296
2019-06-21,RY,27251.930463925582
2019-06-24,RY,27258.364816493824
2019-06-25,RY,27039.40915177074
2019-06-26,RY,26945.975026132495
2019-06-27,RY,26865.98498900099
2019-06-28,RY,26955.855653965526
2019-07-01,RY,27048.148050298387
2019-07-02,RY,27198.370104598373
2019-07-03,RY,27381.843593990332
2019-07-05,RY,27479.944651132257
2019-07-08,RY,27270.017384108975
2019-07-09,RY,27375.246266341826
2019-07-10,RY,27302.256626465845
2019-07-11,RY,27255.746069039556
2019-07-12,RY,27071.539342410313
2019-07-15,RY,27022.787802318395
2019-07-16,RY,27046.66289845788
2019-07-17,RY,27051.80218657128
2019-07-18,RY,27206.811972757914
2019-07-19,RY,27234.915986044874
2019-07-22,RY,27158.503869483287
2019-07-23,RY,27365.433118024474
2019-07-24,RY,27566.272641523898
2019-07-25,RY,27425.720040322623
2019-07-26,RY,27553.36176169013
2019-07-29,RY,27528.912788419573
2019-07-30,RY,27416.081615751213
2019-07-31,RY,27261.122740449173
2019-08-01,RY,27007.8995316771
2019-08-02,RY,26864.68751456345
2019-08-05,RY,26395.611192550114
2019-08-06,RY,26485.87106972113
2019-08-07,RY,26662.694513092967
2019-08-08,RY,26811.51907867325
2019-08-09,RY,26574.5005935938
2019-08-12,RY,26246.809823053343
2019-08-13,RY,26476.936962594566
2019-08-14,RY,25937.982288374373
2019-08-15,RY,25953.862869393488
2019-08-16,RY,26227.588102264843
2019-08-19,RY,26324.306431831126
2019-08-20,RY,26062.38619798086
2019-08-21,RY,26184.035798606055
2019-08-22,RY,26087.674447727608
2019-08-23,RY,25691.367553420805
2019-08-26,RY,25774.13991558252
2019-08-27,RY,25657.326547745866
2019-08-28,RY,25827.45957788731
2019-08-29,RY,26131.61325236233
2019-08-30,RY,26115.950473529967
2019-09-03,RY,26136.962510218706
2019-09-04,RY,26185.700192910077
2019-09-05,RY,26435.90881456897
2019-09-06,RY,26497.888448467897
2019-09-09,RY,26580.778899782043
2019-09-10,RY,26900.419123104297
2019-09-11,RY,27100.075345096717
2019-09-12,RY,27337.61739891832
2019-09-13,RY,27633.410843397847
2019-09-16,RY,27673.277681008603
2019-09-17,RY,27848.58825773885
2019-09-18,RY,27902.664353364435
2019-09-19,RY,28073.07212153398
2019-09-20,RY,28361.56934338123
2019-09-23,RY,28236.11709129909
2019-09-24,RY,28072.61392357264
2019-09-25,RY,28246.710471516428
2019-09-26,RY,28186.3178112272
2019-09-27,RY,28226.23646346606
2019-09-30,RY,28240.821377534663
2019-10-01,RY,28065.131529776587
2019-10-02,RY,27590.91200342796
2019-10-03,RY,27606.597978343834
2019-10-04,RY,27817.40940777115
2019-10-07,RY,27724.565426647223
2019-10-08,RY,27452.55067899907
2019-10-09,RY,27706.23811068924
2019-10-10,RY,27790.59081900822
2019-10-11,RY,27936.48303813505
2019-10-14,RY,27950.915520797713
2019-10-15,RY,28126.972589670106
2019-10-16,RY,28078.401497033054
2019-10-17,RY,28006.665349410287
2019-10-18,RY,28114.524426515243
2019-10-21,RY,28309.1531233421
2019-10-22,RY,28187.755968405007
2019-10-23,RY,28338.508218899573
2019-10-24,RY,28175.016799838795
2019-10-25,RY,28241.12111913331
2019-10-28,RY,28207.62296206214
2019-10-29,RY,28157.252817337558
2019-10-30,RY,28337.059518047437
2019-10-31,RY,28253.322259061148
2019-11-01,RY,28418.06596538379
2019-11-04,RY,28633.38376121723
2019-11-05,RY,28717.258389217564
2019-11-06,RY,28763.900893196824
2019-11-07,RY,28848.685590915255
2019-11-08,RY,28867.342472007822
2019-11-11,RY,28800.26210971874
2019-11-12,RY,28800.592277349
2019-11-13,RY,28815.022952524636
2019-11-14,RY,28854.16739782027
2019-11-15,RY,28969.107305353453
2019-11-18,RY,28963.492648151954
2019-11-19,RY,28890.48915087543
2019-11-20,RY,28969.95049805154
2019-11-21,RY,29062.28657532089
2019-11-22,RY,29070.584447013953
2019-11-25,RY,29121.7983869323
2019-11-26,RY,28945.357528314507
2019-11-27,RY,28954.894131116736
2019-11-29,RY,28916.150044197577
2019-12-02,RY,28759.710535772592
2019-12-03,RY,28571.92799730829
2019-12-04,RY,27986.692316514236
2019-12-05,RY,27862.782754609627
2019-12-06,RY,27941.777167637098
2019-12-09,RY,27812.1017221164
2019-12-10,RY,27648.641934078598
2019-12-11,RY,27645.649036809744
2019-12-12,RY,27651.367323267456
2019-12-13,RY,27867.401486459257
2019-12-16,RY,27861.02045475831
2019-12-17,RY,27871.588228909433
2019-12-18,RY,27662.04234164885
2019-12-19,RY,27643.978316301134
2019-12-20,RY,27767.3962417344
2019-12-23,RY,27570.25242670949
2019-12-24,RY,27524.728757199937
2019-12-26,RY,27546.52795448892
2019-12-27,RY,27523.863573409686
2019-12-30,RY,27455.394157340357
2019-12-31,RY,27378.93655235526
2020-01-02,RY,27560.241659810516
2020-01-03,RY,27455.193225032526
2020-01-06,RY,27475.71181776289
2020-01-07,RY,27482.302216711123
2020-01-08,RY,27684.6741879616
2020-01-09,RY,27793.455987193836
2020-01-10,RY,27737.807679102607
2020-01-13,RY,27863.502736942042
2020-01-14,RY,27973.159359895337
2020-01-15,RY,28034.145478425096
2020-01-16,RY,28273.574247455035
2020-01-17,RY,28341.269155333295
2020-01-21,RY,28404.551083635164
2020-01-22,RY,28371.7473028302
2020-01-23,RY,28590.701461314096
2020-01-24,RY,28426.354197146044
2020-01-27,RY,28307.54325489673
2020-01-28,RY,28461.37576453312
2020-01-29,RY,28416.6757066122
2020-01-30,RY,28458.393712186426
2020-01-31,RY,28087.10725829854
2020-02-03,RY,28112.027684435296
2020-02-04,RY,28600.296807444698
2020-02-05,RY,28745.56996226479
2020-02-06,RY,28908.517026482605
2020-02-07,RY,28844.950720221823
2020-02-10,RY,28878.432007414067
2020-02-11,RY,28990.90921387298
2020-02-12,RY,29047.254910708783
2020-02-13,RY,29080.190638066717
2020-02-14,RY,29100.43599900817
2020-02-18,RY,29010.2505300531
2020-02-19,RY,28993.340886419955
2020-02-20,RY,29001.49807537275
2020-02-21,RY,29369.40031105044
2020-02-24,RY,29059.721751229594
2020-02-25,RY,28485.292131626386
2020-02-26,RY,27933.17744561053
2020-02-27,RY,27291.526479730128
2020-02-28,RY,26882.02282139145
2020-03-02,RY,27551.287670326656
2020-03-03,RY,27012.895425819694
2020-03-04,RY,27218.528404914687
2020-03-05,RY,26796.57176345574
2020-03-06,RY,26224.01289292546
2020-03-09,RY,23908.78016646895
2020-03-10,RY,24833.040465206188
2020-03-11,RY,23613.18343682753
2020-03-12,RY,21242.16714200061
2020-03-13,RY,24183.90800927325
2020-03-16,RY,22480.875958822915
2020-03-17,RY,23788.022259443736
2020-03-18,RY,21794.00588499701
2020-03-19,RY,22064.97741138275
2020-03-20,RY,21000.199154945592
2020-03-23,RY,19311.931261027363
2020-03-24,RY,21953.726584871652
2020-03-25,RY,22944.029145848806
2020-03-26,RY,23256.36260286446
2020-03-27,RY,22284.313250877178
2020-03-30,RY,22770.747172058516
2020-03-31,RY,23472.88026883598
2020-04-01,RY,22356.213277323728
2020-04-02,RY,22483.502538720964
2020-04-03,RY,22036.723677920392
2020-04-06,RY,23081.367432620424
2020-04-07,RY,23026.813859171874
2020-04-08,RY,23540.239586622898
2020-04-09,RY,23724.643931833758
2020-04-13,RY,23278.41695707209
2020-04-14,RY,23411.229597575966
2020-04-15,RY,22930.40340489586
2020-04-16,RY,22384.78000728959
2020-04-17,RY,23518.335253838504
2020-04-20,RY,23233.422881261446
2020-04-21,RY,22571.44792875392
2020-04-22,RY,22526.081510615713
2020-04-23,RY,22375.94591444519
2020-04-24,RY,22595.183547144487
2020-04-27,RY,23148.72373792896
2020-04-28,RY,23413.714892238073
2020-04-29,RY,24134.591629485403
2020-04-30,RY,23333.502534202245
2020-05-01,RY,23004.54200402533
2020-05-04,RY,23143.68717532826
2020-05-05,RY,23018.47200529449
2020-05-06,RY,22999.794036853273
2020-05-07,RY,22967.448152761815
2020-05-08,RY,23275.07641979838
2020-05-11,RY,23554.24369486016
2020-05-12,RY,23032.38242545419
2020-05-13,RY,22430.012068892127
2020-05-14,RY,22845.01952522798
2020-05-15,RY,22547.506859337955
2020-05-18,RY,23661.261688001894
2020-05-19,RY,22714.616264931086
2020-05-20,RY,23409.479950133842
2020-05-21,RY,22764.352282957032
2020-05-22,RY,22471.195660802045
2020-05-26,RY,23979.309214005527
2020-05-27,RY,25134.32475402587
2020-05-28,RY,24834.631656285615
2020-05-29,RY,24350.904145679357
2020-06-01,RY,24998.28032671774
2020-06-02,RY,25519.92349268912
2020-06-03,RY,25723.139560381194
2020-06-04,RY,25915.29953117703
2020-06-05,RY,26305.019039013976
2020-06-08,RY,26203.463572915636
2020-06-09,RY,25828.6913802962
2020-06-10,RY,25432.85503511209
2020-06-11,RY,24358.300985089467
2020-06-12,RY,24921.463935557786
2020-06-15,RY,24961.82361463123
2020-06-16,RY,25287.116753630387
2020-06-17,RY,25096.706129028847
2020-06-18,RY,25333.67731819776
2020-06-19,RY,25159.554862939913
2020-06-22,RY,25100.96004974686
2020-06-23,RY,25149.742919613913
2020-06-24,RY,24904.683828494908
2020-06-25,RY,25374.446091834983
2020-06-26,RY,24836.85607032016
2020-06-29,RY,25119.865460305642
2020-06-30,RY,25165.109571821686
2020-07-01,RY,25024.335252211768
2020-07-02,RY,25221.018158044797
2020-07-06,RY,25458.927734228553
2020-07-07,RY,25130.133794105957
2020-07-08,RY,25095.20651729212
2020-07-09,RY,24794.28824459541
2020-07-10,RY,25354.26037796542
2020-07-13,RY,25359.527093914225
2020-07-14,RY,25818.310379804538
2020-07-15,RY,26119.7434850561
2020-07-16,RY,25982.447674229625
2020-07-17,RY,26108.043019034736
2020-07-20,RY,25863.766268550575
2020-07-21,RY,26034.03968018445
2020-07-22,RY,25998.333376461982
2020-07-23,RY,25863.887370181386
2020-07-24,RY,25820.880626356913
2020-07-27,RY,25741.69883717431
2020-07-28,RY,25459.785688070697
2020-07-29,RY,25699.57776199306
2020-07-30,RY,25675.53607579926
2020-07-31,RY,25511.293645878766
2020-08-03,RY,25529.100706820813
2020-08-04,RY,25575.064800669275
2020-08-05,RY,25799.43268404684
2020-08-06,RY,26037.861912750854
2020-08-07,RY,26274.60867228058
2020-08-10,RY,26497.43597421547
2020-08-11,RY,26881.082928137417
2020-08-12,RY,27010.798439620547
2020-08-13,RY,26891.716675565025
2020-08-14,RY,26842.346673662043
2020-08-17,RY,26776.680067475903
2020-08-18,RY,26806.95999389551
2020-08-19,RY,26820.66044431224
2020-08-20,RY,27017.48071915932
2020-08-21,RY,27030.955233697678
2020-08-24,RY,27245.91394210842
2020-08-25,RY,27618.90666374978
2020-08-26,RY,27943.3084103968
2020-08-27,RY,28054.272750214117
2020-08-28,RY,27852.18365068337
2020-08-31,RY,27347.676064223506
2020-09-01,RY,27256.676623610616
2020-09-02,RY,27324.87371163454
2020-09-03,RY,26938.962578963456
2020-09-04,RY,26761.44355433407
2020-09-08,RY,26439.850943774833
2020-09-09,RY,26863.622904704553
2020-09-10,RY,26479.223433683706
2020-09-11,RY,26778.076351204247
2020-09-14,RY,26940.372720092346
2020-09-15,RY,27008.148061143307
2020-09-16,RY,26625.730198399713
2020-09-17,RY,26646.375013974135
2020-09-18,RY,26276.53967092108
2020-09-21,RY,25951.161278783813
2020-09-22,RY,25980.820935905333
2020-09-23,RY,25757.982789048277
2020-09-24,RY,26010.222724877665
2020-09-25,RY,26060.111475557398
2020-09-28,RY,26330.656736252608
2020-09-29,RY,25866.272650561332
2020-09-30,RY,25772.940949187952
2020-10-01,RY,25780.552879554274
2020-10-02,RY,25945.095352321245
2020-10-05,RY,26318.14350356477
2020-10-06,RY,26275.9561538592
2020-10-07,RY,26903.550293130716
2020-10-08,RY,26956.323491857675
2020-10-09,RY,26835.417672144085
2020-10-12,RY,27020.337452405478
2020-10-13,RY,26782.051015176592
2020-10-14,RY,26719.04352365499
2020-10-15,RY,26776.043530794563
2020-10-16,RY,26782.471858406043
2020-10-19,RY,26462.692759830552
2020-10-20,RY,26437.51054932272
2020-10-21,RY,26593.475291155282
2020-10-22,RY,26826.375718291576
2020-10-23,RY,26826.172376001043
2020-10-26,RY,26325.51955687407
2020-10-27,RY,25848.469204593344
2020-10-28,RY,25370.536798643443
2020-10-29,RY,25932.48722656449
2020-10-30,RY,25961.853167044123
2020-11-02,RY,26052.647156631614
2020-11-03,RY,26429.85674550694
2020-11-04,RY,26840.29517588641
2020-11-05,RY,26826.230215585903
2020-11-06,RY,26943.167697531746
2020-11-09,RY,27114.7659971564
2020-11-10,RY,27611.784562367775
2020-11-11,RY,27807.263380592995
2020-11-12,RY,27913.286653374205
2020-11-13,RY,27989.920789592274
2020-11-16,RY,28313.558872970385
2020-11-17,RY,28796.674549218005
2020-11-18,RY,28950.128992817918
2020-11-19,RY,29038.515710933298
2020-11-20,RY,29029.60028117268
2020-11-23,RY,29411.117412881158
2020-11-24,RY,30073.937968069473
2020-11-25,RY,30030.447721465283
2020-11-27,RY,30093.475697839862
2020-11-30,RY,29602.931852406993
2020-12-01,RY,29818.630726755287
2020-12-02,RY,29604.699574719387
2020-12-03,RY,29491.342122078335
2020-12-04,RY,29342.925446070476
2020-12-07,RY,29435.86160903278
2020-12-08,RY,29455.35354913182
2020-12-09,RY,29560.987910954394
2020-12-10,RY,29642.924912861803
2020-12-11,RY,29629.041906255345
2020-12-14,RY,29195.79720706502
2020-12-15,RY,29143.8262313302
2020-12-16,RY,29168.202001376158
2020-12-17,RY,29070.872138699084
2020-12-18,RY,28948.97491235119
2020-12-21,RY,28894.483395957235
2020-12-22,RY,28807.382704861557
2020-12-23,RY,29178.806527763496
2020-12-24,RY,29266.74227786564
2020-12-28,RY,29245.515150220697
2020-12-29,RY,29265.194767722704
2020-12-30,RY,29204.796684972393
2020-12-31,RY,29099.498214489002
2021-01-04,RY,29075.202877615746
2021-01-05,RY,29410.188063301448
2021-01-06,RY,29800.976699714858
2021-01-07,RY,30153.76864509477
2021-01-08,RY,30063.86393912456
2021-01-11,RY,30061.061731737052
2021-01-12,RY,30285.404009048398
2021-01-13,RY,30245.620315840886
2021-01-14,RY,30161.647782293247
2021-01-15,RY,30151.271903014826
2021-01-19,RY,30032.306119376863
2021-01-20,RY,30117.1179294007
2021-01-21,RY,30009.726690187897
2021-01-22,RY,29855.76283649421
2021-01-25,RY,29889.38119145267
2021-01-26,RY,29825.915200721884
2021-01-27,RY,29232.06594050072
2021-01-28,RY,29600.574588075964
2021-01-29,RY,29077.95959657974
2021-02-01,RY,29322.632487970644
2021-02-02,RY,29742.007134211544
2021-02-03,RY,29674.735780793275
2021-02-04,RY,29909.04363782792
2021-02-05,RY,30023.88744730083
2021-02-08,RY,30171.83749040789
2021-02-09,RY,30152.588356066146
2021-02-10,RY,29770.657912324168
2021-02-11,RY,29728.0780366859
2021-02-12,RY,29900.656596774857
2021-02-16,RY,29922.887180967617
2021-02-17,RY,30253.74948874476
2021-02-18,RY,30744.31261403925
2021-02-19,RY,30865.090403421764
2021-02-22,RY,31196.137978619176
2021-02-23,RY,31519.137717828922
2021-02-24,RY,31544.091582475674
2021-02-25,RY,30853.64328683201
2021-02-26,RY,30368.06189703174
2021-03-01,RY,30916.208245279846
2021-03-02,RY,30852.005402337723
2021-03-03,RY,30832.489061163822
2021-03-04,RY,30853.87313893228
2021-03-05,RY,31692.153991026247
2021-03-08,RY,32210.45752346743
2021-03-09,RY,32114.764039045454
2021-03-10,RY,32663.54451399219
2021-03-11,RY,32774.778169376536
2021-03-12,RY,32818.49164062856
2021-03-15,RY,32640.349635470535
2021-03-16,RY,32669.778536748276
2021-03-17,RY,32871.1069854885
2021-03-18,RY,32779.502639217244
2021-03-19,RY,32792.853340894246
2021-03-22,RY,32607.391013276923
2021-03-23,RY,32518.99706521344
2021-03-24,RY,32663.896973962455
2021-03-25,RY,32689.785911897838
2021-03-26,RY,32955.36359574721
2021-03-29,RY,32963.432820331356
2021-03-30,RY,32946.581016283075
2021-03-31,RY,32623.867763767106
2021-04-01,RY,32693.23519964101
2021-04-05,RY,32779.51227914805
2021-04-06,RY,32737.287273462756
2021-04-07,RY,32789.42483925189
2021-04-08,RY,32871.082584413634
2021-04-09,RY,32991.31270522697
2021-04-12,RY,33064.29481390701
2021-04-13,RY,33039.132184508635
2021-04-14,RY,33065.228079708606
2021-04-15,RY,33183.76338018631
2021-04-16,RY,33316.2895339964
2021-04-19,RY,33123.59364329707
2021-04-20,RY,32704.025595944284
2021-04-21,RY,33118.67215737042
2021-04-22,RY,32947.55133556873
2021-04-23,RY,33227.74194953562
2021-04-26,RY,33280.7263229969
2021-04-27,RY,33359.456842918444
2021-04-28,RY,33615.31928399775
2021-04-29,RY,33665.931330736115
2021-04-30,RY,33363.645694103485
2021-05-03,RY,33630.32624628716
2021-05-04,RY,33588.65463287995
2021-05-05,RY,33852.30402931936
2021-05-06,RY,34146.90694234378
2021-05-07,RY,34293.86106009897
2021-05-10,RY,34269.882937198956
2021-05-11,RY,33972.89685252945
2021-05-12,RY,34042.13083561119
2021-05-13,RY,34466.933064146295
2021-05-14,RY,34660.79809770425
2021-05-17,RY,34829.11098840952
2021-05-18,RY,34952.419259629816
2021-05-19,RY,34904.956156540306
2021-05-20,RY,35035.66970211017
2021-05-21,RY,35156.877673405106
2021-05-24,RY,35177.878262676
2021-05-25,RY,35102.86694856034
2021-05-26,RY,35402.25729222356
2021-05-27,RY,35917.57666358319
2021-05-28,RY,35781.45330934155
2021-06-01,RY,35748.31092596686
2021-06-02,RY,35908.434996696364
2021-06-03,RY,35910.3909989074
2021-06-04,RY,35939.59968801569
2021-06-07,RY,35849.85645088655
2021-06-08,RY,35721.23838527664
2021-06-09,RY,35506.882775037244
2021-06-10,RY,35482.88898724965
2021-06-11,RY,35857.52742582909
2021-06-14,RY,36018.93722233045
2021-06-15,RY,36248.91102672222
2021-06-16,RY,36128.304044863755
2021-06-17,RY,36149.68360391464
2021-06-18,RY,35799.92462176601
2021-06-21,RY,36005.69647611425
2021-06-22,RY,36013.13187524761
2021-06-23,RY,35683.32393490287
2021-06-24,RY,35763.90833401842
2021-06-25,RY,35900.64412511437
2021-06-28,RY,35701.17648426843
2021-06-29,RY,35745.776226659356
2021-06-30,RY,35745.74218565368
2021-07-01,RY,36015.648800932686
2021-07-02,RY,35943.172487372365
2021-07-06,RY,35770.48849054017
2021-07-07,RY,35789.047164837604
2021-07-08,RY,35823.43490677389
2021-07-09,RY,36033.42874956933
2021-07-12,RY,36381.073875639886
2021-07-13,RY,36404.24073811263
2021-07-14,RY,36617.71248719584
2021-07-15,RY,36690.5626493229
2021-07-16,RY,36225.29620871462
2021-07-19,RY,35802.216515316235
2021-07-20,RY,36025.52310256112
2021-07-21,RY,36020.98359889284
2021-07-22,RY,35825.646065903566
2021-07-23,RY,36177.229404958096
2021-07-26,RY,36240.56375038375
2021-07-27,RY,36375.16339306164
2021-07-28,RY,36537.342576540825
2021-07-29,RY,36561.57103639408
2021-07-30,RY,36270.98827576552
2021-08-02,RY,36039.6953070919
2021-08-03,RY,36374.09396323734
2021-08-04,RY,36582.136322539314
2021-08-05,RY,36810.201420630576
2021-08-06,RY,37132.96558403114
2021-08-09,RY,37173.638259608095
2021-08-10,RY,37543.85136744979
2021-08-11,RY,37700.04957635667
2021-08-12,RY,37724.14970463101
2021-08-13,RY,37713.23368797936
2021-08-16,RY,37745.36478236244
2021-08-17,RY,37632.06547055409
2021-08-18,RY,37544.84096659707
2021-08-19,RY,37407.33880100167
2021-08-20,RY,38000.44397906339
2021-08-23,RY,38017.39368865897
2021-08-24,RY,37993.10166551193
2021-08-25,RY,38379.78369140003
2021-08-26,RY,38014.25287870174
2021-08-27,RY,38063.04508725177
2021-08-30,RY,37721.19265585486
2021-08-31,RY,37312.58129361184
2021-09-01,RY,37219.812021951686
2021-09-02,RY,37382.82234821545
2021-09-03,RY,37237.770911804
2021-09-07,RY,37294.64047862979
2021-09-08,RY,37186.69102717349
2021-09-09,RY,37373.475531551056
2021-09-10,RY,37156.462915381984
2021-09-13,RY,37206.53602973846
2021-09-14,RY,36890.87980907153
2021-09-15,RY,37353.41061806447
2021-09-16,RY,37267.98908241686
2021-09-17,RY,36652.442446675894
2021-09-20,RY,36285.0451023744
2021-09-21,RY,36042.853890671555
2021-09-22,RY,36341.88514691209
2021-09-23,RY,36838.06714687781
2021-09-24,RY,36880.043321849065
2021-09-27,RY,36857.876602197925
2021-09-28,RY,36417.19529888289
2021-09-29,RY,36387.12172723219
2021-09-30,RY,36475.05476610379
2021-10-01,RY,36349.99443745867
2021-10-04,RY,36323.894023541136
2021-10-05,RY,36610.97748928544
2021-10-06,RY,36714.16360992996
2021-10-07,RY,36851.64498942454
2021-10-08,RY,36998.0589698065
2021-10-11,RY,36902.28716094669
2021-10-12,RY,36906.38232405417
2021-10-13,RY,37002.24480851316
2021-10-14,RY,37325.54278308236
2021-10-15,RY,37580.4785858125
2021-10-18,RY,37725.28179400558
2021-10-19,RY,37852.812053673086
2021-10-20,RY,38050.79665141338
2021-10-21,RY,38020.09618301215
2021-10-22,RY,38319.61606324565
2021-10-25,RY,38402.38270169846
2021-10-26,RY,38432.968394673466
2021-10-27,RY,37979.84525440817
2021-10-28,RY,38054.11670383412
2021-10-29,RY,37361.74584448942
2021-11-01,RY,37499.39411528616
2021-11-02,RY,37930.64666252491
2021-11-03,RY,38421.14140456021
2021-11-04,RY,38399.02439080231
2021-11-05,RY,38327.62835198846
2021-11-08,RY,38292.517615241384
2021-11-09,RY,38366.690255376525
2021-11-10,RY,38264.984466607115
2021-11-11,RY,38220.720916803206
2021-11-12,RY,38697.39983049989
2021-11-15,RY,38416.84109167517
2021-11-16,RY,38429.27840990787
2021-11-17,RY,38284.78307700506
2021-11-18,RY,38285.53288287342
2021-11-19,RY,38254.046157615456
2021-11-22,RY,38123.70103815126
2021-11-23,RY,38298.70253459989
2021-11-24,RY,38354.165575270854
2021-11-26,RY,37606.00241136844
2021-11-29,RY,37656.12944908789
2021-11-30,RY,36745.2584117509
2021-12-01,RY,36321.54398915821
2021-12-02,RY,37209.149957227324
2021-12-03,RY,37241.27352041446
2021-12-06,RY,37503.10729613527
2021-12-07,RY,37858.23421350621
2021-12-08,RY,37584.245087528914
2021-12-09,RY,37584.28455099567
2021-12-10,RY,37734.49003666457
2021-12-13,RY,37110.025561180286
2021-12-14,RY,37266.69341546635
2021-12-15,RY,37946.216958271056
2021-12-16,RY,38151.4019818312
2021-12-17,RY,37811.68057763911
2021-12-20,RY,37701.999553610956
2021-12-21,RY,38198.8602649553
2021-12-22,RY,38554.858089825415
2021-12-23,RY,38785.905541511216
2021-12-27,RY,39254.9918047032
2021-12-28,RY,39307.88459882178
2021-12-29,RY,39104.83512118402
2021-12-30,RY,39094.75536853018
2021-12-31,RY,39030.519689573746
2022-01-03,RY,39374.63147975438
2022-01-04,RY,39651.56018213324
2022-01-05,RY,39961.21825710111
2022-01-06,RY,40619.273071494936
2022-01-07,RY,41195.180612990545
2022-01-10,RY,41360.832581544244
2022-01-11,RY,41825.99810412686
2022-01-12,RY,42082.94232619182
2022-01-13,RY,42102.2857511068
2022-01-14,RY,42696.88331095714
2022-01-18,RY,43171.21158777523
2022-01-19,RY,42571.81665610743
2022-01-20,RY,42009.93973265881
2022-01-21,RY,41801.223783191446
2022-01-24,RY,41629.31760827653
2022-01-25,RY,41335.44642625021
2022-01-26,RY,41156.11388963707
2022-01-27,RY,41457.37829609945
2022-01-28,RY,41890.447970296
2022-01-31,RY,42429.28726659431
2022-02-01,RY,42758.121573927165
2022-02-02,RY,42962.83695210813
2022-02-03,RY,42700.338623657066
2022-02-04,RY,42958.70835049065
2022-02-07,RY,42700.453399083286
2022-02-08,RY,43135.22301482871
2022-02-09,RY,42868.340927841535
2022-02-10,RY,42459.440367674186
2022-02-11,RY,42612.878242643026
2022-02-14,RY,42440.48223874379
2022-02-15,RY,42454.31584070484
2022-02-16,RY,42420.47606858557
2022-02-17,RY,41345.33609151837
2022-02-18,RY,41168.53403674301
2022-02-22,RY,41573.44908801585
2022-02-23,RY,40887.6966436683
2022-02-24,RY,40341.52949371475
2022-02-25,RY,41199.04230902371
2022-02-28,RY,41014.659954905
2022-03-01,RY,40071.90273767709
2022-03-02,RY,40386.54345188269
2022-03-03,RY,40616.80675544661
2022-03-04,RY,40538.883880978305
2022-03-07,RY,39752.79060181455
2022-03-08,RY,39529.03816776968
2022-03-09,RY,40363.72332567129
2022-03-10,RY,40467.2167191104
2022-03-11,RY,40327.392535181
2022-03-14,RY,40541.97649128148
2022-03-15,RY,41093.086214510324
2022-03-16,RY,41332.67645238135
2022-03-17,RY,41579.33366328005
2022-03-18,RY,41661.050754265845
2022-03-21,RY,41771.48399414506
2022-03-22,RY,41911.13375557635
2022-03-23,RY,41078.95799216388
2022-03-24,RY,41175.395859993136
2022-03-25,RY,41454.568557515995
2022-03-28,RY,41251.048832003384
2022-03-29,RY,41116.39857968874
2022-03-30,RY,40896.17195033784
2022-03-31,RY,40306.48503149199
2022-04-01,RY,40162.471695129716
2022-04-04,RY,40445.912773266806
2022-04-05,RY,40234.85160938193
2022-04-06,RY,40049.590214072436
2022-04-07,RY,39632.372201102575
2022-04-08,RY,40026.98096134752
2022-04-11,RY,40188.41787015429
2022-04-12,RY,39836.64564870544
2022-04-13,RY,40039.777969498595
2022-04-14,RY,39998.32536326949
2022-04-18,RY,40115.38605558101
2022-04-19,RY,40599.942901484814
2022-04-20,RY,40672.70540049107
2022-04-21,RY,40379.71386215121
2022-04-22,RY,39134.63515979797
2022-04-25,RY,38933.98361494935
2022-04-26,RY,38354.50146661003
2022-04-27,RY,38284.87586133911
2022-04-28,RY,38889.40224867654
2022-04-29,RY,38135.89344189181
2022-05-02,RY,38332.59894131267
2022-05-03,RY,38686.3322861858
2022-05-04,RY,39361.25908823305
2022-05-05,RY,38494.051213759165
2022-05-06,RY,38252.12058143604
2022-05-09,RY,37523.95545400022
2022-05-10,RY,37259.73489166028
2022-05-11,RY,37219.83913425709
2022-05-12,RY,36990.75943344801
2022-05-13,RY,37476.82010855827
2022-05-16,RY,37562.58747672371
2022-05-17,RY,37598.31998900807
2022-05-18,RY,37050.45410249699
2022-05-19,RY,37494.86666153139
2022-05-20,RY,37542.04900163604
2022-05-23,RY,38151.55230450228
2022-05-24,RY,38032.860053901066
2022-05-25,RY,38012.42129184773
2022-05-26,RY,38007.53113569621
2022-05-27,RY,38730.20180381783
2022-05-31,RY,38994.171426708854
2022-06-01,RY,39085.97851277497
2022-06-02,RY,39293.83289342613
2022-06-03,RY,38889.06093487627
2022-06-06,RY,39050.09869029791
2022-06-07,RY,39367.05931410265
2022-06-08,RY,38890.88499053434
2022-06-09,RY,38448.201292841244
2022-06-10,RY,37932.786727164865
2022-06-13,RY,37284.53361367055
2022-06-14,RY,37137.568650993206
2022-06-15,RY,37519.691893351395
2022-06-16,RY,36805.547744031755
2022-06-17,RY,36767.87670191095
2022-06-21,RY,37323.44730312241
2022-06-22,RY,36944.706471487385
2022-06-23,RY,36380.87655830611
2022-06-24,RY,36819.7826081128
2022-06-27,RY,36833.355931941966
2022-06-28,RY,36938.438708973474
2022-06-29,RY,37119.26995357982
2022-06-30,RY,36815.28076042425
2022-07-01,RY,37054.83153482851
2022-07-05,RY,36845.583581679544
2022-07-06,RY,37055.824146454164
2022-07-07,RY,37645.10106699273
2022-07-08,RY,37661.83297440156
2022-07-11,RY,37562.95138411181
2022-07-12,RY,37640.835096361196
2022-07-13,RY,37286.857740739426
2022-07-14,RY,35313.85310173359
2022-07-15,RY,35056.608836822146
2022-07-18,RY,35559.62283650204
2022-07-19,RY,36470.707157308214
2022-07-20,RY,36520.644408889835
2022-07-21,RY,36681.181490405
2022-07-22,RY,36376.36537193458
2022-07-25,RY,36750.81944683727
2022-07-26,RY,36320.85021538768
2022-07-27,RY,36723.55471002651
2022-07-28,RY,36943.28428044499
2022-07-29,RY,37286.39201158214
2022-08-01,RY,37190.77775534151
2022-08-02,RY,36988.39283043401
2022-08-03,RY,37696.45719589053
2022-08-04,RY,37703.22352357606
2022-08-05,RY,37706.47519273761
2022-08-08,RY,37148.48075142296
2022-08-09,RY,37007.54616796332
2022-08-10,RY,37543.07926924143
2022-08-11,RY,37775.82395124556
2022-08-12,RY,38215.34575163278
2022-08-15,RY,38311.94388331177
2022-08-16,RY,38635.312952370696
2022-08-17,RY,38500.914844496314
2022-08-18,RY,38629.590749691095
2022-08-19,RY,38465.30915755168
2022-08-22,RY,38012.582760688805
2022-08-23,RY,37720.57780901784
2022-08-24,RY,36780.85114503851
2022-08-25,RY,37549.354261703455
2022-08-26,RY,37123.20756406811
2022-08-29,RY,37304.48104050039
2022-08-30,RY,36662.22607270514
2022-08-31,RY,36373.331203711954
2022-09-01,RY,36372.819082387636
2022-09-02,RY,36635.82290471058
2022-09-06,RY,36498.03244493438
2022-09-07,RY,37081.66157100928
2022-09-08,RY,37521.34514148541
2022-09-09,RY,38105.88283103921
2022-09-12,RY,38436.61017978501
2022-09-13,RY,37676.21484742746
2022-09-14,RY,37852.85693960092
2022-09-15,RY,38048.986453155856
2022-09-16,RY,37755.27914995331
2022-09-19,RY,38140.20550344252
2022-09-20,RY,37897.936569797515
2022-09-21,RY,37306.57019425575
2022-09-22,RY,37252.346185941795
2022-09-23,RY,36732.246011395786
2022-09-26,RY,36890.236042442084
2022-09-27,RY,36659.27776011629
2022-09-28,RY,37285.43946591891
2022-09-29,RY,37127.61481993558
2022-09-30,RY,36800.62324562673
2022-10-03,RY,37482.35824880896
2022-10-04,RY,38536.11957056879
2022-10-05,RY,38299.24869692988
2022-10-06,RY,37057.83166204547
2022-10-07,RY,36004.510764624545
2022-10-10,RY,35865.51230101864
2022-10-11,RY,35122.55228977126
2022-10-12,RY,35323.0733943061
2022-10-13,RY,36527.159495878615
2022-10-14,RY,36279.353928222095
2022-10-17,RY,36841.94119407232
2022-10-18,RY,37055.25448679282
2022-10-19,RY,36813.15786691105
2022-10-20,RY,36176.07743322623
2022-10-21,RY,37094.79055427764
2022-10-24,RY,37155.967663936586
2022-10-25,RY,37394.82074834843
2022-10-26,RY,37448.01629654403
2022-10-27,RY,37524.8360014302
2022-10-28,RY,37836.2389038748
2022-10-31,RY,38021.18338645889
2022-11-01,RY,37923.68602998398
2022-11-02,RY,37660.305647863745
2022-11-03,RY,37798.582622898044
2022-11-04,RY,38459.72854135586
2022-11-07,RY,38631.26116895187
2022-11-08,RY,38794.16063601131
2022-11-09,RY,38321.966398876415
2022-11-10,RY,39567.458714511005
2022-11-11,RY,40010.7690077068
2022-11-14,RY,39581.47878888367
2022-11-15,RY,39703.54019530319
2022-11-16,RY,39549.742027920314
2022-11-17,RY,39927.0269287551
2022-11-18,RY,39971.221492804136
2022-11-21,RY,40037.57283532566
2022-11-22,RY,40682.03715476357
2022-11-23,RY,40702.16412530476
2022-11-25,RY,40660.604576093225
2022-11-28,RY,39975.70616936593
2022-11-29,RY,40253.06686114423
2022-11-30,RY,40603.03430679664
2022-12-01,RY,40571.835273223805
2022-12-02,RY,40425.99938744264
2022-12-05,RY,40055.54889630474
2022-12-06,RY,39822.12188794791
2022-12-07,RY,39705.465168986935
2022-12-08,RY,39540.721161416455
2022-12-09,RY,39388.93502834245
2022-12-12,RY,39901.86791433078
2022-12-13,RY,39165.399793988654
2022-12-14,RY,39005.69897647131
2022-12-15,RY,38538.503344709556
2022-12-16,RY,38531.109216529985
2022-12-19,RY,38172.16579030156
2022-12-20,RY,38435.58111717098
2022-12-21,RY,38779.23772186865
2022-12-22,RY,38530.229874091354
2022-12-23,RY,38671.64012788694
2022-12-27,RY,38868.33809611185
2022-12-28,RY,38306.16594978217
2022-12-29,RY,38810.412956862296
2022-12-30,RY,38361.10692795016
2023-01-03,RY,38539.98729155871
2023-01-04,RY,38987.53975680684
2023-01-05,RY,38736.47137381878
2023-01-06,RY,39399.36965094925
2023-01-09,RY,39553.48442980969
2023-01-10,RY,40014.03845049078
2023-01-11,RY,40013.831493226186
2023-01-12,RY,40252.57462217722
2023-01-13,RY,40494.32540954116
2023-01-17,RY,40768.6923003071
2023-01-18,RY,40347.048956599494
2023-01-19,RY,40531.3493713063
2023-01-20,RY,40705.399527083064
2023-01-23,RY,40615.33305102394
2023-01-24,RY,40675.57659363344
2023-01-25,RY,40237.188388859984
2023-01-26,RY,40909.26870008756
2023-01-27,RY,40561.359078415386
2023-01-30,RY,40584.70277336893
2023-01-31,RY,41165.69778834983
2023-02-01,RY,41220.739383295666
2023-02-02,RY,41084.61392031916
2023-02-03,RY,41586.606991076645
2023-02-06,RY,41603.2626827825
2023-02-07,RY,41836.575216960955
2023-02-08,RY,41971.618597703964
2023-02-09,RY,41811.66322576365
2023-02-10,RY,41834.668619395314
2023-02-13,RY,41859.592660506125
2023-02-14,RY,41849.78644088904
2023-02-15,RY,41830.5198341727
2023-02-16,RY,41731.62559147377
2023-02-17,RY,41876.61527207847
2023-02-21,RY,41575.77924004148
2023-02-22,RY,41092.785569168176
2023-02-23,RY,41060.96596504941
2023-02-24,RY,41384.7863033694
2023-02-27,RY,41575.293628526895
2023-02-28,RY,41603.57116056844
2023-03-01,RY,40321.057895647085
2023-03-02,RY,41102.10677976635
2023-03-03,RY,41241.729730140076
2023-03-06,RY,41326.606308449045
2023-03-07,RY,41032.910753912176
2023-03-08,RY,41261.24155259641
2023-03-09,RY,40661.38480799321
2023-03-10,RY,40029.381304119364
2023-03-13,RY,39549.70196195788
2023-03-14,RY,40023.29911027354
2023-03-15,RY,39380.823629061
2023-03-16,RY,39440.976797319156
2023-03-17,RY,38332.43476124105
2023-03-20,RY,38770.5027395629
2023-03-21,RY,39088.323425944654
2023-03-22,RY,38523.00474594881
2023-03-23,RY,38160.716263729104
2023-03-24,RY,38222.656132913435
2023-03-27,RY,38558.250140479395
2023-03-28,RY,38388.11801408147
2023-03-29,RY,38631.69014587294
2023-03-30,RY,38709.092464077476
2023-03-31,RY,38965.93004440784
2023-04-03,RY,39502.02768413405
2023-04-04,RY,39301.63460993029
2023-04-05,RY,39270.05329285124
2023-04-06,RY,39315.09436332459
2023-04-10,RY,39576.20092676487
2023-04-11,RY,39748.03691093357
2023-04-12,RY,39739.12961486458
2023-04-13,RY,39861.38351865247
2023-04-14,RY,39999.143853644884
2023-04-17,RY,40252.21011229345
2023-04-18,RY,40440.96658501745
2023-04-19,RY,40551.37512257398
2023-04-20,RY,40575.07127749779
2023-04-21,RY,40761.473197121304
2023-04-24,RY,40252.408935866406
2023-04-25,RY,39660.08278471332
2023-04-26,RY,39789.04035663647
2023-04-27,RY,40366.164336901245
2023-04-28,RY,40621.19774393084
2023-05-01,RY,40476.49515251561
2023-05-02,RY,39583.99059335551
2023-05-03,RY,39475.63234858327
2023-05-04,RY,39028.25400458541
2023-05-05,RY,39615.307113585106
2023-05-08,RY,39508.543674866334
2023-05-09,RY,39034.197624425826
2023-05-10,RY,38845.41916060965
2023-05-11,RY,39064.52243677327
2023-05-12,RY,39095.19910659531
2023-05-15,RY,39499.80146261247
2023-05-16,RY,38586.13183286203
2023-05-17,RY,38800.87846279494
2023-05-18,RY,38553.69828564976
2023-05-19,RY,38318.20080090353
2023-05-22,RY,38301.92980268658
2023-05-23,RY,37971.18618655754
2023-05-24,RY,37274.003495499164
2023-05-25,RY,36579.16330762775
2023-05-26,RY,37103.353524068
2023-05-30,RY,37088.51676680697
2023-05-31,RY,36667.77957659556
2023-06-01,RY,36707.14423406065
2023-06-02,RY,37408.86763377867
2023-06-05,RY,37013.5277450313
2023-06-06,RY,37303.6800224996
2023-06-07,RY,37079.37690740717
2023-06-08,RY,37158.24961630816
2023-06-09,RY,37307.88875604194
2023-06-12,RY,37353.64197640392
2023-06-13,RY,37598.100981829964
2023-06-14,RY,37605.44118664656
2023-06-15,RY,38017.1144319133
2023-06-16,RY,37949.669258492606
2023-06-20,RY,37638.53024915395
2023-06-21,RY,37604.71548060523
2023-06-22,RY,37273.491374174846
2023-06-23,RY,36882.9548822017
2023-06-26,RY,37236.11525368728
2023-06-27,RY,37724.77720387722
2023-06-28,RY,37647.53454702673
2023-06-29,RY,37838.047897140976
2023-06-30,RY,38094.367632438116
2023-07-03,RY,38349.63300030284
2023-07-05,RY,38261.288155636925
2023-07-06,RY,37765.75926098362
2023-07-07,RY,37850.415928370974
2023-07-10,RY,37748.75562802507
2023-07-11,RY,37980.146502245996
2023-07-12,RY,38012.290851533944
2023-07-13,RY,38432.56773504915
2023-07-14,RY,38466.49848401544
2023-07-17,RY,38871.452998755034
2023-07-18,RY,39114.73020891327
2023-07-19,RY,39226.02019764329
2023-07-20,RY,39284.54692882498
2023-07-21,RY,39446.63664169633
2023-07-24,RY,39791.47022169642
2023-07-25,RY,39204.17189695673
2023-07-26,RY,39263.432166623556
2023-07-27,RY,39099.62925729846
2023-07-28,RY,39271.16941609041
2023-07-31,RY,39350.07737098843
2023-08-01,RY,39081.9216081429
2023-08-02,RY,38668.98884566618
2023-08-03,RY,38449.93648038715
2023-08-04,RY,38549.965824939034
2023-08-07,RY,38763.19356327359
2023-08-08,RY,38513.16719655659
2023-08-09,RY,38429.47512474598
2023-08-10,RY,38374.60644605906
2023-08-11,RY,38407.11470273511
2023-08-14,RY,38227.40078635928
2023-08-15,RY,37324.480583206176
2023-08-16,RY,37122.79756576082
2023-08-17,RY,36862.23746589837
2023-08-18,RY,36624.203474357586
2023-08-21,RY,36542.76383263044
2023-08-22,RY,36032.42619676502
2023-08-23,RY,36277.19006500296
2023-08-24,RY,36904.52151615988
2023-08-25,RY,36470.92736947767
2023-08-28,RY,36730.82592908825
2023-08-29,RY,37025.74093487266
2023-08-30,RY,37039.006082163716
2023-08-31,RY,36726.42228819483
2023-09-01,RY,36949.42100014945
2023-09-05,RY,36711.94763083487
2023-09-06,RY,36566.685622184785
2023-09-07,RY,36208.32119430067
2023-09-08,RY,36175.132117511115
2023-09-11,RY,36268.90364072773
2023-09-12,RY,36523.27580875329
2023-09-13,RY,36731.7206351666
2023-09-14,RY,37175.629507816164
2023-09-15,RY,37287.380706985896
2023-09-18,RY,37142.12592828391
2023-09-19,RY,36825.659350933216
2023-09-20,RY,36849.77996406053
2023-09-21,RY,36388.9620502735
2023-09-22,RY,36155.19192062939
2023-09-25,RY,36316.02302003428
2023-09-26,RY,35783.61506382583
2023-09-27,RY,35359.80092819881
2023-09-28,RY,35777.81574169974
2023-09-29,RY,35613.181990837904
2023-10-02,RY,34537.944108223404
2023-10-03,RY,34084.135930374876
2023-10-04,RY,34407.94753250758
2023-10-05,RY,34726.284858931205
2023-10-06,RY,34657.55877970406
2023-10-09,RY,34649.314831373966
2023-10-10,RY,34838.052927979865
2023-10-11,RY,35073.7064591061
2023-10-12,RY,34723.356127451814
2023-10-13,RY,34511.29753197587
2023-10-16,RY,35024.701268334735
2023-10-17,RY,34813.0424287396
2023-10-18,RY,34176.1605173799
2023-10-19,RY,34056.8949921433
2023-10-20,RY,33404.895259289886
2023-10-23,RY,33540.26639768046
2023-10-24,RY,33252.79341848184
2023-10-25,RY,32844.87161253961
2023-10-26,RY,33193.06832340124
2023-10-27,RY,32639.565487348656
2023-10-30,RY,33199.7744015192
2023-10-31,RY,33378.726763360995
2023-11-01,RY,33563.904411771575
2023-11-02,RY,34682.35268174892
2023-11-03,RY,34987.316712907705
2023-11-06,RY,34973.537636805304
2023-11-07,RY,34869.172130875675
2023-11-08,RY,34946.30844723941
2023-11-09,RY,34943.145646190016
2023-11-10,RY,35239.31986793656
2023-11-13,RY,35251.80869954953
2023-11-14,RY,35979.52044898942
2023-11-15,RY,36091.50180150726
2023-11-16,RY,36040.91475833944
2023-11-17,RY,36376.76091034566
2023-11-20,RY,36317.07106126209
2023-11-21,RY,36082.053765569355
2023-11-22,RY,35920.53521859853
2023-11-24,RY,35962.46952012033
2023-11-27,RY,35636.79379636712
2023-11-28,RY,35356.555585241855
2023-11-29,RY,35752.53622814029
2023-11-30,RY,36987.59512615943
2023-12-01,RY,37064.106955755335
2023-12-04,RY,37124.77164284213
2023-12-05,RY,37318.94876916008
2023-12-06,RY,37247.959414927296
2023-12-07,RY,37446.243151770555
2023-12-08,RY,37732.5521093238
2023-12-11,RY,37797.029991541865
2023-12-12,RY,37832.74141647758
2023-12-13,RY,38928.07975982353
2023-12-14,RY,39458.303066712026
2023-12-15,RY,39559.39852736199
2023-12-18,RY,39868.308302700694
2023-12-19,RY,40210.571033652726
2023-12-20,RY,39745.707963899295
2023-12-21,RY,40171.27807317303
2023-12-22,RY,40250.9659587232
2023-12-26,RY,40718.25738729739
2023-12-27,RY,40416.25341739313
2023-12-28,RY,40330.21582991716
2023-12-29,RY,40293.265372624446
2024-01-02,RY,40310.72147983542
2024-01-03,RY,40238.68468687049
2024-01-04,RY,40297.02494564058
2024-01-05,RY,40509.105532208676
2024-01-08,RY,40810.566352261325
2024-01-09,RY,40739.464933832875
2024-01-10,RY,40575.02006536536
2024-01-11,RY,40212.54812321241
2024-01-12,RY,39747.324158549265
2024-01-16,RY,39947.06141621006
2024-01-17,RY,39708.21736923336
2024-01-18,RY,39939.01207398321
2024-01-19,RY,40399.87878991997
2024-01-22,RY,40104.32031875395
2024-01-23,RY,40305.78764274742
2024-01-24,RY,39738.79884473864
2024-01-25,RY,39928.65848704479
2024-01-26,RY,40048.90126026732
2024-01-29,RY,40084.74764423437
2024-01-30,RY,40127.40976053237
2024-01-31,RY,39393.61250352045
2024-02-01,RY,39652.433499615116
2024-02-02,RY,39492.319068816425
2024-02-05,RY,39299.10232060548
2024-02-06,RY,39441.52506838401
2024-02-07,RY,39369.9916605561
2024-02-08,RY,39254.60921994915
2024-02-09,RY,39463.518570528395
2024-02-12,RY,39610.2347024917
2024-02-13,RY,38672.78758090123
2024-02-14,RY,39500.62567669678
2024-02-15,RY,39822.22913217818
2024-02-16,RY,39738.79884473864
2024-02-20,RY,39916.37360021803
2024-02-21,RY,39760.2609456971
2024-02-22,RY,39894.28610874824
2024-02-23,RY,40105.668101580406
2024-02-26,RY,39887.15828365731
2024-02-27,RY,39477.18317245243
2024-02-28,RY,39443.82660186505
2024-02-29,RY,39685.655111171145
2024-03-01,RY,39770.261168921745
2024-03-04,RY,39732.38949574094
2024-03-05,RY,40080.805515028514
2024-03-06,RY,40031.482809036075
2024-03-07,RY,40346.592867373016
2024-03-08,RY,40309.20288948491
2024-03-11,RY,40653.53820556121
2024-03-12,RY,40909.438302620256
2024-03-13,RY,41022.417086729154
2024-03-14,RY,40606.91678893061
2024-03-15,RY,40498.80195241134
2024-03-18,RY,40494.18834177495
2024-03-19,RY,40425.610476484006
2024-03-20,RY,41009.579108872145
2024-03-21,RY,41102.31524327013
2024-03-22,RY,40694.73716111087
2024-03-25,RY,40681.166548512236
2024-03-26,RY,40537.83101978509
2024-03-27,RY,41094.265901043276
2024-03-28,RY,41178.28994797118
2024-04-01,RY,41014.05565174232
2024-04-02,RY,40725.90365991722
2024-04-03,RY,40885.94759872185
2024-04-04,RY,41079.17699934199
2024-04-05,RY,41922.23112342639
2024-04-08,RY,42163.403514941696
2024-04-09,RY,42040.54681423031
2024-04-10,RY,41570.71767387023
2024-04-11,RY,41395.34263010269
2024-04-12,RY,40860.17162872566
2024-04-15,RY,40601.306349198836
2024-04-16,RY,40136.58697466406
2024-04-17,RY,40216.08386908504
2024-04-18,RY,40178.376074728025
2024-04-19,RY,40525.1183610286
2024-04-22,RY,40985.61183089428
2024-04-23,RY,41127.832441373626
2024-04-24,RY,40170.62888408251
2024-04-25,RY,40281.099177445794
2024-04-26,RY,40416.94267244609
2024-04-29,RY,40317.42665420987
2024-04-30,RY,40096.84575740168
2024-05-01,RY,40362.734329019695
2024-05-02,RY,40943.06238128764
2024-05-03,RY,41668.487659638384
2024-05-06,RY,41902.46022782952
2024-05-07,RY,41707.13353976241
2024-05-08,RY,42138.78554163412
2024-05-09,RY,42521.38174309771
2024-05-10,RY,42486.930136619805
2024-05-13,RY,43085.30685059574
2024-05-14,RY,42897.930092969
2024-05-15,RY,43266.61075305965
2024-05-16,RY,43487.649847829176
2024-05-17,RY,43799.804363629155
2024-05-20,RY,43410.1628789822
2024-05-21,RY,43535.01564786706
2024-05-22,RY,43647.71005401705
2024-05-23,RY,43179.84745954234
2024-05-24,RY,43372.66656060734
2024-05-28,RY,43154.822801653696
2024-05-29,RY,42447.17596570041
2024-05-30,RY,44665.87231628468
2024-05-31,RY,44889.391885750905
2024-06-03,RY,44607.60495949135
2024-06-04,RY,44296.50270238891
2024-06-05,RY,44192.41193448739
2024-06-06,RY,44370.4120519138
2024-06-07,RY,44036.36675948212
2024-06-10,RY,44050.14432934534
2024-06-11,RY,43704.025927316914
2024-06-12,RY,43540.85624094694
2024-06-13,RY,43227.406058196444
2024-06-14,RY,43056.71903328123
2024-06-17,RY,42886.76795683383
2024-06-18,RY,42915.30395952024
2024-06-20,RY,42659.68342045471
2024-06-21,RY,42775.33306789382
2024-06-24,RY,43719.6124904463
2024-06-25,RY,43764.41949134965
2024-06-26,RY,43569.40248605983
2024-06-27,RY,43768.891816750096
2024-06-28,RY,43862.37986575131
2024-07-01,RY,43697.45269949543
2024-07-02,RY,44364.812457104184
2024-07-03,RY,44786.68896663827
2024-07-05,RY,44683.20009191674
2024-07-08,RY,44846.65897621102
2024-07-09,RY,45024.15299726988
2024-07-10,RY,45444.77872578129
2024-07-11,RY,45257.019383400504
2024-07-12,RY,45656.214943224266
2024-07-15,RY,45612.17130434199
2024-07-16,RY,45574.292401213075
2024-07-17,RY,46176.981176739726
2024-07-18,RY,46242.97945679532
2024-07-19,RY,45954.80065391265
2024-07-22,RY,46243.29034456396
2024-07-23,RY,45834.90913566904
2024-07-24,RY,45838.35721842085
2024-07-25,RY,45621.70188218745
2024-07-26,RY,46107.97282828852
2024-07-29,RY,45993.5390171229
2024-07-30,RY,46374.09637322004
2024-07-31,RY,46483.07338105119
2024-08-01,RY,45827.62918042001
2024-08-02,RY,44861.2459990145
2024-08-05,RY,44105.62664987792
2024-08-06,RY,44554.33470183197
2024-08-07,RY,44442.9073440879
2024-08-08,RY,45014.75316098603
2024-08-09,RY,45144.192428201866
2024-08-12,RY,44803.86431086439
2024-08-13,RY,45259.29561206316
2024-08-14,RY,45587.32528642117
2024-08-15,RY,45741.09965522486
2024-08-16,RY,46168.631189170716
2024-08-19,RY,46378.905493703176
2024-08-20,RY,46215.264053219165
2024-08-21,RY,46243.967549703404
2024-08-22,RY,46441.893404115326
2024-08-23,RY,47081.123241123074
2024-08-26,RY,46979.06047366583
2024-08-27,RY,47197.82424351622
2024-08-28,RY,48226.57476478794
2024-08-29,RY,48383.43933391211
2024-08-30,RY,49086.61745943901
2024-09-03,RY,49318.498162644246
2024-09-04,RY,49739.994497406995
2024-09-05,RY,49459.34779421362
2024-09-06,RY,49344.300943698014
2024-09-09,RY,50240.05928075452
2024-09-10,RY,50089.97610170777
2024-09-11,RY,50466.601872273386
2024-09-12,RY,50752.43907571259
2024-09-13,RY,50582.3358691071
2024-09-16,RY,50501.93131495073
2024-09-17,RY,50320.57620035439
2024-09-18,RY,50175.550671257
2024-09-19,RY,50280.15536796986
2024-09-20,RY,49821.71701085386
2024-09-23,RY,50116.23497198802
2024-09-24,RY,50171.40791099114
2024-09-25,RY,50104.44714409368
2024-09-26,RY,50550.9524718575
2024-09-27,RY,50530.882738405504
2024-09-30,RY,50722.010332861086
2024-10-01,RY,50362.468929674564
2024-10-02,RY,49944.149855857424
2024-10-03,RY,49513.71519649839
2024-10-04,RY,50070.292869231715
2024-10-07,RY,49917.72590176205
2024-10-08,RY,50114.36030669319
2024-10-09,RY,50425.16161720564
2024-10-10,RY,50329.427464325556
2024-10-11,RY,51316.7916538925
2024-10-14,RY,51167.55468002223
2024-10-15,RY,51738.71515808929
2024-10-16,RY,52316.5314058854
2024-10-17,RY,52534.45469426824
2024-10-18,RY,52409.35460090852
2024-10-21,RY,52092.88019111403
2024-10-22,RY,52096.87473744368
2024-10-23,RY,52202.23586747734
2024-10-24,RY,51521.59981640752
2024-10-25,RY,51174.93193832287
2024-10-28,RY,51916.957478777316
2024-10-29,RY,51742.06262406327
2024-10-30,RY,51803.05115257573
2024-10-31,RY,50679.08161222661
2024-11-01,RY,51115.078812911204
2024-11-04,RY,51176.566509090946
2024-11-05,RY,51396.49912055212
2024-11-06,RY,51516.48914683871
2024-11-07,RY,52025.81187873847
2024-11-08,RY,51816.56181685463
2024-11-11,RY,51988.40352473225
2024-11-12,RY,52041.231550565695
2024-11-13,RY,51863.942378036576
2024-11-14,RY,51717.16027279679
2024-11-15,RY,51518.68614732001
2024-11-18,RY,51789.38534566035
2024-11-19,RY,51762.35859464148
2024-11-20,RY,51338.881555345
2024-11-21,RY,52605.59647990696
2024-11-22,RY,52672.98321124712
2024-11-25,RY,52356.68141646372
2024-11-26,RY,52666.56602980565
2024-11-27,RY,52968.097643100176
2024-11-29,RY,53038.799908143505
2024-12-02,RY,52980.05718226208
2024-12-03,RY,52819.15227713692
2024-12-04,RY,53119.44576181797
2024-12-05,RY,54138.59732198504
2024-12-06,RY,53677.62908552694
2024-12-09,RY,53616.53602401476
2024-12-10,RY,53739.86206885748
2024-12-11,RY,53741.71534555582
2024-12-12,RY,53289.532701040225
2024-12-13,RY,53373.8718532065
2024-12-16,RY,53365.27092618858
2024-12-17,RY,53306.663460586344
2024-12-18,RY,51780.440092363795
2024-12-19,RY,51825.96707559956
2024-12-20,RY,52240.67689907164
2024-12-23,RY,52349.776816020625
2024-12-24,RY,52325.71434372601
2024-12-26,RY,52473.061891157406
2024-12-27,RY,52495.631379167724
2024-12-30,RY,52213.62062576466
2024-12-31,RY,52236.92907472118
2025-01-02,RY,51981.70738779293
2025-01-03,RY,52394.53200229587
2025-01-06,RY,52541.92714688564
2025-01-07,RY,52413.273835278706
2025-01-08,RY,52743.41435323641
2025-01-10,RY,51448.709588318015
2025-01-13,RY,51561.41333315097
2025-01-14,RY,51357.68725286945
2025-01-15,RY,51722.040186521815
2025-01-16,RY,52046.92151972666
2025-01-17,RY,52416.970146248896
2025-01-21,RY,52902.127981589176
2025-01-22,RY,52385.08246011878
2025-01-23,RY,52851.27252659785
2025-01-24,RY,52951.44586761621
2025-01-27,RY,53121.9901010563
2025-01-28,RY,53382.482721403074
2025-01-29,RY,53069.24702711312
2025-01-30,RY,53582.57936773441
2025-01-31,RY,53201.39601863024
2025-02-03,RY,52265.97057127947
2025-02-04,RY,51290.69937366658
2025-02-05,RY,51275.56468229394
2025-02-06,RY,51532.04799516702
2025-02-07,RY,51394.00659594191
2025-02-10,RY,50910.00404605971
2025-02-11,RY,51047.08115095593
2025-02-12,RY,50984.81864533728
2025-02-13,RY,51188.42482897934
2025-02-14,RY,50800.0446690294
2025-02-18,RY,51687.8560881239
2025-02-19,RY,51651.43160955605
2025-02-20,RY,51143.93233081869
2025-02-21,RY,50878.595645239584
2025-02-24,RY,50810.21509728242
2025-02-25,RY,51341.55543115358
2025-02-26,RY,51610.49413712964
2025-02-27,RY,50054.09417049585
2025-02-28,RY,51397.05221158238
2025-03-03,RY,50787.7284524275
2025-03-04,RY,49143.05714560022
2025-03-05,RY,49838.987549396734
2025-03-06,RY,49243.78387889668
2025-03-07,RY,49816.48041968884
2025-03-10,RY,49120.227981953685
2025-03-11,RY,48030.31752214977
2025-03-12,RY,48242.74695371408
2025-03-13,RY,47230.940117081176
2025-03-14,RY,48323.71152760097
2025-03-17,RY,48571.601143404245
2025-03-18,RY,48458.01865862833
2025-03-19,RY,49293.65726593668
2025-03-20,RY,49188.71306291058
2025-03-21,RY,49101.37318103166
2025-03-24,RY,49995.07248911659
2025-03-25,RY,50236.94498060702
2025-03-26,RY,49975.21965410783
2025-03-27,RY,49446.379978538505
2025-03-28,RY,48331.8108769689
2025-03-31,RY,48816.089068622714
2025-04-01,RY,49122.98470091768
2025-04-02,RY,49488.70560100164
2025-04-03,RY,48786.56286429336
2025-04-04,RY,47497.64296160485
2025-04-07,RY,46785.36835636679
2025-04-08,RY,46340.30901822456
2025-04-09,RY,48479.19698412355
2025-04-10,RY,46420.76297702632
2025-04-11,RY,47395.93385910922
2025-04-14,RY,48247.54583177073
2025-04-15,RY,48360.4041167445
2025-04-16,RY,48379.25198896626
2025-04-17,RY,48523.12434134043
2025-04-21,RY,47964.7470140239
2025-04-22,RY,49138.67941202085
2025-04-23,RY,49219.832567054225
2025-04-24,RY,49173.23404525929
2025-04-25,RY,49178.91678447214
2025-04-28,RY,49474.92652489924
2025-04-29,RY,50014.831937295625
2025-04-30,RY,49880.09161187747
2025-05-01,RY,50025.11714097486
2025-05-02,RY,50414.6089054464
2025-05-05,RY,50337.26683680944
2025-05-06,RY,49891.62096912694
2025-05-07,RY,49951.146336891055
2025-05-08,RY,50202.22345606642
2025-05-09,RY,50463.21705156752
2025-05-12,RY,50965.05738967121
2025-05-13,RY,51255.03614838492
2025-05-14,RY,51543.77376600676
2025-05-15,RY,52569.20272861856
2025-05-16,RY,52984.60783210036
2025-05-19,RY,53540.47877740613
2025-05-20,RY,53094.89526802607
2025-05-21,RY,52488.07849337762
2025-05-22,RY,52863.946625631084
2025-05-23,RY,53220.94579831415
2025-05-27,RY,53472.892017501654
2025-05-28,RY,53704.1882999015
2025-05-29,RY,51987.84561373658
2025-05-30,RY,52495.09515801639
2025-06-02,RY,52800.132994895444
2025-06-03,RY,52704.67297754779
2025-06-04,RY,52478.56297792404
2025-06-05,RY,52240.792578241366
2025-06-06,RY,52594.42922255856
2025-06-09,RY,52604.35654380645
2025-06-10,RY,52892.915822708295
2025-06-11,RY,52642.463190300754
2025-06-12,RY,52823.74329418547
2025-06-13,RY,52331.10246255346
2025-06-16,RY,52638.69277236246
2025-06-17,RY,52448.69365230739
2025-06-18,RY,52751.542321148925
2025-06-20,RY,52641.165414615374
2025-06-23,RY,52703.26253517106
2025-06-24,RY,53005.275241262614
2025-06-25,RY,52998.45950893168
2025-06-26,RY,53487.11995288243
2025-06-27,RY,53438.77449487591
2025-06-30,RY,54066.053528909055
2025-07-01,RY,54357.858150767854
2025-07-02,RY,53826.89558168533
2025-07-03,RY,54242.324182498465
2025-07-07,RY,54232.75896115165
2025-07-08,RY,54287.31614957425
2025-07-09,RY,54627.1981188639
2025-07-10,RY,54941.79364589383
2025-07-11,RY,54315.10084015311
2025-07-14,RY,54375.57393361504
2025-07-15,RY,53955.72903949928
2025-07-16,RY,54521.245940572415
2025-07-17,RY,55111.004255155836
2025-07-18,RY,54891.97116973842
2025-07-21,RY,55113.946542787926
2025-07-22,RY,54691.55248946845
2025-07-23,RY,55021.829773944526
2025-07-24,RY,54207.51800731544
2025-07-25,RY,54514.206381097974
2025-07-28,RY,53928.34410480123
2025-07-29,RY,53805.83715282956
2025-07-30,RY,53833.14798055951
2025-07-31,RY,53573.922709866485
2025-08-01,RY,53454.385459080164
2025-08-04,RY,53998.86290991132
2025-08-05,RY,54288.26598400693
2025-08-06,RY,54747.53668889885
2025-08-07,RY,54870.70668736159
2025-08-08,RY,54929.0065789214
2025-08-11,RY,55409.495374023136
2025-08-12,RY,55937.80726338059
2025-08-13,RY,56365.66866370887
2025-08-14,RY,56808.158659042245
2025-08-15,RY,56741.61421665666
2025-08-18,RY,56741.46419523342
2025-08-19,RY,56884.76899668112
2025-08-20,RY,57013.27228686482
2025-08-21,RY,57019.32917589226
2025-08-22,RY,57544.04627480087
2025-08-25,RY,56777.44674322318
2025-08-26,RY,57390.067659963126
2025-08-27,RY,60479.674522196074
2025-08-28,RY,60439.73327636937
2025-08-29,RY,60175.37383877619
2025-09-02,RY,60127.79565901263
2025-09-03,RY,60519.43019935467
2025-09-04,RY,60743.80953015007
2025-09-05,RY,60193.903292033356
2025-09-08,RY,60187.26228344836
2025-09-09,RY,60002.95614503264
2025-09-10,RY,60156.64947816794
2025-09-11,RY,60526.10464644966
2025-09-12,RY,60130.59636016095
2025-09-15,RY,60459.343305620845
2025-09-16,RY,60483.273228866805
2025-09-17,RY,60660.42141740783
2025-09-18,RY,60748.72077365023
2025-09-19,RY,61165.989998752535
2025-09-22,RY,61847.916294311784
2025-09-23,RY,61690.36367512601
2025-09-24,RY,61640.1589154644
2025-09-25,RY,61350.48411581906
2025-09-26,RY,61361.75982238909
2025-09-29,RY,61630.19122700624
2025-09-30,RY,61781.16338842242
2025-10-01,RY,61815.09232990169
2025-10-02,RY,61588.98956022605
2025-10-03,RY,61771.85965019884
2025-10-06,RY,61810.141321686926
2025-10-07,RY,61304.9101379206
2025-10-08,RY,60960.45462395699
2025-10-09,RY,61262.96529272448
2025-10-10,RY,60579.73519652309
2025-10-13,RY,60976.17735110909
2025-10-14,RY,61540.42178131521
2025-10-15,RY,62102.99790099544
2025-10-16,RY,61494.16939328595
2025-10-17,RY,61640.20741636629
2025-10-20,RY,62130.85549355105
2025-10-21,RY,61925.26468915335
2025-10-22,RY,61894.7663580513
2025-10-23,RY,62163.92858992303
2025-10-24,RY,62388.0934322579
2025-10-27,RY,62493.22681892616
2025-10-28,RY,62677.29226031946
2025-10-29,RY,61494.86708327837
2025-10-30,RY,61475.74567801986
2025-10-31,RY,61865.370594035725
2025-11-03,RY,62422.84086411255
2025-11-04,RY,61873.27232482204
2025-11-05,RY,61958.22120261209
2025-11-06,RY,61834.358936618024
2025-11-07,RY,61623.37760341017
2025-11-10,RY,62038.91344845359
2025-11-11,RY,62389.463507424356
2025-11-12,RY,62850.08500762111
2025-11-13,RY,61979.38868318515
2025-11-14,RY,61921.613565358835
2025-11-17,RY,62206.761212497244
2025-11-18,RY,62873.21541910548
2025-11-19,RY,62711.08774900656
2025-11-20,RY,62499.527417454396
2025-11-21,RY,63709.67010680651
2025-11-24,RY,63626.8173114721
2025-11-25,RY,64675.226061649344
2025-11-26,RY,64879.692910364094
2025-11-28,RY,64889.510577399014
2025-12-01,RY,64384.173354393766
2025-12-02,RY,65065.2546497679
2025-12-03,RY,65838.59821669113
2025-12-04,RY,67483.5258854284
2025-12-05,RY,67840.19368548985
2025-12-08,RY,68106.93749971945
2025-12-09,RY,68062.15309240394
2025-12-10,RY,68826.45199424411
2025-12-11,RY,69303.0736708516
2025-12-12,RY,68796.76221233881
2025-12-15,RY,69311.98518439033
2025-12-16,RY,68903.05510193488
2025-12-17,RY,68625.06419967984
2025-12-18,RY,69352.86632347107
2025-12-19,RY,70052.35115050616
2025-12-22,RY,70336.03322691351
2025-12-23,RY,70561.93024431591
2025-12-24,RY,70521.78143872894
2025-12-26,RY,70649.4785896986
2025-12-29,RY,70806.3052015952
2025-12-30,RY,70780.64581451225
2025-12-31,RY,70393.66495076902
2026-01-02,RY,70672.88916167215
2026-01-05,RY,71798.76138336501
2026-01-06,RY,70790.87347985446
2026-01-07,RY,70440.74215537828
2026-01-08,RY,70822.77321589808
2026-01-09,RY,70825.30189024884
2026-01-12,RY,70910.54026721105
2026-01-13,RY,70669.75558166302
2026-01-14,RY,70481.81790056224
2026-01-15,RY,70899.21093852588
2026-01-16,RY,70907.75643594164
2026-01-20,RY,69754.77311383531
2026-01-21,RY,69912.15221426649
2026-01-22,RY,70188.64591476753
2026-01-23,RY,70208.6716660352
2026-01-26,RY,69064.64082717354
2026-01-27,RY,69274.97688751276
2026-01-28,RY,68101.80875528038
2026-01-29,RY,68716.49050847894
2026-01-30,RY,67913.65176575366
2026-02-02,RY,69465.05101827944
2026-02-03,RY,70145.1107822355
2026-02-04,RY,70004.97751802449
2026-02-05,RY,69559.8079231736
2026-02-06,RY,70058.77556189575
2026-02-09,RY,71226.92309766283
2026-02-10,RY,71589.44715569171
2026-02-11,RY,70721.64431673812
2026-02-12,RY,69407.70517862204
2026-02-13,RY,69502.83412459592
2026-02-17,RY,69692.57146027991
2026-02-18,RY,70356.9898340001
2026-02-19,RY,70428.94890502284
2026-02-20,RY,71122.86215329725
2026-02-23,RY,70347.59120270758
2026-02-24,RY,70470.00898531926
2026-02-25,RY,71584.42113676533
2026-02-26,RY,70029.06770512018
2026-02-27,RY,68725.2254907847
2026-03-02,RY,69530.12657620775
2026-03-03,RY,68388.5490997374
2026-03-04,RY,68309.1763194256
2026-03-05,RY,67739.66035330527
2026-03-06,RY,67057.7012217317
2026-03-09,RY,66832.87393540144
2026-03-10,RY,67603.5535676947
2026-03-11,RY,67535.39714812889
2026-03-12,RY,66851.79019088237
2026-03-13,RY,66631.26683241122
2026-03-16,RY,67511.41782023752
2026-03-17,RY,67770.21321026595
2026-03-18,RY,67032.73801840196
2026-03-19,RY,66304.95758445506
2026-03-20,RY,65789.68400276678
2026-03-23,RY,66867.52888416986
2026-03-24,RY,67202.23842808396
2026-03-25,RY,67559.72291103378
2026-03-26,RY,66806.84009725605
2026-03-27,RY,66128.83333731482
2026-03-30,RY,66220.87509544661
2026-03-31,RY,67932.93644734027
2026-04-01,RY,68370.51519917347
2026-04-02,RY,68505.62666192783
2026-04-06,RY,68940.15196567679
2026-04-07,RY,69289.37442542623
2026-04-08,RY,70712.77768912724
2026-04-09,RY,71109.20839629538
2026-04-10,RY,71596.24059568266
2026-04-13,RY,72261.22380909877
2026-04-14,RY,72483.22117324042
2026-04-15,RY,72860.06414349712
2026-04-16,RY,72627.94665949134
2026-04-17,RY,73488.00140405592
2026-04-20,RY,74074.9334114248
2026-04-21,RY,72984.06227226605
2026-04-22,RY,72595.91437439906
2026-04-23,RY,72123.79575047147
2026-04-24,RY,72244.16414404237
2026-04-27,RY,72461.01167639632
2026-04-28,RY,73245.43785002551
2026-04-29,RY,72219.95285531587
2026-04-30,RY,73863.2971654175
2026-05-01,RY,73427.2035654248
2026-05-04,RY,72956.35891860341
2026-05-05,RY,73214.13458470078
2026-05-06,RY,74550.0660199699
2026-05-07,RY,74489.77126522796
2026-05-08,RY,74904.44584270302
2026-05-11,RY,74458.7337004962
2026-05-12,RY,75283.6060113283
2026-05-13,RY,74270.96019946704
2026-05-14,RY,76006.8403141545
2026-05-15,RY,75978.22327579971
2026-05-18,RY,76554.06695275371
2026-05-19,RY,76059.72316709443
2026-05-20,RY,77555.11773533684
2026-05-21,RY,78549.40791394337
2026-05-22,RY,78918.05844925022
2026-05-26,RY,79043.38508098401
2026-05-27,RY,78802.1274363306
2026-05-28,RY,78576.94407505602
2026-05-29,RY,78780.37463120862
2026-06-01,RY,78598.71555754392
2026-06-02,RY,79652.71245511294
2026-06-03,RY,79919.68732643417
2026-06-04,RY,81617.1706929595
2026-06-05,RY,81391.53124245844
2026-06-08,RY,82063.7682025617
2026-06-09,RY,83143.55462627961
2026-06-10,RY,82924.71223074355
2026-06-11,RY,83999.49854284913
2026-06-12,RY,84017.13570001065
2026-06-15,RY,83849.2249751689
2026-06-16,RY,84801.73268116389
2026-06-17,RY,84850.18297341798
2026-06-18,RY,85802.74550651947
2026-06-22,RY,86494.39608228391
2026-06-23,RY,86807.75769817008
2026-06-24,RY,86685.43420613167
2026-06-25,RY,87174.52453074699
2026-06-26,RY,86687.98457032675
2026-06-29,RY,87640.4290142758
2026-06-30,RY,88598.30555923664
2026-07-01,RY,89171.92361716472
2026-07-02,RY,87486.19765250212
2026-07-06,RY,89117.0317423943
2026-07-07,RY,89427.9791581081
2026-07-08,RY,87861.46178284072
2026-07-09,RY,89021.3460904161
2026-07-10,RY,89954.98845181476
2026-07-13,RY,89778.18338456102
2026-07-14,RY,90702.73197747907
2026-07-15,RY,92207.61404512613
2026-07-16,RY,91374.21280550936
2026-07-17,RY,90947.80733598131
2026-07-20,RY,89065.12764367947
2026-07-21,RY,89541.50952700806
2026-07-22,RY,89738.94735992269
2026-07-23,RY,88438.59841551469
2026-07-24,RY,88768.86214383808
2026-07-27,RY,89079.7128589959
2026-07-28,RY,90223.2080792019
2026-07-29,RY,87585.86128217888
2026-07-30,RY,88706.091433117
2026-07-31,RY,88543.24016571161
2026-08-03,RY,88948.95593373741
2026-08-04,RY,88378.30486576412
2026-08-05,RY,89267.95901788263
2026-08-06,RY,89293.0553727567
2026-08-07,RY,88659.90290962935
2026-08-10,RY,88531.74424697213
2026-08-11,RY,88214.13383158117
2026-08-12,RY,89584.37106937468
2026-08-13,RY,90274.03581939214
2026-08-14,RY,90518.0465680355
2026-08-17,RY,90298.26668922811
2026-08-18,RY,89115.68094708947
2026-08-19,RY,86462.31318755489
2026-08-20,RY,85217.58634267622
2026-08-21,RY,85071.32901116993
2026-08-24,RY,85073.74019886395
2026-08-25,RY,86335.17545382008
2026-08-26,RY,86616.16286831802
2026-08-27,RY,85407.64631479453
2026-08-28,RY,85444.31721409372
2026-08-31,RY,85275.54793291415
2026-09-01,RY,85179.57579424218
2026-09-02,RY,86806.4677549285
2026-09-03,RY,88091.89378519384
2026-09-04,RY,87800.65852174854
2026-09-08,RY,86785.16411033274
2026-09-09,RY,85963.0099587414
2026-09-10,RY,85766.93316355807
2026-09-11,RY,86006.5408738037
2026-09-14,RY,85963.19251493111
2026-09-15,RY,85622.73636726257
2026-09-16,RY,84992.2162077422
2026-09-17,RY,85781.44125942803
2010-09-17,TD,10000.0
2010-09-20,TD,10030.820611583367
2010-09-21,TD,9987.480581085189
2010-09-22,TD,9818.103891331764
2010-09-23,TD,9700.293904011554
2010-09-24,TD,9824.439131132778
2010-09-27,TD,9719.978338659104
2010-09-28,TD,9748.599472785509
2010-09-29,TD,9725.446989419745
2010-09-30,TD,9812.276841685776
2010-10-01,TD,9741.231350246433
2010-10-04,TD,9727.565224154172
2010-10-05,TD,9906.243359359496
2010-10-06,TD,9873.829628763919
2010-10-07,TD,9823.42402024027
2010-10-08,TD,9876.353653971843
2010-10-11,TD,9862.50050036208
2010-10-12,TD,9899.146469034717
2010-10-13,TD,9866.141613004862
2010-10-14,TD,9851.235265976402
2010-10-15,TD,9787.053092034548
2010-10-18,TD,9855.781473324925
2010-10-19,TD,9891.670446004775
2010-10-20,TD,10033.931953972951
2010-10-21,TD,9908.084014791932
2010-10-22,TD,9873.33751789773
2010-10-25,TD,9843.342027715109
2010-10-26,TD,9763.697925001627
2010-10-27,TD,9747.300858642488
2010-10-28,TD,9580.89545221011
2010-10-29,TD,9698.628005060405
2010-11-01,TD,9669.669629007647
2010-11-02,TD,9715.5641507347
2010-11-03,TD,9755.248681857984
2010-11-04,TD,9821.217772556429
2010-11-05,TD,9891.221495334932
2010-11-08,TD,9807.596076078056
2010-11-09,TD,9653.16677785354
2010-11-10,TD,9686.90493408211
2010-11-11,TD,9659.099612294494
2010-11-12,TD,9566.129587389369
2010-11-15,TD,9632.387259008485
2010-11-16,TD,9586.094563313172
2010-11-17,TD,9592.328672850197
2010-11-18,TD,9735.02347533856
2010-11-19,TD,9877.139846568041
2010-11-22,TD,9834.017732747494
2010-11-23,TD,9721.460595206188
2010-11-24,TD,9862.030392733244
2010-11-26,TD,9857.32720074899
2010-11-29,TD,9930.705881626138
2010-11-30,TD,9850.89040754481
2010-12-01,TD,9922.868074597407
2010-12-02,TD,9662.11109383763
2010-12-03,TD,9558.812664691059
2010-12-06,TD,9352.712571795084
2010-12-07,TD,9496.126710889224
2010-12-08,TD,9648.2173188666
2010-12-09,TD,9668.58343073292
2010-12-10,TD,9655.852442228173
2010-12-13,TD,9694.54513511384
2010-12-14,TD,9646.468061497018
2010-12-15,TD,9562.106380067165
2010-12-16,TD,9538.37461916416
2010-12-17,TD,9507.644136226105
2010-12-20,TD,9328.93807383491
2010-12-21,TD,9653.3588830412
2010-12-22,TD,9714.353126401915
2010-12-23,TD,9739.73766894149
2010-12-27,TD,9771.561120381151
2010-12-28,TD,9778.65208675741
2010-12-29,TD,9747.564897490725
2010-12-30,TD,9788.267501480776
2010-12-31,TD,9744.795451558477
2011-01-03,TD,9850.261622723523
2011-01-04,TD,9755.379855003743
2011-01-05,TD,9742.071281518474
2011-01-06,TD,9715.105467863721
2011-01-07,TD,9791.886610886204
2011-01-10,TD,9710.235559042598
2011-01-11,TD,9749.429671856413
2011-01-12,TD,9784.99494306366
2011-01-13,TD,9748.084512403606
2011-01-14,TD,10030.734714329854
2011-01-18,TD,10066.970661137197
2011-01-19,TD,10006.421137054525
2011-01-20,TD,10032.829253270209
2011-01-21,TD,9957.67254155925
2011-01-24,TD,10008.36503844685
2011-01-25,TD,9980.51274821027
2011-01-26,TD,9891.012464580077
2011-01-27,TD,9963.131883257933
2011-01-28,TD,9803.630415684314
2011-01-31,TD,9896.057129882487
2011-02-01,TD,10037.797330381063
2011-02-02,TD,10045.472228825543
2011-02-03,TD,10215.972353101522
2011-02-04,TD,10354.22588675797
2011-02-07,TD,10287.337737760849
2011-02-08,TD,10261.370955709768
2011-02-09,TD,10276.188866649634
2011-02-10,TD,10334.370080742572
2011-02-11,TD,10400.23254036769
2011-02-14,TD,10451.76581480569
2011-02-15,TD,10447.354165716368
2011-02-16,TD,10616.496013224962
2011-02-17,TD,10616.496013224962
2011-02-18,TD,10544.767152010128
2011-02-22,TD,10423.482345744824
2011-02-23,TD,10395.579701945839
2011-02-24,TD,10449.153353509175
2011-02-25,TD,10690.089225666303
2011-02-28,TD,10749.422224606848
2011-03-01,TD,10534.18274856486
2011-03-02,TD,10610.370650457164
2011-03-03,TD,11067.61865647725
2011-03-04,TD,11039.76594310149
2011-03-07,TD,10946.021150358023
2011-03-08,TD,11023.340103278118
2011-03-09,TD,10992.697633289476
2011-03-10,TD,10932.100294479482
2011-03-11,TD,11028.226514527256
2011-03-14,TD,11058.161072667977
2011-03-15,TD,10977.725276548957
2011-03-16,TD,10879.972086354583
2011-03-17,TD,10937.966696069197
2011-03-18,TD,10919.507672486552
2011-03-21,TD,11047.200075352624
2011-03-22,TD,11120.189891323473
2011-03-23,TD,11254.99611008152
2011-03-24,TD,11233.909392191881
2011-03-25,TD,11100.336201003975
2011-03-28,TD,11076.475382651108
2011-03-29,TD,11202.83870535321
2011-03-30,TD,11391.983611311796
2011-03-31,TD,11352.387939416287
2011-04-01,TD,11417.996515533481
2011-04-04,TD,11441.162962492182
2011-04-05,TD,11318.85839080339
2011-04-06,TD,11333.595482159903
2011-04-07,TD,11238.148400495818
2011-04-08,TD,11269.946463584685
2011-04-11,TD,11197.30785313313
2011-04-12,TD,10973.359326491061
2011-04-13,TD,11089.09254671647
2011-04-14,TD,11033.885577918838
2011-04-15,TD,10923.67390085155
2011-04-18,TD,10861.452130730035
2011-04-19,TD,10793.173969527039
2011-04-20,TD,10930.83045380069
2011-04-21,TD,11019.746805362664
2011-04-25,TD,10967.297857739424
2011-04-26,TD,10990.08559513214
2011-04-27,TD,10958.311227837346
2011-04-28,TD,10848.09785821334
2011-04-29,TD,10919.40865791846
2011-05-02,TD,10953.065148285317
2011-05-03,TD,10859.924598290705
2011-05-04,TD,10805.714968540025
2011-05-05,TD,10826.362044821779
2011-05-06,TD,10822.340953195477
2011-05-09,TD,10951.121246892995
2011-05-10,TD,11012.374028292608
2011-05-11,TD,10893.31831922686
2011-05-12,TD,10892.509277114948
2011-05-13,TD,10872.793107028909
2011-05-16,TD,10877.282613727328
2011-05-17,TD,11128.694142560498
2011-05-18,TD,11117.301966420859
2011-05-19,TD,11171.740937607028
2011-05-20,TD,11191.946679724178
2011-05-23,TD,11157.633477350164
2011-05-24,TD,11145.631557652334
2011-05-25,TD,11259.616366786518
2011-05-26,TD,11180.23037897276
2011-05-27,TD,11103.34598999039
2011-05-31,TD,11087.69534114454
2011-06-01,TD,10703.70161308272
2011-06-02,TD,10775.749944378356
2011-06-03,TD,10836.265194187456
2011-06-06,TD,10637.97286543844
2011-06-07,TD,10558.158237635473
2011-06-08,TD,10551.509451702175
2011-06-09,TD,10582.37068464681
2011-06-10,TD,10496.445080808158
2011-06-13,TD,10564.209551046792
2011-06-14,TD,10547.597953123457
2011-06-15,TD,10423.842860326073
2011-06-16,TD,10501.985665229377
2011-06-17,TD,10418.829930462154
2011-06-20,TD,10476.207180113339
2011-06-21,TD,10654.27684117801
2011-06-22,TD,10573.830043440314
2011-06-23,TD,10463.5811301252
2011-06-24,TD,10432.080533879782
2011-06-27,TD,10560.83036155635
2011-06-28,TD,10660.03153402424
2011-06-29,TD,10748.073256901422
2011-06-30,TD,10878.77460247555
2011-07-01,TD,11034.643420189985
2011-07-05,TD,10840.874872412958
2011-07-06,TD,10826.941322359022
2011-07-07,TD,10806.925569733634
2011-07-08,TD,10805.690426467592
2011-07-11,TD,10662.795056007972
2011-07-12,TD,10663.037514758038
2011-07-13,TD,10683.29445671595
2011-07-14,TD,10601.264695306361
2011-07-15,TD,10614.212754210383
2011-07-18,TD,10504.945523792567
2011-07-19,TD,10621.004138047296
2011-07-20,TD,10626.173629407767
2011-07-21,TD,10751.069082294902
2011-07-22,TD,10824.845937140306
2011-07-25,TD,10739.398057435727
2011-07-26,TD,10569.87284583017
2011-07-27,TD,10303.791504770092
2011-07-28,TD,10270.644050836618
2011-07-29,TD,10205.01897229141
2011-08-01,TD,10249.29287095956
2011-08-02,TD,10081.647666730165
2011-08-03,TD,10280.583167032584
2011-08-04,TD,10050.598559989669
2011-08-05,TD,9942.007082842105
2011-08-08,TD,9503.870157880843
2011-08-09,TD,10094.19078143905
2011-08-10,TD,9769.446270760161
2011-08-11,TD,10163.65711745912
2011-08-12,TD,10126.515229667677
2011-08-15,TD,10341.335374782411
2011-08-16,TD,10190.322079156984
2011-08-17,TD,10273.17484627142
2011-08-18,TD,9905.404697504995
2011-08-19,TD,9481.974397879294
2011-08-22,TD,9475.436474411124
2011-08-23,TD,9831.869031992115
2011-08-24,TD,10052.665171744155
2011-08-25,TD,9966.871587329622
2011-08-26,TD,9905.57945398628
2011-08-29,TD,10036.41493468043
2011-08-30,TD,10113.446152958213
2011-08-31,TD,10332.389366241601
2011-09-01,TD,10530.584796118426
2011-09-02,TD,10301.708813726771
2011-09-06,TD,10251.970072550597
2011-09-07,TD,10443.127428448646
2011-09-08,TD,10199.210540769333
2011-09-09,TD,9949.024423001068
2011-09-12,TD,9777.818502573067
2011-09-13,TD,9929.827021549549
2011-09-14,TD,9845.934601470173
2011-09-15,TD,10087.283457466854
2011-09-16,TD,9924.509008336941
2011-09-19,TD,9860.144038269384
2011-09-20,TD,9829.733025412132
2011-09-21,TD,9610.15044882796
2011-09-22,TD,9454.885027584021
2011-09-23,TD,9510.319222121243
2011-09-26,TD,9881.354735938725
2011-09-27,TD,9854.308525839799
2011-09-28,TD,9732.985213909127
2011-09-29,TD,10015.743316326241
2011-09-30,TD,9872.301250046228
2011-10-03,TD,9577.74010334582
2011-10-04,TD,9638.994154162974
2011-10-05,TD,9854.86114560871
2011-10-06,TD,10012.857083980349
2011-10-07,TD,9837.016096976053
2011-10-10,TD,10163.555987195132
2011-10-11,TD,10028.14298685315
2011-10-12,TD,10157.167854996635
2011-10-13,TD,10109.342549191833
2011-10-14,TD,10178.00576704851
2011-10-17,TD,9956.680280182454
2011-10-18,TD,10045.39098610301
2011-10-19,TD,9877.59726002148
2011-10-20,TD,10055.307675922442
2011-10-21,TD,10105.950665525997
2011-10-24,TD,10122.477212474178
2011-10-25,TD,9966.947752381999
2011-10-26,TD,10048.177780741633
2011-10-27,TD,10345.611196194997
2011-10-28,TD,10300.592149431093
2011-10-31,TD,10117.286564154712
2011-11-01,TD,9861.077483300178
2011-11-02,TD,9933.322574314452
2011-11-03,TD,10048.845071228288
2011-11-04,TD,9883.344759501653
2011-11-07,TD,9967.04126614075
2011-11-08,TD,10058.398284492212
2011-11-09,TD,9737.467104102308
2011-11-10,TD,9736.405871039196
2011-11-11,TD,9866.449658327807
2011-11-14,TD,9782.736226121517
2011-11-15,TD,9810.324900649037
2011-11-16,TD,9681.905967811126
2011-11-17,TD,9505.557213790986
2011-11-18,TD,9547.965914954273
2011-11-21,TD,9538.44401398966
2011-11-22,TD,9545.160502191735
2011-11-23,TD,9360.384085126125
2011-11-25,TD,9260.625215219165
2011-11-28,TD,9316.14996154088
2011-11-29,TD,9409.778391009884
2011-11-30,TD,9780.719121651075
2011-12-01,TD,9754.008460921785
2011-12-02,TD,9826.242550317384
2011-12-05,TD,9912.292980214097
2011-12-06,TD,9875.820075466027
2011-12-07,TD,9980.109073432674
2011-12-08,TD,9808.152080960404
2011-12-09,TD,9945.9905150814
2011-12-12,TD,9953.880791368436
2011-12-13,TD,9826.22181649757
2011-12-14,TD,9793.17083829711
2011-12-15,TD,9709.38251045598
2011-12-16,TD,9837.373226443864
2011-12-19,TD,9892.354662058624
2011-12-20,TD,9958.432922665475
2011-12-21,TD,9951.740976535833
2011-12-22,TD,10109.804194037073
2011-12-23,TD,10162.65216190693
2011-12-27,TD,10093.67158966535
2011-12-28,TD,10093.960593725202
2011-12-29,TD,10164.643454887397
2011-12-30,TD,10291.273778411998
2012-01-03,TD,10413.93082503762
2012-01-04,TD,10455.31510624644
2012-01-05,TD,10462.233854976494
2012-01-06,TD,10396.832617057435
2012-01-09,TD,10518.755940345161
2012-01-10,TD,10483.984478239348
2012-01-11,TD,10507.777171184256
2012-01-12,TD,10633.105072313218
2012-01-13,TD,10623.977113925062
2012-01-17,TD,10572.306319253603
2012-01-18,TD,10575.204822635711
2012-01-19,TD,10670.90155641592
2012-01-20,TD,10817.049174612022
2012-01-23,TD,10944.485578274274
2012-01-24,TD,10805.247822885449
2012-01-25,TD,10823.523627203213
2012-01-26,TD,10596.628359312528
2012-01-27,TD,10548.549169999804
2012-01-30,TD,10575.611882526748
2012-01-31,TD,10579.21406636498
2012-02-01,TD,10617.459501137524
2012-02-02,TD,10600.975268107331
2012-02-03,TD,10766.178112990518
2012-02-06,TD,10770.95112293945
2012-02-07,TD,10760.333714638153
2012-02-08,TD,10805.645573714526
2012-02-09,TD,10756.884284043854
2012-02-10,TD,10733.484264257864
2012-02-13,TD,10734.427018350616
2012-02-14,TD,10682.25818886445
2012-02-15,TD,10616.04621627676
2012-02-16,TD,10673.550830821086
2012-02-17,TD,10732.113716454265
2012-02-21,TD,10790.609746097029
2012-02-22,TD,10802.108553309994
2012-02-23,TD,10790.04612470944
2012-02-24,TD,10804.445127861236
2012-02-27,TD,10910.301856489301
2012-02-28,TD,10981.900390836734
2012-02-29,TD,10977.016518422677
2012-03-01,TD,11177.27052040957
2012-03-02,TD,11158.435749235197
2012-03-05,TD,11178.884373241592
2012-03-06,TD,11002.144638619253
2012-03-07,TD,10956.030930797026
2012-03-08,TD,11161.588136125229
2012-03-09,TD,11183.962043400032
2012-03-12,TD,11250.192210972456
2012-03-13,TD,11378.33610334345
2012-03-14,TD,11269.456891553575
2012-03-15,TD,11393.134126741863
2012-03-16,TD,11406.335646014626
2012-03-19,TD,11408.564320075
2012-03-20,TD,11382.508678796148
2012-03-21,TD,11419.297245372401
2012-03-22,TD,11468.099156404343
2012-03-23,TD,11553.630394527356
2012-03-26,TD,11662.61496797302
2012-03-27,TD,11569.727878347148
2012-03-28,TD,11606.851994293036
2012-03-29,TD,11548.89419768707
2012-03-30,TD,11583.113886302333
2012-04-02,TD,11644.400941975517
2012-04-03,TD,11538.896688284283
2012-04-04,TD,11518.088395974999
2012-04-05,TD,11424.08168007919
2012-04-09,TD,11470.998929203992
2012-04-10,TD,11385.842592394343
2012-04-11,TD,11405.808414596508
2012-04-12,TD,11496.804072088362
2012-04-13,TD,11275.188734884094
2012-04-16,TD,11404.120512408006
2012-04-17,TD,11471.33363229527
2012-04-18,TD,11527.947962005148
2012-04-19,TD,11521.264478659103
2012-04-20,TD,11541.277269310232
2012-04-23,TD,11426.728415649279
2012-04-24,TD,11356.325672624156
2012-04-25,TD,11387.948132953377
2012-04-26,TD,11296.654585478895
2012-04-27,TD,11418.966773672924
2012-04-30,TD,11491.852074266342
2012-05-01,TD,11402.020895797492
2012-05-02,TD,11399.125777528821
2012-05-03,TD,11232.780456859988
2012-05-04,TD,11172.444194923972
2012-05-07,TD,11240.691466966837
2012-05-08,TD,11078.902085847662
2012-05-09,TD,10962.309893087115
2012-05-10,TD,11047.533085887184
2012-05-11,TD,11026.939748281271
2012-05-14,TD,10989.538899311747
2012-05-15,TD,10844.213440542133
2012-05-16,TD,10845.692735114959
2012-05-17,TD,10648.231451715206
2012-05-18,TD,10594.033246722385
2012-05-21,TD,10757.77076062568
2012-05-22,TD,10690.015176309826
2012-05-23,TD,10857.344295571856
2012-05-24,TD,10873.0833805063
2012-05-25,TD,10744.749921782723
2012-05-29,TD,10876.570893626787
2012-05-30,TD,10725.294828570663
2012-05-31,TD,10881.106522495815
2012-06-01,TD,10552.399313397442
2012-06-04,TD,10547.388922368602
2012-06-05,TD,10722.025655266987
2012-06-06,TD,10816.150426993978
2012-06-07,TD,10841.969533471283
2012-06-08,TD,10807.928409589926
2012-06-11,TD,10647.631440358153
2012-06-12,TD,10748.279325682017
2012-06-13,TD,10844.412739095851
2012-06-14,TD,10838.336883612099
2012-06-15,TD,10902.26432776767
2012-06-18,TD,10840.18896380239
2012-06-19,TD,11021.776604008499
2012-06-20,TD,11096.990016369564
2012-06-21,TD,10735.125621136582
2012-06-22,TD,10864.894367958277
2012-06-25,TD,10743.020975093774
2012-06-26,TD,10797.000840269784
2012-06-27,TD,10888.452641797536
2012-06-28,TD,10888.637553619139
2012-06-29,TD,10975.095466546067
2012-07-02,TD,11066.686904003176
2012-07-03,TD,11138.009551605335
2012-07-05,TD,11096.012564864062
2012-07-06,TD,11052.97634829703
2012-07-09,TD,11067.0647672908
2012-07-10,TD,11020.139478521582
2012-07-11,TD,11087.509583044577
2012-07-12,TD,11042.609015251037
2012-07-13,TD,11099.834781075828
2012-07-16,TD,11097.112303592545
2012-07-17,TD,11120.825446371637
2012-07-18,TD,11164.886082893134
2012-07-19,TD,11177.537521232067
2012-07-20,TD,11105.895826688286
2012-07-23,TD,10990.444417156668
2012-07-24,TD,10886.800706439324
2012-07-25,TD,10872.738522074706
2012-07-26,TD,10878.170782865876
2012-07-27,TD,11057.029175361824
2012-07-30,TD,10986.979753551894
2012-07-31,TD,10931.723700609396
2012-08-01,TD,10902.658270344129
2012-08-02,TD,10824.461726764985
2012-08-03,TD,10931.369956255025
2012-08-06,TD,10922.707450964728
2012-08-07,TD,11040.6443800389
2012-08-08,TD,10990.53454580198
2012-08-09,TD,10985.65617419726
2012-08-10,TD,11027.779679553314
2012-08-13,TD,11002.175527779384
2012-08-14,TD,11014.438947490375
2012-08-15,TD,11083.975101475122
2012-08-16,TD,11199.705359726273
2012-08-17,TD,11275.470968717067
2012-08-20,TD,11229.993662221365
2012-08-21,TD,11200.470818502657
2012-08-22,TD,11247.095255314987
2012-08-23,TD,11168.623248129747
2012-08-24,TD,11225.399217006336
2012-08-27,TD,11213.80562661708
2012-08-28,TD,11250.724096921553
2012-08-29,TD,11298.453350132522
2012-08-30,TD,11209.970293090737
2012-08-31,TD,11218.115722303235
2012-09-04,TD,11154.387576701381
2012-09-05,TD,11256.733942693245
2012-09-06,TD,11343.433468091878
2012-09-07,TD,11369.3951724728
2012-09-10,TD,11407.009706728159
2012-09-11,TD,11326.768131492701
2012-09-12,TD,11285.113041208764
2012-09-13,TD,11395.296367951
2012-09-14,TD,11363.95529517639
2012-09-17,TD,11308.652696924108
2012-09-18,TD,11326.340337781852
2012-09-19,TD,11347.600542735237
2012-09-20,TD,11399.98094181134
2012-09-21,TD,11376.240718124734
2012-09-24,TD,11419.6945730623
2012-09-25,TD,11352.031656226836
2012-09-26,TD,11368.35001869852
2012-09-27,TD,11450.289228323618
2012-09-28,TD,11389.04744854268
2012-10-01,TD,11467.49449051631
2012-10-02,TD,11427.489219894684
2012-10-03,TD,11420.321242187687
2012-10-04,TD,11499.89552693649
2012-10-05,TD,11480.18316510307
2012-10-08,TD,11430.816786405181
2012-10-09,TD,11440.248558724483
2012-10-10,TD,11351.492153772502
2012-10-11,TD,11353.391625550938
2012-10-12,TD,11344.305557941592
2012-10-15,TD,11398.272305803024
2012-10-16,TD,11518.599124965102
2012-10-17,TD,11584.355376656073
2012-10-18,TD,11589.581991805826
2012-10-19,TD,11609.77503974758
2012-10-22,TD,11641.935733113594
2012-10-23,TD,11508.413741766453
2012-10-24,TD,11424.172231863684
2012-10-25,TD,11404.769607909928
2012-10-26,TD,11390.67568810682
2012-10-31,TD,11400.477707208507
2012-11-01,TD,11466.789963781825
2012-11-02,TD,11539.415880057983
2012-11-05,TD,11504.226779581639
2012-11-06,TD,11496.688131953077
2012-11-07,TD,11369.39221049854
2012-11-08,TD,11236.74442469701
2012-11-09,TD,11216.57126429671
2012-11-12,TD,11325.171627367052
2012-11-13,TD,11269.272826010332
2012-11-14,TD,11084.328422690314
2012-11-15,TD,11063.821828616276
2012-11-16,TD,11085.80306273216
2012-11-19,TD,11153.38431370591
2012-11-20,TD,11232.830810422392
2012-11-21,TD,11332.609991009986
2012-11-23,TD,11440.194820048639
2012-11-26,TD,11469.674080431818
2012-11-27,TD,11405.70686119334
2012-11-28,TD,11435.945656404385
2012-11-29,TD,11581.932481712136
2012-11-30,TD,11569.051701937715
2012-12-03,TD,11600.184590235827
2012-12-04,TD,11577.59318942257
2012-12-05,TD,11566.684238226342
2012-12-06,TD,11375.861162280393
2012-12-07,TD,11245.937969658044
2012-12-10,TD,11253.708074417995
2012-12-11,TD,11297.483515132262
2012-12-12,TD,11371.9953627331
2012-12-13,TD,11362.33382583913
2012-12-14,TD,11348.713398778295
2012-12-17,TD,11384.767395738296
2012-12-18,TD,11518.599124965102
2012-12-19,TD,11626.157719374603
2012-12-20,TD,11669.632308131982
2012-12-21,TD,11752.045010499352
2012-12-24,TD,11746.120638841994
2012-12-26,TD,11682.866409121596
2012-12-27,TD,11684.921596118224
2012-12-28,TD,11652.10376760587
2012-12-31,TD,11764.066394599458
2013-01-02,TD,11775.70695343768
2013-01-03,TD,11637.46103628647
2013-01-04,TD,11703.519409351868
2013-01-07,TD,11683.737229553766
2013-01-08,TD,11702.024035490205
2013-01-09,TD,11640.855458787388
2013-01-10,TD,11627.746606995017
2013-01-11,TD,11573.942767717832
2013-01-14,TD,11588.255873616114
2013-01-15,TD,11605.063384979727
2013-01-16,TD,11576.817152166688
2013-01-17,TD,11694.620792399202
2013-01-18,TD,11774.138376497902
2013-01-22,TD,11825.354719690182
2013-01-23,TD,11766.82949344401
2013-01-24,TD,11835.556605316846
2013-01-25,TD,11843.508659924142
2013-01-28,TD,11860.029706062984
2013-01-29,TD,11837.442959780707
2013-01-30,TD,11817.626082569855
2013-01-31,TD,11812.796795110002
2013-02-01,TD,11842.087335418959
2013-02-04,TD,11730.599047446005
2013-02-05,TD,11739.193004189163
2013-02-06,TD,11749.383888197151
2013-02-07,TD,11744.886764993493
2013-02-08,TD,11793.621820035014
2013-02-11,TD,11803.188996891875
2013-02-12,TD,11778.031680091886
2013-02-13,TD,11796.929075864879
2013-02-14,TD,11769.122484659723
2013-02-15,TD,11729.79762183933
2013-02-19,TD,11867.867936230896
2013-02-20,TD,11895.364366417205
2013-02-21,TD,11896.247881024774
2013-02-22,TD,11955.773831431336
2013-02-25,TD,11891.004340307823
2013-02-26,TD,11928.389533127694
2013-02-27,TD,11943.283185980757
2013-02-28,TD,11976.797501583174
2013-03-01,TD,12048.431156482538
2013-03-04,TD,12060.609525218375
2013-03-05,TD,12102.444449653758
2013-03-06,TD,12064.85911200181
2013-03-07,TD,12100.734544227904
2013-03-08,TD,12038.198804834925
2013-03-11,TD,12078.26416122009
2013-03-12,TD,12006.561957773587
2013-03-13,TD,11926.657201325306
2013-03-14,TD,12033.03777625805
2013-03-15,TD,12031.015594117453
2013-03-18,TD,11936.99618404625
2013-03-19,TD,11958.901676248935
2013-03-20,TD,11930.236958787007
2013-03-21,TD,11839.455832859347
2013-03-22,TD,11876.857951246411
2013-03-25,TD,11934.792052058307
2013-03-26,TD,11949.41997350641
2013-03-27,TD,11885.870815777642
2013-03-28,TD,11969.251660588554
2013-04-01,TD,11980.537628794047
2013-04-02,TD,12062.45018065081
2013-04-03,TD,11908.03273032333
2013-04-04,TD,11734.148338886755
2013-04-05,TD,11588.205520053709
2013-04-08,TD,11568.67764690271
2013-04-09,TD,11589.801177900998
2013-04-10,TD,11727.895611225815
2013-04-11,TD,11701.647018480942
2013-04-12,TD,11634.709785338955
2013-04-15,TD,11392.573044189356
2013-04-16,TD,11635.106689889673
2013-04-17,TD,11538.845911582699
2013-04-18,TD,11431.08463350604
2013-04-19,TD,11504.960079780352
2013-04-22,TD,11508.09511796401
2013-04-23,TD,11546.932947588373
2013-04-24,TD,11658.437737989343
2013-04-25,TD,11610.639513092054
2013-04-26,TD,11591.695572009276
2013-04-29,TD,11743.458247122253
2013-04-30,TD,11785.95453809577
2013-05-01,TD,11735.224804960342
2013-05-02,TD,11841.022294103226
2013-05-03,TD,11825.06571563033
2013-05-06,TD,11845.823654377211
2013-05-07,TD,11871.693537556099
2013-05-08,TD,11908.440213353544
2013-05-09,TD,11784.847182862051
2013-05-10,TD,11913.503073640688
2013-05-13,TD,11850.706680512909
2013-05-14,TD,11781.535695640388
2013-05-15,TD,11745.216390414611
2013-05-16,TD,11739.56240469319
2013-05-17,TD,11807.516864423584
2013-05-20,TD,11976.893131037827
2013-05-21,TD,12016.011925077622
2013-05-22,TD,11971.48075778811
2013-05-23,TD,11961.062224901352
2013-05-24,TD,11929.973766217126
2013-05-28,TD,11981.540468650337
2013-05-29,TD,12023.782029837575
2013-05-30,TD,12055.171340478688
2013-05-31,TD,11943.30222724385
2013-06-03,TD,12004.729341985572
2013-06-04,TD,12005.147826634462
2013-06-05,TD,11837.95368877081
2013-06-06,TD,11664.5660627314
2013-06-07,TD,11770.5670818198
2013-06-10,TD,11774.05290238357
2013-06-11,TD,11662.654319916748
2013-06-12,TD,11527.154576042893
2013-06-13,TD,11758.578702575724
2013-06-14,TD,11618.277175288706
2013-06-17,TD,11704.803213623592
2013-06-18,TD,11773.215933085785
2013-06-19,TD,11618.313988397354
2013-06-20,TD,11530.887086748524
2013-06-21,TD,11645.577692034736
2013-06-24,TD,11660.437070614229
2013-06-25,TD,11825.435962412716
2013-06-26,TD,11918.229538279837
2013-06-27,TD,11992.436302531989
2013-06-28,TD,12069.93170449009
2013-07-01,TD,12101.735268388296
2013-07-02,TD,12079.282234086857
2013-07-03,TD,11979.70489088806
2013-07-05,TD,12087.41243028888
2013-07-08,TD,12174.11618707931
2013-07-09,TD,12190.584340820667
2013-07-10,TD,12138.922432071988
2013-07-11,TD,12252.027957990404
2013-07-12,TD,12247.38696746559
2013-07-15,TD,12319.590590840238
2013-07-16,TD,12358.01247465079
2013-07-17,TD,12441.774567862767
2013-07-18,TD,12632.434735224466
2013-07-19,TD,12641.316003470756
2013-07-22,TD,12665.280914061872
2013-07-23,TD,12670.97721370128
2013-07-24,TD,12684.51470548286
2013-07-25,TD,12783.606284903164
2013-07-26,TD,12774.827416338403
2013-07-29,TD,12828.157339734133
2013-07-30,TD,12571.736689289663
2013-07-31,TD,12493.195710418102
2013-08-01,TD,12516.594883925729
2013-08-02,TD,12599.520430979102
2013-08-05,TD,12600.838086385218
2013-08-06,TD,12567.552689079108
2013-08-07,TD,12445.710185374735
2013-08-08,TD,12602.438821902666
2013-08-09,TD,12514.80712089078
2013-08-12,TD,12462.249003359133
2013-08-13,TD,12594.495230078968
2013-08-14,TD,12596.019377404858
2013-08-15,TD,12560.97499052803
2013-08-16,TD,12624.086199205633
2013-08-19,TD,12525.438492785011
2013-08-20,TD,12619.7672175967
2013-08-21,TD,12567.983444764215
2013-08-22,TD,12682.82722643354
2013-08-23,TD,12827.623338089135
2013-08-26,TD,12849.938005878757
2013-08-27,TD,12703.300392512367
2013-08-28,TD,12652.377707910917
2013-08-29,TD,12962.724907994732
2013-08-30,TD,13021.338570329499
2013-09-03,TD,13045.954268979252
2013-09-04,TD,13019.733180281071
2013-09-05,TD,13218.298856940284
2013-09-06,TD,13124.620920187235
2013-09-09,TD,13171.590215431159
2013-09-10,TD,13086.791854367682
2013-09-11,TD,13147.600762767612
2013-09-12,TD,13021.611918239694
2013-09-13,TD,12981.249095011079
2013-09-16,TD,13088.371009786957
2013-09-17,TD,13183.325134306493
2013-09-18,TD,13269.613368422291
2013-09-19,TD,13110.336587753185
2013-09-20,TD,13139.417251028926
2013-09-23,TD,13176.470702731778
2013-09-24,TD,13274.179886451448
2013-09-25,TD,13262.243976465677
2013-09-26,TD,13327.79288995851
2013-09-27,TD,13372.849172970242
2013-09-30,TD,13352.938782000641
2013-10-01,TD,13443.064888477862
2013-10-02,TD,13413.084208166536
2013-10-03,TD,13279.051064690111
2013-10-04,TD,13320.415458357478
2013-10-07,TD,13290.979781309825
2013-10-08,TD,13204.622998646886
2013-10-09,TD,13279.038793653894
2013-10-10,TD,13425.077665080771
2013-10-11,TD,13510.715957416289
2013-10-14,TD,13546.441598372709
2013-10-15,TD,13427.15908670655
2013-10-16,TD,13483.146324151863
2013-10-17,TD,13496.946162224962
2013-10-18,TD,13536.700511312922
2013-10-21,TD,13519.14235104422
2013-10-22,TD,13561.734271472387
2013-10-23,TD,13604.534376377052
2013-10-24,TD,13620.591661974759
2013-10-25,TD,13705.692144412664
2013-10-28,TD,13723.840583837286
2013-10-29,TD,13827.261300206841
2013-10-30,TD,13879.961169363743
2013-10-31,TD,13926.641460547815
2013-11-01,TD,13956.1626117098
2013-11-04,TD,13920.461935964993
2013-11-05,TD,13912.622859518722
2013-11-06,TD,13970.732563090261
2013-11-07,TD,13921.909071960148
2013-11-08,TD,14074.914929983584
2013-11-11,TD,14044.96217685813
2013-11-12,TD,14043.721109643571
2013-11-13,TD,14084.98268049023
2013-11-14,TD,14142.30280635213
2013-11-15,TD,14197.202999244357
2013-11-18,TD,14240.713131692846
2013-11-19,TD,14212.403004863645
2013-11-20,TD,14242.75647079244
2013-11-21,TD,14273.256342877465
2013-11-22,TD,14255.462070946392
2013-11-25,TD,14268.087274656173
2013-11-26,TD,14130.13840120923
2013-11-27,TD,14106.620325592059
2013-11-29,TD,14107.102281117932
2013-12-02,TD,14089.79165726945
2013-12-03,TD,14012.027985071312
2013-12-04,TD,13960.535755133758
2013-12-05,TD,13741.555305602542
2013-12-06,TD,13906.860550167254
2013-12-09,TD,14050.123205435002
2013-12-10,TD,14002.17307357214
2013-12-11,TD,13876.462654624578
2013-12-12,TD,13814.230729162744
2013-12-13,TD,13772.086913126057
2013-12-16,TD,13909.093032480248
2013-12-17,TD,13950.73796742387
2013-12-18,TD,14137.473095753097
2013-12-19,TD,14267.546925923478
2013-12-20,TD,14349.898696248947
2013-12-23,TD,14392.297242071916
2013-12-24,TD,14415.767502961762
2013-12-26,TD,14446.546646905505
2013-12-27,TD,14502.19283417184
2013-12-30,TD,14559.352167145391
2013-12-31,TD,14592.67310814261
2014-01-02,TD,14467.392598601797
2014-01-03,TD,14485.509725727108
2014-01-06,TD,14407.782866637617
2014-01-07,TD,14351.295901820878
2014-01-08,TD,14413.509632297977
2014-01-09,TD,14411.05881016817
2014-01-10,TD,14375.651369875013
2014-01-13,TD,14394.860196084388
2014-01-14,TD,14282.5108198804
2014-01-15,TD,14321.498863913617
2014-01-16,TD,14397.442614499136
2014-01-17,TD,14397.692689754438
2014-01-21,TD,14540.790743881218
2014-01-22,TD,14562.083953690631
2014-01-23,TD,14565.285847864709
2014-01-24,TD,14373.601260548541
2014-01-27,TD,14233.665748652113
2014-01-28,TD,14273.357896280633
2014-01-29,TD,14127.833985235658
2014-01-30,TD,14282.906031874398
2014-01-31,TD,14123.31062740285
2014-02-03,TD,14014.092057990716
2014-02-04,TD,13959.595116736908
2014-02-05,TD,14090.348085290982
2014-02-06,TD,14286.648274781166
2014-02-07,TD,14256.147556417784
2014-02-10,TD,14276.685885930308
2014-02-11,TD,14281.252827098648
2014-02-12,TD,14310.831102049917
2014-02-13,TD,14398.583397728065
2014-02-14,TD,14480.418515114912
2014-02-18,TD,14481.638425370478
2014-02-19,TD,14498.402353398566
2014-02-20,TD,14645.810926350681
2014-02-21,TD,14599.066741150446
2014-02-24,TD,14500.868408538847
2014-02-25,TD,14523.425958217716
2014-02-26,TD,14512.8047416638
2014-02-27,TD,14637.907109609889
2014-02-28,TD,14753.491384843983
2014-03-03,TD,14688.839526412474
2014-03-04,TD,14739.606072656552
2014-03-05,TD,14805.362747486703
2014-03-06,TD,14785.030909893949
2014-03-07,TD,14821.315517706978
2014-03-10,TD,14986.253900602745
2014-03-11,TD,15114.519233918363
2014-03-12,TD,15237.625654353007
2014-03-13,TD,15123.081032083854
2014-03-14,TD,15040.120787617729
2014-03-17,TD,15108.946914058657
2014-03-18,TD,15126.01550229625
2014-03-19,TD,15066.25047825306
2014-03-20,TD,15239.268280649261
2014-03-21,TD,15142.121448899641
2014-03-24,TD,15230.379819036914
2014-03-25,TD,15229.377402319802
2014-03-26,TD,15227.315445096297
2014-03-27,TD,15134.96447281132
2014-03-28,TD,15132.654979167588
2014-03-31,TD,15249.967777951453
2014-04-01,TD,15316.466215763914
2014-04-02,TD,15331.590902609187
2014-04-03,TD,15303.764423862578
2014-04-04,TD,15270.237837223942
2014-04-07,TD,15221.877683495786
2014-04-08,TD,15329.047412998987
2014-04-09,TD,15413.012613017301
2014-04-10,TD,15123.717856549554
2014-04-11,TD,15113.02851458768
2014-04-14,TD,15213.620122400624
2014-04-15,TD,15219.349850035245
2014-04-16,TD,15343.007197682078
2014-04-17,TD,15347.293597574158
2014-04-21,TD,15375.751823116314
2014-04-22,TD,15382.72769563565
2014-04-23,TD,15329.806524687676
2014-04-24,TD,15369.004868893287
2014-04-25,TD,15376.642107950762
2014-04-28,TD,15392.49332476787
2014-04-29,TD,15490.594758507275
2014-04-30,TD,15641.467571924988
2014-05-01,TD,15522.929362076218
2014-05-02,TD,15534.254682225439
2014-05-05,TD,15501.077608549374
2014-05-06,TD,15419.471832598017
2014-05-07,TD,15467.24932367549
2014-05-08,TD,15547.418965250372
2014-05-09,TD,15491.883640449161
2014-05-12,TD,15481.975413413325
2014-05-13,TD,15507.613416321647
2014-05-14,TD,15528.918050888919
2014-05-15,TD,15408.452442075843
2014-05-16,TD,15347.271594336808
2014-05-19,TD,15376.142803718512
2014-05-20,TD,15302.249162459466
2014-05-21,TD,15424.657826386501
2014-05-22,TD,15794.775128183668
2014-05-23,TD,15840.205043091224
2014-05-27,TD,16007.212576576554
2014-05-28,TD,15974.102782030093
2014-05-29,TD,15917.439368175346
2014-05-30,TD,15997.04792719772
2014-06-02,TD,16032.411361016171
2014-06-03,TD,16145.530427388345
2014-06-04,TD,16233.375813686063
2014-06-05,TD,16195.84294529242
2014-06-06,TD,16288.485460472326
2014-06-09,TD,16396.701613167348
2014-06-10,TD,16344.96015425285
2014-06-11,TD,16224.017667584061
2014-06-12,TD,16128.640827023835
2014-06-13,TD,16104.795241681444
2014-06-16,TD,16152.772877590998
2014-06-17,TD,16179.5821297492
2014-06-18,TD,16317.635518573568
2014-06-19,TD,16261.825576444622
2014-06-20,TD,16289.114668432794
2014-06-23,TD,16231.300316008805
2014-06-24,TD,16115.394878137187
2014-06-25,TD,16097.54602125191
2014-06-26,TD,16135.965789366564
2014-06-27,TD,16277.714875787919
2014-06-30,TD,16292.757896771474
2014-07-01,TD,16458.231550729775
2014-07-02,TD,16358.59793002006
2014-07-03,TD,16421.6515917692
2014-07-07,TD,16457.40177479805
2014-07-08,TD,16451.173589209542
2014-07-09,TD,16543.87872898807
2014-07-10,TD,16547.46694923337
2014-07-11,TD,16467.411132097874
2014-07-14,TD,16546.884709721868
2014-07-15,TD,16567.04644536431
2014-07-16,TD,16644.863009959936
2014-07-17,TD,16582.66832074593
2014-07-18,TD,16627.869317357177
2014-07-21,TD,16624.73427917352
2014-07-22,TD,16695.50007561497
2014-07-23,TD,16715.099882426548
2014-07-24,TD,16753.15532770733
2014-07-25,TD,16951.4717753896
2014-07-28,TD,17005.818502234553
2014-07-29,TD,17019.75586054111
2014-07-30,TD,17188.508843143405
2014-07-31,TD,17045.30754305674
2014-08-01,TD,16909.723594486088
2014-08-04,TD,17064.91835148699
2014-08-05,TD,16848.242741068527
2014-08-06,TD,16908.312848460406
2014-08-07,TD,16760.472673544824
2014-08-08,TD,16671.9210679559
2014-08-11,TD,16944.033834885846
2014-08-12,TD,16991.506665753815
2014-08-13,TD,16946.020473335335
2014-08-14,TD,17053.80036953591
2014-08-15,TD,17003.349061980836
2014-08-18,TD,17072.63175559684
2014-08-19,TD,17128.549175077478
2014-08-20,TD,17199.199877662002
2014-08-21,TD,17344.785990166416
2014-08-22,TD,17275.349697028116
2014-08-25,TD,17331.321278323772
2014-08-26,TD,17257.882511683085
2014-08-27,TD,17356.465900948366
2014-08-28,TD,17217.705446554435
2014-08-29,TD,17118.489464215247
2014-09-02,TD,17161.666162989997
2014-09-03,TD,17266.497625385236
2014-09-04,TD,17282.609495937148
2014-09-05,TD,17249.257242640615
2014-09-08,TD,17148.3728225152
2014-09-09,TD,17278.714076647262
2014-09-10,TD,17295.47546584027
2014-09-11,TD,17241.521835293413
2014-09-12,TD,17279.964876062957
2014-09-15,TD,17260.227549017927
2014-09-16,TD,17249.681651238025
2014-09-17,TD,17105.602337353128
2014-09-18,TD,17240.924785910614
2014-09-19,TD,17008.042521763953
2014-09-22,TD,16975.914833253966
2014-09-23,TD,17019.46262508946
2014-09-24,TD,16928.227893960982
2014-09-25,TD,16417.437971816053
2014-09-26,TD,16587.404094447036
2014-09-29,TD,16462.63981470566
2014-09-30,TD,16583.110924328073
2014-10-01,TD,16446.875341420426
2014-10-02,TD,16295.882779614813
2014-10-03,TD,16369.597856139957
2014-10-06,TD,16407.842867773325
2014-10-07,TD,16236.997038787391
2014-10-08,TD,16482.043708076955
2014-10-09,TD,16336.408934566858
2014-10-10,TD,16045.85660845654
2014-10-13,TD,15938.404221981184
2014-10-14,TD,15810.682622511698
2014-10-15,TD,15547.969892462563
2014-10-16,TD,15764.70558864457
2014-10-17,TD,16134.268578116105
2014-10-20,TD,16230.50269865475
2014-10-21,TD,16392.028887204044
2014-10-22,TD,16226.066930632172
2014-10-23,TD,16421.561886263065
2014-10-24,TD,16399.061883512662
2014-10-27,TD,16410.572115483486
2014-10-28,TD,16564.64343796183
2014-10-29,TD,16357.97845426073
2014-10-30,TD,16567.358722079054
2014-10-31,TD,16797.60313657841
2014-11-03,TD,16696.278228566753
2014-11-04,TD,16787.182487995753
2014-11-05,TD,16917.50216202964
2014-11-06,TD,16887.521481718315
2014-11-07,TD,16910.104842887155
2014-11-10,TD,16979.946080220587
2014-11-11,TD,17096.502729290027
2014-11-12,TD,17175.75077373115
2014-11-13,TD,17224.007258360238
2014-11-14,TD,17279.382636551458
2014-11-17,TD,17315.34777428368
2014-11-18,TD,17235.795492772235
2014-11-19,TD,17231.066912437185
2014-11-20,TD,17287.727787456854
2014-11-21,TD,17208.16069607411
2014-11-24,TD,17155.85476949366
2014-11-25,TD,17190.678700857778
2014-11-26,TD,17265.621304143726
2014-11-28,TD,17446.409634439064
2014-12-01,TD,17299.95947172935
2014-12-02,TD,17165.20360653371
2014-12-03,TD,17194.47849069301
2014-12-04,TD,16333.781663399044
2014-12-05,TD,16396.117681099127
2014-12-08,TD,15942.627997274645
2014-12-09,TD,15930.89857920865
2014-12-10,TD,15851.387342197648
2014-12-11,TD,15879.16346738185
2014-12-12,TD,15649.85461360919
2014-12-15,TD,15722.253304145757
2014-12-16,TD,15870.097710453138
2014-12-17,TD,16048.569776877865
2014-12-18,TD,16131.45131745653
2014-12-19,TD,16350.650529943741
2014-12-22,TD,16458.619992496897
2014-12-23,TD,16671.121334905944
2014-12-24,TD,16735.764730553856
2014-12-26,TD,16686.14066009543
2014-12-29,TD,16847.950351895237
2014-12-30,TD,16764.12774978054
2014-12-31,TD,16763.1405660739
2015-01-02,TD,16803.829206471015
2015-01-05,TD,16514.6977817267
2015-01-06,TD,16191.731725020803
2015-01-07,TD,16201.693267593302
2015-01-08,TD,16232.044617826195
2015-01-09,TD,16043.37658972332
2015-01-12,TD,15846.486544216394
2015-01-13,TD,15840.718734055588
2015-01-14,TD,15464.010616392768
2015-01-15,TD,15203.944621913717
2015-01-16,TD,15350.248378467193
2015-01-20,TD,15370.36568449575
2015-01-21,TD,15608.708982897815
2015-01-22,TD,15786.933512902318
2015-01-23,TD,15997.86373953651
2015-01-26,TD,15954.668845777023
2015-01-27,TD,15949.344062337543
2015-01-28,TD,15546.939548559581
2015-01-29,TD,15815.696398653978
2015-01-30,TD,15472.271985740548
2015-02-02,TD,15694.07519674068
2015-02-03,TD,16211.747054507014
2015-02-04,TD,16037.71668005338
2015-02-05,TD,16394.51186791152
2015-02-06,TD,16557.90960105338
2015-02-09,TD,16641.88622582955
2015-02-10,TD,16617.47828851711
2015-02-11,TD,16798.64829035269
2015-02-12,TD,16912.02758732048
2015-02-13,TD,16947.00934959869
2015-02-17,TD,17019.582373477366
2015-02-18,TD,16727.083184000465
2015-02-19,TD,16604.66901926409
2015-02-20,TD,16440.60357249639
2015-02-23,TD,16341.35670099708
2015-02-24,TD,16414.056243490533
2015-02-25,TD,16477.52246594005
2015-02-26,TD,16602.800859784962
2015-02-27,TD,16751.6341423557
2015-03-02,TD,16674.022377123132
2015-03-03,TD,16505.341751320597
2015-03-04,TD,16566.2352875565
2015-03-05,TD,16514.579725895517
2015-03-06,TD,16581.581276192843
2015-03-09,TD,16564.693368385055
2015-03-10,TD,16178.849252689663
2015-03-11,TD,16349.751359186517
2015-03-12,TD,16427.172711788142
2015-03-13,TD,16368.990651416843
2015-03-16,TD,16464.7851303476
2015-03-17,TD,16520.246828931515
2015-03-18,TD,16760.390584543926
2015-03-19,TD,16347.913665728343
2015-03-20,TD,16564.905784253348
2015-03-23,TD,16548.654277772082
2015-03-24,TD,16650.40909519049
2015-03-25,TD,16494.91687134614
2015-03-26,TD,16391.003620971216
2015-03-27,TD,16230.316940554785
2015-03-30,TD,16315.803749063913
2015-03-31,TD,16600.250176808706
2015-04-01,TD,16652.584453714204
2015-04-02,TD,16750.437081615848
2015-04-06,TD,16692.12554065551
2015-04-07,TD,16844.904596078533
2015-04-08,TD,16848.48900807121
2015-04-09,TD,17070.141158384125
2015-04-10,TD,17109.254451614586
2015-04-13,TD,17133.907386512168
2015-04-14,TD,17089.446037187332
2015-04-15,TD,17389.34973917278
2015-04-16,TD,17332.93428487744
2015-04-17,TD,17228.26192281383
2015-04-20,TD,17333.60580675589
2015-04-21,TD,17282.51725159593
2015-04-22,TD,17295.893527349985
2015-04-23,TD,17327.175360639405
2015-04-24,TD,17337.598971196327
2015-04-27,TD,17360.537769276252
2015-04-28,TD,17336.712494614498
2015-04-29,TD,17258.395779508268
2015-04-30,TD,17290.721497154434
2015-05-01,TD,17353.448072317533
2015-05-04,TD,17372.678478625083
2015-05-05,TD,17151.567946462397
2015-05-06,TD,17011.874893316035
2015-05-07,TD,17105.989509702707
2015-05-08,TD,17188.847777626484
2015-05-11,TD,17185.003135038183
2015-05-12,TD,17066.12514442798
2015-05-13,TD,17071.81255814461
2015-05-14,TD,17142.812350552533
2015-05-15,TD,17094.39888128771
2015-05-18,TD,16975.48238501214
2015-05-19,TD,17311.20270287768
2015-05-20,TD,17290.814164634823
2015-05-21,TD,17342.509501378714
2015-05-22,TD,17353.13367990689
2015-05-26,TD,17208.05660383586
2015-05-27,TD,17347.32905663743
2015-05-28,TD,17184.16362690532
2015-05-29,TD,16786.453419188838
2015-06-01,TD,16789.668853816667
2015-06-02,TD,16825.668688961647
2015-06-03,TD,16928.259629399476
2015-06-04,TD,16778.855532075093
2015-06-05,TD,16872.62359747345
2015-06-08,TD,16585.30659353242
2015-06-09,TD,16793.37470675397
2015-06-10,TD,16865.50639646804
2015-06-11,TD,16914.28503484509
2015-06-12,TD,16675.220707280525
2015-06-15,TD,16770.8950146842
2015-06-16,TD,16802.38630186766
2015-06-17,TD,16746.939413155043
2015-06-18,TD,16539.340984423146
2015-06-19,TD,16374.226575628556
2015-06-22,TD,16540.49827008009
2015-06-23,TD,16726.8386095545
2015-06-24,TD,16799.388783917464
2015-06-25,TD,16774.92753106836
2015-06-26,TD,16846.036916523866
2015-06-29,TD,16391.49361614151
2015-06-30,TD,16390.24874067433
2015-07-01,TD,16421.232260841945
2015-07-02,TD,16440.892999695425
2015-07-06,TD,16441.446888881877
2015-07-07,TD,16529.681140085897
2015-07-08,TD,16263.814753729188
2015-07-09,TD,16189.44000322263
2015-07-10,TD,16375.005997997874
2015-07-13,TD,16391.09205705981
2015-07-14,TD,16281.19434926399
2015-07-15,TD,16453.98577219896
2015-07-16,TD,16590.009785516675
2015-07-17,TD,16555.823948035802
2015-07-20,TD,16430.52439723189
2015-07-21,TD,16383.050720085563
2015-07-22,TD,16315.125880097758
2015-07-23,TD,16255.351970131791
2015-07-24,TD,16178.6067939396
2015-07-27,TD,15874.986660537355
2015-07-28,TD,15974.248341907967
2015-07-29,TD,16341.395629801624
2015-07-30,TD,16444.653437586927
2015-07-31,TD,16455.4858005916
2015-08-03,TD,16276.560128966052
2015-08-04,TD,16423.351341854737
2015-08-05,TD,16597.004699299105
2015-08-06,TD,16526.86726453976
2015-08-07,TD,16348.914813027914
2015-08-10,TD,16690.800691883338
2015-08-11,TD,16574.6938397621
2015-08-12,TD,16419.133490509794
2015-08-13,TD,16262.109079695134
2015-08-14,TD,16182.975705971754
2015-08-17,TD,16147.047804487358
2015-08-18,TD,16350.64968366538
2015-08-19,TD,16290.631199253447
2015-08-20,TD,15887.962223488068
2015-08-21,TD,15659.531383513635
2015-08-24,TD,15270.361393864465
2015-08-25,TD,15636.842237549828
2015-08-26,TD,16130.690090071947
2015-08-27,TD,16396.95930492789
2015-08-28,TD,16561.766091538717
2015-08-31,TD,16424.89960811388
2015-09-01,TD,15927.912909155488
2015-09-02,TD,16087.446112167596
2015-09-03,TD,16151.693026403971
2015-09-04,TD,15961.711574286779
2015-09-08,TD,16202.017392205082
2015-09-09,TD,16165.731091835334
2015-09-10,TD,16250.11308394582
2015-09-11,TD,16204.629007223239
2015-09-14,TD,16159.909119859503
2015-09-15,TD,16262.953242358975
2015-09-16,TD,16595.616802789133
2015-09-17,TD,16431.88944422615
2015-09-18,TD,16055.90616397845
2015-09-21,TD,16410.669437494853
2015-09-22,TD,16100.375976086883
2015-09-23,TD,15923.989562679735
2015-09-24,TD,15975.348080636451
2015-09-25,TD,16108.200242661856
2015-09-28,TD,15929.704057303878
2015-09-29,TD,16025.641134138252
2015-09-30,TD,16479.125740292573
2015-10-01,TD,16428.21659614488
2015-10-02,TD,16377.040874313869
2015-10-05,TD,16602.632450391375
2015-10-06,TD,16721.682658647784
2015-10-07,TD,16869.988286661224
2015-10-08,TD,16933.011059250235
2015-10-09,TD,16773.348798788265
2015-10-12,TD,16691.23398640352
2015-10-13,TD,16692.802563343303
2015-10-14,TD,16618.776056381772
2015-10-15,TD,16576.694018665345
2015-10-16,TD,16596.81894119914
2015-10-19,TD,16675.887997767182
2015-10-20,TD,16789.753481652642
2015-10-21,TD,16815.34493925118
2015-10-22,TD,17078.280240508928
2015-10-23,TD,17192.23754559642
2015-10-26,TD,17083.896989982517
2015-10-27,TD,17323.477970485706
2015-10-28,TD,17437.13738559057
2015-10-29,TD,17438.45038646571
2015-10-30,TD,16968.178579628406
2015-11-02,TD,17110.18789664538
2015-11-03,TD,17170.756038851963
2015-11-04,TD,17131.608471347936
2015-11-05,TD,17093.50394192229
2015-11-06,TD,17292.54353446295
2015-11-09,TD,17199.614130919093
2015-11-10,TD,17351.4034638004
2015-11-11,TD,17296.477882557385
2015-11-12,TD,17101.545278896534
2015-11-13,TD,16881.226440139388
2015-11-16,TD,17089.300900448638
2015-11-17,TD,17191.893533443188
2015-11-18,TD,17270.7844484165
2015-11-19,TD,17239.267772882245
2015-11-20,TD,17255.277666891805
2015-11-23,TD,17208.983278639775
2015-11-24,TD,17221.985499358816
2015-11-25,TD,17182.590818573746
2015-11-27,TD,17191.253747003222
2015-11-30,TD,17207.34276803942
2015-12-01,TD,17485.475112942197
2015-12-02,TD,17398.32790629126
2015-12-03,TD,17210.06651494024
2015-12-04,TD,17333.922738001616
2015-12-07,TD,17074.473257307636
2015-12-08,TD,16803.911718611093
2015-12-09,TD,17037.407957707746
2015-12-10,TD,17034.47983458305
2015-12-11,TD,16796.211431815816
2015-12-14,TD,16821.65521384058
2015-12-15,TD,17025.985315547157
2015-12-16,TD,17428.10082526527
2015-12-17,TD,17371.28508130577
2015-12-18,TD,17213.51636867372
2015-12-21,TD,17350.927855362224
2015-12-22,TD,17255.116027725093
2015-12-23,TD,17344.759755537263
2015-12-24,TD,17391.36768992158
2015-12-28,TD,17268.63490138276
2015-12-29,TD,17525.64117645217
2015-12-30,TD,17382.842281725556
2015-12-31,TD,17140.822750128784
2016-01-04,TD,17030.286948449717
2016-01-05,TD,16925.613740107747
2016-01-06,TD,16656.900050209697
2016-01-07,TD,16257.362304375352
2016-01-08,TD,16289.925403101426
2016-01-11,TD,16365.611885065584
2016-01-12,TD,16756.64580280208
2016-01-13,TD,16376.93974404988
2016-01-14,TD,16370.933706530808
2016-01-15,TD,15786.559034728132
2016-01-19,TD,16004.106734996309
2016-01-20,TD,15871.609586742814
2016-01-21,TD,15967.327900621196
2016-01-22,TD,16483.452761545926
2016-01-25,TD,15992.85588734275
2016-01-26,TD,16213.11844858897
2016-01-27,TD,16420.460031838684
2016-01-28,TD,16856.775765769784
2016-01-29,TD,17008.624338136276
2016-02-01,TD,16776.52276577647
2016-02-02,TD,16560.602458794074
2016-02-03,TD,16658.86933995281
2016-02-04,TD,16773.81848327792
2016-02-05,TD,16686.333188422268
2016-02-08,TD,16427.778223954534
2016-02-09,TD,15983.922149838156
2016-02-10,TD,15909.636258559367
2016-02-11,TD,15671.310732002854
2016-02-12,TD,16187.54899422779
2016-02-16,TD,16533.846522172535
2016-02-17,TD,16747.969757058025
2016-02-18,TD,16758.651059375483
2016-02-19,TD,16766.546836471858
2016-02-22,TD,16657.41162547816
2016-02-23,TD,16691.009299499012
2016-02-24,TD,16453.63287412295
2016-02-25,TD,16601.122266658418
2016-02-26,TD,16723.48607783239
2016-02-29,TD,16689.39544666699
2016-03-01,TD,17013.464627214806
2016-03-02,TD,17040.60985188182
2016-03-03,TD,17084.54777804116
2016-03-04,TD,17153.41833409597
2016-03-07,TD,17344.626043556425
2016-03-08,TD,17395.58638754488
2016-03-09,TD,17496.773775323083
2016-03-10,TD,17476.201171536984
2016-03-11,TD,17570.895911739262
2016-03-14,TD,17598.052561164135
2016-03-15,TD,17672.143385281004
2016-03-16,TD,18016.595180123157
2016-03-17,TD,17848.0453043272
2016-03-18,TD,17617.713300017615
2016-03-21,TD,17747.724505589373
2016-03-22,TD,17711.35230796611
2016-03-23,TD,17707.010476841464
2016-03-24,TD,17694.4060069515
2016-03-28,TD,17790.81530711061
2016-03-29,TD,17925.827594649254
2016-03-30,TD,17966.549663041576
2016-03-31,TD,17858.661020071777
2016-04-01,TD,17950.325237467823
2016-04-04,TD,17877.934586575673
2016-04-05,TD,17877.749674754068
2016-04-06,TD,17674.64709980829
2016-04-07,TD,17484.823478605194
2016-04-08,TD,17577.234113514533
2016-04-11,TD,17561.065119173345
2016-04-12,TD,17783.61728652184
2016-04-13,TD,17784.446216175205
2016-04-14,TD,17946.153931432666
2016-04-15,TD,17928.43540141479
2016-04-18,TD,17862.13456959933
2016-04-19,TD,18030.64297775566
2016-04-20,TD,18149.45665121052
2016-04-21,TD,18107.575181465352
2016-04-22,TD,18124.02006255182
2016-04-25,TD,17939.284689986656
2016-04-26,TD,17916.471141103968
2016-04-27,TD,17990.78072817683
2016-04-28,TD,17917.364387912672
2016-04-29,TD,18005.6426455914
2016-05-02,TD,17974.527105999663
2016-05-03,TD,17980.893234960808
2016-05-04,TD,17987.095185920163
2016-05-05,TD,17918.2550958863
2016-05-06,TD,17930.058563308772
2016-05-09,TD,17884.389574764587
2016-05-10,TD,18096.078066809107
2016-05-11,TD,18049.35080717607
2016-05-12,TD,18154.33459967606
2016-05-13,TD,18078.690431629893
2016-05-16,TD,18121.064435380427
2016-05-17,TD,18063.78535401897
2016-05-18,TD,18102.077334101305
2016-05-19,TD,18151.204216023387
2016-05-20,TD,18241.524966523346
2016-05-23,TD,18216.45650895113
2016-05-24,TD,18327.376944144697
2016-05-25,TD,18607.24246712822
2016-05-26,TD,18567.374293600875
2016-05-27,TD,18529.84565659903
2016-05-31,TD,18416.250981788682
2016-06-01,TD,18534.326277374676
2016-06-02,TD,18522.018004910617
2016-06-03,TD,18469.219544324806
2016-06-06,TD,18566.464544364153
2016-06-07,TD,18642.493769064007
2016-06-08,TD,18558.0597308344
2016-06-09,TD,18466.153477827465
2016-06-10,TD,18273.955199546937
2016-06-13,TD,18214.330657711464
2016-06-14,TD,17985.759758668493
2016-06-15,TD,17908.59609782741
2016-06-16,TD,18100.937820289913
2016-06-17,TD,17966.51242679375
2016-06-20,TD,18027.16011916615
2016-06-21,TD,18187.621689538893
2016-06-22,TD,18080.502313598092
2016-06-23,TD,18255.14835555844
2016-06-24,TD,17748.759504023335
2016-06-27,TD,17575.172579430204
2016-06-28,TD,17915.65659818272
2016-06-29,TD,17931.382565802585
2016-06-30,TD,18006.925180445585
2016-07-01,TD,18027.402577916215
2016-07-05,TD,17965.187154882395
2016-07-06,TD,17907.0681422489
2016-07-07,TD,17832.387462115294
2016-07-08,TD,17976.305136833478
2016-07-11,TD,18092.49577051233
2016-07-12,TD,18309.452768485407
2016-07-13,TD,18350.558624113874
2016-07-14,TD,18400.726005279255
2016-07-15,TD,18508.83087236997
2016-07-18,TD,18465.135828099876
2016-07-19,TD,18470.8592086468
2016-07-20,TD,18540.471950823103
2016-07-21,TD,18506.74183423895
2016-07-22,TD,18643.282500495287
2016-07-25,TD,18607.31186195372
2016-07-26,TD,18691.55464127403
2016-07-27,TD,18616.16351045742
2016-07-28,TD,18568.10082357271
2016-07-29,TD,18500.23183795665
2016-08-01,TD,18378.72192164766
2016-08-02,TD,18274.95296173307
2016-08-03,TD,18312.807839042594
2016-08-04,TD,18261.70785912478
2016-08-05,TD,18535.24152742073
2016-08-08,TD,18589.665265596424
2016-08-09,TD,18649.952020248395
2016-08-10,TD,18621.352043080988
2016-08-11,TD,18702.64046464744
2016-08-12,TD,18575.915357946553
2016-08-15,TD,18609.344622573815
2016-08-16,TD,18545.305046535577
2016-08-17,TD,18589.154113467142
2016-08-18,TD,18488.135558221707
2016-08-19,TD,18517.15275062047
2016-08-22,TD,18508.907037422345
2016-08-23,TD,18593.917391214938
2016-08-24,TD,18769.30519615759
2016-08-25,TD,18741.962365493575
2016-08-26,TD,18594.343915508245
2016-08-29,TD,18918.434253015057
2016-08-30,TD,19091.22906106347
2016-08-31,TD,19060.129600760567
2016-09-01,TD,19141.3702075997
2016-09-02,TD,19160.265487676792
2016-09-06,TD,19093.7361607042
2016-09-07,TD,19028.90616067796
2016-09-08,TD,18927.100566557976
2016-09-09,TD,18870.7257336239
2016-09-12,TD,18905.16249263844
2016-09-13,TD,18649.560616507017
2016-09-14,TD,18540.25276472793
2016-09-15,TD,18723.33620193488
2016-09-16,TD,18621.122278506315
2016-09-19,TD,18600.007210291627
2016-09-20,TD,18784.20900435097
2016-09-21,TD,18956.228621421862
2016-09-22,TD,18936.68297642531
2016-09-23,TD,18926.03933349486
2016-09-26,TD,18792.120437596997
2016-09-27,TD,18932.236206784055
2016-09-28,TD,19192.559893023645
2016-09-29,TD,18900.777078178264
2016-09-30,TD,18962.989962377003
2016-10-03,TD,19016.973635805633
2016-10-04,TD,18985.053708632964
2016-10-05,TD,19118.36878492115
2016-10-06,TD,19121.529634594775
2016-10-07,TD,19171.070346634773
2016-10-10,TD,19257.59469241294
2016-10-11,TD,19038.976026880508
2016-10-12,TD,19062.275339541688
2016-10-13,TD,19173.431886397626
2016-10-14,TD,19196.633030769073
2016-10-17,TD,19234.50737248087
2016-10-18,TD,19356.896572005637
2016-10-19,TD,19391.166191044125
2016-10-20,TD,19459.618685589227
2016-10-21,TD,19722.129578249565
2016-10-24,TD,19776.41410363508
2016-10-25,TD,19797.697581243356
2016-10-26,TD,19898.315846824633
2016-10-27,TD,19965.927140680153
2016-10-28,TD,19898.963249769833
2016-10-31,TD,19991.28375603386
2016-11-01,TD,19938.84242491586
2016-11-02,TD,19867.01878052473
2016-11-03,TD,19830.554338560258
2016-11-04,TD,19635.653047198724
2016-11-07,TD,19866.033289374816
2016-11-08,TD,19942.559702611015
2016-11-09,TD,19946.488973035288
2016-11-10,TD,20322.01483982955
2016-11-11,TD,20165.671683094482
2016-11-14,TD,20711.83096300638
2016-11-15,TD,20554.228544072022
2016-11-16,TD,20461.52805882447
2016-11-17,TD,20521.415793229822
2016-11-18,TD,20818.0333963444
2016-11-21,TD,20872.737252657167
2016-11-22,TD,20897.491317818738
2016-11-23,TD,20990.969956018067
2016-11-25,TD,21183.853296630805
2016-11-28,TD,20958.35100292025
2016-11-29,TD,21081.73331010017
2016-11-30,TD,20913.994592112023
2016-12-01,TD,20752.754868787506
2016-12-02,TD,20836.428525910887
2016-12-05,TD,20904.58186105582
2016-12-06,TD,21030.98326628411
2016-12-07,TD,21273.89985294221
2016-12-08,TD,21476.158688363328
2016-12-09,TD,21591.39260435649
2016-12-12,TD,21539.46242536777
2016-12-13,TD,21688.270319587715
2016-12-14,TD,21377.327339538642
2016-12-15,TD,21947.479034088345
2016-12-16,TD,21841.962086221716
2016-12-19,TD,21899.690964531375
2016-12-20,TD,22035.568148553673
2016-12-21,TD,21987.88501751331
2016-12-22,TD,22068.23914777061
2016-12-23,TD,22048.474316678887
2016-12-27,TD,22081.577340998472
2016-12-28,TD,22056.297313836323
2016-12-29,TD,21909.872962616584
2016-12-30,TD,21775.729802953392
2017-01-03,TD,21986.87879254358
2017-01-04,TD,22251.194796945238
2017-01-05,TD,22298.255913391196
2017-01-06,TD,22273.522582049438
2017-01-09,TD,22225.69346799202
2017-01-10,TD,22215.42430323575
2017-01-11,TD,22454.40950377368
2017-01-12,TD,22210.376675959087
2017-01-13,TD,22273.526813441236
2017-01-17,TD,22005.623435072637
2017-01-18,TD,21821.333204924696
2017-01-19,TD,22066.88637181257
2017-01-20,TD,22398.3228286211
2017-01-23,TD,22364.22754292472
2017-01-24,TD,22425.56410588195
2017-01-25,TD,22587.19565608703
2017-01-26,TD,22660.819757688503
2017-01-27,TD,22568.74805726224
2017-01-30,TD,22494.061876319294
2017-01-31,TD,22353.176840103235
2017-02-01,TD,22380.97242968971
2017-02-02,TD,22247.15170208158
2017-02-03,TD,22355.595926794555
2017-02-06,TD,22368.39757954234
2017-02-07,TD,22391.250903507935
2017-02-08,TD,22462.541815671604
2017-02-09,TD,22578.848812624914
2017-02-10,TD,22618.216835641655
2017-02-13,TD,22693.3633920123
2017-02-14,TD,22724.53309341906
2017-02-15,TD,22942.960076903008
2017-02-16,TD,22915.383673411703
2017-02-17,TD,23022.885990310282
2017-02-21,TD,23134.20459947211
2017-02-22,TD,23440.742277519556
2017-02-23,TD,23259.114862230537
2017-02-24,TD,22928.633853690153
2017-02-27,TD,22922.168287021737
2017-02-28,TD,22653.696209595393
2017-03-01,TD,23052.902637451898
2017-03-02,TD,22840.769002990157
2017-03-03,TD,23143.688417910533
2017-03-06,TD,23261.40912286379
2017-03-07,TD,23221.122041548377
2017-03-08,TD,23218.75796295044
2017-03-09,TD,23181.77094409883
2017-03-10,TD,21870.317488943165
2017-03-13,TD,22213.23328856239
2017-03-14,TD,22006.19044157366
2017-03-15,TD,22053.322222262654
2017-03-16,TD,21939.400884005452
2017-03-17,TD,21876.83764056578
2017-03-20,TD,21747.932943949378
2017-03-21,TD,21432.9058245362
2017-03-22,TD,21510.98685111924
2017-03-23,TD,21653.03298124486
2017-03-24,TD,21573.42484536167
2017-03-27,TD,21580.63936837845
2017-03-28,TD,21822.19725512999
2017-03-29,TD,21964.83789580333
2017-03-30,TD,21892.11804262924
2017-03-31,TD,22092.239602052836
2017-04-03,TD,22179.61445758254
2017-04-04,TD,22318.22596698516
2017-04-05,TD,22127.708397527076
2017-04-06,TD,22185.881148836415
2017-04-07,TD,22116.22482332458
2017-04-10,TD,22238.367332707483
2017-04-11,TD,22118.319362264938
2017-04-12,TD,21973.779249813164
2017-04-13,TD,21602.410302321943
2017-04-17,TD,22101.46869070498
2017-04-18,TD,22033.92086772644
2017-04-19,TD,21979.836487173
2017-04-20,TD,22079.427370825553
2017-04-21,TD,21942.426752280702
2017-04-24,TD,22257.368820718722
2017-04-25,TD,22382.93960373693
2017-04-26,TD,21961.028796906143
2017-04-27,TD,21460.10859613168
2017-04-28,TD,21511.467114088395
2017-05-01,TD,21459.129452069457
2017-05-02,TD,21304.91214657406
2017-05-03,TD,21222.30395390559
2017-05-04,TD,21147.56276486926
2017-05-05,TD,21525.44297806032
2017-05-08,TD,21459.362601757566
2017-05-09,TD,21270.108949029756
2017-05-10,TD,21385.649640928325
2017-05-11,TD,21229.045407319274
2017-05-12,TD,21102.937660681815
2017-05-15,TD,21274.41777529837
2017-05-16,TD,21120.241937442595
2017-05-17,TD,20821.634310765094
2017-05-18,TD,20916.797889178662
2017-05-19,TD,21123.137055711264
2017-05-22,TD,21139.355557336505
2017-05-23,TD,21212.161307764105
2017-05-24,TD,21139.35851931076
2017-05-25,TD,21363.00957910938
2017-05-26,TD,21475.385189942524
2017-05-30,TD,21562.586558408482
2017-05-31,TD,21530.470294656352
2017-06-01,TD,21612.214437119528
2017-06-02,TD,21700.84347717837
2017-06-05,TD,21612.89738375584
2017-06-06,TD,21483.36517173569
2017-06-07,TD,21464.675114160833
2017-06-08,TD,21754.65874121341
2017-06-09,TD,21948.368472644433
2017-06-12,TD,21961.413853559825
2017-06-13,TD,21795.052453602155
2017-06-14,TD,21602.266011861608
2017-06-15,TD,21762.912070916773
2017-06-16,TD,21856.449102322928
2017-06-19,TD,21897.936629491633
2017-06-20,TD,21758.647251122864
2017-06-21,TD,21722.781551097905
2017-06-22,TD,21836.185813277312
2017-06-23,TD,21834.56349766169
2017-06-26,TD,21790.627264059076
2017-06-27,TD,21859.216855698454
2017-06-28,TD,22020.9584220903
2017-06-29,TD,21907.303238377233
2017-06-30,TD,21860.581902692713
2017-07-03,TD,22124.647831839076
2017-07-05,TD,22051.37874400951
2017-07-06,TD,21941.968069409722
2017-07-07,TD,21972.187400218492
2017-07-10,TD,22034.806921169085
2017-07-11,TD,21966.948937171703
2017-07-12,TD,22097.78568728339
2017-07-13,TD,22057.7419109964
2017-07-14,TD,22041.976168293626
2017-07-17,TD,21861.943564573536
2017-07-18,TD,21970.6780627639
2017-07-19,TD,22018.146662240066
2017-07-20,TD,22095.613290733938
2017-07-21,TD,22066.232198640486
2017-07-24,TD,21971.57596410358
2017-07-25,TD,21935.911678328244
2017-07-26,TD,21906.95245599712
2017-07-27,TD,21604.82558076064
2017-07-28,TD,21637.22788659836
2017-07-31,TD,21712.054972888203
2017-08-01,TD,21618.829795057616
2017-08-02,TD,21750.381227244106
2017-08-03,TD,21598.09428268727
2017-08-04,TD,21646.14850678838
2017-08-07,TD,21610.479989621243
2017-08-08,TD,21768.995542905763
2017-08-09,TD,21748.271455293274
2017-08-10,TD,21469.87718723816
2017-08-11,TD,21448.558165938768
2017-08-14,TD,21589.787637447243
2017-08-15,TD,21665.79401263138
2017-08-16,TD,21686.95308732078
2017-08-17,TD,21443.010811290675
2017-08-18,TD,21510.165114831932
2017-08-21,TD,21740.919412043033
2017-08-22,TD,21664.24151498044
2017-08-23,TD,21825.51635885689
2017-08-24,TD,21876.843141375117
2017-08-25,TD,21893.00578862861
2017-08-28,TD,21783.368311428407
2017-08-29,TD,21815.593745088943
2017-08-30,TD,21849.216384321408
2017-08-31,TD,22676.037535153348
2017-09-01,TD,22785.169361033604
2017-09-05,TD,22569.78982592308
2017-09-06,TD,22531.66033128582
2017-09-07,TD,22405.054126694475
2017-09-08,TD,22297.669019348716
2017-09-11,TD,22430.005797853046
2017-09-12,TD,22470.72024974013
2017-09-13,TD,22636.58615371817
2017-09-14,TD,22732.32350885965
2017-09-15,TD,22754.980496245782
2017-09-18,TD,22669.951947468457
2017-09-19,TD,22921.783230368055
2017-09-20,TD,23019.58085017632
2017-09-21,TD,23295.202287185748
2017-09-22,TD,23298.12448636193
2017-09-25,TD,23406.86406222245
2017-09-26,TD,23396.282620751437
2017-09-27,TD,23599.14231380797
2017-09-28,TD,23718.331311715378
2017-09-29,TD,23695.902396347192
2017-10-02,TD,24030.426076612057
2017-10-03,TD,24215.038738815056
2017-10-04,TD,24118.49149528331
2017-10-05,TD,24013.716310398995
2017-10-06,TD,23980.796505344293
2017-10-09,TD,23895.040157177587
2017-10-10,TD,24161.011482050904
2017-10-11,TD,24270.711583849727
2017-10-12,TD,24168.554784210442
2017-10-13,TD,24181.559543764568
2017-10-16,TD,24194.345540362698
2017-10-17,TD,24270.592258601006
2017-10-18,TD,24357.618024307318
2017-10-19,TD,24469.205326848358
2017-10-20,TD,24363.18822847112
2017-10-23,TD,24329.47799942842
2017-10-24,TD,24442.126958171764
2017-10-25,TD,24492.359502770843
2017-10-26,TD,24612.20605896377
2017-10-27,TD,24855.77004856707
2017-10-30,TD,24810.40741278911
2017-10-31,TD,24942.153488998338
2017-11-01,TD,24934.201011251862
2017-11-02,TD,25009.34122053481
2017-11-03,TD,24939.58164906309
2017-11-06,TD,24982.075401201528
2017-11-07,TD,25006.039888653464
2017-11-08,TD,24948.75572962185
2017-11-09,TD,24862.54112172335
2017-11-10,TD,24741.92445222306
2017-11-13,TD,24673.06997545708
2017-11-14,TD,24796.145929870774
2017-11-15,TD,24818.535070156053
2017-11-16,TD,24889.24501222576
2017-11-17,TD,25067.306633646014
2017-11-20,TD,25096.44357443268
2017-11-21,TD,25253.392666473323
2017-11-22,TD,25411.802011823693
2017-11-24,TD,25245.125796316202
2017-11-27,TD,25163.66896535616
2017-11-28,TD,25284.69396416502
2017-11-29,TD,25533.17610045595
2017-11-30,TD,24971.47237963235
2017-12-01,TD,25031.055876967373
2017-12-04,TD,24972.038962994193
2017-12-05,TD,24610.521541888706
2017-12-06,TD,24571.20260301683
2017-12-07,TD,24700.70858040783
2017-12-08,TD,24779.167893417674
2017-12-11,TD,24733.55856749785
2017-12-12,TD,24776.399716902964
2017-12-13,TD,24674.294963382807
2017-12-14,TD,24486.964901366682
2017-12-15,TD,24364.298545679103
2017-12-18,TD,24664.57714897791
2017-12-19,TD,24709.200137469456
2017-12-20,TD,24690.2536575516
2017-12-21,TD,24784.94628205798
2017-12-22,TD,24907.623216225053
2017-12-26,TD,24816.706685759837
2017-12-27,TD,24936.048013771997
2017-12-28,TD,25014.03679601383
2017-12-29,TD,25006.568812628302
2018-01-02,TD,25091.852091191908
2018-01-03,TD,25234.020508540514
2018-01-04,TD,25479.874950524452
2018-01-05,TD,25471.80060869417
2018-01-08,TD,25445.958652701156
2018-01-09,TD,25354.62829211803
2018-01-10,TD,25279.657338507026
2018-01-11,TD,25291.034704775375
2018-01-12,TD,25245.524816562818
2018-01-16,TD,25133.133549580023
2018-01-17,TD,25213.203330308454
2018-01-18,TD,25346.135465638858
2018-01-19,TD,25321.41990614265
2018-01-22,TD,25519.70334896889
2018-01-23,TD,25601.30658608517
2018-01-24,TD,25407.345086842124
2018-01-25,TD,25438.75132305043
2018-01-26,TD,25408.555264896553
2018-01-29,TD,25482.93974760425
2018-01-30,TD,25603.84542116439
2018-01-31,TD,25640.70126687024
2018-02-01,TD,25626.16432034581
2018-02-02,TD,25267.09772137013
2018-02-05,TD,24488.30667570605
2018-02-06,TD,24627.74796104039
2018-02-07,TD,24556.313604694747
2018-02-08,TD,24316.06491056573
2018-02-09,TD,24315.965472858457
2018-02-12,TD,24467.845357524257
2018-02-13,TD,24519.44210283924
2018-02-14,TD,24935.794130264076
2018-02-15,TD,25006.97629565852
2018-02-16,TD,24867.184651083244
2018-02-20,TD,24833.676682568523
2018-02-21,TD,25108.0883646627
2018-02-22,TD,25113.90737466427
2018-02-23,TD,25389.832625604846
2018-02-26,TD,25608.794880151327
2018-02-27,TD,25765.29586780049
2018-02-28,TD,25470.15798239792
2018-03-01,TD,25747.529099916108
2018-03-02,TD,25598.519791446546
2018-03-05,TD,25826.841884651752
2018-03-06,TD,25957.12516871617
2018-03-07,TD,26122.299663274305
2018-03-08,TD,26091.027139046833
2018-03-09,TD,26072.937515968217
2018-03-12,TD,25955.345868464818
2018-03-13,TD,25835.5433187466
2018-03-14,TD,25973.567934106737
2018-03-15,TD,26051.828794841225
2018-03-16,TD,26051.520326379097
2018-03-19,TD,25984.295781733977
2018-03-20,TD,26177.532443561908
2018-03-21,TD,26303.391807500786
2018-03-22,TD,25648.335543953457
2018-03-23,TD,25069.293695234683
2018-03-26,TD,25234.009930061016
2018-03-27,TD,24839.255772655106
2018-03-28,TD,24826.465544665178
2018-03-29,TD,25143.393828413507
2018-04-02,TD,24901.64172077841
2018-04-03,TD,24653.28441054554
2018-04-04,TD,24626.80732264354
2018-04-05,TD,24826.958924948904
2018-04-06,TD,24461.435645227586
2018-04-09,TD,24623.80980469334
2018-04-10,TD,24548.703446544783
2018-04-11,TD,24347.465645964694
2018-04-12,TD,24347.764805364866
2018-04-13,TD,24180.034973299495
2018-04-16,TD,24167.413154703157
2018-04-17,TD,24224.20731856448
2018-04-18,TD,24200.123505863823
2018-04-19,TD,24004.68652030057
2018-04-20,TD,24255.86236061055
2018-04-23,TD,24455.96149365761
2018-04-24,TD,24601.674971055167
2018-04-25,TD,24743.19894743283
2018-04-26,TD,24942.973955868107
2018-04-27,TD,24995.02515266227
2018-04-30,TD,24954.19941517088
2018-05-01,TD,25053.93882067556
2018-05-02,TD,25144.155055798095
2018-05-03,TD,25147.06456079888
2018-05-04,TD,25243.718435403953
2018-05-07,TD,25347.09556843798
2018-05-08,TD,25480.456343757593
2018-05-09,TD,25630.25396051925
2018-05-10,TD,25773.6448269585
2018-05-11,TD,25830.975531299904
2018-05-14,TD,25928.245073411686
2018-05-15,TD,26128.931523640404
2018-05-16,TD,26202.12740839185
2018-05-17,TD,26176.229598027086
2018-05-18,TD,26164.298765711475
2018-05-21,TD,26248.610516718105
2018-05-22,TD,26203.283847770435
2018-05-23,TD,26244.16374707685
2018-05-24,TD,26257.17316116195
2018-05-25,TD,26484.80892261741
2018-05-29,TD,26118.467291722223
2018-05-30,TD,26248.00204257745
2018-05-31,TD,26176.858805987555
2018-06-01,TD,25998.121008157872
2018-06-04,TD,26001.47184732326
2018-06-05,TD,26060.566195766358
2018-06-06,TD,26021.02553196423
2018-06-07,TD,26152.815614648167
2018-06-08,TD,26101.501103166156
2018-06-11,TD,26068.59314600849
2018-06-12,TD,26190.368370583263
2018-06-13,TD,26284.655627755325
2018-06-14,TD,26296.209443061674
2018-06-15,TD,26182.283873412667
2018-06-18,TD,26358.7862269551
2018-06-19,TD,26287.651876287982
2018-06-20,TD,26553.726023982006
2018-06-21,TD,26658.87653331887
2018-06-22,TD,26715.517943936262
2018-06-25,TD,26400.66896611781
2018-06-26,TD,26481.618453201187
2018-06-27,TD,26197.96244944439
2018-06-28,TD,26233.565803177826
2018-06-29,TD,26379.364754689715
2018-07-02,TD,26179.111175842
2018-07-03,TD,26260.259538339924
2018-07-05,TD,26196.23942670396
2018-07-06,TD,26303.12015214731
2018-07-09,TD,26470.498778693385
2018-07-10,TD,26636.94184451277
2018-07-11,TD,26440.632345960625
2018-07-12,TD,26687.950003228554
2018-07-13,TD,26541.47910669903
2018-07-16,TD,26569.853973822752
2018-07-17,TD,26582.984405713294
2018-07-18,TD,26640.831339854132
2018-07-19,TD,26632.790426019066
2018-07-20,TD,26583.19174391143
2018-07-23,TD,26549.44047036828
2018-07-24,TD,26613.533361943184
2018-07-25,TD,26972.94016481948
2018-07-26,TD,26733.87329841984
2018-07-27,TD,26819.75997345394
2018-07-30,TD,26825.16346078088
2018-07-31,TD,26909.126968242475
2018-08-01,TD,26963.779201575297
2018-08-02,TD,26934.203465459108
2018-08-03,TD,26865.759856836783
2018-08-06,TD,26887.78932881917
2018-08-07,TD,26698.68377480431
2018-08-08,TD,27021.52035092117
2018-08-09,TD,27144.22098088232
2018-08-10,TD,27011.423403811114
2018-08-13,TD,27090.928293734414
2018-08-14,TD,27332.54161171852
2018-08-15,TD,27172.381316441843
2018-08-16,TD,27342.969030528053
2018-08-17,TD,27552.594719070705
2018-08-20,TD,27550.84715425784
2018-08-21,TD,27466.96742835386
2018-08-22,TD,27583.94129265465
2018-08-23,TD,27428.065704713343
2018-08-24,TD,27436.187861270944
2018-08-27,TD,27605.919564796273
2018-08-28,TD,27551.28002563885
2018-08-29,TD,27741.897455943385
2018-08-30,TD,27567.8996632066
2018-08-31,TD,27589.806424826827
2018-09-04,TD,27521.13432104738
2018-09-05,TD,27749.780538864365
2018-09-06,TD,27894.37565940952
2018-09-07,TD,27778.664019282285
2018-09-10,TD,27743.803274809517
2018-09-11,TD,27701.27059386653
2018-09-12,TD,27493.412357678197
2018-09-13,TD,27462.337439447725
2018-09-14,TD,27561.676978427433
2018-09-17,TD,27622.6911093296
2018-09-18,TD,27855.558563604973
2018-09-19,TD,27754.2002275981
2018-09-20,TD,27867.40984575477
2018-09-21,TD,27800.71337880613
2018-09-24,TD,27714.026547582893
2018-09-25,TD,27580.419505260597
2018-09-26,TD,27592.747242126927
2018-09-27,TD,27714.56266492379
2018-09-28,TD,27493.56426464377
2018-10-01,TD,27347.400567158835
2018-10-02,TD,27063.399704970438
2018-10-03,TD,27023.346196482307
2018-10-04,TD,26909.945742555523
2018-10-05,TD,26873.05096804512
2018-10-08,TD,26750.275019309956
2018-10-09,TD,26992.927567119816
2018-10-10,TD,26568.886254518387
2018-10-11,TD,26151.927868648796
2018-10-12,TD,26170.805376880337
2018-10-15,TD,26104.164341164258
2018-10-16,TD,26361.993198799333
2018-10-17,TD,26384.550748478203
2018-10-18,TD,26144.56820889332
2018-10-19,TD,26043.778148805017
2018-10-22,TD,25913.2342110058
2018-10-23,TD,25974.26907572778
2018-10-24,TD,25476.82665587267
2018-10-25,TD,25542.171616280804
2018-10-26,TD,25493.860123558334
2018-10-29,TD,25477.728365464973
2018-10-30,TD,25709.02893535728
2018-10-31,TD,25685.273901799384
2018-11-01,TD,25592.19470698585
2018-11-02,TD,25691.646800987404
2018-11-05,TD,25770.090880986772
2018-11-06,TD,25832.60630969912
2018-11-07,TD,25839.525058429175
2018-11-08,TD,25825.043543137308
2018-11-09,TD,25810.358074760738
2018-11-12,TD,25502.795976758825
2018-11-13,TD,25743.23254468371
2018-11-14,TD,25661.95597101429
2018-11-15,TD,25760.922724376534
2018-11-16,TD,25578.427873768782
2018-11-19,TD,25275.671367432653
2018-11-20,TD,24726.614430417005
2018-11-21,TD,25111.713821155827
2018-11-23,TD,25027.86836952542
2018-11-26,TD,25237.21563248771
2018-11-27,TD,25349.7626146887
2018-11-28,TD,26006.765318463433
2018-11-29,TD,25845.62207087192
2018-11-30,TD,25921.625907220983
2018-12-03,TD,25670.078973850254
2018-12-04,TD,25244.144113418904
2018-12-06,TD,24936.505850364618
2018-12-07,TD,24600.65182051824
2018-12-10,TD,24483.637334856186
2018-12-11,TD,24493.006059437685
2018-12-12,TD,24559.288273129234
2018-12-13,TD,24583.210869802362
2018-12-14,TD,24516.358687635526
2018-12-17,TD,24226.54981706424
2018-12-18,TD,24133.06186980295
2018-12-19,TD,23761.420843819076
2018-12-20,TD,23687.71380693835
2018-12-21,TD,23311.440676352435
2018-12-24,TD,23134.186827626552
2018-12-26,TD,23718.160363486713
2018-12-27,TD,23858.04129042894
2018-12-28,TD,23800.22228347397
2018-12-31,TD,23902.795028927067
2019-01-02,TD,24088.396144254242
2019-01-03,TD,23774.91136715169
2019-01-04,TD,23987.463909401504
2019-01-07,TD,23884.59369710496
2019-01-08,TD,23942.364889332603
2019-01-09,TD,24269.572070038335
2019-01-10,TD,24466.694418955012
2019-01-11,TD,24471.172500895573
2019-01-14,TD,24413.213858011248
2019-01-15,TD,24682.58045166384
2019-01-16,TD,25120.084783551196
2019-01-17,TD,25430.403210170778
2019-01-18,TD,25724.120194207346
2019-01-22,TD,25727.307278510125
2019-01-23,TD,25694.614276055832
2019-01-24,TD,25857.49747195497
2019-01-25,TD,25975.614235180587
2019-01-28,TD,26053.250965624768
2019-01-29,TD,26273.351887704277
2019-01-30,TD,26328.53008303768
2019-01-31,TD,26341.074467164104
2019-02-01,TD,26274.349649890413
2019-02-04,TD,26446.31383572874
2019-02-05,TD,26534.94287578758
2019-02-06,TD,26573.23697156581
2019-02-07,TD,26514.138814870093
2019-02-08,TD,26578.75978414147
2019-02-11,TD,26318.90578239154
2019-02-12,TD,26563.284738055267
2019-02-13,TD,26604.220068594248
2019-02-14,TD,26583.017410569322
2019-02-15,TD,26868.14382297617
2019-02-19,TD,26975.951223223437
2019-02-20,TD,27130.06528275895
2019-02-21,TD,27134.82136714069
2019-02-22,TD,27196.163854046434
2019-02-25,TD,27220.080103631866
2019-02-26,TD,27372.233336207857
2019-02-27,TD,27479.31759159673
2019-02-28,TD,26891.56965425213
2019-03-01,TD,26661.464452542954
2019-03-04,TD,26748.461444785036
2019-03-05,TD,26728.978847526283
2019-03-06,TD,26640.642619779912
2019-03-07,TD,26495.385286418255
2019-03-08,TD,26667.95540756216
2019-03-11,TD,26776.59131432361
2019-03-12,TD,26795.07487997869
2019-03-13,TD,26829.52391002944
2019-03-14,TD,26697.324651758572
2019-03-15,TD,26869.471210583422
2019-03-18,TD,27123.237508952567
2019-03-19,TD,26972.54706852138
2019-03-20,TD,26910.184393052972
2019-03-21,TD,26652.49686390397
2019-03-22,TD,26302.098271027924
2019-03-25,TD,26319.749098777018
2019-03-26,TD,26230.354176802615
2019-03-27,TD,25974.517458426366
2019-03-28,TD,25984.072787386187
2019-03-29,TD,25837.538419979686
2019-04-01,TD,26357.025544827662
2019-04-02,TD,26427.83111635202
2019-04-03,TD,26487.561019843284
2019-04-04,TD,26619.62952810757
2019-04-05,TD,26667.965562902475
2019-04-08,TD,26708.20356007303
2019-04-09,TD,26574.318092170375
2019-04-10,TD,26613.615874083258
2019-04-11,TD,26606.571876155962
2019-04-12,TD,26845.490220703472
2019-04-15,TD,26954.55138234069
2019-04-16,TD,27222.75180441356
2019-04-17,TD,27231.64238172181
2019-04-18,TD,27295.493237685823
2019-04-22,TD,27231.369456950797
2019-04-23,TD,27165.94325382012
2019-04-24,TD,26960.90650968316
2019-04-25,TD,27088.61414555971
2019-04-26,TD,27216.9768008867
2019-04-29,TD,27489.36333886602
2019-04-30,TD,27576.608290667507
2019-05-01,TD,27407.64712358872
2019-05-02,TD,27438.56251834837
2019-05-03,TD,27588.9347581163
2019-05-06,TD,27577.50280689375
2019-05-07,TD,27243.741623431008
2019-05-08,TD,27038.85340114618
2019-05-09,TD,26971.32165745648
2019-05-10,TD,26797.350945627208
2019-05-13,TD,26559.097352731274
2019-05-14,TD,26685.42470860309
2019-05-15,TD,26713.907053078496
2019-05-16,TD,26785.836482264585
2019-05-17,TD,26834.17759472965
2019-05-20,TD,27009.41687782017
2019-05-21,TD,26831.294324358016
2019-05-22,TD,26584.13534428254
2019-05-23,TD,27222.634594860738
2019-05-24,TD,27466.538788364658
2019-05-28,TD,27410.513045253974
2019-05-29,TD,27096.635594992506
2019-05-30,TD,26987.733956826094
2019-05-31,TD,26658.558332655604
2019-06-03,TD,26623.79744902929
2019-06-04,TD,26987.794888867997
2019-06-05,TD,27082.705006912827
2019-06-06,TD,27204.17811011317
2019-06-07,TD,27160.16486517982
2019-06-10,TD,27195.65651016977
2019-06-11,TD,27283.66015052076
2019-06-12,TD,26989.914816159147
2019-06-13,TD,27088.8434869952
2019-06-14,TD,27321.548878964673
2019-06-17,TD,27366.45537070673
2019-06-18,TD,27749.511845485144
2019-06-19,TD,27883.80310386129
2019-06-20,TD,27665.622810519206
2019-06-21,TD,27600.76319075038
2019-06-24,TD,27739.188518913856
2019-06-25,TD,27541.00070554227
2019-06-26,TD,27515.407978526193
2019-06-27,TD,27470.709248121457
2019-06-28,TD,27543.524730750196
2019-07-01,TD,27656.879908784733
2019-07-02,TD,27793.290671312847
2019-07-03,TD,27951.782951942478
2019-07-05,TD,28063.743886379347
2019-07-08,TD,27888.629429346885
2019-07-09,TD,28054.68913106931
2019-07-10,TD,27931.63687244969
2019-07-11,TD,28039.54032529078
2019-07-12,TD,27959.03978887725
2019-07-15,TD,27927.69406157166
2019-07-16,TD,27960.39848878381
2019-07-17,TD,28033.95615753404
2019-07-18,TD,28202.0350794228
2019-07-19,TD,28062.88025931323
2019-07-22,TD,28056.068564795685
2019-07-23,TD,28215.314456304663
2019-07-24,TD,28295.96605340541
2019-07-25,TD,28175.340921121526
2019-07-26,TD,28243.239103341
2019-07-29,TD,28261.61265280931
2019-07-30,TD,28195.24623442097
2019-07-31,TD,28059.790920161
2019-08-01,TD,27757.958972932884
2019-08-02,TD,27519.91779590525
2019-08-05,TD,26988.352586307064
2019-08-06,TD,27200.43755976312
2019-08-07,TD,27196.334802275105
2019-08-08,TD,27450.306746285663
2019-08-09,TD,27278.75850626115
2019-08-12,TD,26982.63936110046
2019-08-13,TD,27228.050353223894
2019-08-14,TD,26542.317345414354
2019-08-15,TD,26243.37967017655
2019-08-16,TD,26506.24049893864
2019-08-19,TD,26641.987779232717
2019-08-20,TD,26341.535265730985
2019-08-21,TD,26431.904254097448
2019-08-22,TD,26500.9127535249
2019-08-23,TD,26170.75248448285
2019-08-26,TD,26297.97477972009
2019-08-27,TD,26143.408384401297
2019-08-28,TD,26153.05638084151
2019-08-29,TD,26268.854764500622
2019-08-30,TD,26310.984193805194
2019-09-03,TD,26152.19148435786
2019-09-04,TD,26247.655914728315
2019-09-05,TD,26418.961696002767
2019-09-06,TD,26600.481633940097
2019-09-09,TD,26705.452309125514
2019-09-10,TD,27019.129614554902
2019-09-11,TD,27119.258731244252
2019-09-12,TD,27265.525674689077
2019-09-13,TD,27450.306746285663
2019-09-16,TD,27489.858834845647
2019-09-17,TD,27668.967302596895
2019-09-18,TD,27736.14741762813
2019-09-19,TD,27866.531831956538
2019-09-20,TD,27962.847195217713
2019-09-23,TD,27952.314837891572
2019-09-24,TD,27796.68509381376
2019-09-25,TD,27778.02338656396
2019-09-26,TD,27786.715511596853
2019-09-27,TD,28009.663737217707
2019-09-30,TD,28176.4072318548
2019-10-01,TD,27511.204090774187
2019-10-02,TD,26725.43971142585
2019-10-03,TD,26735.372057394936
2019-10-04,TD,26986.312632320914
2019-10-07,TD,26886.26729718918
2019-10-08,TD,26697.598845947126
2019-10-09,TD,26960.243027449123
2019-10-10,TD,27037.2450491235
2019-10-11,TD,27301.89194836382
2019-10-14,TD,27360.418444027535
2019-10-15,TD,27547.748506043656
2019-10-16,TD,27498.464216346663
2019-10-17,TD,27367.302495344837
2019-10-18,TD,27441.25029841891
2019-10-21,TD,27540.799714431832
2019-10-22,TD,27634.218690006797
2019-10-23,TD,27636.27260758589
2019-10-24,TD,27701.396266202948
2019-10-25,TD,27831.821725031805
2019-10-28,TD,27819.639971182532
2019-10-29,TD,27802.144012373272
2019-10-30,TD,27820.345767334555
2019-10-31,TD,27801.852046339158
2019-11-01,TD,27932.357055333825
2019-11-04,TD,28142.63056996086
2019-11-05,TD,28119.49416588393
2019-11-06,TD,28219.356704889957
2019-11-07,TD,28260.991907632444
2019-11-08,TD,28336.567527131476
2019-11-11,TD,28390.78477338739
2019-11-12,TD,28332.50539100472
2019-11-13,TD,28309.9300694803
2019-11-14,TD,28284.673738112222
2019-11-15,TD,28407.961262115852
2019-11-18,TD,28405.959813795063
2019-11-19,TD,28425.772459614116
2019-11-20,TD,28348.076912823937
2019-11-21,TD,28592.76560636733
2019-11-22,TD,28507.84495808087
2019-11-25,TD,28708.47216882441
2019-11-26,TD,28505.604859262643
2019-11-27,TD,28454.431253127528
2019-11-29,TD,28433.975012615894
2019-12-02,TD,28224.62648023606
2019-12-03,TD,28042.853928208347
2019-12-04,TD,28058.207956489103
2019-12-05,TD,27017.505183243382
2019-12-06,TD,27159.504344920046
2019-12-09,TD,27010.999418352883
2019-12-10,TD,26995.94285691557
2019-12-11,TD,27000.652395987523
2019-12-12,TD,27165.5484649653
2019-12-13,TD,27489.362492587665
2019-12-16,TD,27541.111568007393
2019-12-17,TD,27641.53476642675
2019-12-18,TD,27409.144190007093
2019-12-19,TD,27241.454556163815
2019-12-20,TD,27358.67045607549
2019-12-23,TD,27241.8269186421
2019-12-24,TD,27217.077931150685
2019-12-26,TD,27241.072884623572
2019-12-27,TD,27145.24032316663
2019-12-30,TD,27062.536077904326
2019-12-31,TD,26987.504615390608
2020-01-02,TD,27192.349254339904
2020-01-03,TD,27160.23552942286
2020-01-06,TD,27175.829054479425
2020-01-07,TD,27131.379553051625
2020-01-08,TD,27326.621894592136
2020-01-09,TD,27467.083791628327
2020-01-10,TD,27354.714104743707
2020-01-13,TD,27421.967845992232
2020-01-14,TD,27324.76558301005
2020-01-15,TD,27508.945373832044
2020-01-16,TD,27743.265888051083
2020-01-17,TD,27798.87568534795
2020-01-21,TD,27706.619073100086
2020-01-22,TD,27755.627899190986
2020-01-23,TD,27853.083622541915
2020-01-24,TD,27827.099068645275
2020-01-27,TD,27727.62539454555
2020-01-28,TD,27875.897171424596
2020-01-29,TD,27737.921640209323
2020-01-30,TD,27721.83050347723
2020-01-31,TD,27428.048779146146
2020-02-03,TD,27380.85183502345
2020-02-04,TD,27910.28484629427
2020-02-05,TD,28212.031319408048
2020-02-06,TD,28378.248428905383
2020-02-07,TD,28436.794812110547
2020-02-10,TD,28365.723932320416
2020-02-11,TD,28377.56971366087
2020-02-12,TD,28256.903960015716
2020-02-13,TD,28102.42938589896
2020-02-14,TD,28235.81639584772
2020-02-18,TD,28254.99687173204
2020-02-19,TD,28346.54514899281
2020-02-20,TD,28466.205100807412
2020-02-21,TD,28426.393204790988
2020-02-24,TD,28012.51527215085
2020-02-25,TD,27508.26285033491
2020-02-26,TD,27431.98947432827
2020-02-27,TD,26059.587897982496
2020-02-28,TD,25995.77808651893
2020-03-02,TD,26149.979312725496
2020-03-03,TD,25447.158252276087
2020-03-04,TD,25743.783471895902
2020-03-05,TD,25219.33377074641
2020-03-06,TD,24556.06776083124
2020-03-09,TD,21416.334847974133
2020-03-10,TD,22583.952294273327
2020-03-11,TD,21714.50621815719
2020-03-12,TD,19391.7763577415
2020-03-13,TD,22639.51089172943
2020-03-16,TD,20558.371076642947
2020-03-17,TD,21565.681398370052
2020-03-18,TD,20629.28200982309
2020-03-19,TD,20349.157102522306
2020-03-20,TD,19841.78656808991
2020-03-23,TD,18377.02555667556
2020-03-24,TD,21012.388415024725
2020-03-25,TD,22213.988168859276
2020-03-26,TD,22625.1652041143
2020-03-27,TD,21352.51868942287
2020-03-30,TD,21929.17699514143
2020-03-31,TD,22557.39692562305
2020-04-01,TD,21340.882785115624
2020-04-02,TD,21375.517150127158
2020-04-03,TD,20920.662419308417
2020-04-06,TD,22112.540973624637
2020-04-07,TD,22431.976357013697
2020-04-08,TD,22836.3433903079
2020-04-09,TD,22889.282333101426
2020-04-13,TD,22333.265602855277
2020-04-14,TD,22324.63779497773
2020-04-15,TD,21551.63021562411
2020-04-16,TD,20758.239175697796
2020-04-17,TD,21625.566170801147
2020-04-20,TD,21572.074185099525
2020-04-21,TD,20764.31757001663
2020-04-22,TD,20802.074702175607
2020-04-23,TD,20661.04072096823
2020-04-24,TD,20828.534441371234
2020-04-27,TD,21592.000655357962
2020-04-28,TD,21996.89915146208
2020-04-29,TD,22987.52255649183
2020-04-30,TD,22080.061233316996
2020-05-01,TD,21681.314334609833
2020-05-04,TD,21822.051272112934
2020-05-05,TD,21597.497233304475
2020-05-06,TD,21551.261238259263
2020-05-07,TD,21398.87866424778
2020-05-08,TD,21689.752576134797
2020-05-11,TD,21970.89597944153
2020-05-12,TD,21474.96416645855
2020-05-13,TD,20777.738698523746
2020-05-14,TD,21075.481851856774
2020-05-15,TD,20863.07317692812
2020-05-18,TD,22264.130584813043
2020-05-19,TD,21256.339576977607
2020-05-20,TD,21592.10347817867
2020-05-21,TD,21335.046003268497
2020-05-22,TD,21138.716617174898
2020-05-26,TD,22745.78187361459
2020-05-27,TD,23791.124791106766
2020-05-28,TD,22852.089245469215
2020-05-29,TD,22424.7368687853
2020-06-01,TD,22919.942151796444
2020-06-02,TD,23101.76590366492
2020-06-03,TD,23750.538127252
2020-06-04,TD,23742.483672963175
2020-06-05,TD,24684.74946309985
2020-06-08,TD,25007.297881435217
2020-06-09,TD,24693.770367275498
2020-06-10,TD,24179.79463024533
2020-06-11,TD,22945.472254213895
2020-06-12,TD,23716.225771156343
2020-06-15,TD,23569.002110025835
2020-06-16,TD,23789.347606551313
2020-06-17,TD,23494.777573928128
2020-06-18,TD,23455.72859785301
2020-06-19,TD,23358.794605110863
2020-06-22,TD,23364.650428221084
2020-06-23,TD,23375.649508062623
2020-06-24,TD,22849.817411212494
2020-06-25,TD,23199.036715194245
2020-06-26,TD,22607.95528739063
2020-06-29,TD,22929.690432222287
2020-06-30,TD,23102.953655342815
2020-07-01,TD,22818.317238106254
2020-07-02,TD,23052.563279829643
2020-07-06,TD,23278.679971629368
2020-07-07,TD,22856.138687420575
2020-07-08,TD,22961.035313249515
2020-07-09,TD,22563.537098262143
2020-07-10,TD,23084.141733684155
2020-07-13,TD,23320.50685642033
2020-07-14,TD,23456.068378614444
2020-07-15,TD,23820.653558773993
2020-07-16,TD,23753.974017392542
2020-07-17,TD,23724.54637998931
2020-07-20,TD,23748.357691058132
2020-07-21,TD,23836.79547220767
2020-07-22,TD,23702.856265629172
2020-07-23,TD,23540.748260707558
2020-07-24,TD,23280.859561544876
2020-07-27,TD,23145.30269388174
2020-07-28,TD,22939.95790442183
2020-07-29,TD,23108.620758378813
2020-07-30,TD,23026.104386912375
2020-07-31,TD,22854.233714832797
2020-08-03,TD,22966.988035231923
2020-08-04,TD,23016.38234111568
2020-08-05,TD,23123.23048484218
2020-08-06,TD,23271.938941354856
2020-08-07,TD,23575.342850636185
2020-08-10,TD,23874.07022570159
2020-08-11,TD,24293.970698288816
2020-08-12,TD,24624.52871815994
2020-08-13,TD,24428.16294209687
2020-08-14,TD,24438.078362498767
2020-08-17,TD,24252.646502843538
2020-08-18,TD,24017.686202184534
2020-08-19,TD,23952.353512812613
2020-08-20,TD,23981.817540185315
2020-08-21,TD,23979.150917073777
2020-08-24,TD,24614.327678811638
2020-08-25,TD,24878.790512508716
2020-08-26,TD,25560.221887415697
2020-08-27,TD,25559.75812687456
2020-08-28,TD,25316.18567448766
2020-08-31,TD,25039.624022220563
2020-09-01,TD,24958.575943708274
2020-09-02,TD,25042.669778037267
2020-09-03,TD,24694.32552587949
2020-09-04,TD,24479.58873918319
2020-09-08,TD,24196.97535036559
2020-09-09,TD,24545.498167257272
2020-09-10,TD,24190.17169549246
2020-09-11,TD,24365.399553825122
2020-09-14,TD,24391.51189575408
2020-09-15,TD,24327.853991256085
2020-09-16,TD,24079.508952059434
2020-09-17,TD,24147.855661809564
2020-09-18,TD,23833.727713153614
2020-09-21,TD,23382.135808550847
2020-09-22,TD,23482.66352234763
2020-09-23,TD,23290.612919640876
2020-09-24,TD,23482.50992282534
2020-09-25,TD,23629.970965035758
2020-09-28,TD,24020.62532692791
2020-09-29,TD,23697.70243041836
2020-09-30,TD,23750.510623205308
2020-10-01,TD,23819.35875288359
2020-10-02,TD,24057.858189643026
2020-10-05,TD,24457.737831934704
2020-10-06,TD,24310.963967752392
2020-10-07,TD,24402.79532512449
2020-10-08,TD,24478.626520688165
2020-10-09,TD,24010.654052154274
2020-10-12,TD,24035.666655354744
2020-10-13,TD,23555.15741919967
2020-10-14,TD,23380.783455731984
2020-10-15,TD,23650.705207988565
2020-10-16,TD,23552.68713266759
2020-10-19,TD,23155.426721899308
2020-10-20,TD,23112.8293006618
2020-10-21,TD,23032.43327962569
2020-10-22,TD,23401.91502637469
2020-10-23,TD,23597.625782987318
2020-10-26,TD,23305.66144143377
2020-10-27,TD,22885.796512537658
2020-10-28,TD,22524.352294510285
2020-10-29,TD,22962.95509570858
2020-10-30,TD,22966.9969211547
2020-11-02,TD,23047.478416305144
2020-11-03,TD,23360.97969583571
2020-11-04,TD,23312.57130424105
2020-11-05,TD,23178.793736829266
2020-11-06,TD,23192.571571665012
2020-11-09,TD,24430.619265036017
2020-11-10,TD,25051.497730746894
2020-11-11,TD,25250.00628361682
2020-11-12,TD,25117.397849759018
2020-11-13,TD,25318.041139791392
2020-11-16,TD,25784.766617162204
2020-11-17,TD,26200.703545051587
2020-11-18,TD,26592.810120609054
2020-11-19,TD,26775.02316052301
2020-11-20,TD,26816.55807927987
2020-11-23,TD,27212.05315338973
2020-11-24,TD,27847.342047010257
2020-11-25,TD,27727.175597597346
2020-11-27,TD,27648.463670497124
2020-11-30,TD,27161.073768138183
2020-12-01,TD,27608.231174135904
2020-12-02,TD,27619.720672286912
2020-12-03,TD,27590.299805110557
2020-12-04,TD,27685.241235454694
2020-12-07,TD,27695.857797477634
2020-12-08,TD,27870.229645249423
2020-12-09,TD,28204.170662863606
2020-12-10,TD,28215.755367330086
2020-12-11,TD,28049.953780507385
2020-12-14,TD,27939.006687545483
2020-12-15,TD,28099.535960187004
2020-12-16,TD,28108.809478453037
2020-12-17,TD,28041.675908731588
2020-12-18,TD,27957.72467230621
2020-12-21,TD,27869.4650327514
2020-12-22,TD,27680.81054510228
2020-12-23,TD,27929.962087575765
2020-12-24,TD,28064.59354985253
2020-12-28,TD,28043.847035863502
2020-12-29,TD,28105.76456891469
2020-12-30,TD,28094.31273015069
2020-12-31,TD,28007.62589892745
2021-01-04,TD,27970.756089628667
2021-01-05,TD,28255.454285185482
2021-01-06,TD,29057.501483314394
2021-01-07,TD,29271.137685003858
2021-01-08,TD,29190.728969792344
2021-01-11,TD,29301.397637173894
2021-01-12,TD,29561.66166078912
2021-01-13,TD,29409.166108616613
2021-01-14,TD,29817.065084645186
2021-01-15,TD,29713.242809193936
2021-01-19,TD,29536.149330217228
2021-01-20,TD,29512.35155960216
2021-01-21,TD,29331.188327993455
2021-01-22,TD,28956.763469345216
2021-01-25,TD,28936.145589666874
2021-01-26,TD,29079.083274044486
2021-01-27,TD,28682.454186932562
2021-01-28,TD,29094.391603293818
2021-01-29,TD,28492.94538127929
2021-02-01,TD,28575.63227783522
2021-02-02,TD,29167.775361841123
2021-02-03,TD,29224.762900307647
2021-02-04,TD,29433.435256278055
2021-02-05,TD,29416.977257877013
2021-02-08,TD,29628.621743446824
2021-02-09,TD,29619.165005915907
2021-02-10,TD,29499.42296510041
2021-02-11,TD,29587.56835707666
2021-02-12,TD,29741.18353551911
2021-02-16,TD,29787.873558904314
2021-02-17,TD,29793.06336094542
2021-02-18,TD,29760.829041362107
2021-02-19,TD,30085.012892627674
2021-02-22,TD,30287.51714877311
2021-02-23,TD,30784.62782751121
2021-02-24,TD,31445.86530819808
2021-02-25,TD,30616.17654314416
2021-02-26,TD,30170.242432515435
2021-03-01,TD,30650.87903356366
2021-03-02,TD,30925.060527943988
2021-03-03,TD,31056.653850909282
2021-03-04,TD,30832.11885336391
2021-03-05,TD,31352.87497261232
2021-03-08,TD,31796.825829904992
2021-03-09,TD,31832.99703641781
2021-03-10,TD,32017.5953118887
2021-03-11,TD,32111.3604153128
2021-03-12,TD,32228.42694709398
2021-03-15,TD,32346.396034745823
2021-03-16,TD,32395.64647330842
2021-03-17,TD,32549.245149322855
2021-03-18,TD,32545.410238935696
2021-03-19,TD,32429.341892479828
2021-03-22,TD,32329.315175472013
2021-03-23,TD,32134.221778922813
2021-03-24,TD,32124.335131985154
2021-03-25,TD,32326.147555571504
2021-03-26,TD,32676.006222854034
2021-03-29,TD,32518.7143880777
2021-03-30,TD,32564.545862066952
2021-03-31,TD,32306.034904073924
2021-04-01,TD,32542.725420839422
2021-04-05,TD,32893.268727314986
2021-04-06,TD,32834.24038858394
2021-04-07,TD,32970.71377571068
2021-04-08,TD,32961.63151635395
2021-04-09,TD,33085.09887450902
2021-04-12,TD,33294.00141819328
2021-04-13,TD,33196.78646103569
2021-04-14,TD,33116.27746183856
2021-04-15,TD,32938.63559448474
2021-04-16,TD,33021.453664186425
2021-04-19,TD,32784.70306165739
2021-04-20,TD,32562.45089998742
2021-04-21,TD,33064.4721089079
2021-04-22,TD,32974.23133171294
2021-04-23,TD,33601.87663918829
2021-04-26,TD,33612.769934234864
2021-04-27,TD,33702.49278907367
2021-04-28,TD,33882.698879857504
2021-04-29,TD,33998.8590475154
2021-04-30,TD,33675.60694872391
2021-05-03,TD,33581.27610821632
2021-05-04,TD,33630.27858721952
2021-05-05,TD,33977.13762085595
2021-05-06,TD,34361.64927127394
2021-05-07,TD,34383.2881857933
2021-05-10,TD,34205.73390824971
2021-05-11,TD,34107.83388875993
2021-05-12,TD,34097.802105083574
2021-05-13,TD,34671.95796569238
2021-05-14,TD,34959.839860438544
2021-05-17,TD,35288.979094639566
2021-05-18,TD,35143.42090932102
2021-05-19,TD,34862.17637575031
2021-05-20,TD,35078.29725070395
2021-05-21,TD,35119.609175113015
2021-05-24,TD,35167.58173335241
2021-05-25,TD,35127.45036725519
2021-05-26,TD,35407.304042341675
2021-05-27,TD,34610.74495937568
2021-05-28,TD,34744.157357675234
2021-06-01,TD,34895.33144618901
2021-06-02,TD,34968.562451492384
2021-06-03,TD,35024.713443800305
2021-06-04,TD,35090.963922053365
2021-06-07,TD,35033.989077762235
2021-06-08,TD,35022.450495466364
2021-06-09,TD,34770.030202828384
2021-06-10,TD,34714.087394996954
2021-06-11,TD,34767.41181758335
2021-06-14,TD,34658.68493589822
2021-06-15,TD,34891.999225147534
2021-06-16,TD,34832.340832177666
2021-06-17,TD,34896.37829252001
2021-06-18,TD,34666.58663694312
2021-06-21,TD,34993.56616877008
2021-06-22,TD,34889.59537146669
2021-06-23,TD,34621.452919461466
2021-06-24,TD,34717.96715813718
2021-06-25,TD,34949.86773938655
2021-06-28,TD,34619.22424540109
2021-06-29,TD,34633.079091567575
2021-06-30,TD,34616.835201591544
2021-07-01,TD,34967.631968435846
2021-07-02,TD,34768.01098266204
2021-07-06,TD,34717.72977705728
2021-07-07,TD,34629.60131064822
2021-07-08,TD,33803.032350767484
2021-07-09,TD,34244.153676364374
2021-07-12,TD,34371.535495072414
2021-07-13,TD,34136.86123649901
2021-07-14,TD,34115.86930178566
2021-07-15,TD,34066.91717634486
2021-07-16,TD,33839.43459127252
2021-07-19,TD,33009.27360289387
2021-07-20,TD,33334.575811011826
2021-07-21,TD,33467.73517208182
2021-07-22,TD,33227.49324817968
2021-07-23,TD,33374.752453001296
2021-07-26,TD,33346.84642408887
2021-07-27,TD,33484.316303984204
2021-07-28,TD,33671.06581904554
2021-07-29,TD,33731.16554618002
2021-07-30,TD,33396.559776914255
2021-08-02,TD,33161.0603969401
2021-08-03,TD,33760.879648808026
2021-08-04,TD,33599.189282256935
2021-08-05,TD,33777.75655499713
2021-08-06,TD,34163.85286164373
2021-08-09,TD,34078.201028854455
2021-08-10,TD,34612.06346106015
2021-08-11,TD,34906.370724252636
2021-08-12,TD,34870.74959867365
2021-08-13,TD,34722.29460252971
2021-08-16,TD,34798.36952626099
2021-08-17,TD,34647.6393107469
2021-08-18,TD,34468.47456548472
2021-08-19,TD,34420.350946558116
2021-08-20,TD,34825.822373111776
2021-08-23,TD,34876.28552856389
2021-08-24,TD,34621.61879001997
2021-08-25,TD,34657.05754261244
2021-08-26,TD,33730.04211165746
2021-08-27,TD,33666.96009958327
2021-08-30,TD,33368.11382240832
2021-08-31,TD,33043.907967905405
2021-09-01,TD,33083.59926925556
2021-09-02,TD,33349.65352940813
2021-09-03,TD,33233.800560794814
2021-09-07,TD,33390.19068597885
2021-09-08,TD,33239.40757806727
2021-09-09,TD,33268.24578259295
2021-09-10,TD,33034.5561688911
2021-09-13,TD,33131.38395369909
2021-09-14,TD,32949.831434044914
2021-09-15,TD,33352.111121764814
2021-09-16,TD,33438.48821510839
2021-09-17,TD,33167.66602267705
2021-09-20,TD,33043.18313049028
2021-09-21,TD,33087.16675568105
2021-09-22,TD,33119.340989500815
2021-09-23,TD,33541.39989504455
2021-09-24,TD,33633.469056635746
2021-09-27,TD,34187.06500763386
2021-09-28,TD,34252.42223907821
2021-09-29,TD,34216.00095731008
2021-09-30,TD,33990.10937555405
2021-10-01,TD,34498.365963429096
2021-10-04,TD,34309.48551945793
2021-10-05,TD,34623.213178449725
2021-10-06,TD,34549.63562215804
2021-10-07,TD,34823.55053885505
2021-10-08,TD,35156.91397148871
2021-10-11,TD,35008.9756282834
2021-10-12,TD,34864.39362505281
2021-10-13,TD,34626.78785824127
2021-10-14,TD,34786.62191321026
2021-10-15,TD,35425.911587776456
2021-10-18,TD,35535.52875429603
2021-10-19,TD,36057.27544236451
2021-10-20,TD,36281.64710818645
2021-10-21,TD,36049.48841203736
2021-10-22,TD,36258.0067453463
2021-10-25,TD,36423.653463229166
2021-10-26,TD,36707.09028089079
2021-10-27,TD,36517.53535306691
2021-10-28,TD,36541.574313014506
2021-10-29,TD,36549.142157246475
2021-11-01,TD,36819.16884801967
2021-11-02,TD,36790.138115167145
2021-11-03,TD,37172.36777598809
2021-11-04,TD,37121.145085708114
2021-11-05,TD,37241.581074778594
2021-11-08,TD,37358.979770815975
2021-11-09,TD,37310.57518747393
2021-11-10,TD,37418.564114429355
2021-11-11,TD,37358.1825766011
2021-11-12,TD,38070.54373299985
2021-11-15,TD,38001.324933400014
2021-11-16,TD,37897.11506246
2021-11-17,TD,37617.62486392902
2021-11-18,TD,37595.261958272895
2021-11-19,TD,37363.55221279364
2021-11-22,TD,37788.975074817354
2021-11-23,TD,38888.296164928826
2021-11-24,TD,39018.13092146258
2021-11-26,TD,38439.582453027535
2021-11-29,TD,38120.61252273632
2021-11-30,TD,37519.01481689541
2021-12-01,TD,37300.55355913789
2021-12-02,TD,39286.761676081376
2021-12-03,TD,38813.613369099316
2021-12-06,TD,38503.22766335013
2021-12-07,TD,38667.31807532944
2021-12-08,TD,38844.394628738955
2021-12-09,TD,38794.75617154841
2021-12-10,TD,38785.39167835871
2021-12-13,TD,38583.56402176188
2021-12-14,TD,38531.97912434393
2021-12-15,TD,38917.42972060205
2021-12-16,TD,38894.342823809166
2021-12-17,TD,38174.052039179645
2021-12-20,TD,38248.60535442011
2021-12-21,TD,38599.038644708904
2021-12-22,TD,38932.53155793161
2021-12-23,TD,39191.075520780665
2021-12-27,TD,39889.93134397551
2021-12-28,TD,39905.82064331881
2021-12-29,TD,39706.19034848304
2021-12-30,TD,39676.50205734501
2021-12-31,TD,39568.608336705045
2022-01-03,TD,40125.98588255366
2022-01-04,TD,40453.66359402741
2022-01-05,TD,40529.23625155218
2022-01-06,TD,41004.8362269424
2022-01-07,TD,41198.06146401248
2022-01-10,TD,40969.735985693835
2022-01-11,TD,41468.83541857732
2022-01-12,TD,41682.27401426978
2022-01-13,TD,41713.601546590624
2022-01-14,TD,42056.18348939694
2022-01-18,TD,42455.29344152043
2022-01-19,TD,41678.69933447824
2022-01-20,TD,41649.20484108458
2022-01-21,TD,41051.90961442458
2022-01-24,TD,40754.89426048093
2022-01-25,TD,41036.3520561983
2022-01-26,TD,40920.3306781914
2022-01-27,TD,41212.295019744946
2022-01-28,TD,41144.32659642161
2022-01-31,TD,41798.90555897405
2022-02-01,TD,42503.646825021715
2022-02-02,TD,43233.10745881819
2022-02-03,TD,43156.39528748203
2022-02-04,TD,43372.92872313606
2022-02-07,TD,43645.47013005522
2022-02-08,TD,44166.36757778969
2022-02-09,TD,44076.10310480066
2022-02-10,TD,44150.830753383234
2022-02-11,TD,44116.29624921815
2022-02-14,TD,43639.596958238624
2022-02-15,TD,43922.29285919629
2022-02-16,TD,44279.361818103804
2022-02-17,TD,43737.39457804688
2022-02-18,TD,43516.134677753704
2022-02-22,TD,43478.78883687756
2022-02-23,TD,42865.94239907898
2022-02-24,TD,42112.32601892126
2022-02-25,TD,43146.966477136986
2022-02-28,TD,42073.980723302266
2022-03-01,TD,40494.745753861804
2022-03-02,TD,41781.981261196794
2022-03-03,TD,40297.36063551442
2022-03-04,TD,40549.86767168428
2022-03-07,TD,39773.5507208049
2022-03-08,TD,39463.81791881026
2022-03-09,TD,40459.610392061295
2022-03-10,TD,40375.28467746174
2022-03-11,TD,40198.31094687293
2022-03-14,TD,40499.17094340488
2022-03-15,TD,41144.456077010655
2022-03-16,TD,41633.12216713608
2022-03-17,TD,42063.479678275435
2022-03-18,TD,41924.8601292284
2022-03-21,TD,42227.54385562559
2022-03-22,TD,42329.71800397125
2022-03-23,TD,41513.59677358068
2022-03-24,TD,41515.58806656115
2022-03-25,TD,41948.318965360384
2022-03-28,TD,41955.48017284051
2022-03-29,TD,41745.79312911678
2022-03-30,TD,41615.64017191975
2022-03-31,TD,40752.81833966448
2022-04-01,TD,40846.453116221186
2022-04-04,TD,41277.18383611718
2022-04-05,TD,41015.160399792054
2022-04-06,TD,40641.23992304622
2022-04-07,TD,39952.59571767917
2022-04-08,TD,40145.85565216199
2022-04-11,TD,40012.54946179658
2022-04-12,TD,39132.001483018204
2022-04-13,TD,39017.39423615042
2022-04-14,TD,38899.596943005614
2022-04-18,TD,38816.14077942068
2022-04-19,TD,39169.41671871984
2022-04-20,TD,39448.80621012601
2022-04-21,TD,39066.72676371392
2022-04-22,TD,38590.33805689242
2022-04-25,TD,38660.06293095139
2022-04-26,TD,37823.75669226349
2022-04-27,TD,37591.11180919673
2022-04-28,TD,38891.17097251686
2022-04-29,TD,38291.3123687052
2022-05-02,TD,38476.75311428321
2022-05-03,TD,38881.864449394794
2022-05-04,TD,39295.3374378398
2022-05-05,TD,38668.01371614114
2022-05-06,TD,38544.69107158559
2022-05-09,TD,38193.81898596727
2022-05-10,TD,38092.5342761777
2022-05-11,TD,38308.19646826037
2022-05-12,TD,38112.15523994826
2022-05-13,TD,38177.47058061381
2022-05-16,TD,38300.98871547047
2022-05-17,TD,38964.81580793814
2022-05-18,TD,38182.55798297338
2022-05-19,TD,38029.032933176255
2022-05-20,TD,38152.196054260996
2022-05-23,TD,38806.1073031876
2022-05-24,TD,38366.54863058198
2022-05-25,TD,38968.600787902076
2022-05-26,TD,39558.12337096705
2022-05-27,TD,39908.406446846995
2022-05-31,TD,39972.37916689481
2022-06-01,TD,39734.45223744574
2022-06-02,TD,40213.103469462
2022-06-03,TD,39582.28461813763
2022-06-06,TD,39696.48776708863
2022-06-07,TD,39782.48361203113
2022-06-08,TD,39241.32118269432
2022-06-09,TD,38487.477153657834
2022-06-10,TD,37965.81720912122
2022-06-13,TD,37325.01481198699
2022-06-14,TD,36986.3591776307
2022-06-15,TD,37095.07844281058
2022-06-16,TD,35682.447755217036
2022-06-17,TD,35837.34969990546
2022-06-21,TD,36274.51890556236
2022-06-22,TD,35978.52839471235
2022-06-23,TD,34798.662338573464
2022-06-24,TD,34812.00814830656
2022-06-27,TD,35152.784133093184
2022-06-28,TD,35079.3766787518
2022-06-29,TD,35090.85305958823
2022-06-30,TD,35016.57774678894
2022-07-01,TD,35358.34472353482
2022-07-05,TD,34705.69823761685
2022-07-06,TD,34475.53760467511
2022-07-07,TD,34554.25714828058
2022-07-08,TD,34875.76422109429
2022-07-11,TD,34291.99040692703
2022-07-12,TD,33846.32245084245
2022-07-13,TD,33462.24155610957
2022-07-14,TD,32845.325365679
2022-07-15,TD,33059.56877209157
2022-07-18,TD,33292.40364465009
2022-07-19,TD,34422.55380912852
2022-07-20,TD,34439.365975023116
2022-07-21,TD,34501.180262114416
2022-07-22,TD,34266.953684793305
2022-07-25,TD,34585.33206651105
2022-07-26,TD,34091.298455888966
2022-07-27,TD,34676.89853875655
2022-07-28,TD,34437.42757444013
2022-07-29,TD,34902.1444101241
2022-08-01,TD,34660.40118841178
2022-08-02,TD,34655.33663556791
2022-08-03,TD,35174.90331058171
2022-08-04,TD,34768.407464073585
2022-08-05,TD,34936.033627039884
2022-08-08,TD,34884.24012200626
2022-08-09,TD,34666.07717737055
2022-08-10,TD,35519.42323083182
2022-08-11,TD,35686.55516723603
2022-08-12,TD,36257.79983028734
2022-08-15,TD,36509.612918202205
2022-08-16,TD,37153.648521809824
2022-08-17,TD,36996.91311505501
2022-08-18,TD,37048.173464722
2022-08-19,TD,36624.64922819837
2022-08-22,TD,35902.32356725285
2022-08-23,TD,35984.20396053195
2022-08-24,TD,35813.486765856695
2022-08-25,TD,36098.47142663829
2022-08-26,TD,36238.12724353682
2022-08-29,TD,36075.942650423654
2022-08-30,TD,35735.89065677379
2022-08-31,TD,35337.23642554702
2022-09-01,TD,35452.382328590764
2022-09-02,TD,35765.43254175559
2022-09-06,TD,35209.05402751065
2022-09-07,TD,35805.43950493394
2022-09-08,TD,36180.3662066495
2022-09-09,TD,36901.58832061391
2022-09-12,TD,37284.19034391314
2022-09-13,TD,36339.555397508375
2022-09-14,TD,36698.849222223645
2022-09-15,TD,36777.03180220985
2022-09-16,TD,36846.8980047549
2022-09-19,TD,37111.27536433765
2022-09-20,TD,36728.20577224466
2022-09-21,TD,35900.42578803114
2022-09-22,TD,36072.021842782975
2022-09-23,TD,35289.63496036836
2022-09-26,TD,35531.41922658113
2022-09-27,TD,35338.82700572414
2022-09-28,TD,35872.74444602322
2022-09-29,TD,35582.75024049116
2022-09-30,TD,35215.26401811442
2022-10-03,TD,36267.16897800802
2022-10-04,TD,37022.97214144731
2022-10-05,TD,36719.996872155185
2022-10-06,TD,35225.02160760222
2022-10-07,TD,34708.06908644166
2022-10-10,TD,34278.71483829779
2022-10-11,TD,34150.60056566938
2022-10-12,TD,34182.49722018716
2022-10-13,TD,35804.7569814368
2022-10-14,TD,35840.6197194875
2022-10-17,TD,36147.9592462808
2022-10-18,TD,36705.35033258316
2022-10-19,TD,36288.625942680046
2022-10-20,TD,35802.57908407801
2022-10-21,TD,36671.84786487778
2022-10-24,TD,36632.046547340855
2022-10-25,TD,37013.732474315664
2022-10-26,TD,36867.26834801302
2022-10-27,TD,36898.59926544731
2022-10-28,TD,37129.9023741747
2022-10-31,TD,36956.95523602153
2022-11-01,TD,37081.09030780244
2022-11-02,TD,36628.67497435565
2022-11-03,TD,36727.39630699357
2022-11-04,TD,37325.92879261551
2022-11-07,TD,37385.262214695234
2022-11-08,TD,37457.306737738254
2022-11-09,TD,36910.04137201017
2022-11-10,TD,37910.08258576629
2022-11-11,TD,37734.59915136899
2022-11-14,TD,37104.02191251631
2022-11-15,TD,37143.34762161507
2022-11-16,TD,37241.46598092167
2022-11-17,TD,37616.07871336577
2022-11-18,TD,37827.97200477335
2022-11-21,TD,37988.86348455284
2022-11-22,TD,38437.233607440074
2022-11-23,TD,38595.756777229835
2022-11-25,TD,38524.22509887282
2022-11-28,TD,37917.685127411016
2022-11-29,TD,37890.80605728814
2022-11-30,TD,38147.00921419416
2022-12-01,TD,38861.70356003071
2022-12-02,TD,39088.333096516435
2022-12-05,TD,38455.27456951301
2022-12-06,TD,38135.1422758947
2022-12-07,TD,37734.84118697987
2022-12-08,TD,38045.64537737795
2022-12-09,TD,38266.61288849784
2022-12-12,TD,38674.64007569791
2022-12-13,TD,37489.02271182623
2022-12-14,TD,37051.49553042316
2022-12-15,TD,36713.26472780345
2022-12-16,TD,36631.27516461595
2022-12-19,TD,36638.49011077192
2022-12-20,TD,37071.33864226316
2022-12-21,TD,37300.27386414
2022-12-22,TD,37212.822843557915
2022-12-23,TD,37402.24278998342
2022-12-27,TD,37626.72531827048
2022-12-28,TD,36918.92729478744
2022-12-29,TD,37510.95951632823
2022-12-30,TD,37113.936909779026
2023-01-03,TD,37073.792003228045
2023-01-04,TD,37644.02197852603
2023-01-05,TD,36508.70401524384
2023-01-06,TD,36658.26678976067
2023-01-09,TD,36370.57953903726
2023-01-10,TD,36373.680726086524
2023-01-11,TD,36577.66343052643
2023-01-12,TD,37360.98925878118
2023-01-13,TD,37637.72651380792
2023-01-17,TD,38063.070248804994
2023-01-18,TD,37502.912255405456
2023-01-19,TD,37480.991530192296
2023-01-20,TD,37850.20796867552
2023-01-23,TD,37961.05477765179
2023-01-24,TD,38017.53201026739
2023-01-25,TD,38150.93763834007
2023-01-26,TD,38477.479221115864
2023-01-27,TD,38686.44650509464
2023-01-30,TD,38260.295420542374
2023-01-31,TD,39101.74153084816
2023-02-01,TD,38802.609211587616
2023-02-02,TD,38894.6826045706
2023-02-03,TD,39068.84034391737
2023-02-06,TD,38796.73519349266
2023-02-07,TD,39373.44342963445
2023-02-08,TD,39230.84806485336
2023-02-09,TD,39100.01258415921
2023-02-10,TD,39402.62649259172
2023-02-13,TD,39595.019838034175
2023-02-14,TD,39437.19780986546
2023-02-15,TD,39427.951372506934
2023-02-16,TD,39157.70337994268
2023-02-17,TD,39326.097117381265
2023-02-21,TD,38867.33765821069
2023-02-22,TD,38604.02576308286
2023-02-23,TD,38285.72693153092
2023-02-24,TD,38595.756777229835
2023-02-27,TD,38301.85488137166
2023-02-28,TD,38322.824812847655
2023-03-01,TD,38371.59118018849
2023-03-02,TD,37484.33348343491
2023-03-03,TD,37715.194834858514
2023-03-06,TD,37561.980369219404
2023-03-07,TD,36833.45402673207
2023-03-08,TD,36846.89419650228
2023-03-09,TD,36113.36761832643
2023-03-10,TD,35375.021484891855
2023-03-13,TD,34253.996739966504
2023-03-14,TD,34289.60178625666
2023-03-15,TD,33644.99706045212
2023-03-16,TD,33631.7587280707
2023-03-17,TD,32962.223911205765
2023-03-20,TD,32933.94128842326
2023-03-21,TD,33179.200373581116
2023-03-22,TD,32950.037502825515
2023-03-23,TD,32602.770563019687
2023-03-24,TD,32932.82293157086
2023-03-27,TD,33537.93777027487
2023-03-28,TD,33867.68928686916
2023-03-29,TD,34019.15111002524
2023-03-30,TD,34031.65360337286
2023-03-31,TD,34300.79170186832
2023-04-03,TD,35032.33502670812
2023-04-04,TD,34446.972748059634
2023-04-05,TD,33584.29689882142
2023-04-06,TD,33688.03370015833
2023-04-10,TD,33930.70825120555
2023-04-11,TD,34482.14153785534
2023-04-12,TD,34077.125832198406
2023-04-13,TD,34266.76623413662
2023-04-14,TD,34393.195143411605
2023-04-17,TD,34712.62629540887
2023-04-18,TD,35222.260201314384
2023-04-19,TD,35346.41727633265
2023-04-20,TD,35312.62495828906
2023-04-21,TD,35352.92684947577
2023-04-24,TD,35022.68152945857
2023-04-25,TD,34304.09345688885
2023-04-26,TD,34309.129659407656
2023-04-27,TD,34789.01391899407
2023-04-28,TD,34834.26188405428
2023-05-01,TD,34689.11583629693
2023-05-02,TD,34297.26525994329
2023-05-03,TD,34430.50332490073
2023-05-04,TD,34631.26678646019
2023-05-05,TD,35367.273806508434
2023-05-08,TD,34768.14554092124
2023-05-09,TD,34442.60256660994
2023-05-10,TD,34749.247298869894
2023-05-11,TD,34723.41592135637
2023-05-12,TD,34790.10138668633
2023-05-15,TD,35142.955456223164
2023-05-16,TD,34418.78406217506
2023-05-17,TD,34852.549959408265
2023-05-18,TD,34805.524809792594
2023-05-19,TD,34807.54572251566
2023-05-22,TD,34921.81868943133
2023-05-23,TD,34975.83155946337
2023-05-24,TD,34298.551603050095
2023-05-25,TD,32903.8814810853
2023-05-26,TD,33145.44402236782
2023-05-30,TD,32796.92543686793
2023-05-31,TD,32578.74641294339
2023-06-01,TD,32779.56488259623
2023-06-02,TD,33410.0096788856
2023-06-05,TD,32799.286553491605
2023-06-06,TD,33018.17856693423
2023-06-07,TD,32963.31391773312
2023-06-08,TD,33444.61865554634
2023-06-09,TD,33458.506506568854
2023-06-12,TD,33362.84616275812
2023-06-13,TD,33769.36697447785
2023-06-14,TD,33736.384121685354
2023-06-15,TD,34194.17163015977
2023-06-16,TD,34155.35791946866
2023-06-20,TD,33958.48522266811
2023-06-21,TD,33804.15747784676
2023-06-22,TD,33294.130898782314
2023-06-23,TD,33024.187989566744
2023-06-26,TD,33549.59652409782
2023-06-27,TD,33872.84142952325
2023-06-28,TD,34070.34164172755
2023-06-29,TD,34499.17415926265
2023-06-30,TD,34740.25135990586
2023-07-03,TD,35177.23565374115
2023-07-05,TD,35169.43550609943
2023-07-06,TD,34413.640382304555
2023-07-07,TD,34249.3409395704
2023-07-10,TD,34310.46720235523
2023-07-11,TD,34534.63110683985
2023-07-12,TD,34732.1575536733
2023-07-13,TD,35268.511852509255
2023-07-14,TD,35382.80047557459
2023-07-17,TD,35650.21343563372
2023-07-18,TD,36026.68332593828
2023-07-19,TD,36417.87549772804
2023-07-20,TD,36292.45789109295
2023-07-21,TD,36483.69987482697
2023-07-24,TD,36534.87771235388
2023-07-25,TD,36093.975149712984
2023-07-26,TD,36427.476525719285
2023-07-27,TD,36235.47585343576
2023-07-28,TD,36410.15151513869
2023-07-31,TD,36766.19859292683
2023-08-01,TD,36713.09885724494
2023-08-02,TD,36326.80748343643
2023-08-03,TD,36359.095541695584
2023-08-04,TD,36477.35828793826
2023-08-07,TD,36612.98285787018
2023-08-08,TD,36257.86880197366
2023-08-09,TD,36093.890945016195
2023-08-10,TD,36227.680783464195
2023-08-11,TD,36478.81134788193
2023-08-14,TD,36333.996194963234
2023-08-15,TD,35614.83180683053
2023-08-16,TD,35584.09159169134
2023-08-17,TD,35473.98993081082
2023-08-18,TD,35507.294369380026
2023-08-21,TD,35346.179895252746
2023-08-22,TD,34891.72418468062
2023-08-23,TD,35283.65346492172
2023-08-24,TD,34100.64475409393
2023-08-25,TD,34013.72477318259
2023-08-28,TD,34690.59174575632
2023-08-29,TD,35309.875823037444
2023-08-30,TD,35302.391760363076
2023-08-31,TD,34931.25257744653
2023-09-01,TD,35184.16667350742
2023-09-05,TD,34965.73715118839
2023-09-06,TD,34636.36645985598
2023-09-07,TD,34154.78837413256
2023-09-08,TD,34101.795269524
2023-09-11,TD,34652.31880693708
2023-09-12,TD,34759.39417640317
2023-09-13,TD,35017.28777433276
2023-09-14,TD,35524.72601103395
2023-09-15,TD,35547.9165769259
2023-09-18,TD,35478.76674901237
2023-09-19,TD,35046.50003389345
2023-09-20,TD,34998.910416611834
2023-09-21,TD,34626.768816978176
2023-09-22,TD,34547.49284535118
2023-09-25,TD,34901.76062288796
2023-09-26,TD,34405.73064161525
2023-09-27,TD,34409.574437925185
2023-09-28,TD,34678.99857850624
2023-09-29,TD,34473.79215555815
2023-10-02,TD,33649.990949052946
2023-10-03,TD,33707.652125093824
2023-10-04,TD,33617.68131069562
2023-10-05,TD,33668.76224935034
2023-10-06,TD,33812.51024525739
2023-10-09,TD,33800.930618461076
2023-10-10,TD,34108.4965247156
2023-10-11,TD,34466.70203546025
2023-10-12,TD,34146.99880497033
2023-10-13,TD,34000.92650554824
2023-10-16,TD,34397.7502366829
2023-10-17,TD,34612.83484378505
2023-10-18,TD,33944.84702376172
2023-10-19,TD,33798.732833560825
2023-10-20,TD,33262.67473215079
2023-10-23,TD,33240.434959996004
2023-10-24,TD,32501.83409677515
2023-10-25,TD,32523.414194948513
2023-10-26,TD,32741.885608046345
2023-10-27,TD,32190.28348886378
2023-10-30,TD,32678.886108112234
2023-10-31,TD,32774.526141242335
2023-11-01,TD,32825.07477080878
2023-11-02,TD,33860.7074904013
2023-11-03,TD,34293.06475730472
2023-11-06,TD,34368.110606550545
2023-11-07,TD,34229.86088114672
2023-11-08,TD,34263.522872322916
2023-11-09,TD,34387.06427983447
2023-11-10,TD,34733.32034013959
2023-11-13,TD,34996.451554837615
2023-11-14,TD,35455.30791288038
2023-11-15,TD,35465.0189570584
2023-11-16,TD,35432.617074359856
2023-11-17,TD,35894.64443741657
2023-11-20,TD,36015.4599823314
2023-11-21,TD,35640.59082754429
2023-11-22,TD,35374.65377694455
2023-11-24,TD,35445.449616267775
2023-11-27,TD,35193.966576913204
2023-11-28,TD,34991.3713458441
2023-11-29,TD,35250.32871567189
2023-11-30,TD,35051.41860372026
2023-12-01,TD,34692.11927819564
2023-12-04,TD,34796.63592504107
2023-12-05,TD,34664.45316919821
2023-12-06,TD,34743.58823547831
2023-12-07,TD,34146.56804928522
2023-12-08,TD,34279.20567974644
2023-12-11,TD,34595.54199178213
2023-12-12,TD,34312.71026314772
2023-12-13,TD,35111.98716906602
2023-12-14,TD,35726.634487214134
2023-12-15,TD,35323.11711739311
2023-12-18,TD,35103.30435309509
2023-12-19,TD,35826.21267669129
2023-12-20,TD,35176.45538509347
2023-12-21,TD,35934.74787632793
2023-12-22,TD,36004.846805421905
2023-12-26,TD,36330.225601731414
2023-12-27,TD,36207.34259878375
2023-12-28,TD,36025.277657582745
2023-12-29,TD,36164.187480107175
2024-01-02,TD,36213.068518165746
2024-01-03,TD,35943.20219714173
2024-01-04,TD,36220.34989717295
2024-01-05,TD,36382.08807845136
2024-01-08,TD,36806.70232150234
2024-01-09,TD,35119.45938384334
2024-01-10,TD,34671.17219623536
2024-01-11,TD,34213.455775143164
2024-01-12,TD,34015.708026518645
2024-01-16,TD,34008.61113619386
2024-01-17,TD,33820.897710080775
2024-01-18,TD,33961.241551285784
2024-01-19,TD,34417.04242131072
2024-01-22,TD,34510.44785643192
2024-01-23,TD,34532.088040368835
2024-01-24,TD,34690.10090430767
2024-01-25,TD,34977.9540255896
2024-01-26,TD,34799.234845883824
2024-01-29,TD,35122.392584638204
2024-01-30,TD,35057.07047374578
2024-01-31,TD,34426.59563457464
2024-02-01,TD,34336.82031047753
2024-02-02,TD,34305.502933496995
2024-02-05,TD,33884.91782171674
2024-02-06,TD,34186.63806020137
2024-02-07,TD,33768.12506098494
2024-02-08,TD,33666.237801003226
2024-02-09,TD,33803.187642846504
2024-02-12,TD,33805.85849734984
2024-02-13,TD,33217.60871693792
2024-02-14,TD,33632.92151453699
2024-02-15,TD,34119.47571701569
2024-02-16,TD,34199.41855599016
2024-02-20,TD,34119.77276071996
2024-02-21,TD,34001.71439070116
2024-02-22,TD,34270.460239176886
2024-02-23,TD,34510.27352308982
2024-02-26,TD,34186.544123303436
2024-02-27,TD,34127.34483634373
2024-02-28,TD,34123.2695829024
2024-02-29,TD,34451.99202501125
2024-03-01,TD,34431.01955470018
2024-03-04,TD,33928.72795984375
2024-03-05,TD,34045.680244046365
2024-03-06,TD,34574.33002469525
2024-03-07,TD,34664.37404217158
2024-03-08,TD,34388.75091260543
2024-03-11,TD,34531.14401685855
2024-03-12,TD,34511.63687752736
2024-03-13,TD,34664.929200775565
2024-03-14,TD,34333.32687340852
2024-03-15,TD,34392.4131822072
2024-03-18,TD,33954.365962752076
2024-03-19,TD,34215.573163599234
2024-03-20,TD,34498.650312957965
2024-03-21,TD,34446.48063719345
2024-03-22,TD,34343.58503654611
2024-03-25,TD,34255.096901834164
2024-03-26,TD,34244.58443204947
2024-03-27,TD,34863.10051171914
2024-03-28,TD,34619.08968714189
2024-04-01,TD,34599.99595478944
2024-04-02,TD,34101.013308319605
2024-04-03,TD,34144.81709935892
2024-04-04,TD,34181.5756230534
2024-04-05,TD,34131.81784061414
2024-04-08,TD,33775.567656019666
2024-04-09,TD,33937.98201370751
2024-04-10,TD,33308.508321835936
2024-04-11,TD,33475.54589820304
2024-04-12,TD,33103.09963835987
2024-04-15,TD,32946.863958976486
2024-04-16,TD,32825.98367376714
2024-04-17,TD,33164.594455370374
2024-04-18,TD,33342.90192065413
2024-04-19,TD,33798.61435459046
2024-04-22,TD,33984.44015682215
2024-04-23,TD,34088.64918148381
2024-04-24,TD,34033.381703783445
2024-04-25,TD,34238.594050680054
2024-04-26,TD,34342.222951526106
2024-04-29,TD,34288.200772432116
2024-04-30,TD,34503.30695963244
2024-05-01,TD,34169.15352614996
2024-05-02,TD,33664.10010186653
2024-05-03,TD,31621.6783680165
2024-05-06,TD,31775.432336109945
2024-05-07,TD,32080.745449370846
2024-05-08,TD,32549.61497296606
2024-05-09,TD,32519.598325824445
2024-05-10,TD,32738.798807729196
2024-05-13,TD,32836.56173012471
2024-05-14,TD,32767.820231519756
2024-05-15,TD,32774.55618412411
2024-05-16,TD,32780.82922246568
2024-05-17,TD,32976.192581811636
2024-05-20,TD,32728.467864652674
2024-05-21,TD,32839.0760231315
2024-05-22,TD,32459.488866488842
2024-05-23,TD,31893.989587221808
2024-05-24,TD,32723.25182798241
2024-05-28,TD,32045.097666023525
2024-05-29,TD,31686.43897321724
2024-05-30,TD,31809.186571627353
2024-05-31,TD,32267.79158499728
2024-06-03,TD,31916.88903335801
2024-06-04,TD,32204.0240874517
2024-06-05,TD,32436.37361937091
2024-06-06,TD,32459.01918199919
2024-06-07,TD,32319.649830325423
2024-06-10,TD,32157.124187033274
2024-06-11,TD,31917.131492108078
2024-06-12,TD,31982.086318192367
2024-06-13,TD,31583.438434053296
2024-06-14,TD,31560.015141612414
2024-06-17,TD,31314.861418110344
2024-06-18,TD,31484.13867015649
2024-06-20,TD,31310.85894460795
2024-06-21,TD,31320.00213600658
2024-06-24,TD,31924.61809361751
2024-06-25,TD,31614.72957640468
2024-06-26,TD,31700.368715018554
2024-06-27,TD,31784.958468466357
2024-06-28,TD,31830.11672802044
2024-07-01,TD,31586.87347791548
2024-07-02,TD,32038.83605243981
2024-07-03,TD,32140.843907087776
2024-07-05,TD,31860.289513519423
2024-07-08,TD,32099.15877392207
2024-07-09,TD,32258.616235020978
2024-07-10,TD,32169.93472570384
2024-07-11,TD,32456.095290266283
2024-07-12,TD,32725.118718044
2024-07-15,TD,33100.65474017858
2024-07-16,TD,33825.71472650442
2024-07-17,TD,33846.405809260876
2024-07-18,TD,33664.980231360656
2024-07-19,TD,33630.818512813035
2024-07-22,TD,33879.846498645995
2024-07-23,TD,33818.654226149105
2024-07-24,TD,33543.985275433566
2024-07-25,TD,33850.36893081954
2024-07-26,TD,34064.57848609772
2024-07-29,TD,33855.00695937009
2024-07-30,TD,34602.75820735563
2024-07-31,TD,34491.99010226682
2024-08-01,TD,34033.682555740335
2024-08-02,TD,33242.23795604143
2024-08-05,TD,32726.218033633304
2024-08-06,TD,32756.019726071547
2024-08-07,TD,32485.889366199288
2024-08-08,TD,32954.748311315
2024-08-09,TD,33143.36133132449
2024-08-12,TD,33210.16062109385
2024-08-13,TD,33557.14448078834
2024-08-14,TD,33597.42056048508
2024-08-15,TD,33961.22674141449
2024-08-16,TD,34208.21561953965
2024-08-19,TD,34322.61383565258
2024-08-20,TD,34268.036921093764
2024-08-21,TD,34369.81501116707
2024-08-22,TD,33641.12618323467
2024-08-23,TD,33975.797539073305
2024-08-26,TD,33758.2798816869
2024-08-27,TD,33996.16111210455
2024-08-28,TD,33875.741202322904
2024-08-29,TD,33894.68810537994
2024-08-30,TD,34205.75548834789
2024-09-03,TD,33908.85903651378
2024-09-04,TD,33862.738981603856
2024-09-05,TD,34607.169010166595
2024-09-06,TD,34600.58369511028
2024-09-09,TD,35272.65650077608
2024-09-10,TD,35141.32510096313
2024-09-11,TD,35489.23648173989
2024-09-12,TD,35592.22474986762
2024-09-13,TD,35757.34254377565
2024-09-16,TD,36189.890646449196
2024-09-17,TD,36180.61882073988
2024-09-18,TD,35992.13824329369
2024-09-19,TD,36965.13536264678
2024-09-20,TD,37056.684486185906
2024-09-23,TD,36517.706724434756
2024-09-24,TD,36352.890628761976
2024-09-25,TD,35829.724731884206
2024-09-26,TD,36095.41974687306
2024-09-27,TD,36190.9518795123
2024-09-30,TD,36133.83232162166
2024-10-01,TD,36307.210215459934
2024-10-02,TD,36043.9152458993
2024-10-03,TD,36249.30954264325
2024-10-04,TD,36601.14426989577
2024-10-07,TD,36739.23701066387
2024-10-08,TD,36643.44549370737
2024-10-09,TD,36789.91639023689
2024-10-10,TD,34593.22572791152
2024-10-11,TD,33195.88686713929
2024-10-14,TD,32904.745954429774
2024-10-15,TD,32898.96968148537
2024-10-16,TD,32835.4247551484
2024-10-17,TD,32919.186425221196
2024-10-18,TD,32909.34082278398
2024-10-21,TD,33175.35784668872
2024-10-22,TD,33502.37249906761
2024-10-23,TD,33229.68637854895
2024-10-24,TD,33304.787659027344
2024-10-25,TD,33070.378285580526
2024-10-28,TD,33089.93239336068
2024-10-29,TD,32657.13209973594
2024-10-30,TD,32766.618093109748
2024-10-31,TD,32545.213479217055
2024-11-01,TD,32417.567621660764
2024-11-04,TD,32352.66399541723
2024-11-05,TD,32640.56366200895
2024-11-06,TD,33338.49704179168
2024-11-07,TD,33320.10064280765
2024-11-08,TD,33356.509230400385
2024-11-11,TD,33515.46188645771
2024-11-12,TD,33124.01879313428
2024-11-13,TD,33174.04399953522
2024-11-14,TD,33606.083488914555
2024-11-15,TD,33319.606839384745
2024-11-18,TD,33434.06048673023
2024-11-19,TD,33028.51924221189
2024-11-20,TD,33121.998726689584
2024-11-21,TD,33020.25829600329
2024-11-22,TD,33218.99153577773
2024-11-25,TD,33032.07234190526
2024-11-26,TD,33296.913462029144
2024-11-27,TD,33491.04464008332
2024-11-29,TD,33512.00103110556
2024-12-02,TD,33425.76103485626
2024-12-03,TD,33455.49925641752
2024-12-04,TD,33687.616484926984
2024-12-05,TD,31363.346821035735
2024-12-06,TD,31079.85034074975
2024-12-09,TD,31479.206559875933
2024-12-10,TD,31837.388374826503
2024-12-11,TD,32035.759830602154
2024-12-12,TD,32094.703964636396
2024-12-13,TD,32065.518785983226
2024-12-16,TD,31993.168333313162
2024-12-17,TD,31808.546362048208
2024-12-18,TD,31443.93071586771
2024-12-19,TD,31351.109635953897
2024-12-20,TD,31759.610315896247
2024-12-23,TD,32045.21656813307
2024-12-24,TD,32299.108961977814
2024-12-26,TD,32201.71247811207
2024-12-27,TD,32329.86441012748
2024-12-30,TD,32295.561363093788
2024-12-31,TD,32415.438385307658
2025-01-02,TD,32407.55953377848
2025-01-03,TD,32883.16204800379
2025-01-06,TD,32930.19396784633
2025-01-07,TD,33154.545746126816
2025-01-08,TD,32990.05462134417
2025-01-10,TD,33069.51931304539
2025-01-13,TD,33086.981420720265
2025-01-14,TD,33262.70435189337
2025-01-15,TD,33607.69988058166
2025-01-16,TD,33679.51590846755
2025-01-17,TD,35127.18886724203
2025-01-21,TD,34813.38758203294
2025-01-22,TD,34583.53414813578
2025-01-23,TD,34770.77577406331
2025-01-24,TD,34746.75416282209
2025-01-27,TD,35001.8664669224
2025-01-28,TD,34911.6938151354
2025-01-29,TD,35066.108726627805
2025-01-30,TD,34990.69813140892
2025-01-31,TD,34976.7641582158
2025-02-03,TD,34942.8186637891
2025-02-04,TD,34792.84755996369
2025-02-05,TD,34756.25871508034
2025-02-06,TD,35100.6745430922
2025-02-07,TD,35066.05498795196
2025-02-10,TD,36387.977329556794
2025-02-11,TD,36734.77543115132
2025-02-12,TD,36270.01374271428
2025-02-13,TD,36115.90476084893
2025-02-14,TD,35815.282991675245
2025-02-18,TD,36063.71435126459
2025-02-19,TD,36188.089342960484
2025-02-20,TD,36237.11805659284
2025-02-21,TD,35967.033818891185
2025-02-24,TD,35741.74140221385
2025-02-25,TD,36030.52119829969
2025-02-26,TD,36240.536598027
2025-02-27,TD,36486.92673421266
2025-02-28,TD,36600.717322463286
2025-03-03,TD,36361.690231146546
2025-03-04,TD,35932.991425592285
2025-03-05,TD,36020.941327267436
2025-03-06,TD,35843.81526657388
2025-03-07,TD,36211.95693154023
2025-03-10,TD,35874.6388401315
2025-03-11,TD,35263.96099062975
2025-03-12,TD,35519.44650348671
2025-03-13,TD,35161.47075731673
2025-03-14,TD,35877.329582176295
2025-03-17,TD,36164.18240243701
2025-03-18,TD,36108.187125347285
2025-03-19,TD,36304.67053410235
2025-03-20,TD,36363.95910342901
2025-03-21,TD,36141.859271863796
2025-03-24,TD,36672.141523468614
2025-03-25,TD,36869.86007548972
2025-03-26,TD,36918.3941394208
2025-03-27,TD,36909.44220693148
2025-03-28,TD,36498.67519354174
2025-03-31,TD,36461.79480576346
2025-04-01,TD,36026.50645376108
2025-04-02,TD,36301.584156924386
2025-04-03,TD,34921.14928324878
2025-04-04,TD,34311.53689820194
2025-04-07,TD,33535.068886635345
2025-04-08,TD,33572.473543857486
2025-04-09,TD,34457.598619144526
2025-04-10,TD,33589.19431168923
2025-04-11,TD,34300.525124185
2025-04-14,TD,35218.07535482547
2025-04-15,TD,35281.79165253029
2025-04-16,TD,35523.024991530874
2025-04-17,TD,35591.078465829356
2025-04-21,TD,35566.219039011994
2025-04-22,TD,36251.21874662282
2025-04-23,TD,36266.7974618081
2025-04-24,TD,36510.0732936299
2025-04-25,TD,36468.788026989176
2025-04-28,TD,36768.63672088124
2025-04-29,TD,37071.21043109166
2025-04-30,TD,37275.572691375906
2025-05-01,TD,36965.6520155854
2025-05-02,TD,37348.29508338508
2025-05-05,TD,37325.03004499747
2025-05-06,TD,37004.84782095594
2025-05-07,TD,36852.94635619196
2025-05-08,TD,37102.381401915954
2025-05-09,TD,37232.349024152194
2025-05-12,TD,37481.39097357809
2025-05-13,TD,37793.85471583962
2025-05-14,TD,37939.862274967185
2025-05-15,TD,38446.6564938366
2025-05-16,TD,38039.767551030374
2025-05-19,TD,38294.11524263266
2025-05-20,TD,38208.96017524055
2025-05-21,TD,37958.691968471394
2025-05-22,TD,39292.556144010516
2025-05-23,TD,39406.156319630194
2025-05-27,TD,39763.67930687771
2025-05-28,TD,39846.54519130672
2025-05-29,TD,40156.94232181377
2025-05-30,TD,40197.79471707349
2025-06-02,TD,40193.78335764832
2025-06-03,TD,40623.94580162575
2025-06-04,TD,40267.85640991963
2025-06-05,TD,40440.2674307319
2025-06-06,TD,40775.34584646158
2025-06-09,TD,40583.76789021875
2025-06-10,TD,40954.34302860852
2025-06-11,TD,40625.71536967597
2025-06-12,TD,40767.65571500662
2025-06-13,TD,40737.2337005307
2025-06-16,TD,40760.82370980844
2025-06-17,TD,40809.772450135795
2025-06-18,TD,41251.19970535973
2025-06-20,TD,41173.16183897303
2025-06-23,TD,41428.74890523316
2025-06-24,TD,41658.96623882501
2025-06-25,TD,41851.17297988913
2025-06-26,TD,42052.0117602226
2025-06-27,TD,42006.75448610043
2025-06-30,TD,42401.86111844317
2025-07-01,TD,42782.87171528691
2025-07-02,TD,42889.93819883022
2025-07-03,TD,43092.34597924266
2025-07-07,TD,42829.41660193342
2025-07-08,TD,42848.9808650539
2025-07-09,TD,42933.87189359776
2025-07-10,TD,42780.931199008024
2025-07-11,TD,42616.14091482522
2025-07-14,TD,42893.31358006805
2025-07-15,TD,42610.094255944874
2025-07-16,TD,42941.226898822264
2025-07-17,TD,43063.805241560425
2025-07-18,TD,42716.64493282792
2025-07-21,TD,43125.07537166642
2025-07-22,TD,43328.965408625925
2025-07-23,TD,43390.30577983578
2025-07-24,TD,43174.65924390276
2025-07-25,TD,43449.6540117868
2025-07-28,TD,43033.74247224821
2025-07-29,TD,42834.64194766564
2025-07-30,TD,42988.28166818052
2025-07-31,TD,42692.65801899946
2025-08-01,TD,42355.06192514956
2025-08-04,TD,42898.00069276347
2025-08-05,TD,42569.04129271389
2025-08-06,TD,42716.16424671959
2025-08-07,TD,42412.02872979627
2025-08-08,TD,42621.148767018974
2025-08-11,TD,42627.37102865896
2025-08-12,TD,42672.221666029276
2025-08-13,TD,43387.259600879894
2025-08-14,TD,43533.53712280421
2025-08-15,TD,43235.602287422706
2025-08-18,TD,43186.565957285115
2025-08-19,TD,42969.36565428362
2025-08-20,TD,43247.48403559346
2025-08-21,TD,43303.009205054346
2025-08-22,TD,43602.82193211612
2025-08-25,TD,43180.066962621495
2025-08-26,TD,44052.84568291829
2025-08-27,TD,44528.24509033725
2025-08-28,TD,42403.81813715007
2025-08-29,TD,43692.24647383312
2025-09-02,TD,43485.766825092796
2025-09-03,TD,43694.14890758581
2025-09-04,TD,43717.241728327215
2025-09-05,TD,43570.95193536668
2025-09-08,TD,43681.99127266979
2025-09-09,TD,44098.64372891233
2025-09-10,TD,44470.42312140803
2025-09-11,TD,45000.68590861057
2025-09-12,TD,44996.1092352411
2025-09-15,TD,45355.46780025089
2025-09-16,TD,45305.26826050784
2025-09-17,TD,45647.57770168231
2025-09-18,TD,45770.32191497899
2025-09-19,TD,45874.652803724435
2025-09-22,TD,46347.808727211734
2025-09-23,TD,46091.28144569394
2025-09-24,TD,45930.069226416104
2025-09-25,TD,46460.87997885658
2025-09-26,TD,46749.44270454316
2025-09-29,TD,46988.682211728184
2025-09-30,TD,47094.71158114164
2025-10-01,TD,47448.017986461746
2025-10-02,TD,47047.73213055739
2025-10-03,TD,47958.68731394042
2025-10-06,TD,47965.56163305658
2025-10-07,TD,47762.91012447654
2025-10-08,TD,47494.766403053785
2025-10-09,TD,47290.881020625246
2025-10-10,TD,46396.36479438017
2025-10-13,TD,46722.18196288004
2025-10-14,TD,47184.755175478786
2025-10-15,TD,47775.694851657136
2025-10-16,TD,46793.20841305629
2025-10-17,TD,47029.027686250425
2025-10-20,TD,47436.24286936432
2025-10-21,TD,47679.65791397631
2025-10-22,TD,47881.43944840254
2025-10-23,TD,47900.78114031439
2025-10-24,TD,48031.966980249475
2025-10-27,TD,48339.92132827112
2025-10-28,TD,48859.3936432478
2025-10-29,TD,48155.374675780185
2025-10-30,TD,48478.00518311644
2025-10-31,TD,48715.94353732337
2025-11-03,TD,48732.51662958134
2025-11-04,TD,48018.198031336506
2025-11-05,TD,48192.133622613845
2025-11-06,TD,48041.1017088645
2025-11-07,TD,48140.404857874746
2025-11-10,TD,48135.585302616026
2025-11-11,TD,48408.47622249775
2025-11-12,TD,49032.255307286636
2025-11-13,TD,48253.28146549685
2025-11-14,TD,48277.37712609454
2025-11-17,TD,48371.18708227171
2025-11-18,TD,48719.95828186198
2025-11-19,TD,48471.59166256715
2025-11-20,TD,48448.82677469015
2025-11-21,TD,48953.18328874434
2025-11-24,TD,49368.98523523534
2025-11-25,TD,49122.2375464427
2025-11-26,TD,49637.736161381225
2025-11-28,TD,49645.120363209135
2025-12-01,TD,49390.77267160684
2025-12-02,TD,50036.897736484665
2025-12-03,TD,49798.28235958994
2025-12-04,TD,50818.51450559191
2025-12-05,TD,51797.11017943386
2025-12-08,TD,51599.91081918645
2025-12-09,TD,52217.66651774989
2025-12-10,TD,53424.7954312478
2025-12-11,TD,53521.45396038385
2025-12-12,TD,53263.15118686732
2025-12-15,TD,53628.27036867186
2025-12-16,TD,53315.71438206913
2025-12-17,TD,53155.98357306002
2025-12-18,TD,53923.60797576733
2025-12-19,TD,54125.95059274606
2025-12-22,TD,54124.321506903565
2025-12-23,TD,54575.54147216722
2025-12-24,TD,54683.53463051445
2025-12-26,TD,54764.538702552025
2025-12-29,TD,54766.270188076065
2025-12-30,TD,54875.39820570371
2025-12-31,TD,54631.71954538266
2026-01-02,TD,54952.91518775997
2026-01-05,TD,55991.573775627745
2026-01-06,TD,55213.445789058525
2026-01-07,TD,54940.15373323428
2026-01-08,TD,55504.16483200571
2026-01-09,TD,55436.09358586167
2026-01-12,TD,55258.38020798645
2026-01-13,TD,55208.17728312996
2026-01-14,TD,55054.95689354233
2026-01-15,TD,55324.556213743854
2026-01-16,TD,55250.76581844469
2026-01-20,TD,54390.54502272808
2026-01-21,TD,54746.56121135608
2026-01-22,TD,55296.19107882127
2026-01-23,TD,55264.11459015205
2026-01-26,TD,55015.82752102304
2026-01-27,TD,55366.63613576438
2026-01-28,TD,53760.552985361166
2026-01-29,TD,54287.86606934084
2026-01-30,TD,53650.29814809753
2026-02-02,TD,54697.31965871625
2026-02-03,TD,55161.670902148806
2026-02-04,TD,55203.18593336421
2026-02-05,TD,54928.793715672306
2026-02-06,TD,55832.73409773144
2026-02-09,TD,56417.10284558559
2026-02-10,TD,56496.16894017938
2026-02-11,TD,55874.62826165201
2026-02-12,TD,55052.360088395464
2026-02-13,TD,54910.19928755211
2026-02-17,TD,55241.395401306465
2026-02-18,TD,55642.925709538824
2026-02-19,TD,55524.90542204621
2026-02-20,TD,56180.024310192166
2026-02-23,TD,55502.31909890312
2026-02-24,TD,55155.926364642895
2026-02-25,TD,56273.63073642381
2026-02-26,TD,57212.67559112331
2026-02-27,TD,56200.71623922698
2026-03-02,TD,56911.49527823221
2026-03-03,TD,56582.19144289022
2026-03-04,TD,57083.45227070448
2026-03-05,TD,56177.07418383011
2026-03-06,TD,55061.69115358996
2026-03-09,TD,54748.86478105129
2026-03-10,TD,55059.334268358085
2026-03-11,TD,55134.75163380385
2026-03-12,TD,54179.01605415437
2026-03-13,TD,54114.41666498117
2026-03-16,TD,55109.94298368807
2026-03-17,TD,55664.592551244066
2026-03-18,TD,54701.31409257422
2026-03-19,TD,54353.45306535986
2026-03-20,TD,53396.729455725384
2026-03-23,TD,54344.725819775034
2026-03-24,TD,54460.81913144252
2026-03-25,TD,55068.78423566212
2026-03-26,TD,54385.103876014124
2026-03-27,TD,53643.839774795175
2026-03-30,TD,53947.08458374487
2026-03-31,TD,55035.516610201565
2026-04-01,TD,55650.994127420585
2026-04-02,TD,56077.44902590399
2026-04-06,TD,56463.91388677625
2026-04-07,TD,57074.70217560395
2026-04-08,TD,58198.74474916013
2026-04-09,TD,58406.03936396088
2026-04-10,TD,58914.334457501296
2026-04-13,TD,59636.240787519564
2026-04-14,TD,60033.26931801728
2026-04-15,TD,60485.48366035364
2026-04-16,TD,60356.08177520087
2026-04-17,TD,60942.190894501844
2026-04-20,TD,61523.18426111818
2026-04-21,TD,60850.39677337758
2026-04-22,TD,60451.15861008257
2026-04-23,TD,60832.63127491073
2026-04-24,TD,60788.18896684899
2026-04-27,TD,60859.625862029716
2026-04-28,TD,60996.5460841304
2026-04-29,TD,60389.129791427076
2026-04-30,TD,62087.41496912396
2026-05-01,TD,61644.63197596773
2026-05-04,TD,61193.065882854935
2026-05-05,TD,61041.422532990684
2026-05-06,TD,62610.846597406686
2026-05-07,TD,62137.54426776315
2026-05-08,TD,62230.97593751352
2026-05-11,TD,61930.60932126529
2026-05-12,TD,62514.1423692392
2026-05-13,TD,61774.83444044879
2026-05-14,TD,62861.30267797171
2026-05-15,TD,62635.82365691605
2026-05-18,TD,63066.43039703234
2026-05-19,TD,62815.76740140836
2026-05-20,TD,63760.07483808791
2026-05-21,TD,64800.766609714956
2026-05-22,TD,65367.083393877496
2026-05-26,TD,65784.54785420622
2026-05-27,TD,65664.3543238858
2026-05-28,TD,66226.02334729664
2026-05-29,TD,66313.39227887783
2026-06-01,TD,64832.15845919115
2026-06-02,TD,66334.21241908416
2026-06-03,TD,66009.97609856028
2026-06-04,TD,66884.34074450324
2026-06-05,TD,66671.49496680178
2026-06-08,TD,67377.67829117442
2026-06-09,TD,67655.0498318318
2026-06-10,TD,67490.06448048707
2026-06-11,TD,68831.46857307228
2026-06-12,TD,69391.50004785704
2026-06-15,TD,69422.23983985705
2026-06-16,TD,70006.98772041638
2026-06-17,TD,70369.27271599414
2026-06-18,TD,71328.0210466043
2026-06-22,TD,71658.27990707525
2026-06-23,TD,71796.4788557775
2026-06-24,TD,71564.84739104653
2026-06-25,TD,72417.73010710583
2026-06-26,TD,71803.72807620703
2026-06-29,TD,72331.74907203462
2026-06-30,TD,73013.52445909484
2026-07-01,TD,73506.5746942629
2026-07-02,TD,71586.40294714746
2026-07-06,TD,72584.45540675819
2026-07-07,TD,72957.00448942206
2026-07-08,TD,71107.24606381125
2026-07-09,TD,71795.62199893827
2026-07-10,TD,72145.96558372091
2026-07-13,TD,72200.71852417856
2026-07-14,TD,73141.84818561729
2026-07-15,TD,74189.63557815157
2026-07-16,TD,73596.94452890773
2026-07-17,TD,73293.22368838068
2026-07-20,TD,71658.91630840178
2026-07-21,TD,71885.86066043732
2026-07-22,TD,72309.17121167512
2026-07-23,TD,71044.02145383344
2026-07-24,TD,71428.41293272434
2026-07-27,TD,71457.21009274958
2026-07-28,TD,71849.95603160781
2026-07-29,TD,69715.14905119925
2026-07-30,TD,71016.15266116885
2026-07-31,TD,71187.14489631102
2026-08-03,TD,71917.29990150165
2026-08-04,TD,71069.54774799828
2026-08-05,TD,71901.9209080093
2026-08-06,TD,71878.70495376654
2026-08-07,TD,71570.83269474578
2026-08-10,TD,71430.0132451026
2026-08-11,TD,71524.06142863804
2026-08-12,TD,72682.96813178044
2026-08-13,TD,72606.7556878157
2026-08-14,TD,73012.45391696977
2026-08-17,TD,72948.09867910335
2026-08-18,TD,71681.52590419976
2026-08-19,TD,69228.54872654995
2026-08-20,TD,68158.29645181718
2026-08-21,TD,68209.35877234799
2026-08-24,TD,68264.41341104086
2026-08-25,TD,69725.28577339221
2026-08-26,TD,70123.07680069206
2026-08-27,TD,71020.8854728957
2026-08-28,TD,71253.25277666046
2026-08-31,TD,70940.89397291554
2026-09-01,TD,70265.3074195001
2026-09-02,TD,71254.04023867419
2026-09-03,TD,71947.26831077678
2026-09-04,TD,71229.52313145334
2026-09-08,TD,70293.89808760554
2026-09-09,TD,69559.58404741596
2026-09-10,TD,70265.4377463675
2026-09-11,TD,70976.097460124
2026-09-14,TD,71172.66041904489
2026-09-15,TD,71531.59330603974
2026-09-16,TD,71172.35702825291
2026-09-17,TD,72097.76579974194
2010-09-17,TSLA,10000.0
2010-09-20,TSLA,10354.931526414417
2010-09-21,TSLA,10251.027947098673
2010-09-22,TSLA,9818.245890544178
2010-09-23,TSLA,9649.130739655397
2010-09-24,TSLA,9870.31610315285
2010-09-27,TSLA,10078.546713547801
2010-09-28,TSLA,10552.748094287635
2010-09-29,TSLA,10832.398509736879
2010-09-30,TSLA,10056.749713452346
2010-10-01,TSLA,10068.513059898329
2010-10-04,TSLA,10278.207808594061
2010-10-05,TSLA,10275.193406210099
2010-10-06,TSLA,9861.093467287634
2010-10-07,TSLA,9937.544453463728
2010-10-08,TSLA,9908.218624556901
2010-10-11,TSLA,9816.049683093006
2010-10-12,TSLA,9790.872246038394
2010-10-13,TSLA,9857.36852719888
2010-10-14,TSLA,9964.107080185257
2010-10-15,TSLA,9934.02765068244
2010-10-18,TSLA,9823.829712103041
2010-10-19,TSLA,9879.366487453268
2010-10-20,TSLA,10122.635936987506
2010-10-21,TSLA,10159.698732013168
2010-10-22,TSLA,10174.749212487377
2010-10-25,TSLA,10173.765943138322
2010-10-26,TSLA,10448.169863009765
2010-10-27,TSLA,10369.544200828099
2010-10-28,TSLA,10343.749528999628
2010-10-29,TSLA,10646.388351200845
2010-11-01,TSLA,10383.482223279654
2010-11-02,TSLA,10268.310520766721
2010-11-03,TSLA,10512.240267966017
2010-11-04,TSLA,11942.660324938222
2010-11-05,TSLA,11711.484370682496
2010-11-08,TSLA,11978.617839089766
2010-11-09,TSLA,11800.2011037019
2010-11-10,TSLA,14071.92651174074
2010-11-11,TSLA,13439.268045683986
2010-11-12,TSLA,14391.941210540934
2010-11-15,TSLA,14832.847799235058
2010-11-16,TSLA,14524.338069533651
2010-11-17,TSLA,14402.355253062668
2010-11-18,TSLA,14550.534661679983
2010-11-19,TSLA,15136.412473597065
2010-11-22,TSLA,16279.990612289717
2010-11-23,TSLA,16946.209424887908
2010-11-24,TSLA,17154.87784134339
2010-11-26,TSLA,17222.60141490306
2010-11-29,TSLA,16798.99893132258
2010-11-30,TSLA,17350.835527746498
2010-12-01,TSLA,16698.640863382258
2010-12-02,TSLA,15549.945417785404
2010-12-03,TSLA,15157.606593215727
2010-12-06,TSLA,14586.764907475788
2010-12-07,TSLA,15241.155779291199
2010-12-08,TSLA,15641.619136000505
2010-12-09,TSLA,15485.480269659824
2010-12-10,TSLA,15221.81336399411
2010-12-13,TSLA,14684.72580780601
2010-12-14,TSLA,13706.903914488581
2010-12-15,TSLA,14212.455080021617
2010-12-16,TSLA,14824.414649708498
2010-12-17,TSLA,15191.109522568902
2010-12-20,TSLA,15437.666106131366
2010-12-21,TSLA,15705.804375333288
2010-12-22,TSLA,15843.734815845133
2010-12-23,TSLA,14534.134877281525
2010-12-27,TSLA,12341.193028692085
2010-12-28,TSLA,12756.635094390269
2010-12-29,TSLA,13272.16249638451
2010-12-30,TSLA,12691.06466539057
2010-12-31,TSLA,12672.999782532399
2011-01-03,TSLA,12668.291573094593
2011-01-04,TSLA,12743.106169405108
2011-01-05,TSLA,12769.510898858905
2011-01-06,TSLA,13278.586044321763
2011-01-07,TSLA,13423.018981404726
2011-01-10,TSLA,13510.587370658812
2011-01-11,TSLA,12774.577965723372
2011-01-12,TSLA,12724.266154505347
2011-01-13,TSLA,12380.050110851058
2011-01-14,TSLA,12202.516164732784
2011-01-18,TSLA,12158.929341690406
2011-01-19,TSLA,11427.656854786906
2011-01-20,TSLA,10824.223737557515
2011-01-21,TSLA,10963.467596250945
2011-01-24,TSLA,11640.574143174064
2011-01-25,TSLA,11792.248823127069
2011-01-26,TSLA,11786.636292974074
2011-01-27,TSLA,11853.26176280816
2011-01-28,TSLA,11476.755727902815
2011-01-31,TSLA,11556.680453969
2011-02-01,TSLA,11351.141274274012
2011-02-02,TSLA,11320.710164493066
2011-02-03,TSLA,11194.442590347739
2011-02-04,TSLA,11113.92933810183
2011-02-07,TSLA,10912.617498892925
2011-02-08,TSLA,11607.767397228616
2011-02-09,TSLA,11046.557444820288
2011-02-10,TSLA,11055.442754704442
2011-02-11,TSLA,11016.671798327867
2011-02-14,TSLA,10916.263490347812
2011-02-15,TSLA,10804.938739448693
2011-02-16,TSLA,11661.17255946447
2011-02-17,TSLA,11661.17255946447
2011-02-18,TSLA,10902.51207375812
2011-02-22,TSLA,10316.734741920505
2011-02-23,TSLA,10365.733134956949
2011-02-24,TSLA,10609.749007938643
2011-02-25,TSLA,11081.065174968115
2011-02-28,TSLA,11132.48226706026
2011-03-01,TSLA,11160.343957666306
2011-03-02,TSLA,11187.27261896303
2011-03-03,TSLA,11360.801716199758
2011-03-04,TSLA,11596.542336922625
2011-03-07,TSLA,11620.578607360452
2011-03-08,TSLA,11460.592789405953
2011-03-09,TSLA,11456.544877633205
2011-03-10,TSLA,11179.2126811602
2011-03-11,TSLA,11210.605528844602
2011-03-14,TSLA,10856.477843065906
2011-03-15,TSLA,10794.359622510696
2011-03-16,TSLA,10829.276450124918
2011-03-17,TSLA,10788.560486495837
2011-03-18,TSLA,10814.469992700839
2011-03-21,TSLA,10629.959858208254
2011-03-22,TSLA,10371.051402020079
2011-03-23,TSLA,10436.765373990445
2011-03-24,TSLA,10415.162156905384
2011-03-25,TSLA,10643.711274797946
2011-03-28,TSLA,10855.365385043251
2011-03-29,TSLA,11171.64078945763
2011-03-30,TSLA,11020.246018297423
2011-03-31,TSLA,12903.292947518537
2011-04-01,TSLA,12282.907405453629
2011-04-04,TSLA,11962.325711919306
2011-04-05,TSLA,12310.302581405012
2011-04-06,TSLA,12152.642159575285
2011-04-07,TSLA,12503.231511127091
2011-04-08,TSLA,12124.75893752364
2011-04-11,TSLA,11543.395552033968
2011-04-12,TSLA,11352.1317207716
2011-04-13,TSLA,11498.997711207332
2011-04-14,TSLA,11579.02291735298
2011-04-15,TSLA,11768.191021243641
2011-04-18,TSLA,11606.224310293968
2011-04-19,TSLA,11522.000472256374
2011-04-20,TSLA,11734.329234463805
2011-04-21,TSLA,12179.075597623216
2011-04-25,TSLA,12047.396453483823
2011-04-26,TSLA,12250.100659508178
2011-04-27,TSLA,12372.758127941284
2011-04-28,TSLA,12587.48405775882
2011-04-29,TSLA,12527.167301485455
2011-05-02,TSLA,12466.96537958862
2011-05-03,TSLA,12200.951546352537
2011-05-04,TSLA,12234.153035467314
2011-05-05,TSLA,12232.200851066273
2011-05-06,TSLA,12479.295720768729
2011-05-09,TSLA,12901.591963316157
2011-05-10,TSLA,13026.610713616701
2011-05-11,TSLA,12410.9764438808
2011-05-12,TSLA,12786.678638150419
2011-05-13,TSLA,12798.45633889347
2011-05-16,TSLA,12349.446749505314
2011-05-17,TSLA,12139.314194749055
2011-05-18,TSLA,12258.641466262736
2011-05-19,TSLA,13089.597369144432
2011-05-20,TSLA,13028.361937858812
2011-05-23,TSLA,12492.673925634694
2011-05-24,TSLA,12495.932351068785
2011-05-25,TSLA,13540.394068517366
2011-05-26,TSLA,13836.049525195738
2011-05-27,TSLA,13815.19990870667
2011-05-31,TSLA,13971.31724360175
2011-06-01,TSLA,13255.848837768452
2011-06-02,TSLA,13476.108349105116
2011-06-03,TSLA,14084.94585918004
2011-06-06,TSLA,13437.007243896014
2011-06-07,TSLA,13228.209638766937
2011-06-08,TSLA,12690.806288043374
2011-06-09,TSLA,12861.320982896137
2011-06-10,TSLA,13021.069954949038
2011-06-13,TSLA,13302.435708897725
2011-06-14,TSLA,13254.765088339931
2011-06-15,TSLA,12784.374773471249
2011-06-16,TSLA,12480.58043035618
2011-06-17,TSLA,12422.258921375054
2011-06-20,TSLA,12177.604282173901
2011-06-21,TSLA,12808.877558563738
2011-06-22,TSLA,12662.614448604798
2011-06-23,TSLA,12992.067097726207
2011-06-24,TSLA,12992.40442370727
2011-06-27,TSLA,12956.360783773327
2011-06-28,TSLA,13209.218903747978
2011-06-29,TSLA,13136.7871207505
2011-06-30,TSLA,13440.437920894903
2011-07-01,TSLA,13389.702657913416
2011-07-05,TSLA,13396.269748821333
2011-07-06,TSLA,13381.420228506055
2011-07-07,TSLA,13636.187469990547
2011-07-08,TSLA,13270.755775271995
2011-07-11,TSLA,13111.746049518018
2011-07-12,TSLA,13031.189734380909
2011-07-13,TSLA,13130.736784536977
2011-07-14,TSLA,12662.513968525333
2011-07-15,TSLA,12584.09644365113
2011-07-18,TSLA,12527.282135861986
2011-07-19,TSLA,12685.459312386107
2011-07-20,TSLA,13012.313833738484
2011-07-21,TSLA,12978.35156687918
2011-07-22,TSLA,13316.675171587678
2011-07-25,TSLA,12880.663398193225
2011-07-26,TSLA,12659.169417308842
2011-07-27,TSLA,12529.478343313158
2011-07-28,TSLA,12783.183366814732
2011-07-29,TSLA,12855.96683009034
2011-08-01,TSLA,13129.78940093059
2011-08-02,TSLA,12532.148242567524
2011-08-03,TSLA,12538.205755929579
2011-08-04,TSLA,11566.369604488877
2011-08-05,TSLA,11416.180594282254
2011-08-08,TSLA,11186.76304141717
2011-08-09,TSLA,11862.348032851245
2011-08-10,TSLA,11294.736063951264
2011-08-11,TSLA,11974.742178881816
2011-08-12,TSLA,12436.397903985542
2011-08-15,TSLA,12347.150061974677
2011-08-16,TSLA,12259.703684245656
2011-08-17,TSLA,12136.586878306422
2011-08-18,TSLA,11492.897134954077
2011-08-19,TSLA,10508.931602492192
2011-08-22,TSLA,10398.561412347997
2011-08-23,TSLA,10850.721769942245
2011-08-24,TSLA,11284.156947013265
2011-08-25,TSLA,10884.00938483942
2011-08-26,TSLA,11187.344390448363
2011-08-29,TSLA,11563.025053272384
2011-08-30,TSLA,11540.933790087067
2011-08-31,TSLA,11581.793296686812
2011-09-01,TSLA,11198.64839938822
2011-09-02,TSLA,10834.243036909922
2011-09-06,TSLA,10877.442293931505
2011-09-07,TSLA,11273.398401361936
2011-09-08,TSLA,11137.54933392473
2011-09-09,TSLA,10958.709146773404
2011-09-12,TSLA,10900.445054980546
2011-09-13,TSLA,11408.78095414448
2011-09-14,TSLA,11544.823804592083
2011-09-15,TSLA,11720.240491893052
2011-09-16,TSLA,12115.08414130083
2011-09-19,TSLA,12204.56882921329
2011-09-20,TSLA,12350.595093270635
2011-09-21,TSLA,12351.276922381292
2011-09-22,TSLA,12666.841789090877
2011-09-23,TSLA,12978.179315314384
2011-09-26,TSLA,12624.640155715413
2011-09-27,TSLA,12770.652065475691
2011-09-28,TSLA,12030.444028648306
2011-09-29,TSLA,11930.932864234905
2011-09-30,TSLA,12124.00533692765
2011-10-03,TSLA,11853.835934690818
2011-10-04,TSLA,12004.50581384917
2011-10-05,TSLA,12683.966465491194
2011-10-06,TSLA,13454.390297643526
2011-10-07,TSLA,13337.639622453278
2011-10-10,TSLA,13777.498347461551
2011-10-11,TSLA,13589.909216248203
2011-10-12,TSLA,13519.774120781361
2011-10-13,TSLA,13686.836607189636
2011-10-14,TSLA,13618.560393192905
2011-10-17,TSLA,13319.251767911112
2011-10-18,TSLA,13781.029504539905
2011-10-19,TSLA,13371.00618598432
2011-10-20,TSLA,13366.750136904107
2011-10-21,TSLA,13533.769560421184
2011-10-24,TSLA,13713.758091337826
2011-10-25,TSLA,13711.583415332254
2011-10-26,TSLA,13522.967951878654
2011-10-27,TSLA,13681.145128402775
2011-10-28,TSLA,14230.61326581072
2011-10-31,TSLA,13961.513258705343
2011-11-01,TSLA,14091.98664189115
2011-11-02,TSLA,13910.146406652928
2011-11-03,TSLA,15728.598999074864
2011-11-04,TSLA,15737.850343534215
2011-11-07,TSLA,15219.330070601609
2011-11-08,TSLA,15448.001200019235
2011-11-09,TSLA,15030.994515940807
2011-11-10,TSLA,15275.519966468362
2011-11-11,TSLA,16401.801177195903
2011-11-14,TSLA,16177.94591444408
2011-11-15,TSLA,16616.22566677504
2011-11-16,TSLA,17062.335688155767
2011-11-17,TSLA,16479.264141315183
2011-11-18,TSLA,16006.986236382258
2011-11-21,TSLA,15781.451520873661
2011-11-22,TSLA,15909.427256369898
2011-11-23,TSLA,15770.420243578066
2011-11-25,TSLA,15886.331192389925
2011-11-28,TSLA,16088.662186690552
2011-11-29,TSLA,15641.324872910644
2011-11-30,TSLA,15973.956998832276
2011-12-01,TSLA,15869.723270684002
2011-12-02,TSLA,16196.168694569984
2011-12-05,TSLA,16701.404065567556
2011-12-06,TSLA,16879.713143727426
2011-12-07,TSLA,16530.86066212066
2011-12-08,TSLA,15065.373057415034
2011-12-09,TSLA,15150.415090385419
2011-12-12,TSLA,14950.588920922895
2011-12-13,TSLA,14491.301654835137
2011-12-14,TSLA,14205.163097111843
2011-12-15,TSLA,14155.490052113275
2011-12-16,TSLA,13917.18718936404
2011-12-19,TSLA,13761.033968726293
2011-12-20,TSLA,13729.956915577355
2011-12-21,TSLA,13568.880171045805
2011-12-22,TSLA,13571.614664636969
2011-12-23,TSLA,13627.165794284261
2011-12-27,TSLA,13954.436590251567
2011-12-28,TSLA,13960.60176084162
2011-12-29,TSLA,14035.287168478537
2011-12-30,TSLA,13897.600751016822
2012-01-03,TSLA,13556.54265271716
2012-01-04,TSLA,13437.55270718454
2012-01-05,TSLA,13231.920224558622
2012-01-06,TSLA,13174.524567738286
2012-01-09,TSLA,13393.154866357905
2012-01-10,TSLA,13432.234440121409
2012-01-11,TSLA,13766.732624661687
2012-01-12,TSLA,13784.575015915327
2012-01-13,TSLA,11171.61925801203
2012-01-17,TSLA,12895.455501320235
2012-01-18,TSLA,13007.526675666812
2012-01-19,TSLA,12925.671296645185
2012-01-20,TSLA,12909.45811810859
2012-01-23,TSLA,12911.309822430168
2012-01-24,TSLA,13247.092716557896
2012-01-25,TSLA,13543.609431060258
2012-01-26,TSLA,13827.702501451577
2012-01-27,TSLA,14051.93815307566
2012-01-30,TSLA,14193.801670983721
2012-01-31,TSLA,13981.645160341086
2012-02-01,TSLA,14112.29079509169
2012-02-02,TSLA,14452.229258220166
2012-02-03,TSLA,14822.591653981055
2012-02-06,TSLA,15145.563337976948
2012-02-07,TSLA,15041.257838343343
2012-02-08,TSLA,15231.94749772305
2012-02-09,TSLA,15496.791455748213
2012-02-10,TSLA,14904.403970111482
2012-02-13,TSLA,15061.174425523088
2012-02-14,TSLA,15856.76134043297
2012-02-15,TSLA,16020.543869961552
2012-02-16,TSLA,16296.928682828167
2012-02-17,TSLA,16682.104713161672
2012-02-21,TSLA,16433.158139137635
2012-02-22,TSLA,16373.444263341064
2012-02-23,TSLA,16497.01322963789
2012-02-24,TSLA,16129.205898754837
2012-02-27,TSLA,16059.013386099728
2012-02-28,TSLA,16106.109834774865
2012-02-29,TSLA,15771.669067422852
2012-03-01,TSLA,16215.76948721427
2012-03-02,TSLA,16104.904073821279
2012-03-05,TSLA,16054.714274128319
2012-03-06,TSLA,15866.098810674715
2012-03-07,TSLA,15836.04808976603
2012-03-08,TSLA,15698.239660779253
2012-03-09,TSLA,16447.742104957186
2012-03-12,TSLA,17117.97294358546
2012-03-13,TSLA,17104.171286956036
2012-03-14,TSLA,16741.933423334776
2012-03-15,TSLA,16627.752167319428
2012-03-16,TSLA,16754.479078970882
2012-03-19,TSLA,16536.265054966192
2012-03-20,TSLA,16615.493597624652
2012-03-21,TSLA,16702.38015776808
2012-03-22,TSLA,16464.507923930836
2012-03-23,TSLA,16277.126930024955
2012-03-26,TSLA,17755.418567713885
2012-03-27,TSLA,18022.67404764622
2012-03-28,TSLA,18081.340059756938
2012-03-29,TSLA,17859.76713023869
2012-03-30,TSLA,17802.457599200752
2012-04-02,TSLA,17357.424150100014
2012-04-03,TSLA,18023.21233378621
2012-04-04,TSLA,16683.01621102539
2012-04-05,TSLA,16488.343234209733
2012-04-09,TSLA,15817.086063341207
2012-04-10,TSLA,15574.835768898689
2012-04-11,TSLA,15894.53467316342
2012-04-12,TSLA,15920.228864912426
2012-04-13,TSLA,16038.24989539306
2012-04-16,TSLA,15467.903432901914
2012-04-17,TSLA,15237.861468114443
2012-04-18,TSLA,15473.874820481571
2012-04-19,TSLA,15750.482124952721
2012-04-20,TSLA,15725.096550590642
2012-04-23,TSLA,15184.707506077251
2012-04-24,TSLA,15046.963671427267
2012-04-25,TSLA,15507.313155497946
2012-04-26,TSLA,15769.422619931946
2012-04-27,TSLA,15644.547412602065
2012-04-30,TSLA,15668.066928345503
2012-05-01,TSLA,15902.716622491316
2012-05-02,TSLA,16062.508657435419
2012-05-03,TSLA,15326.334178083716
2012-05-04,TSLA,15162.896151684727
2012-05-07,TSLA,15435.175635590329
2012-05-08,TSLA,14440.896540686177
2012-05-09,TSLA,14404.580169107974
2012-05-10,TSLA,15797.370436320389
2012-05-11,TSLA,15381.490564561682
2012-05-14,TSLA,14410.336242231631
2012-05-15,TSLA,14122.403397375028
2012-05-16,TSLA,14104.331337368325
2012-05-17,TSLA,13894.292085542998
2012-05-18,TSLA,13463.713413588208
2012-05-21,TSLA,14054.852075380155
2012-05-22,TSLA,15013.704765124226
2012-05-23,TSLA,15250.507603830014
2012-05-24,TSLA,14906.341800215458
2012-05-25,TSLA,14669.8691103422
2012-05-29,TSLA,15546.57215797478
2012-05-30,TSLA,14966.593962152025
2012-05-31,TSLA,14607.700649747256
2012-06-01,TSLA,13980.963331230429
2012-06-04,TSLA,13897.557688125622
2012-06-05,TSLA,13907.175067160168
2012-06-06,TSLA,14361.811540998382
2012-06-07,TSLA,14180.107671582295
2012-06-08,TSLA,14870.384286063914
2012-06-11,TSLA,14327.526302455086
2012-06-12,TSLA,14571.922564309045
2012-06-13,TSLA,14628.866060771788
2012-06-14,TSLA,14409.740538903376
2012-06-15,TSLA,14660.431160020988
2012-06-18,TSLA,15639.961214689327
2012-06-19,TSLA,15627.59498776655
2012-06-20,TSLA,16476.500939129885
2012-06-21,TSLA,15788.7578580805
2012-06-22,TSLA,16588.1055988218
2012-06-25,TSLA,16322.357320081444
2012-06-26,TSLA,15525.421101247317
2012-06-27,TSLA,15685.141364706084
2012-06-28,TSLA,15529.4115958318
2012-06-29,TSLA,15257.490969352859
2012-07-02,TSLA,14823.531860438912
2012-07-03,TSLA,14850.532293220967
2012-07-05,TSLA,15138.57279530557
2012-07-06,TSLA,15123.062977325235
2012-07-09,TSLA,15386.62940291148
2012-07-10,TSLA,15265.715981571953
2012-07-11,TSLA,15370.81814469275
2012-07-12,TSLA,15981.012135840454
2012-07-13,TSLA,16635.252287536663
2012-07-16,TSLA,17476.127009691303
2012-07-17,TSLA,16182.166077781629
2012-07-18,TSLA,15555.285216294136
2012-07-19,TSLA,15559.304419472754
2012-07-20,TSLA,15384.146109518979
2012-07-23,TSLA,14922.41861292992
2012-07-24,TSLA,14574.692943642878
2012-07-25,TSLA,14102.615998868881
2012-07-26,TSLA,13595.464329212933
2012-07-27,TSLA,14204.538685189451
2012-07-30,TSLA,13129.495137840726
2012-07-31,TSLA,13138.193841863016
2012-08-01,TSLA,12581.361950059963
2012-08-02,TSLA,12565.665526217765
2012-08-03,TSLA,13029.790190416928
2012-08-06,TSLA,13507.61603116605
2012-08-07,TSLA,14421.834034181886
2012-08-08,TSLA,13845.092732347623
2012-08-09,TSLA,13965.073124377832
2012-08-10,TSLA,14205.256400042776
2012-08-13,TSLA,14814.187213048632
2012-08-14,TSLA,13955.699768393417
2012-08-15,TSLA,13913.878523890215
2012-08-16,TSLA,14325.315740706848
2012-08-17,TSLA,14193.97392254852
2012-08-20,TSLA,13964.49895249517
2012-08-21,TSLA,13739.050362768972
2012-08-22,TSLA,14228.653904261144
2012-08-23,TSLA,14597.74594473165
2012-08-24,TSLA,14002.164627997625
2012-08-27,TSLA,13404.114372168166
2012-08-28,TSLA,13540.82469742936
2012-08-29,TSLA,13423.600330435918
2012-08-30,TSLA,13492.924408118504
2012-08-31,TSLA,13459.177455715198
2012-09-04,TSLA,13279.870753909212
2012-09-05,TSLA,13237.64758908815
2012-09-06,TSLA,13421.425654430346
2012-09-07,TSLA,13731.550242551735
2012-09-10,TSLA,12784.24558479765
2012-09-11,TSLA,12934.499189341073
2012-09-12,TSLA,13202.479561275264
2012-09-13,TSLA,13757.057828438878
2012-09-14,TSLA,14119.21674342627
2012-09-17,TSLA,15138.328772255438
2012-09-18,TSLA,14608.547553274178
2012-09-19,TSLA,14477.851678483843
2012-09-20,TSLA,14450.786651364984
2012-09-21,TSLA,14010.490120296186
2012-09-24,TSLA,14378.153908208576
2012-09-25,TSLA,12930.26467170646
2012-09-26,TSLA,12969.042805231567
2012-09-27,TSLA,13378.219220260227
2012-09-28,TSLA,13781.431424857767
2012-10-01,TSLA,13711.002066301062
2012-10-02,TSLA,14014.803586564665
2012-10-03,TSLA,13837.090211733059
2012-10-04,TSLA,13816.814767126649
2012-10-05,TSLA,13495.579953075803
2012-10-08,TSLA,13663.747720358197
2012-10-09,TSLA,13286.581387787795
2012-10-10,TSLA,13299.270586394567
2012-10-11,TSLA,13255.059351429796
2012-10-12,TSLA,12959.28906037489
2012-10-15,TSLA,12794.307947041256
2012-10-16,TSLA,13230.05416593998
2012-10-17,TSLA,13507.939002850046
2012-10-18,TSLA,13158.864029638753
2012-10-19,TSLA,13182.663454174983
2012-10-22,TSLA,13242.98021044835
2012-10-23,TSLA,13494.316774933952
2012-10-24,TSLA,13048.981885594818
2012-10-25,TSLA,13091.327061940943
2012-10-26,TSLA,13087.566236109526
2012-10-31,TSLA,13454.641497842189
2012-11-01,TSLA,13955.290670927023
2012-11-02,TSLA,13786.799931960632
2012-11-05,TSLA,15019.259878088953
2012-11-06,TSLA,14809.177563372426
2012-11-07,TSLA,15048.923032976843
2012-11-08,TSLA,14960.105819877972
2012-11-09,TSLA,14516.091525868957
2012-11-12,TSLA,14875.164266987056
2012-11-13,TSLA,15150.759593515015
2012-11-14,TSLA,15041.623872918535
2012-11-15,TSLA,14783.540788811688
2012-11-16,TSLA,15277.371670789938
2012-11-19,TSLA,15694.765920889162
2012-11-20,TSLA,15742.35759281309
2012-11-21,TSLA,15505.08823945264
2012-11-23,TSLA,15261.223086590144
2012-11-26,TSLA,15361.667280312866
2012-11-27,TSLA,15284.54881932318
2012-11-28,TSLA,15777.389254803846
2012-11-29,TSLA,16007.036476421992
2012-11-30,TSLA,16072.061442133163
2012-12-03,TSLA,16445.58896039721
2012-12-04,TSLA,16101.947088625582
2012-12-05,TSLA,15987.478746668905
2012-12-06,TSLA,16074.372483960868
2012-12-07,TSLA,16169.699370779388
2012-12-10,TSLA,16329.233028376293
2012-12-11,TSLA,16656.1377897684
2012-12-12,TSLA,16624.7880049752
2012-12-13,TSLA,15835.574397962837
2012-12-14,TSLA,15950.810694812571
2012-12-17,TSLA,16197.86250162383
2012-12-18,TSLA,16308.86428083895
2012-12-19,TSLA,16341.455712328403
2012-12-20,TSLA,16281.182018946236
2012-12-21,TSLA,16173.869294077202
2012-12-24,TSLA,16259.456790336113
2012-12-26,TSLA,15932.178817220274
2012-12-27,TSLA,16037.661369213332
2012-12-28,TSLA,15818.722453206785
2012-12-31,TSLA,16123.349345551711
2013-01-02,TSLA,16680.353488919558
2013-01-03,TSLA,16392.068963784826
2013-01-04,TSLA,16222.551892578182
2013-01-07,TSLA,16200.826663968059
2013-01-08,TSLA,15910.403348570419
2013-01-09,TSLA,15883.510573016361
2013-01-10,TSLA,15818.686567464121
2013-01-11,TSLA,15496.289055350886
2013-01-14,TSLA,15659.483058699743
2013-01-15,TSLA,15959.207958596466
2013-01-16,TSLA,16071.286310091573
2013-01-17,TSLA,16208.211949808765
2013-01-18,TSLA,16412.93293457096
2013-01-22,TSLA,16726.459491097103
2013-01-23,TSLA,17201.041260709204
2013-01-24,TSLA,17744.868159370017
2013-01-25,TSLA,17832.056159751843
2013-01-28,TSLA,18321.99702722508
2013-01-29,TSLA,18210.844527890757
2013-01-30,TSLA,18011.65712464769
2013-01-31,TSLA,17933.318548407355
2013-02-01,TSLA,18301.807708401066
2013-02-04,TSLA,18016.1715510751
2013-02-05,TSLA,18193.22462824165
2013-02-06,TSLA,18666.93796288122
2013-02-07,TSLA,18877.034631894818
2013-02-08,TSLA,18812.971404087097
2013-02-11,TSLA,18502.53819857878
2013-02-12,TSLA,18182.049807975392
2013-02-13,TSLA,18434.19739024525
2013-02-14,TSLA,18340.29157883631
2013-02-15,TSLA,17846.805199987655
2013-02-19,TSLA,19016.357439222113
2013-02-20,TSLA,18741.042021486945
2013-02-21,TSLA,17134.46603091485
2013-02-22,TSLA,17664.785536036103
2013-02-25,TSLA,16885.95008580281
2013-02-26,TSLA,16935.19250188938
2013-02-27,TSLA,17214.390756981033
2013-02-28,TSLA,17140.301052672377
2013-03-01,TSLA,17051.720685475102
2013-03-04,TSLA,17531.520242070867
2013-03-05,TSLA,18044.693539346204
2013-03-06,TSLA,18600.068469997008
2013-03-07,TSLA,18844.608274821632
2013-03-08,TSLA,18909.525583304803
2013-03-11,TSLA,19209.846186529783
2013-03-12,TSLA,19193.439224982794
2013-03-13,TSLA,19160.216204422417
2013-03-14,TSLA,18092.077073962668
2013-03-15,TSLA,17211.35482315147
2013-03-18,TSLA,17183.385475317427
2013-03-19,TSLA,17244.89363824731
2013-03-20,TSLA,17662.25200260387
2013-03-21,TSLA,17645.20627483742
2013-03-22,TSLA,17916.028797590774
2013-03-25,TSLA,18348.696019768737
2013-03-26,TSLA,18415.831067148683
2013-03-27,TSLA,18569.063188333403
2013-03-28,TSLA,18412.299910070327
2013-04-01,TSLA,21370.526752462298
2013-04-02,TSLA,21529.644135444276
2013-04-03,TSLA,19928.903166629705
2013-04-04,TSLA,20380.223797845563
2013-04-05,TSLA,20172.65348511567
2013-04-08,TSLA,20410.992233607572
2013-04-09,TSLA,19692.229516597512
2013-04-10,TSLA,20329.48853486408
2013-04-11,TSLA,21079.959894093998
2013-04-12,TSLA,21213.87830857576
2013-04-15,TSLA,21144.848493983038
2013-04-16,TSLA,22315.441419754814
2013-04-17,TSLA,22316.525169183333
2013-04-18,TSLA,23047.10864982764
2013-04-19,TSLA,23489.737754169746
2013-04-22,TSLA,24646.328063153167
2013-04-23,TSLA,25039.255413902567
2013-04-24,TSLA,24781.07184971625
2013-04-25,TSLA,25363.49027604031
2013-04-26,TSLA,24914.444800909485
2013-04-29,TSLA,26650.29559086234
2013-04-30,TSLA,26018.92183439304
2013-05-01,TSLA,25707.37617086207
2013-05-02,TSLA,26105.23422265381
2013-05-03,TSLA,26307.120233745372
2013-05-06,TSLA,28682.89994121915
2013-05-07,TSLA,26698.368131737996
2013-05-08,TSLA,26755.577182696466
2013-05-09,TSLA,33295.95474377221
2013-05-10,TSLA,37183.26346379236
2013-05-13,TSLA,42463.92944575906
2013-05-14,TSLA,40417.82487901121
2013-05-15,TSLA,41296.22891084618
2013-05-16,TSLA,44858.93673415339
2013-05-17,TSLA,44958.304355596134
2013-05-20,TSLA,44191.79924654295
2013-05-21,TSLA,43070.63534271961
2013-05-22,TSLA,43132.31575721429
2013-05-23,TSLA,45744.575331709864
2013-05-24,TSLA,47950.8594994226
2013-05-28,TSLA,54748.81774420786
2013-05-29,TSLA,51915.30821187804
2013-05-30,TSLA,51767.81780951991
2013-05-31,TSLA,48361.54311564324
2013-06-03,TSLA,45591.36474197074
2013-06-04,TSLA,46957.922531294156
2013-06-05,TSLA,47206.62508226807
2013-06-06,TSLA,47688.29069748247
2013-06-07,TSLA,49849.07174349445
2013-06-10,TSLA,48766.779276127156
2013-06-11,TSLA,46060.513410143176
2013-06-12,TSLA,47706.07567154784
2013-06-13,TSLA,47775.414103527495
2013-06-14,TSLA,48840.668020276884
2013-06-17,TSLA,49760.92918235771
2013-06-18,TSLA,50503.63486687466
2013-06-19,TSLA,51023.576215216846
2013-06-20,TSLA,50022.40705772078
2013-06-21,TSLA,49871.084058045904
2013-06-24,TSLA,51144.008767604646
2013-06-25,TSLA,51509.519410957066
2013-06-26,TSLA,52956.95648710158
2013-06-27,TSLA,54782.67235383916
2013-06-28,TSLA,53999.32247717846
2013-07-01,TSLA,58938.55714912176
2013-07-02,TSLA,59361.96584969185
2013-07-03,TSLA,58023.47071113341
2013-07-05,TSLA,60723.99485829079
2013-07-08,TSLA,61539.11079435963
2013-07-09,TSLA,62198.53284729683
2013-07-10,TSLA,61492.825363468735
2013-07-11,TSLA,62439.39077492391
2013-07-12,TSLA,64590.547264752815
2013-07-15,TSLA,63405.72205343961
2013-07-16,TSLA,54202.371186332406
2013-07-17,TSLA,59982.1432544493
2013-07-18,TSLA,59208.382048228996
2013-07-19,TSLA,59342.78850881102
2013-07-22,TSLA,60554.02562672655
2013-07-23,TSLA,60513.5752175932
2013-07-24,TSLA,59965.8439501303
2013-07-25,TSLA,61044.583728973645
2013-07-26,TSLA,63711.66954111466
2013-07-29,TSLA,66093.70772210942
2013-07-30,TSLA,64881.4370948051
2013-07-31,TSLA,66093.80102504035
2013-08-01,TSLA,67049.70390673727
2013-08-02,TSLA,68552.10358634935
2013-08-05,TSLA,71870.40079350554
2013-08-06,TSLA,70593.25592060926
2013-08-07,TSLA,66897.7349636944
2013-08-08,TSLA,75992.17977895818
2013-08-09,TSLA,75425.08456475259
2013-08-12,TSLA,72612.23086590144
2013-08-13,TSLA,71985.50072453314
2013-08-14,TSLA,68827.6343185405
2013-08-15,TSLA,69100.97602042904
2013-08-16,TSLA,70287.75341614327
2013-08-19,TSLA,71646.91874247746
2013-08-20,TSLA,74261.57548458313
2013-08-21,TSLA,73881.6387726789
2013-08-22,TSLA,79017.05362262983
2013-08-23,TSLA,81424.38407505574
2013-08-26,TSLA,82614.19740459954
2013-08-27,TSLA,83929.86203367374
2013-08-28,TSLA,83545.1525179949
2013-08-29,TSLA,83635.44822369162
2013-08-30,TSLA,85334.49459596601
2013-09-03,TSLA,85142.52740414739
2013-09-04,TSLA,85572.86205305206
2013-09-05,TSLA,85373.15071796605
2013-09-06,TSLA,83006.74436647669
2013-09-09,TSLA,79705.15556110587
2013-09-10,TSLA,82445.76408282142
2013-09-11,TSLA,80876.94707068271
2013-09-12,TSLA,81440.18097897741
2013-09-13,TSLA,81907.97316607706
2013-09-16,TSLA,82223.04280953786
2013-09-17,TSLA,81851.68996727938
2013-09-18,TSLA,82013.54184385252
2013-09-19,TSLA,87147.90165296907
2013-09-20,TSLA,90266.17890765234
2013-09-23,TSLA,89109.279981282
2013-09-24,TSLA,89813.98266431542
2013-09-25,TSLA,91247.42430082013
2013-09-26,TSLA,93157.16304543636
2013-09-27,TSLA,94081.65872515182
2013-09-30,TSLA,95159.67361199329
2013-10-01,TSLA,95421.34527036677
2013-10-02,TSLA,89454.5582429192
2013-10-03,TSLA,85603.24292279326
2013-10-04,TSLA,89244.23908230108
2013-10-07,TSLA,90275.35130347782
2013-10-08,TSLA,86371.75763343574
2013-10-09,TSLA,83963.33625443278
2013-10-10,TSLA,85912.255052892
2013-10-11,TSLA,88795.40892162625
2013-10-14,TSLA,89302.24479674673
2013-10-15,TSLA,91276.4343351915
2013-10-16,TSLA,90859.01855364667
2013-10-17,TSLA,89958.53043577491
2013-10-18,TSLA,90271.34645459628
2013-10-21,TSLA,85038.07836154311
2013-10-22,TSLA,84408.87928107938
2013-10-23,TSLA,81739.95611891386
2013-10-24,TSLA,86344.16149732543
2013-10-25,TSLA,84831.61332968734
2013-10-28,TSLA,81392.0940838047
2013-10-29,TSLA,82197.21942911526
2013-10-30,TSLA,79657.23374034942
2013-10-31,TSLA,79810.82471896081
2013-11-01,TSLA,81031.73663309914
2013-11-04,TSLA,87308.0023053001
2013-11-05,TSLA,88389.24690898156
2013-11-06,TSLA,75356.7509335676
2013-11-07,TSLA,69832.62171905626
2013-11-08,TSLA,69220.35353198244
2013-11-11,TSLA,72607.35758204736
2013-11-12,TSLA,69243.98788210242
2013-11-13,TSLA,69470.59199274245
2013-11-14,TSLA,69110.52162797823
2013-11-15,TSLA,67777.93328266266
2013-11-18,TSLA,60657.154074000704
2013-11-19,TSLA,63142.54319387416
2013-11-20,TSLA,60526.99648535037
2013-11-21,TSLA,61378.141707056064
2013-11-22,TSLA,61184.6314283028
2013-11-25,TSLA,61022.28432848086
2013-11-26,TSLA,60810.206766472096
2013-11-27,TSLA,64351.74200160624
2013-11-29,TSLA,64548.41022571414
2013-12-02,TSLA,63179.18253713636
2013-12-03,TSLA,73818.9822659837
2013-12-04,TSLA,71111.60394197707
2013-12-05,TSLA,71504.76813862806
2013-12-06,TSLA,70080.9869440491
2013-12-09,TSLA,72095.20343986375
2013-12-10,TSLA,72273.11059770575
2013-12-11,TSLA,70875.18149214353
2013-12-12,TSLA,75083.8685691852
2013-12-13,TSLA,74850.53947036949
2013-12-16,TSLA,74870.19050305351
2013-12-17,TSLA,77398.39849107628
2013-12-18,TSLA,75371.85883123007
2013-12-19,TSLA,71882.78855187392
2013-12-20,TSLA,73197.46991159907
2013-12-23,TSLA,72827.03574435283
2013-12-24,TSLA,76930.5560639369
2013-12-26,TSLA,79008.91473619314
2013-12-27,TSLA,77347.46226793587
2013-12-30,TSLA,77607.31810773043
2013-12-31,TSLA,76555.23425853955
2014-01-02,TSLA,76365.75036011342
2014-01-03,TSLA,75954.82272084265
2014-01-06,TSLA,74971.20169151036
2014-01-07,TSLA,76767.9577639163
2014-01-08,TSLA,78203.34440767352
2014-01-09,TSLA,76596.80430284409
2014-01-10,TSLA,76117.28465504112
2014-01-13,TSLA,72464.60409772118
2014-01-14,TSLA,84370.76144521934
2014-01-15,TSLA,85859.43123968734
2014-01-16,TSLA,89380.29628704574
2014-01-17,TSLA,89163.13012672692
2014-01-21,TSLA,92754.5250127215
2014-01-22,TSLA,94569.970379908
2014-01-23,TSLA,96656.81244173052
2014-01-24,TSLA,92414.17027497808
2014-01-27,TSLA,90070.4724214479
2014-01-28,TSLA,95148.90788919343
2014-01-29,TSLA,93468.6800003732
2014-01-30,TSLA,97728.84158669529
2014-01-31,TSLA,96513.40583688782
2014-02-03,TSLA,93861.06188783408
2014-02-04,TSLA,94540.01296193025
2014-02-05,TSLA,92644.37731418184
2014-02-06,TSLA,94449.02824997433
2014-02-07,TSLA,98335.6479637353
2014-02-10,TSLA,103905.72528315645
2014-02-11,TSLA,103721.06442854466
2014-02-12,TSLA,102735.96490661454
2014-02-13,TSLA,104879.33419028486
2014-02-14,TSLA,104152.7770899677
2014-02-18,TSLA,106754.15610728688
2014-02-19,TSLA,102334.0948287927
2014-02-20,TSLA,111557.13979147513
2014-02-21,TSLA,111600.9849918647
2014-02-24,TSLA,115158.48220533678
2014-02-25,TSLA,131524.90721741234
2014-02-26,TSLA,134576.63077374685
2014-02-27,TSLA,134609.60259410855
2014-02-28,TSLA,129728.2157393432
2014-03-03,TSLA,132978.76066434558
2014-03-04,TSLA,135518.25830701113
2014-03-05,TSLA,133597.62465092144
2014-03-06,TSLA,132717.22537179425
2014-03-07,TSLA,130634.761370577
2014-03-10,TSLA,126907.47435425401
2014-03-11,TSLA,124328.75359485428
2014-03-12,TSLA,128626.99713129373
2014-03-13,TSLA,125803.42794968245
2014-03-14,TSLA,122526.57877530572
2014-03-17,TSLA,123731.76555700772
2014-03-18,TSLA,127326.871028794
2014-03-19,TSLA,126148.47654256658
2014-03-20,TSLA,126460.30929203889
2014-03-21,TSLA,122594.74015492592
2014-03-24,TSLA,118166.81989878786
2014-03-25,TSLA,117879.28179710057
2014-03-26,TSLA,113542.85583046426
2014-03-27,TSLA,109682.69826334537
2014-03-28,TSLA,112425.80443275048
2014-03-31,TSLA,110241.166545014
2014-04-01,TSLA,114477.1339636305
2014-04-02,TSLA,121549.05114507815
2014-04-03,TSLA,119011.21142372375
2014-04-04,TSLA,111478.6504951156
2014-04-07,TSLA,108935.1121178258
2014-04-08,TSLA,112597.69714012163
2014-04-09,TSLA,113168.69672312928
2014-04-10,TSLA,106610.64184521617
2014-04-11,TSLA,106864.07413707348
2014-04-14,TSLA,103975.22161240382
2014-04-15,TSLA,101882.9823348843
2014-04-16,TSLA,105063.16967281533
2014-04-17,TSLA,104256.39358334213
2014-04-21,TSLA,107775.2418519627
2014-04-22,TSLA,115347.52829770236
2014-04-23,TSLA,109788.63297569602
2014-04-24,TSLA,109670.02341903566
2014-04-25,TSLA,105587.2522358612
2014-04-28,TSLA,104794.06248856142
2014-04-29,TSLA,108540.95029752869
2014-04-30,TSLA,108989.55796659898
2014-05-01,TSLA,108985.7181921337
2014-05-02,TSLA,110734.83235257598
2014-05-05,TSLA,113540.96106325148
2014-05-06,TSLA,108005.77903999898
2014-05-07,TSLA,104973.175407357
2014-05-08,TSLA,92782.83886368513
2014-05-09,TSLA,95056.04276432181
2014-05-12,TSLA,96197.56106138542
2014-05-13,TSLA,99102.89231908742
2014-05-14,TSLA,99297.28538711027
2014-05-15,TSLA,98240.07705386665
2014-05-16,TSLA,99741.37862975315
2014-05-19,TSLA,102100.04801512368
2014-05-20,TSLA,101866.00120145465
2014-05-21,TSLA,104336.2321836259
2014-05-22,TSLA,106833.65738158961
2014-05-23,TSLA,107817.56549686322
2014-05-27,TSLA,110023.08888683144
2014-05-28,TSLA,109316.49143658523
2014-05-29,TSLA,109014.70669505947
2014-05-30,TSLA,108031.9325692541
2014-06-02,TSLA,106710.41856412531
2014-06-03,TSLA,107031.64620102762
2014-06-04,TSLA,106749.70627519628
2014-06-05,TSLA,108242.84025605196
2014-06-06,TSLA,108927.4469231923
2014-06-09,TSLA,107175.2394117322
2014-06-10,TSLA,105652.88725919768
2014-06-11,TSLA,106316.06296081778
2014-06-12,TSLA,105666.55255000498
2014-06-13,TSLA,107339.86166763917
2014-06-16,TSLA,116605.62501839144
2014-06-17,TSLA,120293.22958047412
2014-06-18,TSLA,118125.7666091777
2014-06-19,TSLA,118016.7313686607
2014-06-20,TSLA,118268.21147611695
2014-06-23,TSLA,121801.62935626002
2014-06-24,TSLA,119477.99163288022
2014-06-25,TSLA,121518.84252690173
2014-06-26,TSLA,120699.28393589082
2014-06-27,TSLA,122116.74923976054
2014-06-30,TSLA,122627.82680966417
2014-07-01,TSLA,122453.89579210959
2014-07-02,TSLA,117098.74536266491
2014-07-03,TSLA,116644.8911980168
2014-07-07,TSLA,113590.3829080514
2014-07-08,TSLA,111884.97758217655
2014-07-09,TSLA,113666.61857977149
2014-07-10,TSLA,111916.14793825643
2014-07-11,TSLA,111884.74073627495
2014-07-14,TSLA,116301.95986394997
2014-07-15,TSLA,113112.03313545934
2014-07-16,TSLA,111698.66598340213
2014-07-17,TSLA,110824.56106353857
2014-07-18,TSLA,113033.14191878194
2014-07-21,TSLA,113300.54094168494
2014-07-22,TSLA,112891.40041239896
2014-07-23,TSLA,114344.91653335113
2014-07-24,TSLA,114895.23875143452
2014-07-25,TSLA,115680.87096132881
2014-07-28,TSLA,116187.54893918155
2014-07-29,TSLA,116824.31273419931
2014-07-30,TSLA,119489.13056740382
2014-07-31,TSLA,116353.17599588318
2014-08-01,TSLA,121871.31229136926
2014-08-04,TSLA,124614.16726057569
2014-08-05,TSLA,125180.4658112941
2014-08-06,TSLA,130136.23663345799
2014-08-07,TSLA,131897.02083741533
2014-08-08,TSLA,130383.12336585298
2014-08-11,TSLA,135679.88769197973
2014-08-12,TSLA,136126.9522741154
2014-08-13,TSLA,136123.14120824425
2014-08-14,TSLA,136457.2948896549
2014-08-15,TSLA,136773.6564198517
2014-08-18,TSLA,135431.89567871063
2014-08-19,TSLA,134266.48465417986
2014-08-20,TSLA,133900.93812508477
2014-08-21,TSLA,133232.48721929273
2014-08-22,TSLA,134535.47700405723
2014-08-25,TSLA,137934.91187538175
2014-08-26,TSLA,137146.1791373211
2014-08-27,TSLA,137181.89980557104
2014-08-28,TSLA,137070.7831919794
2014-08-29,TSLA,140117.20283554785
2014-09-02,TSLA,148519.39014333484
2014-09-03,TSLA,146288.41658466772
2014-09-04,TSLA,148674.49550028672
2014-09-05,TSLA,144537.36459412146
2014-09-08,TSLA,147576.67886064202
2014-09-09,TSLA,146730.39974564186
2014-09-10,TSLA,147344.4909284431
2014-09-11,TSLA,147962.86686891873
2014-09-12,TSLA,147964.74728183442
2014-09-15,TSLA,134232.1419984483
2014-09-16,TSLA,137109.28141671172
2014-09-17,TSLA,136970.05908946387
2014-09-18,TSLA,138173.20756098244
2014-09-19,TSLA,136101.7533056152
2014-09-22,TSLA,131692.81660734751
2014-09-23,TSLA,132515.74128102054
2014-09-24,TSLA,133792.91486251095
2014-09-25,TSLA,131227.99575974065
2014-09-26,TSLA,131726.62815408764
2014-09-29,TSLA,130788.13703473237
2014-09-30,TSLA,130143.8587652003
2014-10-01,TSLA,128409.76637663809
2014-10-02,TSLA,134144.6812664222
2014-10-03,TSLA,137449.2701198799
2014-10-06,TSLA,139353.1451341445
2014-10-07,TSLA,138878.65666746334
2014-10-08,TSLA,138722.95560718316
2014-10-09,TSLA,137102.8937545171
2014-10-10,TSLA,126697.87290848921
2014-10-13,TSLA,120109.48740087461
2014-10-14,TSLA,122070.88008348459
2014-10-15,TSLA,124072.68728948526
2014-10-16,TSLA,122014.35286163677
2014-10-17,TSLA,122427.29010249686
2014-10-20,TSLA,124356.81624561924
2014-10-21,TSLA,126330.9196582816
2014-10-22,TSLA,124055.41189296573
2014-10-23,TSLA,126506.9894660991
2014-10-24,TSLA,126210.24308284366
2014-10-27,TSLA,119290.07235283435
2014-10-28,TSLA,129843.64581920332
2014-10-29,TSLA,126866.91628789266
2014-10-30,TSLA,127816.7401247819
2014-10-31,TSLA,130392.61155621395
2014-11-03,TSLA,131395.61806373452
2014-11-04,TSLA,130293.51666641547
2014-11-05,TSLA,125731.47703563671
2014-11-06,TSLA,131853.38377433323
2014-11-07,TSLA,130560.29127739607
2014-11-10,TSLA,131327.5356327482
2014-11-11,TSLA,136294.44538943568
2014-11-12,TSLA,134492.58636442258
2014-11-13,TSLA,136690.94696015463
2014-11-14,TSLA,139788.18799248696
2014-11-17,TSLA,137418.75288431655
2014-11-18,TSLA,139394.50704114157
2014-11-19,TSLA,134540.38617365397
2014-11-20,TSLA,134615.2294785586
2014-11-21,TSLA,130545.44175708079
2014-11-24,TSLA,133183.71849500935
2014-11-25,TSLA,133673.71677967085
2014-11-26,TSLA,133565.65763135438
2014-11-28,TSLA,133692.30559437198
2014-12-01,TSLA,125730.71625789216
2014-12-02,TSLA,126236.84159530787
2014-12-03,TSLA,124636.14368938451
2014-12-04,TSLA,124223.7232032188
2014-12-05,TSLA,122271.7828252271
2014-12-08,TSLA,117664.26160419316
2014-12-09,TSLA,118533.565011688
2014-12-10,TSLA,115283.04879527973
2014-12-11,TSLA,115285.34548281036
2014-12-12,TSLA,114297.52582158614
2014-12-15,TSLA,113542.05916697708
2014-12-16,TSLA,110027.38082165431
2014-12-17,TSLA,114522.17057067661
2014-12-18,TSLA,121079.08428197294
2014-12-19,TSLA,122017.15194956474
2014-12-22,TSLA,124008.29391284501
2014-12-23,TSLA,122930.79578069792
2014-12-24,TSLA,123605.91425747733
2014-12-26,TSLA,126698.28918310413
2014-12-29,TSLA,125621.76714315754
2014-12-30,TSLA,123334.02951674107
2014-12-31,TSLA,123455.21566972484
2015-01-02,TSLA,123067.69271182097
2015-01-05,TSLA,118486.62646028057
2015-01-06,TSLA,119329.33853245972
2015-01-07,TSLA,119617.35032595019
2015-01-08,TSLA,119037.19987856265
2015-01-09,TSLA,117244.06826616598
2015-01-12,TSLA,115426.31185715177
2015-01-13,TSLA,116766.701762923
2015-01-14,TSLA,110249.95137481869
2015-01-15,TSLA,109541.79648334076
2015-01-16,TSLA,110725.7460825329
2015-01-20,TSLA,110981.10902734565
2015-01-21,TSLA,116382.8893908108
2015-01-22,TSLA,119343.29090920836
2015-01-23,TSLA,119456.15874704212
2015-01-26,TSLA,122657.08804423419
2015-01-27,TSLA,122249.61261340792
2015-01-28,TSLA,118774.61672232546
2015-01-29,TSLA,124143.08076229929
2015-01-30,TSLA,123885.95223894736
2015-02-02,TSLA,126949.86259349133
2015-02-03,TSLA,130140.16971085421
2015-02-04,TSLA,131236.67293231733
2015-02-05,TSLA,131348.70822092125
2015-02-06,TSLA,130241.58999677746
2015-02-09,TSLA,129533.04753927875
2015-02-10,TSLA,129651.59250160231
2015-02-11,TSLA,128649.63385776756
2015-02-12,TSLA,120972.4820948087
2015-02-13,TSLA,121377.01489473635
2015-02-17,TSLA,121272.12804607156
2015-02-18,TSLA,121846.71620334583
2015-02-19,TSLA,126481.02254270583
2015-02-20,TSLA,129914.88619554428
2015-02-23,TSLA,124803.12722715891
2015-02-24,TSLA,123082.92979815706
2015-02-25,TSLA,121078.2804413372
2015-02-26,TSLA,123820.61147870072
2015-02-27,TSLA,121694.61807162937
2015-03-02,TSLA,118346.98785841781
2015-03-03,TSLA,118897.6545796308
2015-03-04,TSLA,120491.06767979296
2015-03-05,TSLA,119822.84644275399
2015-03-06,TSLA,117034.58883192624
2015-03-09,TSLA,115059.2581268647
2015-03-10,TSLA,115040.71955220333
2015-03-11,TSLA,118322.34153035466
2015-03-12,TSLA,114573.32928542155
2015-03-13,TSLA,115584.46032508177
2015-03-16,TSLA,119529.04269039718
2015-03-17,TSLA,118973.55292536986
2015-03-18,TSLA,122646.64529311832
2015-03-19,TSLA,119301.3045902889
2015-03-20,TSLA,119370.8726910216
2015-03-23,TSLA,119550.97605631477
2015-03-24,TSLA,120754.03840205094
2015-03-25,TSLA,116330.5536237064
2015-03-26,TSLA,113612.92633159431
2015-03-27,TSLA,111355.54804347342
2015-03-30,TSLA,115702.76844150372
2015-03-31,TSLA,114555.72374006952
2015-04-01,TSLA,113202.0561095118
2015-04-02,TSLA,115012.78609011196
2015-04-06,TSLA,121006.78168764905
2015-04-07,TSLA,121446.25284663653
2015-04-08,TSLA,124286.32946987427
2015-04-09,TSLA,126458.11308458773
2015-04-10,TSLA,127097.037201314
2015-04-13,TSLA,126492.03946570435
2015-04-14,TSLA,123862.84899781887
2015-04-15,TSLA,123098.69081633603
2015-04-16,TSLA,120718.69094552472
2015-04-17,TSLA,120998.8222299257
2015-04-20,TSLA,119864.17964115691
2015-04-21,TSLA,122983.04542201993
2015-04-22,TSLA,128620.90373218899
2015-04-23,TSLA,127051.23263937484
2015-04-24,TSLA,127151.28926707676
2015-04-27,TSLA,134113.0946357274
2015-04-28,TSLA,132566.4334811108
2015-04-29,TSLA,132954.91817691815
2015-04-30,TSLA,131078.65365306093
2015-05-01,TSLA,131856.84315992624
2015-05-04,TSLA,133576.3300512233
2015-05-05,TSLA,134199.18453238363
2015-05-06,TSLA,132405.65817681764
2015-05-07,TSLA,137539.10648807048
2015-05-08,TSLA,136851.07632107977
2015-05-11,TSLA,138711.62288964918
2015-05-12,TSLA,140370.59206451394
2015-05-13,TSLA,139056.9729227717
2015-05-14,TSLA,140061.63017445494
2015-05-15,TSLA,142995.70591203257
2015-05-18,TSLA,142943.987379702
2015-05-19,TSLA,144395.9317051254
2015-05-20,TSLA,142777.51341947346
2015-05-21,TSLA,143390.60697862858
2015-05-22,TSLA,145653.0595107625
2015-05-26,TSLA,147175.64133205006
2015-05-27,TSLA,147808.93856432626
2015-05-28,TSLA,150114.1453702727
2015-05-29,TSLA,149582.3976125933
2015-06-01,TSLA,149791.755035308
2015-06-02,TSLA,147622.37576535315
2015-06-03,TSLA,148157.08050822825
2015-06-04,TSLA,146813.3604055376
2015-06-05,TSLA,148878.13991276894
2015-06-08,TSLA,152488.86285976355
2015-06-09,TSLA,150871.22688330172
2015-06-10,TSLA,147147.37054397762
2015-06-11,TSLA,148130.07289829766
2015-06-12,TSLA,147585.90149650723
2015-06-15,TSLA,147630.72996624588
2015-06-16,TSLA,149331.37684264316
2015-06-17,TSLA,153358.08014147595
2015-06-18,TSLA,152988.52158635078
2015-06-19,TSLA,154230.53431717685
2015-06-22,TSLA,152743.75928992164
2015-06-23,TSLA,157876.89898378754
2015-06-24,TSLA,157518.57984326544
2015-06-25,TSLA,158794.12421203882
2015-06-26,TSLA,157943.4526821363
2015-06-29,TSLA,155233.670013371
2015-06-30,TSLA,160111.43240812712
2015-07-01,TSLA,160642.32608513103
2015-07-02,TSLA,168363.05031683523
2015-07-06,TSLA,168985.71101498517
2015-07-07,TSLA,163294.36859394636
2015-07-08,TSLA,155198.4086826272
2015-07-09,TSLA,157087.211684972
2015-07-10,TSLA,157662.74722585265
2015-07-13,TSLA,160082.92477415307
2015-07-14,TSLA,162036.38670763382
2015-07-15,TSLA,162885.3213675913
2015-07-16,TSLA,165102.12005790524
2015-07-17,TSLA,170817.9150239968
2015-07-20,TSLA,175327.82702497864
2015-07-21,TSLA,165438.65655262896
2015-07-22,TSLA,166953.6162421742
2015-07-23,TSLA,166586.85677497703
2015-07-24,TSLA,165852.16078822318
2015-07-27,TSLA,157485.80898306266
2015-07-28,TSLA,163887.23694853482
2015-07-29,TSLA,162750.5129866914
2015-07-30,TSLA,166280.49301268702
2015-07-31,TSLA,166148.7205656167
2015-08-03,TSLA,162303.8503248736
2015-08-04,TSLA,167223.9722502729
2015-08-05,TSLA,170391.74312124142
2015-08-06,TSLA,154888.04724860424
2015-08-07,TSLA,152261.27547977443
2015-08-10,TSLA,150639.92174037237
2015-08-11,TSLA,149330.02036157038
2015-08-12,TSLA,147838.70219929362
2015-08-13,TSLA,151750.72184171373
2015-08-14,TSLA,152151.51534725557
2015-08-17,TSLA,159718.71319468517
2015-08-18,TSLA,163083.28147843518
2015-08-19,TSLA,160785.96953587534
2015-08-20,TSLA,151567.39593672912
2015-08-21,TSLA,145188.99226375157
2015-08-24,TSLA,138371.72748941192
2015-08-25,TSLA,139979.54512668026
2015-08-26,TSLA,143114.25087435613
2015-08-27,TSLA,153434.63160773148
2015-08-28,TSLA,157757.29180348106
2015-08-31,TSLA,157577.66212999108
2015-09-01,TSLA,150476.64161124115
2015-09-02,TSLA,157754.11950382937
2015-09-03,TSLA,155087.2633604414
2015-09-04,TSLA,153645.69719179708
2015-09-08,TSLA,156682.40615340008
2015-09-09,TSLA,157482.75869493603
2015-09-10,TSLA,157162.83012191823
2015-09-11,TSLA,158959.14838826365
2015-09-14,TSLA,160759.73705798635
2015-09-15,TSLA,160916.72282785393
2015-09-16,TSLA,165357.86339159025
2015-09-17,TSLA,165344.67896973467
2015-09-18,TSLA,163944.14455925487
2015-09-21,TSLA,167497.57950665714
2015-09-22,TSLA,165780.71227457473
2015-09-23,TSLA,166319.12042609294
2015-09-24,TSLA,168084.44058792328
2015-09-25,TSLA,163797.79532351354
2015-09-28,TSLA,158819.44519206407
2015-09-29,TSLA,158294.86740576942
2015-09-30,TSLA,159192.48466422787
2015-10-01,TSLA,151987.64669194457
2015-10-02,TSLA,156528.6644546695
2015-10-05,TSLA,154111.2142228117
2015-10-06,TSLA,150839.5110639333
2015-10-07,TSLA,144683.20425231697
2015-10-08,TSLA,141219.84251900687
2015-10-09,TSLA,136703.58591872166
2015-10-12,TSLA,133537.9610151646
2015-10-13,TSLA,136231.22906515485
2015-10-14,TSLA,134717.11627913654
2015-10-15,TSLA,136642.58733333764
2015-10-16,TSLA,140476.90716573686
2015-10-19,TSLA,141861.14227189764
2015-10-20,TSLA,132243.8063002445
2015-10-21,TSLA,131846.15638576026
2015-10-22,TSLA,132585.7543649623
2015-10-23,TSLA,131778.51893798297
2015-10-26,TSLA,135276.3955785894
2015-10-27,TSLA,133267.10260666857
2015-10-28,TSLA,133973.03258210118
2015-10-29,TSLA,133359.7308856386
2015-10-30,TSLA,129535.98299302883
2015-11-02,TSLA,133953.66145820997
2015-11-03,TSLA,130654.49135189487
2015-11-04,TSLA,145895.99163431567
2015-11-05,TSLA,146017.1275472597
2015-11-06,TSLA,147957.08926434943
2015-11-09,TSLA,143124.57879109544
2015-11-10,TSLA,137349.89532128864
2015-11-11,TSLA,138986.67993003715
2015-11-12,TSLA,135580.76409358715
2015-11-13,TSLA,132167.85053731722
2015-11-16,TSLA,136924.43395623806
2015-11-17,TSLA,136430.0647881198
2015-11-18,TSLA,141243.77830936524
2015-11-19,TSLA,140797.81900810372
2015-11-20,TSLA,140408.31515720466
2015-11-23,TSLA,139164.5942650277
2015-11-24,TSLA,138972.13184996028
2015-11-25,TSLA,146147.55786755434
2015-11-27,TSLA,148055.78223383008
2015-11-30,TSLA,146895.33061893575
2015-12-01,TSLA,151758.95403108135
2015-12-02,TSLA,148298.3770314022
2015-12-03,TSLA,149137.21344337336
2015-12-04,TSLA,147324.63175845164
2015-12-07,TSLA,149385.6863255942
2015-12-08,TSLA,147457.4736006534
2015-12-09,TSLA,146047.76679434814
2015-12-10,TSLA,147749.97111197715
2015-12-11,TSLA,142217.87526259394
2015-12-14,TSLA,143627.14426283867
2015-12-15,TSLA,145223.22008510662
2015-12-16,TSLA,154902.5092028987
2015-12-17,TSLA,156004.95510334734
2015-12-18,TSLA,153076.41294728886
2015-12-21,TSLA,155673.04069227903
2015-12-22,TSLA,153254.779442637
2015-12-23,TSLA,152329.47992228583
2015-12-24,TSLA,152740.95302484513
2015-12-28,TSLA,151667.7827132636
2015-12-29,TSLA,157183.7873956353
2015-12-30,TSLA,158167.53761364118
2015-12-31,TSLA,158937.73177704043
2016-01-04,TSLA,149323.6542308214
2016-01-05,TSLA,149593.2566383241
2016-01-06,TSLA,147608.416211456
2016-01-07,TSLA,145086.6174170734
2016-01-08,TSLA,142866.78997007848
2016-01-11,TSLA,141270.98687945475
2016-01-12,TSLA,143575.5692734788
2016-01-13,TSLA,136998.90404941898
2016-01-14,TSLA,141792.60768055372
2016-01-15,TSLA,142494.8557787888
2016-01-19,TSLA,142170.03239047132
2016-01-20,TSLA,138702.78064265623
2016-01-21,TSLA,136278.05278218572
2016-01-22,TSLA,137144.68629042618
2016-01-25,TSLA,133909.2349087892
2016-01-26,TSLA,130233.70231053942
2016-01-27,TSLA,126368.86524257684
2016-01-28,TSLA,127736.74362723039
2016-01-29,TSLA,128750.19288586683
2016-02-01,TSLA,131979.8523086375
2016-02-02,TSLA,122787.81262761867
2016-02-03,TSLA,114929.93308744422
2016-02-04,TSLA,115149.5251239673
2016-02-05,TSLA,107955.68254323694
2016-02-08,TSLA,98600.92972782099
2016-02-09,TSLA,98030.9636542021
2016-02-10,TSLA,96019.8405094053
2016-02-11,TSLA,100290.6099212595
2016-02-12,TSLA,99983.97342732527
2016-02-16,TSLA,102904.1900910852
2016-02-17,TSLA,110442.4568527773
2016-02-18,TSLA,109487.45829179558
2016-02-19,TSLA,110000.02870859414
2016-02-22,TSLA,116382.96833944466
2016-02-23,TSLA,116943.51799418795
2016-02-24,TSLA,117901.75344915816
2016-02-25,TSLA,121741.44896580878
2016-02-26,TSLA,123376.58283039465
2016-02-29,TSLA,124186.80395116379
2016-03-01,TSLA,119541.99744349968
2016-03-02,TSLA,121368.60327665538
2016-03-03,TSLA,125565.62748733054
2016-03-04,TSLA,128292.82909558598
2016-03-07,TSLA,130651.01043485623
2016-03-08,TSLA,129792.42251012157
2016-03-09,TSLA,132185.11157953966
2016-03-10,TSLA,131288.17615019187
2016-03-11,TSLA,131203.34225452895
2016-03-14,TSLA,136843.45418933747
2016-03-15,TSLA,139562.23700236343
2016-03-16,TSLA,141888.49438495786
2016-03-17,TSLA,140639.47675716333
2016-03-18,TSLA,144568.37705293362
2016-03-21,TSLA,149026.5059272481
2016-03-22,TSLA,146273.45940712446
2016-03-23,TSLA,140611.36386635862
2016-03-24,TSLA,144596.0090747866
2016-03-28,TSLA,145253.73732066996
2016-03-29,TSLA,144841.07998860267
2016-03-30,TSLA,140717.47800742261
2016-03-31,TSLA,142602.60630971834
2016-04-01,TSLA,148319.61421391202
2016-04-04,TSLA,154058.05308362597
2016-04-05,TSLA,160985.03492759334
2016-04-06,TSLA,166074.61650701097
2016-04-07,TSLA,161989.685002128
2016-04-08,TSLA,155488.2865347363
2016-04-11,TSLA,154414.46310263826
2016-04-12,TSLA,151765.19815030528
2016-04-13,TSLA,155789.77701317222
2016-04-14,TSLA,154685.80238008598
2016-04-15,TSLA,156580.64854149576
2016-04-18,TSLA,155670.71529615426
2016-04-19,TSLA,149797.05894807406
2016-04-20,TSLA,151025.27002227068
2016-04-21,TSLA,150996.31022793904
2016-04-22,TSLA,153879.68658827784
2016-04-25,TSLA,152781.2814224534
2016-04-26,TSLA,153144.86141285038
2016-04-27,TSLA,152027.78130654246
2016-04-28,TSLA,148675.79456417123
2016-04-29,TSLA,144562.2908309774
2016-05-02,TSLA,145174.88198973524
2016-05-03,TSLA,141017.16702157666
2016-05-04,TSLA,137201.07714645186
2016-05-05,TSLA,130087.97748672048
2016-05-06,TSLA,132878.53896222738
2016-05-09,TSLA,129892.34277200137
2016-05-10,TSLA,129400.1698113343
2016-05-11,TSLA,128337.80110829529
2016-05-12,TSLA,127474.34707685505
2016-05-13,TSLA,128541.76849246149
2016-05-16,TSLA,128434.2691617306
2016-05-17,TSLA,126176.38129606382
2016-05-18,TSLA,130624.37603664938
2016-05-19,TSLA,135058.9997495175
2016-05-20,TSLA,138451.57326684424
2016-05-23,TSLA,135900.384049218
2016-05-24,TSLA,136774.28800892262
2016-05-25,TSLA,137528.93646859887
2016-05-26,TSLA,139824.3823525401
2016-05-27,TSLA,138766.94435054343
2016-05-31,TSLA,139921.5250579375
2016-06-01,TSLA,137526.28810079012
2016-06-02,TSLA,137035.22042099715
2016-06-03,TSLA,135670.88754771906
2016-06-06,TSLA,135746.77153916104
2016-06-07,TSLA,142174.04441650142
2016-06-08,TSLA,143060.66628340693
2016-06-09,TSLA,139714.60786572416
2016-06-10,TSLA,133327.9504719334
2016-06-13,TSLA,133351.39103904297
2016-06-14,TSLA,132006.09914082356
2016-06-15,TSLA,134517.53413272413
2016-06-16,TSLA,135984.55764721587
2016-06-17,TSLA,132774.61385146604
2016-06-20,TSLA,134629.16032386164
2016-06-21,TSLA,134689.59191451155
2016-06-22,TSLA,120632.91684340395
2016-06-23,TSLA,119833.80594856424
2016-06-24,TSLA,119699.77987685447
2016-06-27,TSLA,124243.30246441749
2016-06-28,TSLA,126386.5999766025
2016-06-29,TSLA,130633.43359809833
2016-06-30,TSLA,132133.72319604165
2016-07-01,TSLA,134760.15046174184
2016-07-05,TSLA,132577.270975396
2016-07-06,TSLA,133437.17231831225
2016-07-07,TSLA,134153.58093060344
2016-07-08,TSLA,135598.58495339518
2016-07-11,TSLA,141183.1457585564
2016-07-12,TSLA,139908.98657944996
2016-07-13,TSLA,138045.03086532725
2016-07-14,TSLA,136895.32344178722
2016-07-15,TSLA,136810.5326090155
2016-07-18,TSLA,140558.40368733183
2016-07-19,TSLA,140428.3752873551
2016-07-20,TSLA,142481.44168818017
2016-07-21,TSLA,137756.68174585572
2016-07-22,TSLA,140149.3277523826
2016-07-25,TSLA,145546.93819254998
2016-07-26,TSLA,145055.15997505223
2016-07-27,TSLA,144530.75444032237
2016-07-28,TSLA,145319.73120143314
2016-07-29,TSLA,146504.87938443033
2016-08-01,TSLA,143521.93444248987
2016-08-02,TSLA,142290.6730801666
2016-08-03,TSLA,141178.96148096153
2016-08-04,TSLA,143719.7797189572
2016-08-05,TSLA,145063.98786774813
2016-08-08,TSLA,142450.30721784296
2016-08-09,TSLA,143774.6633737909
2016-08-10,TSLA,141006.2075157664
2016-08-11,TSLA,139973.7459906654
2016-08-12,TSLA,139740.41689184972
2016-08-15,TSLA,139479.14715379407
2016-08-16,TSLA,137612.9880550717
2016-08-17,TSLA,137631.5768697728
2016-08-18,TSLA,136621.64441391765
2016-08-19,TSLA,138640.9782166365
2016-08-22,TSLA,138048.1457477907
2016-08-23,TSLA,138800.2750283318
2016-08-24,TSLA,137834.56816173848
2016-08-25,TSLA,136775.6875528866
2016-08-26,TSLA,136280.19874959718
2016-08-29,TSLA,134054.5578122903
2016-08-30,TSLA,132225.82036602023
2016-08-31,TSLA,133132.24398572894
2016-09-01,TSLA,125911.05646908695
2016-09-02,TSLA,123013.2468630478
2016-09-06,TSLA,124634.09820205251
2016-09-07,TSLA,124448.31053512101
2016-09-08,TSLA,121902.13814431954
2016-09-09,TSLA,121271.51798844623
2016-09-12,TSLA,124077.06535009055
2016-09-13,TSLA,123513.4797615177
2016-09-14,TSLA,123947.0369501138
2016-09-15,TSLA,125939.44209153592
2016-09-16,TSLA,129855.83979456128
2016-09-19,TSLA,130134.50694066148
2016-09-20,TSLA,129522.8703426586
2016-09-21,TSLA,129476.92223774877
2016-09-22,TSLA,128788.70546489621
2016-09-23,TSLA,130675.74288870179
2016-09-26,TSLA,131966.11524634485
2016-09-27,TSLA,130460.34230692213
2016-09-28,TSLA,130692.07807876346
2016-09-29,TSLA,125809.2270856973
2016-09-30,TSLA,128052.83960293143
2016-10-03,TSLA,134326.72246181936
2016-10-04,TSLA,133220.78129003503
2016-10-05,TSLA,131441.30779129712
2016-10-06,TSLA,127045.57704633064
2016-10-07,TSLA,125154.77161954509
2016-10-10,TSLA,127918.10299351689
2016-10-11,TSLA,126754.37142174288
2016-10-12,TSLA,128013.93228073273
2016-10-13,TSLA,126651.12096294365
2016-10-14,TSLA,123813.0037012555
2016-10-17,TSLA,121927.93999329655
2016-10-18,TSLA,124834.52725199184
2016-10-19,TSLA,127660.77351000602
2016-10-20,TSLA,125730.01289733592
2016-10-21,TSLA,127561.49201434567
2016-10-24,TSLA,129884.5770972884
2016-10-25,TSLA,129092.73665391289
2016-10-26,TSLA,129281.1655115046
2016-10-27,TSLA,130666.42694990565
2016-10-28,TSLA,128068.64368400164
2016-10-31,TSLA,126804.67605581238
2016-11-01,TSLA,122134.6203396083
2016-11-02,TSLA,120460.99542743867
2016-11-03,TSLA,120040.71596362907
2016-11-04,TSLA,122288.59888424049
2016-11-07,TSLA,123721.41610882278
2016-11-08,TSLA,124399.82889677896
2016-11-09,TSLA,121931.67928768236
2016-11-10,TSLA,119504.20975647216
2016-11-11,TSLA,121573.84819326052
2016-11-14,TSLA,117918.669988251
2016-11-15,TSLA,118423.31683306885
2016-11-16,TSLA,118069.11019865629
2016-11-17,TSLA,121222.44064677593
2016-11-18,TSLA,119680.96857054884
2016-11-21,TSLA,118748.6569760807
2016-11-22,TSLA,122973.08353985577
2016-11-23,TSLA,124480.26320039101
2016-11-25,TSLA,127156.49269976337
2016-11-28,TSLA,125753.72619608976
2016-11-29,TSLA,121861.90304964218
2016-11-30,TSLA,121671.37846467874
2016-12-01,TSLA,116013.1298755267
2016-12-02,TSLA,115465.39143091528
2016-12-05,TSLA,118624.05450039511
2016-12-06,TSLA,118101.12028111453
2016-12-07,TSLA,122465.65913855557
2016-12-08,TSLA,121641.16266935378
2016-12-09,TSLA,121047.75602862534
2016-12-12,TSLA,120984.56123579014
2016-12-13,TSLA,124390.89334685508
2016-12-14,TSLA,124758.40641464829
2016-12-15,TSLA,126651.75255201459
2016-12-16,TSLA,129227.18617738609
2016-12-19,TSLA,129952.65952827473
2016-12-20,TSLA,133647.405353148
2016-12-21,TSLA,133178.90262834355
2016-12-22,TSLA,134328.05741144656
2016-12-23,TSLA,138163.15237588735
2016-12-27,TSLA,142171.26686001904
2016-12-28,TSLA,142528.05726790358
2016-12-29,TSLA,138528.49794482352
2016-12-30,TSLA,137285.2435673012
2017-01-03,TSLA,139488.39132110492
2017-01-04,TSLA,144613.72945451518
2017-01-05,TSLA,143690.51130723866
2017-01-06,TSLA,144793.3017108169
2017-01-09,TSLA,146516.88675392643
2017-01-10,TSLA,145326.6786812133
2017-01-11,TSLA,145644.23879521512
2017-01-12,TSLA,143973.9153713708
2017-01-13,TSLA,149489.13056740383
2017-01-17,TSLA,147177.5504535599
2017-01-18,TSLA,149393.98310929866
2017-01-19,TSLA,155157.7931990776
2017-01-20,TSLA,156395.1982005453
2017-01-23,TSLA,158299.30288356295
2017-01-24,TSLA,160492.15142922147
2017-01-25,TSLA,159357.09256583778
2017-01-26,TSLA,158310.5997153543
2017-01-27,TSLA,158834.7971127767
2017-01-30,TSLA,157257.57565970556
2017-01-31,TSLA,157066.69939446397
2017-02-01,TSLA,155914.63786620504
2017-02-02,TSLA,156655.05404033986
2017-02-03,TSLA,156524.2648626186
2017-02-06,TSLA,161559.32882177774
2017-02-07,TSLA,162214.68860864517
2017-02-08,TSLA,164987.64453880003
2017-02-09,TSLA,169083.80828113752
2017-02-10,TSLA,168548.7231493902
2017-02-13,TSLA,175639.93250609518
2017-02-14,TSLA,175716.14664636969
2017-02-15,TSLA,175194.4540737854
2017-02-16,TSLA,167999.92966394438
2017-02-17,TSLA,170661.30246585293
2017-02-21,TSLA,174506.6392212507
2017-02-22,TSLA,172497.27447784448
2017-02-23,TSLA,160578.11931435263
2017-02-24,TSLA,161026.90641213628
2017-02-27,TSLA,154549.781061084
2017-02-28,TSLA,158477.05932128578
2017-03-01,TSLA,159560.77286406263
2017-03-02,TSLA,160441.92574378583
2017-03-03,TSLA,161356.13656965314
2017-03-06,TSLA,161113.2116232485
2017-03-07,TSLA,159588.14650856843
2017-03-08,TSLA,159142.62501336745
2017-03-09,TSLA,158344.18877048985
2017-03-10,TSLA,156990.17663680256
2017-03-13,TSLA,158387.28754743197
2017-03-14,TSLA,166455.87381424534
2017-03-15,TSLA,164306.41830861883
2017-03-16,TSLA,166999.99497599603
2017-03-17,TSLA,166874.38769951576
2017-03-20,TSLA,167405.58999390661
2017-03-21,TSLA,159730.0961522589
2017-03-22,TSLA,163014.1081208718
2017-03-23,TSLA,162573.86900699127
2017-03-24,TSLA,168399.9193288505
2017-03-27,TSLA,172905.10158894892
2017-03-28,TSLA,177544.61853814404
2017-03-29,TSLA,177366.78315178736
2017-03-30,TSLA,176914.20651957818
2017-03-31,TSLA,177235.6781795306
2017-04-03,TSLA,191169.81061658164
2017-04-04,TSLA,195069.98078677338
2017-04-05,TSLA,189269.14378771142
2017-04-06,TSLA,191771.0116406172
2017-04-07,TSLA,193903.4214184773
2017-04-10,TSLA,199529.22929625903
2017-04-11,TSLA,196927.9579361679
2017-04-12,TSLA,188900.89147361933
2017-04-13,TSLA,193094.3199328793
2017-04-17,TSLA,191669.87126348674
2017-04-18,TSLA,192177.76935659017
2017-04-19,TSLA,196763.88114354943
2017-04-20,TSLA,195143.46761060524
2017-04-21,TSLA,197487.70375027542
2017-04-24,TSLA,198851.706474721
2017-04-25,TSLA,204071.5461228685
2017-04-26,TSLA,201732.45599869662
2017-04-27,TSLA,201188.31330550034
2017-04-28,TSLA,205305.89365906102
2017-05-01,TSLA,211001.36294050646
2017-05-02,TSLA,209341.34590195585
2017-05-03,TSLA,204086.29516310428
2017-05-04,TSLA,194285.40361771348
2017-05-05,TSLA,202304.7761770344
2017-05-08,TSLA,201440.17380182887
2017-05-09,TSLA,211020.14553821794
2017-05-10,TSLA,212749.8670433234
2017-05-11,TSLA,211904.43483185017
2017-05-12,TSLA,213134.72727912146
2017-05-15,TSLA,206172.01041260708
2017-05-16,TSLA,206226.65004439064
2017-05-17,TSLA,199327.78826837652
2017-05-18,TSLA,203882.04787014527
2017-05-19,TSLA,201432.9679447015
2017-05-22,TSLA,201121.90315012223
2017-05-23,TSLA,196130.64132846147
2017-05-24,TSLA,199790.49903431465
2017-05-25,TSLA,203941.74021449627
2017-05-26,TSLA,209337.51330463908
2017-05-30,TSLA,215958.57636952554
2017-05-31,TSLA,220273.14791887812
2017-06-01,TSLA,219859.42119167937
2017-06-02,TSLA,219589.2230808484
2017-06-05,TSLA,224066.85944487626
2017-06-06,TSLA,227230.474746844
2017-06-07,TSLA,232176.19038391285
2017-06-08,TSLA,239052.48002778992
2017-06-09,TSLA,230004.60772935837
2017-06-12,TSLA,230440.016622276
2017-06-13,TSLA,238129.1542232854
2017-06-14,TSLA,240584.3060163883
2017-06-15,TSLA,238551.56530020933
2017-06-16,TSLA,235140.84077424204
2017-06-19,TSLA,233915.20629636882
2017-06-20,TSLA,236296.03871641002
2017-06-21,TSLA,239710.89010278395
2017-06-22,TSLA,242402.56482579984
2017-06-23,TSLA,243430.1171813041
2017-06-26,TSLA,239104.91627497377
2017-06-27,TSLA,228660.8660952221
2017-06-28,TSLA,231984.0007004897
2017-06-29,TSLA,224652.4645251491
2017-06-30,TSLA,224530.2233313309
2017-07-03,TSLA,218873.9628123226
2017-07-05,TSLA,203174.6609335604
2017-07-06,TSLA,191300.65721149117
2017-07-07,TSLA,193135.13637658785
2017-07-10,TSLA,194895.58325456412
2017-07-11,TSLA,202285.0031328253
2017-07-12,TSLA,201719.92469735758
2017-07-13,TSLA,197190.72052111838
2017-07-14,TSLA,198741.3721703195
2017-07-17,TSLA,193717.87059744736
2017-07-18,TSLA,198329.54738748205
2017-07-19,TSLA,196015.0892370763
2017-07-20,TSLA,198665.83985915565
2017-07-21,TSLA,197184.27544173555
2017-07-24,TSLA,205056.7102391354
2017-07-25,TSLA,203227.04694070455
2017-07-26,TSLA,205737.17569157208
2017-07-27,TSLA,200358.85742666209
2017-07-28,TSLA,199554.2201274518
2017-07-31,TSLA,193234.159494901
2017-08-01,TSLA,191347.81825450313
2017-08-02,TSLA,195848.99566572
2017-08-03,TSLA,208879.09447352384
2017-08-04,TSLA,215823.00721088113
2017-08-07,TSLA,214770.8300587593
2017-08-08,TSLA,221442.20493486378
2017-08-09,TSLA,220991.21445248046
2017-08-10,TSLA,216150.9813674047
2017-08-11,TSLA,217208.31171217337
2017-08-14,TSLA,221155.34866228717
2017-08-15,TSLA,221128.55636681258
2017-08-16,TSLA,220510.43162653563
2017-08-17,TSLA,212956.80576698238
2017-08-18,TSLA,209244.0955393304
2017-08-21,TSLA,203285.0526551502
2017-08-22,TSLA,205009.5779047176
2017-08-23,TSLA,212070.49251746378
2017-08-24,TSLA,211575.93674348367
2017-08-25,TSLA,208033.68379349622
2017-08-28,TSLA,206440.06255602662
2017-08-29,TSLA,208003.53259250804
2017-08-30,TSLA,213009.52192295904
2017-08-31,TSLA,213475.6059487078
2017-09-01,TSLA,210692.3651647048
2017-09-05,TSLA,206930.4914696001
2017-09-06,TSLA,202171.76208326785
2017-09-07,TSLA,203793.23065704643
2017-09-08,TSLA,199339.21428884147
2017-09-11,TSLA,211047.99287452694
2017-09-12,TSLA,211040.2774398537
2017-09-13,TSLA,213555.52349762543
2017-09-14,TSLA,220407.97065407506
2017-09-15,TSLA,221384.0054374077
2017-09-18,TSLA,225440.74510285215
2017-09-19,TSLA,220343.67058036575
2017-09-20,TSLA,219572.47879332036
2017-09-21,TSLA,216366.94894391845
2017-09-22,TSLA,206911.23518008544
2017-09-25,TSLA,203712.1360557693
2017-09-26,TSLA,204345.318453669
2017-09-27,TSLA,202496.7146602589
2017-09-28,TSLA,202300.85027678675
2017-09-29,TSLA,203636.56068171427
2017-10-02,TSLA,204349.63191993747
2017-10-03,TSLA,208220.7418157181
2017-10-04,TSLA,211972.9478917485
2017-10-05,TSLA,213223.35788635846
2017-10-06,TSLA,214258.0945675445
2017-10-09,TSLA,205915.27663242447
2017-10-10,TSLA,212693.87093046706
2017-10-11,TSLA,212050.80559903712
2017-10-12,TSLA,212254.16292557798
2017-10-13,TSLA,212444.02003572785
2017-10-16,TSLA,210178.54592406144
2017-10-17,TSLA,213589.89486195112
2017-10-18,TSLA,214864.5062014152
2017-10-19,TSLA,210045.71843615675
2017-10-20,TSLA,208070.86860004693
2017-10-23,TSLA,203892.30401539928
2017-10-24,TSLA,204440.69558052722
2017-10-25,TSLA,199108.88523811265
2017-10-26,TSLA,200246.9297952862
2017-10-27,TSLA,197652.64180071786
2017-10-30,TSLA,196599.96224819872
2017-10-31,TSLA,204520.8069124553
2017-11-01,TSLA,197950.9886880962
2017-11-02,TSLA,183597.11507337555
2017-11-03,TSLA,186937.5753152024
2017-11-06,TSLA,184654.99088143278
2017-11-07,TSLA,187220.3621445607
2017-11-08,TSLA,185340.55928647658
2017-11-09,TSLA,184000.2124435966
2017-11-10,TSLA,183869.73188326223
2017-11-13,TSLA,191401.37413685818
2017-11-14,TSLA,188073.68921942048
2017-11-15,TSLA,190253.2169774013
2017-11-16,TSLA,190567.94211773248
2017-11-17,TSLA,192695.8015834225
2017-11-20,TSLA,188984.71339133906
2017-11-21,TSLA,194307.88962406814
2017-11-22,TSLA,190389.9129483654
2017-11-24,TSLA,191869.85533021702
2017-11-27,TSLA,193045.27847695164
2017-11-28,TSLA,194626.6267904294
2017-11-29,TSLA,189133.07940581822
2017-11-30,TSLA,190517.60159792035
2017-12-01,TSLA,186692.65512150552
2017-12-04,TSLA,185386.7227058424
2017-12-05,TSLA,184257.6136985928
2017-12-06,TSLA,191217.98363753676
2017-12-07,TSLA,191271.8983773185
2017-12-08,TSLA,193906.37122652444
2017-12-11,TSLA,202284.91700704294
2017-12-12,TSLA,210022.0625545912
2017-12-13,TSLA,208482.45653698276
2017-12-14,TSLA,207021.56948448694
2017-12-15,TSLA,210892.09803123638
2017-12-18,TSLA,208557.60845927434
2017-12-19,TSLA,204076.8213270404
2017-12-20,TSLA,202144.91954775352
2017-12-21,TSLA,202078.10747205754
2017-12-22,TSLA,198530.78027805706
2017-12-26,TSLA,193702.12393356542
2017-12-27,TSLA,188493.03565392076
2017-12-28,TSLA,189943.31488088446
2017-12-29,TSLA,186887.7802586788
2018-01-02,TSLA,191968.64160262857
2018-01-03,TSLA,190246.79342946404
2018-01-04,TSLA,188398.97912239263
2018-01-05,TSLA,187875.52814841768
2018-01-08,TSLA,199949.55900010836
2018-01-09,TSLA,198844.1058744243
2018-01-10,TSLA,200178.36649534813
2018-01-11,TSLA,202692.39961501773
2018-01-12,TSLA,201156.38934882448
2018-01-16,TSLA,202070.76524910805
2018-01-17,TSLA,206389.09762429204
2018-01-18,TSLA,205195.25073727258
2018-01-19,TSLA,208659.10769383147
2018-01-22,TSLA,209559.73217752532
2018-01-23,TSLA,210225.39834968644
2018-01-24,TSLA,204243.57519606175
2018-01-25,TSLA,199081.25321625968
2018-01-26,TSLA,202120.9909345437
2018-01-29,TSLA,206292.902302501
2018-01-30,TSLA,203987.72420514873
2018-01-31,TSLA,208402.33802790617
2018-02-01,TSLA,205341.94447614352
2018-02-02,TSLA,203621.98389304327
2018-02-05,TSLA,198972.95004489308
2018-02-06,TSLA,200225.7141442219
2018-02-07,TSLA,207102.36264552563
2018-02-08,TSLA,189819.46600579482
2018-02-09,TSLA,187280.13343754553
2018-02-12,TSLA,190393.0780708686
2018-02-13,TSLA,195127.99367836758
2018-02-14,TSLA,193728.07650266166
2018-02-15,TSLA,199914.73547542508
2018-02-16,TSLA,201297.22653449228
2018-02-20,TSLA,202172.35060944757
2018-02-21,TSLA,202072.34422178537
2018-02-22,TSLA,210595.76074544733
2018-02-23,TSLA,213389.51605205153
2018-02-26,TSLA,216909.49113299185
2018-02-27,TSLA,213955.87919710675
2018-02-28,TSLA,210255.1404532082
2018-03-01,TSLA,203485.62524806018
2018-03-02,TSLA,206703.0978726214
2018-03-05,TSLA,206983.04972830904
2018-03-06,TSLA,202545.04557848175
2018-03-07,TSLA,205854.09861832715
2018-03-08,TSLA,203557.12400174834
2018-03-09,TSLA,201001.13327175338
2018-03-12,TSLA,212103.55764075642
2018-03-13,TSLA,211191.49995944908
2018-03-14,TSLA,202294.7353462364
2018-03-15,TSLA,203028.40500075
2018-03-16,TSLA,201238.7399510949
2018-03-19,TSLA,196225.69548363573
2018-03-20,TSLA,194312.0021301777
2018-03-21,TSLA,196251.7485328114
2018-03-22,TSLA,190905.89251071727
2018-03-23,TSLA,185486.44918471182
2018-03-26,TSLA,187547.02288290265
2018-03-27,TSLA,171905.5042269816
2018-03-28,TSLA,159135.13924744728
2018-03-29,TSLA,164188.2896209102
2018-04-02,TSLA,155936.08318602236
2018-04-03,TSLA,164002.0497936211
2018-04-04,TSLA,175859.6609084404
2018-04-05,TSLA,186886.8400522209
2018-04-06,TSLA,182790.4322868333
2018-04-09,TSLA,176418.54546472395
2018-04-10,TSLA,183959.80509735443
2018-04-11,TSLA,181194.44259034772
2018-04-12,TSLA,177238.50597605272
2018-04-13,TSLA,181026.31070880799
2018-04-16,TSLA,175272.21847814307
2018-04-17,TSLA,172781.64745702862
2018-04-18,TSLA,177051.79245696045
2018-04-19,TSLA,181385.88585032342
2018-04-20,TSLA,176757.29969834443
2018-04-23,TSLA,173997.08320683608
2018-04-24,TSLA,173984.53037405145
2018-04-25,TSLA,172835.59808255298
2018-04-26,TSLA,175689.11750499348
2018-04-27,TSLA,180908.26814688178
2018-04-30,TSLA,180504.99852509596
2018-05-01,TSLA,184647.79220145394
2018-05-02,TSLA,185174.50160086298
2018-05-03,TSLA,175054.93030629915
2018-05-04,TSLA,180973.78833584173
2018-05-07,TSLA,186358.95360045243
2018-05-08,TSLA,187296.33226178505
2018-05-09,TSLA,188752.79101363584
2018-05-10,TSLA,186444.9430170292
2018-05-11,TSLA,184082.0032282814
2018-05-14,TSLA,178468.0807084707
2018-05-15,TSLA,175079.13165115326
2018-05-16,TSLA,175578.35257167998
2018-05-17,TSLA,174279.83415045167
2018-05-18,TSLA,170598.3373417708
2018-05-21,TSLA,175324.87721693146
2018-05-22,TSLA,168245.653698277
2018-05-23,TSLA,171931.55009900875
2018-05-24,TSLA,171378.72305608724
2018-05-25,TSLA,173103.24830565465
2018-05-29,TSLA,176775.50094702473
2018-05-30,TSLA,180017.8567455507
2018-05-31,TSLA,176399.19587227833
2018-06-01,TSLA,181015.38708874042
2018-06-04,TSLA,183556.11202380515
2018-06-05,TSLA,180991.3508183026
2018-06-06,TSLA,197405.245490777
2018-06-07,TSLA,196190.98679332898
2018-06-08,TSLA,197012.84207187055
2018-06-11,TSLA,206461.4576358042
2018-06-12,TSLA,213274.93287571834
2018-06-13,TSLA,214261.62572462283
2018-06-14,TSLA,223398.86787659035
2018-06-15,TSLA,225822.09571301742
2018-06-18,TSLA,234354.1248149193
2018-06-19,TSLA,223948.42931692925
2018-06-20,TSLA,230524.66391207709
2018-06-21,TSLA,221312.22677492676
2018-06-22,TSLA,212441.11329057187
2018-06-25,TSLA,211966.9693270203
2018-06-26,TSLA,217738.03551396634
2018-06-27,TSLA,219346.49191745417
2018-06-28,TSLA,222134.0820534683
2018-06-29,TSLA,216078.05436115843
2018-07-02,TSLA,211113.5130634869
2018-07-03,TSLA,195651.58101816464
2018-07-05,TSLA,194212.11775404055
2018-07-06,TSLA,193693.43958384023
2018-07-09,TSLA,199597.72082471178
2018-07-10,TSLA,202511.32015752405
2018-07-11,TSLA,200703.8342480609
2018-07-12,TSLA,199515.3415138472
2018-07-13,TSLA,200952.35019317296
2018-07-16,TSLA,194920.6889201334
2018-07-17,TSLA,203607.0697783912
2018-07-18,TSLA,204602.1024738913
2018-07-19,TSLA,203096.81040342036
2018-07-20,TSLA,197183.14862941584
2018-07-23,TSLA,190859.16209661734
2018-07-24,TSLA,187241.9079444575
2018-07-25,TSLA,193342.6062092383
2018-07-26,TSLA,191695.68746676084
2018-07-27,TSLA,185733.36462570092
2018-07-30,TSLA,180783.2852823239
2018-07-31,TSLA,185691.41419252416
2018-08-01,TSLA,187157.1458202799
2018-08-02,TSLA,217655.16815700155
2018-08-03,TSLA,216285.02897056006
2018-08-06,TSLA,212445.9722201289
2018-08-07,TSLA,236517.984857652
2018-08-08,TSLA,231279.83630359624
2018-08-09,TSLA,219905.65638253055
2018-08-10,TSLA,223043.46983552127
2018-08-13,TSLA,224013.5619398684
2018-08-14,TSLA,217686.0083642489
2018-08-15,TSLA,212907.8432596886
2018-08-16,TSLA,211095.81421520392
2018-08-17,TSLA,191211.2945351038
2018-08-20,TSLA,192815.301106501
2018-08-21,TSLA,200782.56756747057
2018-08-22,TSLA,200312.9093217523
2018-08-23,TSLA,200073.3648123068
2018-08-24,TSLA,201356.10068391048
2018-08-27,TSLA,198378.61755200382
2018-08-28,TSLA,192744.814330756
2018-08-29,TSLA,188715.1899324702
2018-08-30,TSLA,188275.12307015446
2018-08-31,TSLA,188432.58253182526
2018-09-04,TSLA,182248.4858010882
2018-09-05,TSLA,177110.82450364635
2018-09-06,TSLA,177283.63588602975
2018-09-07,TSLA,165805.76052295574
2018-09-10,TSLA,179812.92762348105
2018-09-11,TSLA,175702.07225809598
2018-09-12,TSLA,180915.8687471785
2018-09-13,TSLA,180007.91639483217
2018-09-14,TSLA,184086.2808088072
2018-09-17,TSLA,183664.27882934967
2018-09-18,TSLA,177141.2986763185
2018-09-19,TSLA,185238.29927417496
2018-09-20,TSLA,184211.3282677019
2018-09-21,TSLA,184843.90060797625
2018-09-24,TSLA,185475.0877585837
2018-09-25,TSLA,186472.77599904113
2018-09-26,TSLA,192194.80073005953
2018-09-27,TSLA,191945.27280700434
2018-09-28,TSLA,163995.03054235558
2018-10-01,TSLA,190332.51011439657
2018-10-02,TSLA,184604.5570586897
2018-10-03,TSLA,181001.3342319123
2018-10-04,TSLA,173955.58493401686
2018-10-05,TSLA,162135.55336891764
2018-10-08,TSLA,155085.93558796277
2018-10-09,TSLA,163026.6322450623
2018-10-10,TSLA,159685.74137432344
2018-10-11,TSLA,157350.2828873094
2018-10-12,TSLA,161350.0575248455
2018-10-15,TSLA,161383.10829384107
2018-10-16,TSLA,171223.55310479857
2018-10-17,TSLA,168974.75868632342
2018-10-18,TSLA,164876.94419982328
2018-10-19,TSLA,163018.56513011095
2018-10-22,TSLA,163627.32369155198
2018-10-23,TSLA,184339.75616355572
2018-10-24,TSLA,179852.645963464
2018-10-25,TSLA,196994.34656010036
2018-10-26,TSLA,207536.20692006306
2018-10-29,TSLA,210189.51978416878
2018-10-30,TSLA,207303.32998160494
2018-10-31,TSLA,212111.50992133128
2018-11-01,TSLA,215598.51318190983
2018-11-02,TSLA,217214.15391107943
2018-11-05,TSLA,213925.6490474847
2018-11-06,TSLA,214267.13059754786
2018-11-07,TSLA,218161.86766629992
2018-11-08,TSLA,220494.73520269344
2018-11-09,TSLA,221478.5930779273
2018-11-12,TSLA,209327.61601681175
2018-11-13,TSLA,214602.66946862545
2018-11-14,TSLA,217842.4127850853
2018-11-15,TSLA,220103.92511076134
2018-11-16,TSLA,222998.8064401989
2018-11-19,TSLA,222943.67876231507
2018-11-20,TSLA,220451.85174020732
2018-11-21,TSLA,214729.81983204035
2018-11-23,TSLA,206227.19550767916
2018-11-26,TSLA,219026.79301318945
2018-11-27,TSLA,218680.67502517384
2018-11-28,TSLA,221408.3359709354
2018-11-29,TSLA,216703.87300466298
2018-11-30,TSLA,223052.75706572327
2018-12-03,TSLA,226263.67695367365
2018-12-04,TSLA,227509.59405330181
2018-12-06,TSLA,232848.53130420987
2018-12-07,TSLA,227782.11756025752
2018-12-10,TSLA,233751.84004145517
2018-12-11,TSLA,235186.74581626066
2018-12-12,TSLA,234101.53224944035
2018-12-13,TSLA,240842.66183213942
2018-12-14,TSLA,234110.97019976156
2018-12-17,TSLA,223375.80769835305
2018-12-18,TSLA,216960.81492215305
2018-12-19,TSLA,214283.17152451965
2018-12-20,TSLA,203641.84306303473
2018-12-21,TSLA,207563.12840421125
2018-12-24,TSLA,192063.4373804556
2018-12-26,TSLA,212023.98459496838
2018-12-27,TSLA,206334.5297639938
2018-12-28,TSLA,217865.64521488742
2018-12-31,TSLA,217231.443661896
2019-01-02,TSLA,201804.1341810981
2019-01-03,TSLA,194029.91866137568
2019-01-04,TSLA,203841.36061511032
2019-01-07,TSLA,213368.45112110648
2019-01-08,TSLA,213295.96192092073
2019-01-09,TSLA,214152.31775246156
2019-01-10,TSLA,218440.48457236035
2019-01-11,TSLA,220306.25610506194
2019-01-14,TSLA,212307.0872188621
2019-01-15,TSLA,218625.91338186522
2019-01-16,TSLA,219356.166713677
2019-01-17,TSLA,220919.29224702882
2019-01-18,TSLA,191772.1743386796
2019-01-22,TSLA,190796.9721045768
2019-01-23,TSLA,183675.57566114096
2019-01-24,TSLA,186220.68583395952
2019-01-25,TSLA,188403.4433087803
2019-01-28,TSLA,188041.54994828865
2019-01-29,TSLA,188812.16756345137
2019-01-30,TSLA,194897.87994209476
2019-01-31,TSLA,193087.8246134567
2019-02-01,TSLA,195619.8795530933
2019-02-04,TSLA,196524.70266867915
2019-02-05,TSLA,201946.0264076003
2019-02-06,TSLA,200200.9027417425
2019-02-07,TSLA,195470.93218958293
2019-02-08,TSLA,194164.48301922542
2019-02-11,TSLA,198993.37620961867
2019-02-12,TSLA,197651.60111418052
2019-02-13,TSLA,195226.93067089832
2019-02-14,TSLA,193281.89470979557
2019-02-15,TSLA,195425.59414229845
2019-02-19,TSLA,193594.60307138893
2019-02-20,TSLA,190645.125173059
2019-02-21,TSLA,183881.63159553034
2019-02-22,TSLA,185754.56592246814
2019-02-25,TSLA,188328.18372926072
2019-02-26,TSLA,188053.54296348768
2019-02-27,TSLA,197958.38115108543
2019-02-28,TSLA,201557.92927781376
2019-03-01,TSLA,187032.75865905028
2019-03-04,TSLA,181827.75417692104
2019-03-05,TSLA,176578.25137388564
2019-03-06,TSLA,177378.0010349448
2019-03-07,TSLA,177840.63285224905
2019-03-08,TSLA,182478.22632563728
2019-03-11,TSLA,186721.06227540012
2019-03-12,TSLA,181380.7398348251
2019-03-13,TSLA,184246.05848945427
2019-03-14,TSLA,184897.87276494622
2019-03-15,TSLA,175829.94751351277
2019-03-18,TSLA,172076.63615660823
2019-03-19,TSLA,170108.2098684357
2019-03-20,TSLA,174334.43071934406
2019-03-21,TSLA,175244.5003305077
2019-03-22,TSLA,169744.59399229605
2019-03-25,TSLA,167219.4147609543
2019-03-26,TSLA,171503.34706321848
2019-03-27,TSLA,176393.7197079475
2019-03-28,TSLA,179026.54181299076
2019-03-29,TSLA,178938.87294365725
2019-04-01,TSLA,184538.8574410164
2019-04-02,TSLA,182528.7319198657
2019-04-03,TSLA,186035.35032738562
2019-04-04,TSLA,171138.50389467966
2019-04-05,TSLA,176109.10270571322
2019-04-08,TSLA,174183.81108022542
2019-04-09,TSLA,173499.4269046896
2019-04-10,TSLA,176020.78789301167
2019-04-11,TSLA,171817.5626260038
2019-04-12,TSLA,170729.0475708582
2019-04-15,TSLA,170205.8477970819
2019-04-16,TSLA,174757.00687068427
2019-04-17,TSLA,173018.95987328026
2019-04-18,TSLA,174967.33320845096
2019-04-22,TSLA,167873.86304995796
2019-04-23,TSLA,169466.60149815798
2019-04-24,TSLA,166770.30469148667
2019-04-25,TSLA,159833.6049884053
2019-04-26,TSLA,151437.08762795958
2019-04-29,TSLA,155467.5804612179
2019-04-30,TSLA,153301.14382216174
2019-05-01,TSLA,150216.99390875403
2019-05-02,TSLA,157230.62546696322
2019-05-03,TSLA,163868.55483090278
2019-05-06,TSLA,164397.9341295662
2019-05-07,TSLA,159303.37878621498
2019-05-08,TSLA,157754.78697864295
2019-05-09,TSLA,156108.55006527615
2019-05-10,TSLA,153776.59402674634
2019-05-13,TSLA,146168.54384986553
2019-05-14,TSLA,149714.19876825775
2019-05-15,TSLA,149282.42868964645
2019-05-16,TSLA,146821.82226365828
2019-05-17,TSLA,135990.63669202352
2019-05-20,TSLA,132336.82214523535
2019-05-21,TSLA,131616.37279831996
2019-05-22,TSLA,123663.03718265341
2019-05-23,TSLA,126070.00877765266
2019-05-24,TSLA,122653.08319535265
2019-05-28,TSLA,121681.84992438875
2019-05-29,TSLA,122765.66394724508
2019-05-30,TSLA,121588.46804482272
2019-05-31,TSLA,119842.08120082306
2019-06-03,TSLA,115347.26274320664
2019-06-04,TSLA,124258.30988200051
2019-06-05,TSLA,126054.77886846512
2019-06-06,TSLA,131829.82119569858
2019-06-07,TSLA,129971.78662911581
2019-06-10,TSLA,135135.1277640096
2019-06-11,TSLA,137927.91415556183
2019-06-12,TSLA,133197.94360340227
2019-06-13,TSLA,136372.69066274507
2019-06-14,TSLA,137643.55553067478
2019-06-17,TSLA,144355.28751298168
2019-06-18,TSLA,144029.78229555354
2019-06-19,TSLA,144559.67834891134
2019-06-20,TSLA,138614.70267585627
2019-06-21,TSLA,140252.05427933892
2019-06-24,TSLA,141184.05725642014
2019-06-25,TSLA,138524.93807915103
2019-06-26,TSLA,137754.1266809779
2019-06-27,TSLA,139794.36034022554
2019-06-28,TSLA,139926.3839874945
2019-07-01,TSLA,142250.14372239937
2019-07-02,TSLA,140899.32541980938
2019-07-03,TSLA,146932.86710576463
2019-07-05,TSLA,146096.93026180085
2019-07-08,TSLA,144168.70318256298
2019-07-09,TSLA,144499.4979584601
2019-07-10,TSLA,149664.6333804872
2019-07-11,TSLA,149224.74594688477
2019-07-12,TSLA,152890.46738308962
2019-07-15,TSLA,158154.9991351536
2019-07-16,TSLA,157612.9234607349
2019-07-17,TSLA,159174.52026144916
2019-07-18,TSLA,158544.2087229628
2019-07-19,TSLA,161470.08815691542
2019-07-22,TSLA,160297.71529830742
2019-07-23,TSLA,163598.83041187504
2019-07-24,TSLA,166497.17112690562
2019-07-25,TSLA,143929.30939323668
2019-07-26,TSLA,143831.4848587286
2019-07-29,TSLA,148447.23109198164
2019-07-30,TSLA,152638.1547264035
2019-07-31,TSLA,151996.77602487887
2019-08-01,TSLA,147887.32020345778
2019-08-02,TSLA,148287.216565433
2019-08-05,TSLA,144477.21291226437
2019-08-06,TSLA,146324.02241854116
2019-08-07,TSLA,148787.7724355869
2019-08-08,TSLA,151157.91090431355
2019-08-09,TSLA,148665.56712751137
2019-08-12,TSLA,145012.45594127942
2019-08-13,TSLA,148828.53863925568
2019-08-14,TSLA,139875.69178740424
2019-08-15,TSLA,137485.6008457552
2019-08-16,TSLA,139817.0473067391
2019-08-19,TSLA,144326.97366201802
2019-08-20,TSLA,143979.63555875176
2019-08-21,TSLA,140297.98085280316
2019-08-22,TSLA,141296.0423049843
2019-08-23,TSLA,134630.25842758725
2019-08-26,TSLA,136604.02451426853
2019-08-27,TSLA,135896.8816007338
2019-08-28,TSLA,137206.46718500034
2019-08-29,TSLA,141048.33020050797
2019-08-30,TSLA,143518.64730846166
2019-09-03,TSLA,143653.74277530285
2019-09-04,TSLA,140044.29736074718
2019-09-05,TSLA,145307.47980888688
2019-09-06,TSLA,143371.65930650083
2019-09-09,TSLA,145897.26916675456
2019-09-10,TSLA,148235.11046708163
2019-09-11,TSLA,155840.70605916408
2019-09-12,TSLA,155347.31298324637
2019-09-13,TSLA,155534.69397715226
2019-09-16,TSLA,153913.48378072088
2019-09-17,TSLA,155273.99123383078
2019-09-18,TSLA,154613.11939688984
2019-09-19,TSLA,156446.0195893092
2019-09-20,TSLA,152836.12919154446
2019-09-23,TSLA,153166.1918982912
2019-09-24,TSLA,141500.6341010729
2019-09-25,TSLA,145210.73184665877
2019-09-26,TSLA,153894.91649746537
2019-09-27,TSLA,153494.34548352807
2019-09-30,TSLA,152626.43444284872
2019-10-01,TSLA,155058.99257236897
2019-10-02,TSLA,154652.09131342536
2019-10-03,TSLA,148628.37514381213
2019-10-04,TSLA,147464.56462340424
2019-10-07,TSLA,151347.035945313
2019-10-08,TSLA,153025.39777551458
2019-10-09,TSLA,155893.30020361568
2019-10-10,TSLA,155675.86848880115
2019-10-11,TSLA,156540.89431577013
2019-10-14,TSLA,162268.85454862553
2019-10-15,TSLA,163016.55552852163
2019-10-16,TSLA,164068.00778864158
2019-10-17,TSLA,164743.22674550046
2019-10-18,TSLA,161450.78880450953
2019-10-21,TSLA,158846.3738533608
2019-10-22,TSLA,160125.58574503465
2019-10-23,TSLA,159464.233039142
2019-10-24,TSLA,187482.55055762857
2019-10-25,TSLA,205107.77565094942
2019-10-28,TSLA,204719.80053268795
2019-10-29,TSLA,197829.48674057695
2019-10-30,TSLA,198233.71092311767
2019-10-31,TSLA,198297.61625365764
2019-11-01,TSLA,197238.24042155698
2019-11-04,TSLA,199721.00988221582
2019-11-05,TSLA,199639.3052233134
2019-11-06,TSLA,205936.21237469596
2019-11-07,TSLA,211537.7686675839
2019-11-08,TSLA,213304.96206518143
2019-11-11,TSLA,218334.84412309958
2019-11-12,TSLA,221481.09072561687
2019-11-13,TSLA,219410.76328256936
2019-11-14,TSLA,221615.14550592078
2019-11-15,TSLA,222949.09033230916
2019-11-18,TSLA,221284.6234616679
2019-11-19,TSLA,227705.38666528865
2019-11-20,TSLA,224210.68950148244
2019-11-21,TSLA,225549.54349746753
2019-11-22,TSLA,211731.09951762384
2019-11-25,TSLA,214150.94691709173
2019-11-26,TSLA,209127.2228526151
2019-11-27,TSLA,210323.07934122387
2019-11-29,TSLA,209791.5253665549
2019-12-02,TSLA,213054.75949016408
2019-12-03,TSLA,213980.74083962588
2019-12-04,TSLA,210704.60938010248
2019-12-05,TSLA,208247.40492251908
2019-12-06,TSLA,213028.7064409884
2019-12-09,TSLA,215011.72387212905
2019-12-10,TSLA,220874.34176576513
2019-12-11,TSLA,222778.02299701932
2019-12-12,TSLA,226860.4927399554
2019-12-13,TSLA,226064.0015043303
2019-12-16,TSLA,239892.19205188213
2019-12-17,TSLA,238640.5906506157
2019-12-18,TSLA,246785.52742352567
2019-12-19,TSLA,253679.32213267533
2019-12-20,TSLA,255467.26466668246
2019-12-23,TSLA,263972.42252447584
2019-12-24,TSLA,267708.3221190387
2019-12-26,TSLA,271290.0422088105
2019-12-27,TSLA,269311.0009179573
2019-12-30,TSLA,259122.5218203258
2019-12-31,TSLA,259969.55453592195
2020-01-02,TSLA,267465.4330583768
2020-01-03,TSLA,275306.5108938349
2020-01-06,TSLA,280218.8599673727
2020-01-07,TSLA,291966.78989830695
2020-01-08,TSLA,306732.6246616872
2020-01-09,TSLA,301222.0171950124
2020-01-10,TSLA,298585.75005867315
2020-01-13,TSLA,327672.37178203574
2020-01-14,TSLA,336180.0201103701
2020-01-15,TSLA,323757.8903776687
2020-01-16,TSLA,320512.36227949103
2020-01-17,TSLA,319055.08533270744
2020-01-21,TSLA,342123.3019763714
2020-01-22,TSLA,357432.4181751238
2020-01-23,TSLA,359835.01170951786
2020-01-24,TSLA,355099.7300674436
2020-01-27,TSLA,351946.1197105312
2020-01-28,TSLA,357477.9069425275
2020-01-29,TSLA,366841.73885083804
2020-01-30,TSLA,405243.50988401007
2020-01-31,TSLA,411907.4707656797
2020-02-03,TSLA,495438.563249698
2020-02-04,TSLA,563561.9757541568
2020-02-05,TSLA,467157.1673517255
2020-02-06,TSLA,476253.8299058861
2020-02-07,TSLA,476218.4106778745
2020-02-10,TSLA,491536.3332378773
2020-02-11,TSLA,492511.7938493272
2020-02-12,TSLA,486600.50771148724
2020-02-13,TSLA,509951.90592767874
2020-02-14,TSLA,507178.89975748415
2020-02-18,TSLA,544538.5775322237
2020-02-19,TSLA,580780.5723201783
2020-02-20,TSLA,570375.0562509017
2020-02-21,TSLA,570096.7264307825
2020-02-24,TSLA,529771.0202531954
2020-02-25,TSLA,508308.5542280223
2020-02-26,TSLA,495868.7902413747
2020-02-27,TSLA,434079.9577409494
2020-02-28,TSLA,429220.5329606958
2020-03-02,TSLA,475199.7149236602
2020-03-03,TSLA,476663.93217307545
2020-03-04,TSLA,480261.8008470471
2020-03-05,TSLA,465071.16501628136
2020-03-06,TSLA,451761.95407916827
2020-03-09,TSLA,395584.19477058604
2020-03-10,TSLA,423992.1525057938
2020-03-11,TSLA,417124.36060578004
2020-03-12,TSLA,370666.27622978645
2020-03-13,TSLA,363560.21017561766
2020-03-16,TSLA,297370.816709263
2020-03-17,TSLA,291779.07875556854
2020-03-18,TSLA,250541.7096398435
2020-03-19,TSLA,296590.1367318567
2020-03-20,TSLA,293179.81412620726
2020-03-23,TSLA,300932.81399486546
2020-03-24,TSLA,350147.3468593874
2020-03-25,TSLA,369018.0440691274
2020-03-26,TSLA,355736.2067765201
2020-03-27,TSLA,345924.3772567646
2020-03-30,TSLA,340122.320142452
2020-03-31,TSLA,355698.56980961177
2020-04-01,TSLA,327581.2578814062
2020-04-02,TSLA,308326.95643686154
2020-04-03,TSLA,324804.65595979645
2020-04-06,TSLA,348956.3493003357
2020-04-07,TSLA,365013.34590769757
2020-04-08,TSLA,368549.49110428325
2020-04-09,TSLA,383422.6529468295
2020-04-13,TSLA,434057.01239708863
2020-04-14,TSLA,472278.2207274614
2020-04-15,TSLA,491906.17170179525
2020-04-16,TSLA,503535.0758014542
2020-04-17,TSLA,506347.5562885816
2020-04-20,TSLA,503026.87626811245
2020-04-21,TSLA,466667.77194754075
2020-04-22,TSLA,495839.65101832966
2020-04-23,TSLA,474818.5652736539
2020-04-24,TSLA,488876.5681172402
2020-04-27,TSLA,537081.9938979882
2020-04-28,TSLA,514384.9363135725
2020-04-29,TSLA,533241.4658321078
2020-04-30,TSLA,520402.4083639618
2020-05-01,TSLA,471992.1970041147
2020-05-04,TSLA,512999.08634899167
2020-05-05,TSLA,515767.8580015517
2020-05-06,TSLA,528880.9820635881
2020-05-07,TSLA,523089.42511757964
2020-05-08,TSLA,546301.8952696131
2020-05-11,TSLA,543929.4170504647
2020-05-12,TSLA,542771.4271975172
2020-05-13,TSLA,532594.1516287462
2020-05-14,TSLA,541597.6045549054
2020-05-15,TSLA,538919.0281279628
2020-05-18,TSLA,548696.6441806603
2020-05-19,TSLA,537116.3078451258
2020-05-20,TSLA,542095.799143192
2020-05-21,TSLA,551807.8447668898
2020-05-22,TSLA,547800.8140321866
2020-05-26,TSLA,540841.4632483344
2020-05-27,TSLA,540823.8864115764
2020-05-28,TSLA,530679.8553948114
2020-05-29,TSLA,550829.491764581
2020-06-01,TSLA,585707.7709140314
2020-06-02,TSLA,570064.0775821048
2020-06-03,TSLA,570504.3597588765
2020-06-04,TSLA,558684.6439883127
2020-06-05,TSLA,569070.7099850643
2020-06-08,TSLA,608264.2209815325
2020-06-09,TSLA,604141.0209206702
2020-06-10,TSLA,656729.4810706296
2020-06-11,TSLA,630873.4087364557
2020-06-12,TSLA,608446.6928058417
2020-06-15,TSLA,644996.1566369605
2020-06-16,TSLA,637139.2316575409
2020-06-17,TSLA,643256.6742098497
2020-06-18,TSLA,652770.1066021872
2020-06-19,TSLA,650691.532615475
2020-06-22,TSLA,644402.6854018952
2020-06-23,TSLA,647873.3319409665
2020-06-24,TSLA,624838.6828209925
2020-06-25,TSLA,643740.6149811492
2020-06-26,TSLA,628026.0544846054
2020-06-29,TSLA,660772.6343939005
2020-06-30,TSLA,704103.2117021971
2020-07-01,TSLA,730087.460732026
2020-07-02,TSLA,785693.2515425485
2020-07-06,TSLA,888797.9209236129
2020-07-07,TSLA,903284.3062317028
2020-07-08,TSLA,884777.5406926379
2020-07-09,TSLA,904307.7819668401
2020-07-10,TSLA,1004707.0180311502
2020-07-13,TSLA,971808.4261159209
2020-07-14,TSLA,988185.638382242
2020-07-15,TSLA,1001146.7504383444
2020-07-16,TSLA,972419.1871018028
2020-07-17,TSLA,974781.4522385885
2020-07-20,TSLA,1064662.1034356293
2020-07-21,TSLA,1009016.2354276971
2020-07-22,TSLA,1022475.9152838095
2020-07-23,TSLA,969525.8560364484
2020-07-24,TSLA,909945.8627686137
2020-07-27,TSLA,985507.126549636
2020-07-28,TSLA,944762.884955333
2020-07-29,TSLA,958291.7238147118
2020-07-30,TSLA,956001.2875804469
2020-07-31,TSLA,917611.1794136413
2020-08-03,TSLA,952404.7395018054
2020-08-04,TSLA,951410.3383953761
2020-08-05,TSLA,942315.1040937738
2020-08-06,TSLA,947372.5966420993
2020-08-07,TSLA,929812.7338404706
2020-08-10,TSLA,906393.3177876296
2020-08-11,TSLA,874040.6628527299
2020-08-12,TSLA,985980.2298266503
2020-08-13,TSLA,1025127.5845809012
2020-08-14,TSLA,1046516.3556449349
2020-08-17,TSLA,1159994.4592413323
2020-08-18,TSLA,1189166.0871119224
2020-08-19,TSLA,1183868.1600877335
2020-08-20,TSLA,1263870.8228098392
2020-08-21,TSLA,1295251.1966100892
2020-08-24,TSLA,1272821.3299112688
2020-08-25,TSLA,1277344.8713173151
2020-08-26,TSLA,1355266.8140852975
2020-08-27,TSLA,1406364.587662051
2020-08-28,TSLA,1387050.9311991364
2020-08-31,TSLA,1554834.125331674
2020-09-01,TSLA,1483702.6693968538
2020-09-02,TSLA,1398532.1582905755
2020-09-03,TSLA,1277789.4095431673
2020-09-04,TSLA,1309923.025081981
2020-09-08,TSLA,1042074.1456860673
2020-09-09,TSLA,1154323.1123561072
2020-09-10,TSLA,1169295.5556943137
2020-09-11,TSLA,1175781.0280691101
2020-09-14,TSLA,1322624.1449324666
2020-09-15,TSLA,1417735.1072373649
2020-09-16,TSLA,1391668.837754098
2020-09-17,TSLA,1337165.6435641432
2020-09-18,TSLA,1394801.4764829963
2020-09-21,TSLA,1429150.7926083982
2020-09-22,TSLA,1350859.2841081424
2020-09-23,TSLA,1215536.7681730783
2020-09-24,TSLA,1240759.1413546582
2020-09-25,TSLA,1305457.920019292
2020-09-28,TSLA,1348063.1388110768
2020-09-29,TSLA,1342549.3590447502
2020-09-30,TSLA,1369053.2982227227
2020-10-01,TSLA,1425131.9339329123
2020-10-02,TSLA,1321751.949134113
2020-10-05,TSLA,1351297.8940093059
2020-10-06,TSLA,1314453.9158881253
2020-10-07,TSLA,1350708.4348002707
2020-10-08,TSLA,1347066.8501145833
2020-10-09,TSLA,1363906.3425179303
2020-10-12,TSLA,1389983.9231872854
2020-10-13,TSLA,1403333.814202285
2020-10-14,TSLA,1450031.3354304961
2020-10-15,TSLA,1420763.354340847
2020-10-16,TSLA,1387615.5000570584
2020-10-19,TSLA,1356930.1110807278
2020-10-20,TSLA,1326208.068406838
2020-10-21,TSLA,1326787.3145335105
2020-10-22,TSLA,1338713.3669367428
2020-10-23,TSLA,1322288.7065414684
2020-10-26,TSLA,1327318.660370872
2020-10-27,TSLA,1337458.6434758643
2020-10-28,TSLA,1292096.796766838
2020-10-29,TSLA,1312020.1519976517
2020-10-30,TSLA,1236366.7192751653
2020-11-02,TSLA,1270247.1092239995
2020-11-03,TSLA,1333075.3148435634
2020-11-04,TSLA,1323190.6803290867
2020-11-05,TSLA,1367847.9033037133
2020-11-06,TSLA,1341201.1819328205
2020-11-09,TSLA,1307136.310558088
2020-11-10,TSLA,1277931.7611071756
2020-11-11,TSLA,1299008.426690093
2020-11-12,TSLA,1292727.266202592
2020-11-13,TSLA,1284844.1948710661
2020-11-16,TSLA,1277498.3833472927
2020-11-17,TSLA,1383378.2120431117
2020-11-18,TSLA,1520829.4630559867
2020-11-19,TSLA,1562689.241669663
2020-11-20,TSLA,1531048.2799604682
2020-11-23,TSLA,1633241.8964610198
2020-11-24,TSLA,1731673.8258723284
2020-11-25,TSLA,1785604.936729847
2020-11-27,TSLA,1819665.6740670246
2020-11-30,TSLA,1760538.7454774992
2020-12-01,TSLA,1811945.674727322
2020-12-02,TSLA,1760107.35578776
2020-12-03,TSLA,1828431.584908179
2020-12-04,TSLA,1834553.577772658
2020-12-07,TSLA,1965383.1197772787
2020-12-08,TSLA,1991341.932992706
2020-12-09,TSLA,1851499.6867174667
2020-12-10,TSLA,1910340.8212523982
2020-12-11,TSLA,1863417.9806231342
2020-12-14,TSLA,1952740.4075615567
2020-12-15,TSLA,1927349.9814470708
2020-12-16,TSLA,1900074.9078992414
2020-12-17,TSLA,1995659.6122473734
2020-12-18,TSLA,2124110.073056195
2020-12-21,TSLA,1997651.9097315674
2020-12-22,TSLA,1977429.2171668778
2020-12-23,TSLA,1986809.7718312708
2020-12-24,TSLA,2032046.4347155804
2020-12-28,TSLA,2037942.0316067268
2020-12-29,TSLA,2040386.9487860212
2020-12-30,TSLA,2122434.2734680194
2020-12-31,TSLA,2149454.960163237
2021-01-04,TSLA,2226186.407772565
2021-01-05,TSLA,2234738.0879071504
2021-01-06,TSLA,2294197.9213542417
2021-01-07,TSLA,2480759.27772048
2021-01-08,TSLA,2674840.50581672
2021-01-11,TSLA,2481740.860439629
2021-01-12,TSLA,2590226.9199051755
2021-01-13,TSLA,2598017.3342491374
2021-01-14,TSLA,2558089.486123342
2021-01-15,TSLA,2515483.154873535
2021-01-19,TSLA,2573093.157234817
2021-01-20,TSLA,2574989.2522200714
2021-01-21,TSLA,2552595.0057094214
2021-01-22,TSLA,2575606.24297088
2021-01-25,TSLA,2684165.1289625936
2021-01-26,TSLA,2683534.9968528203
2021-01-27,TSLA,2641102.4387233
2021-01-28,TSLA,2560297.2846693955
2021-01-29,TSLA,2426190.419798595
2021-02-01,TSLA,2576533.229121137
2021-02-02,TSLA,2676459.6992344134
2021-02-03,TSLA,2613801.477200711
2021-02-04,TSLA,2608575.7164050234
2021-02-05,TSLA,2605055.030786379
2021-02-08,TSLA,2634302.5139398165
2021-02-09,TSLA,2584794.787380563
2021-02-10,TSLA,2443184.6874100612
2021-02-11,TSLA,2463366.2979765465
2021-02-12,TSLA,2481786.5071043004
2021-02-16,TSLA,2416131.351866166
2021-02-17,TSLA,2427331.4428724097
2021-02-18,TSLA,2391563.8073624624
2021-02-19,TSLA,2357766.3996049697
2021-02-22,TSLA,2156015.6849404043
2021-02-23,TSLA,2107089.5442582453
2021-02-24,TSLA,2227515.8381725256
2021-02-25,TSLA,2045063.6720732125
2021-02-26,TSLA,2049968.3128892258
2021-03-01,TSLA,2176124.5694608022
2021-03-02,TSLA,2073473.1441867608
2021-03-03,TSLA,1973848.9971011498
2021-03-04,TSLA,1878774.114321928
2021-03-05,TSLA,1812192.5112196773
2021-03-08,TSLA,1705193.0401755243
2021-03-09,TSLA,2036084.2913032337
2021-03-10,TSLA,2019718.2251485847
2021-03-11,TSLA,2102348.434771562
2021-03-12,TSLA,2073419.9328075354
2021-03-15,TSLA,2113692.061571322
2021-03-16,TSLA,2016910.9983341836
2021-03-17,TSLA,2092874.239850256
2021-03-18,TSLA,1946698.0164514596
2021-03-19,TSLA,1959314.7115037488
2021-03-22,TSLA,2005701.4047832824
2021-03-23,TSLA,1989996.9497118732
2021-03-24,TSLA,1894157.5714251879
2021-03-25,TSLA,1931309.3630926618
2021-03-26,TSLA,1862083.5262192
2021-03-29,TSLA,1841793.5550641601
2021-03-30,TSLA,1920725.4231108488
2021-03-31,TSLA,2009411.9116263345
2021-04-01,TSLA,1989236.717430638
2021-04-05,TSLA,2070703.3462019605
2021-04-06,TSLA,2078037.0355218612
2021-04-07,TSLA,2025305.4558530005
2021-04-08,TSLA,2057809.9290108238
2021-04-09,TSLA,2031737.42976263
2021-04-12,TSLA,2108153.9799800618
2021-04-13,TSLA,2289552.9282407155
2021-04-14,TSLA,2195501.9661798407
2021-04-15,TSLA,2214814.919282199
2021-04-16,TSLA,2212824.186416385
2021-04-19,TSLA,2140334.06037848
2021-04-20,TSLA,2162505.8870560843
2021-04-21,TSLA,2229369.4085527207
2021-04-22,TSLA,2152220.5020989566
2021-04-23,TSLA,2179332.5682492997
2021-04-26,TSLA,2192032.9344991893
2021-04-27,TSLA,2091152.6141686959
2021-04-28,TSLA,2052835.0956821556
2021-04-29,TSLA,1990868.3416695914
2021-04-30,TSLA,2085074.1865958136
2021-05-03,TSLA,2011966.9621498717
2021-05-04,TSLA,1984570.4943117506
2021-05-05,TSLA,1969837.3012199001
2021-05-06,TSLA,1936678.889350619
2021-05-07,TSLA,1955370.473641563
2021-05-10,TSLA,1820181.998132506
2021-05-11,TSLA,1786066.6929350302
2021-05-12,TSLA,1707039.189384136
2021-05-13,TSLA,1661754.2314673464
2021-05-14,TSLA,1708439.2644571096
2021-05-17,TSLA,1667178.713151622
2021-05-18,TSLA,1666031.3239470583
2021-05-19,TSLA,1631094.5653913592
2021-05-20,TSLA,1694386.6157663292
2021-05-21,TSLA,1676104.7964165932
2021-05-24,TSLA,1749856.9737840295
2021-05-25,TSLA,1744222.998311217
2021-05-26,TSLA,1793731.2416251649
2021-05-27,TSLA,1822096.1867092126
2021-05-28,TSLA,1807785.1965569782
2021-06-01,TSLA,1797102.4990113478
2021-06-02,TSLA,1744745.2578785352
2021-06-03,TSLA,1658661.6627587092
2021-06-04,TSLA,1731823.957465347
2021-06-07,TSLA,1747811.385971976
2021-06-08,TSLA,1746831.9061573474
2021-06-09,TSLA,1732619.156814236
2021-06-10,TSLA,1765286.47229513
2021-06-11,TSLA,1772505.8942332328
2021-06-14,TSLA,1794288.116579859
2021-06-15,TSLA,1747638.5099952559
2021-06-16,TSLA,1764133.0542857982
2021-06-17,TSLA,1820471.3448756237
2021-06-18,TSLA,1851916.4996185345
2021-06-21,TSLA,1838307.1044440186
2021-06-22,TSLA,1843701.4205730092
2021-06-23,TSLA,1930004.1125061098
2021-06-24,TSLA,2003064.5060578722
2021-06-25,TSLA,1976103.9423359178
2021-06-28,TSLA,2032412.69178238
2021-06-29,TSLA,2016905.9743302104
2021-06-30,TSLA,2015394.552974892
2021-07-01,TSLA,2010110.7075161254
2021-07-02,TSLA,2006360.3172586735
2021-07-06,TSLA,1963938.8191150434
2021-07-07,TSLA,1923953.3959037145
2021-07-08,TSLA,1958458.3915579508
2021-07-09,TSLA,1960819.881562695
2021-07-12,TSLA,2045816.8061545484
2021-07-13,TSLA,2001496.6938465282
2021-07-14,TSLA,1953446.9475946145
2021-07-15,TSLA,1956815.0398582944
2021-07-16,TSLA,1940859.4491825586
2021-07-19,TSLA,1972551.648555132
2021-07-20,TSLA,2011558.015403596
2021-07-21,TSLA,1973583.2631767066
2021-07-22,TSLA,1952005.072808583
2021-07-23,TSLA,1935558.1776071528
2021-07-26,TSLA,1974310.5738776193
2021-07-27,TSLA,1940235.7477978712
2021-07-28,TSLA,1944995.4532764042
2021-07-29,TSLA,2017495.2684648293
2021-07-30,TSLA,2048812.46900369
2021-08-02,TSLA,2115804.246144615
2021-08-03,TSLA,2130103.114092977
2021-08-04,TSLA,2133641.577508539
2021-08-05,TSLA,2136572.789563852
2021-08-06,TSLA,2099003.1299544754
2021-08-09,TSLA,2145583.2904498708
2021-08-10,TSLA,2130001.1411666167
2021-08-11,TSLA,2117736.5570213688
2021-08-12,TSLA,2163328.933741282
2021-08-13,TSLA,2147086.5442101583
2021-08-16,TSLA,2063300.5768274276
2021-08-17,TSLA,2010377.848161681
2021-08-18,TSLA,2081835.0605141278
2021-08-19,TSLA,2061044.5765518248
2021-08-20,TSLA,2092236.8157575733
2021-08-23,TSLA,2142925.240667733
2021-08-24,TSLA,2137026.9092829954
2021-08-25,TSLA,2147078.7713582967
2021-08-26,TSLA,2122133.3356300206
2021-08-27,TSLA,2151977.5125582158
2021-08-30,TSLA,2203784.4458272415
2021-08-31,TSLA,2220748.332568967
2021-09-01,TSLA,2214075.0198627585
2021-09-02,TSLA,2202987.337356843
2021-09-03,TSLA,2196881.320824999
2021-09-07,TSLA,2273383.494424432
2021-09-08,TSLA,2286174.472174554
2021-09-09,TSLA,2285203.719772542
2021-09-10,TSLA,2224871.4823897895
2021-09-13,TSLA,2250724.7484588865
2021-09-14,TSLA,2255054.1408199607
2021-09-15,TSLA,2287594.7222120548
2021-09-16,TSLA,2295273.9338166425
2021-09-17,TSLA,2311391.0103343762
2021-09-20,TSLA,2240854.2816356146
2021-09-21,TSLA,2264343.3232063768
2021-09-22,TSLA,2294716.0612383024
2021-09-23,TSLA,2281327.0619409448
2021-09-24,TSLA,2349144.160923153
2021-09-27,TSLA,2392485.468068507
2021-09-28,TSLA,2358763.520850693
2021-09-29,TSLA,2381541.393127593
2021-09-30,TSLA,2363764.665605884
2021-10-01,TSLA,2346843.0092061283
2021-10-04,TSLA,2352667.3728980822
2021-10-05,TSLA,2348346.693595328
2021-10-06,TSLA,2361960.911813658
2021-10-07,TSLA,2384288.683574593
2021-10-08,TSLA,2345608.4535326282
2021-10-11,TSLA,2364869.264650893
2021-10-12,TSLA,2401967.7946991017
2021-10-13,TSLA,2414845.0704831867
2021-10-14,TSLA,2422106.4500316153
2021-10-15,TSLA,2496659.2454950833
2021-10-18,TSLA,2576027.799967129
2021-10-19,TSLA,2555013.2956676576
2021-10-20,TSLA,2553736.674726604
2021-10-21,TSLA,2641619.8537153583
2021-10-22,TSLA,2689260.3589579067
2021-10-25,TSLA,3035154.3768763756
2021-10-26,TSLA,3015383.7513663494
2021-10-27,TSLA,3068437.104135401
2021-10-28,TSLA,3181954.021751066
2021-10-29,TSLA,3300474.818615514
2021-11-01,TSLA,3576092.903881474
2021-11-02,TSLA,3477926.6581545686
2021-11-03,TSLA,3605918.951332473
2021-11-04,TSLA,3663013.1607372654
2021-11-05,TSLA,3640597.1674665594
2021-11-08,TSLA,3463560.899181877
2021-11-09,TSLA,3048025.042506662
2021-11-10,TSLA,3181414.859998952
2021-11-11,TSLA,3168188.1216756348
2021-11-12,TSLA,3106487.525039277
2021-11-15,TSLA,3034645.5672854087
2021-11-16,TSLA,3166767.039088904
2021-11-17,TSLA,3281408.6589426193
2021-11-18,TSLA,3308864.926782319
2021-11-19,TSLA,3438165.4777720124
2021-11-22,TSLA,3509410.059922013
2021-11-23,TSLA,3371455.2171051544
2021-11-24,TSLA,3384631.2847598274
2021-11-26,TSLA,3305603.3003399814
2021-11-29,TSLA,3472230.3204381503
2021-11-30,TSLA,3503353.450880672
2021-12-01,TSLA,3346876.612615561
2021-12-02,TSLA,3325205.499705378
2021-12-03,TSLA,3111002.6978901336
2021-12-06,TSLA,3085016.094755586
2021-12-07,TSLA,3185491.810514666
2021-12-08,TSLA,3233016.4909341848
2021-12-09,TSLA,3049871.852012939
2021-12-10,TSLA,3093475.2829770236
2021-12-13,TSLA,2957311.3037936254
2021-12-14,TSLA,2945513.263011632
2021-12-15,TSLA,3010440.3754797024
2021-12-16,TSLA,2834466.1672806717
2021-12-17,TSLA,2866028.488973388
2021-12-20,TSLA,2786413.91620392
2021-12-21,TSLA,2902526.0404891656
2021-12-22,TSLA,3105100.6200338616
2021-12-23,TSLA,3271508.1342212902
2021-12-27,TSLA,3354108.271591913
2021-12-28,TSLA,3337330.696448962
2021-12-29,TSLA,3327221.740157079
2021-12-30,TSLA,3271503.1173944655
2021-12-31,TSLA,3205280.2855930943
2022-01-03,TSLA,3639011.3262581
2022-01-04,TSLA,3495032.681145846
2022-01-05,TSLA,3310492.0007091025
2022-01-06,TSLA,3245349.315407687
2022-01-07,TSLA,3111886.090040199
2022-01-10,TSLA,3209600.76393569
2022-01-11,TSLA,3210057.7688685437
2022-01-12,TSLA,3310773.689434735
2022-01-13,TSLA,3080906.4523283024
2022-01-14,TSLA,3150136.006964705
2022-01-18,TSLA,3088864.6468735263
2022-01-19,TSLA,2975561.407323993
2022-01-20,TSLA,2973127.076438785
2022-01-21,TSLA,2832871.469470922
2022-01-24,TSLA,2815853.746938049
2022-01-25,TSLA,2774795.9070157344
2022-01-26,TSLA,2827076.5249108057
2022-01-27,TSLA,2521459.530571423
2022-01-28,TSLA,2586068.9537368184
2022-01-31,TSLA,2850318.816114995
2022-02-01,TSLA,2828107.579714794
2022-02-02,TSLA,2746710.1745410752
2022-02-03,TSLA,2703099.9611716266
2022-02-04,TSLA,2818156.125947473
2022-02-07,TSLA,2754193.0983104273
2022-02-08,TSLA,2803318.928796227
2022-02-09,TSLA,2827263.6618816615
2022-02-10,TSLA,2744425.7527572806
2022-02-11,TSLA,2613375.0684520537
2022-02-14,TSLA,2668806.1459358316
2022-02-15,TSLA,2811694.201797014
2022-02-16,TSLA,2802470.3314622506
2022-02-17,TSLA,2661591.9346075645
2022-02-18,TSLA,2610755.5599575397
2022-02-22,TSLA,2504524.366778128
2022-02-23,TSLA,2324692.9364657276
2022-02-24,TSLA,2458285.2930896264
2022-02-25,TSLA,2469758.6396719757
2022-02-28,TSLA,2644230.76398593
2022-03-01,TSLA,2627889.3082736013
2022-03-02,TSLA,2666659.7766040745
2022-03-03,TSLA,2542805.3248700397
2022-03-04,TSLA,2557026.033670875
2022-03-07,TSLA,2458624.951643962
2022-03-08,TSLA,2537733.212470152
2022-03-09,TSLA,2634693.3168546003
2022-03-10,TSLA,2562267.8712792764
2022-03-11,TSLA,2420341.359538538
2022-03-14,TSLA,2342602.685258352
2022-03-15,TSLA,2456166.275870929
2022-03-16,TSLA,2557117.197811544
2022-03-17,TSLA,2637984.613628974
2022-03-18,TSLA,2732895.0607581506
2022-03-21,TSLA,2775201.2508334466
2022-03-22,TSLA,2993405.119172963
2022-03-23,TSLA,3004790.8399488702
2022-03-24,TSLA,3043018.5938387047
2022-03-25,TSLA,3022780.8149077985
2022-03-28,TSLA,3275836.7155645792
2022-03-29,TSLA,3290605.0479756496
2022-03-30,TSLA,3263698.9229253195
2022-03-31,TSLA,3221508.4787244196
2022-04-01,TSLA,3246556.841939811
2022-04-04,TSLA,3422706.294574578
2022-04-05,TSLA,3250594.1602413245
2022-04-06,TSLA,3129577.517151591
2022-04-07,TSLA,3182960.0713695646
2022-04-08,TSLA,3088540.7995774094
2022-04-11,TSLA,2946748.794777333
2022-04-12,TSLA,2979075.389485908
2022-04-13,TSLA,3083546.6956049297
2022-04-14,TSLA,2969418.9811176397
2022-04-18,TSLA,3031655.9117095894
2022-04-19,TSLA,3105164.180861272
2022-04-20,TSLA,2922760.223668657
2022-04-21,TSLA,3023733.7823357456
2022-04-22,TSLA,3054153.6885878313
2022-04-25,TSLA,3046155.617805357
2022-04-26,TSLA,2683188.1611499516
2022-04-27,TSLA,2705312.0516525023
2022-04-28,TSLA,2693240.0519338464
2022-04-29,TSLA,2664815.2350767343
2022-05-02,TSLA,2785549.7444576267
2022-05-03,TSLA,2794571.5637068823
2022-05-04,TSLA,2919439.6656597126
2022-05-05,TSLA,2678794.935229823
2022-05-06,TSLA,2667818.670777737
2022-05-09,TSLA,2441209.9524083277
2022-05-10,TSLA,2490499.364463497
2022-05-11,TSLA,2277546.786037001
2022-05-12,TSLA,2270946.6946001286
2022-05-13,TSLA,2384846.6638101614
2022-05-16,TSLA,2233455.28744121
2022-05-17,TSLA,2338435.2667853767
2022-05-18,TSLA,2180574.990077592
2022-05-19,TSLA,2173945.845543457
2022-05-20,TSLA,2037633.880734452
2022-05-23,TSLA,2071398.0152313446
2022-05-24,TSLA,1927493.3306347255
2022-05-25,TSLA,2023241.903638168
2022-05-26,TSLA,2165891.692522344
2022-05-27,TSLA,2314909.578694204
2022-05-31,TSLA,2294405.1543409904
2022-06-01,TSLA,2238680.9621111155
2022-06-02,TSLA,2335602.604156574
2022-06-03,TSLA,2117251.166466065
2022-06-06,TSLA,2148658.7847221475
2022-06-07,TSLA,2152589.256813446
2022-06-08,TSLA,2176837.8918992244
2022-06-09,TSLA,2175289.874263535
2022-06-10,TSLA,2129605.4577908306
2022-06-13,TSLA,1991057.3303447685
2022-06-14,TSLA,2051456.2793231374
2022-06-15,TSLA,2165262.457556138
2022-06-16,TSLA,1977273.4156265182
2022-06-17,TSLA,2027879.346391437
2022-06-21,TSLA,2199545.808509371
2022-06-22,TSLA,2192933.2001254563
2022-06-23,TSLA,2190235.1592716915
2022-06-24,TSLA,2280703.0375845735
2022-06-27,TSLA,2265311.9368181257
2022-06-28,TSLA,2148103.926546191
2022-06-29,TSLA,2111871.8075146177
2022-06-30,TSLA,2076032.6158337942
2022-07-01,TSLA,2101835.857177615
2022-07-05,TSLA,2180939.8978404677
2022-07-06,TSLA,2169953.764809149
2022-07-07,TSLA,2279200.69532215
2022-07-08,TSLA,2333933.041510474
2022-07-11,TSLA,2186488.874343201
2022-07-12,TSLA,2177120.5782485027
2022-07-13,TSLA,2207569.6237236336
2022-07-14,TSLA,2247133.7626703586
2022-07-15,TSLA,2246442.861643954
2022-07-18,TSLA,2235396.5195135903
2022-07-19,TSLA,2273949.692495071
2022-07-20,TSLA,2288641.9471316887
2022-07-21,TSLA,2514630.0861760224
2022-07-22,TSLA,2515878.271254587
2022-07-25,TSLA,2476045.1327808364
2022-07-26,TSLA,2393502.5130785587
2022-07-27,TSLA,2538904.1211904595
2022-07-28,TSLA,2587614.323004699
2022-07-29,TSLA,2734961.2541636433
2022-08-01,TSLA,2736130.1604595096
2022-08-02,TSLA,2773498.8599099554
2022-08-03,TSLA,2835672.4665203965
2022-08-04,TSLA,2847295.8155070907
2022-08-05,TSLA,2675060.1839790256
2022-08-08,TSLA,2679924.6614718465
2022-08-09,TSLA,2619177.6566753583
2022-08-10,TSLA,2701860.2953683706
2022-08-11,TSLA,2623529.4130312614
2022-08-12,TSLA,2752639.927482091
2022-08-15,TSLA,2865621.9322175737
2022-08-16,TSLA,2831059.339946358
2022-08-17,TSLA,2817180.988307707
2022-08-18,TSLA,2810214.919712828
2022-08-19,TSLA,2766073.7624263354
2022-08-22,TSLA,2712255.885441226
2022-08-23,TSLA,2760035.857034072
2022-08-24,TSLA,2768377.160590851
2022-08-25,TSLA,2749032.764400769
2022-08-26,TSLA,2685689.7060311735
2022-08-29,TSLA,2659293.8547101114
2022-08-30,TSLA,2606169.907508087
2022-08-31,TSLA,2593478.92179133
2022-09-01,TSLA,2619005.060607431
2022-09-02,TSLA,2544604.478110056
2022-09-06,TSLA,2587795.8187368074
2022-09-07,TSLA,2680397.1259826412
2022-09-08,TSLA,2722962.899166087
2022-09-09,TSLA,2803630.201728114
2022-09-12,TSLA,2835958.088323425
2022-09-13,TSLA,2748721.785731972
2022-09-14,TSLA,2859493.1497705826
2022-09-15,TSLA,2877677.7044033958
2022-09-16,TSLA,2892394.2680420955
2022-09-19,TSLA,2947599.035678323
2022-09-20,TSLA,2956986.5234681987
2022-09-21,TSLA,2892259.947707296
2022-09-22,TSLA,2792049.4419408157
2022-09-23,TSLA,2681546.4027772695
2022-09-26,TSLA,2717091.2739510415
2022-09-27,TSLA,2787342.122469427
2022-09-28,TSLA,2821684.8930353667
2022-09-29,TSLA,2638574.209203832
2022-09-30,TSLA,2609454.5654200674
2022-10-03,TSLA,2376833.8870503427
2022-10-04,TSLA,2430109.6883610333
2022-10-05,TSLA,2357613.77754141
2022-10-06,TSLA,2344706.5802250896
2022-10-07,TSLA,2195300.144763086
2022-10-10,TSLA,2194217.60109552
2022-10-11,TSLA,2140432.0356331067
2022-10-12,TSLA,2151957.8041083436
2022-10-13,TSLA,2196972.7648744606
2022-10-14,TSLA,2038555.2400002584
2022-10-17,TSLA,2161524.2397425985
2022-10-18,TSLA,2173910.6631613476
2022-10-19,TSLA,2195840.813716392
2022-10-20,TSLA,2042434.9768285758
2022-10-21,TSLA,2110523.5801626486
2022-10-24,TSLA,2080492.079657736
2022-10-25,TSLA,2177041.428654478
2022-10-26,TSLA,2187050.5579874124
2022-10-27,TSLA,2188523.7610267913
2022-10-28,TSLA,2233026.0796046252
2022-10-31,TSLA,2229002.3261138396
2022-11-01,TSLA,2226022.388397135
2022-11-02,TSLA,2103031.8428548975
2022-11-03,TSLA,2124649.2635169034
2022-11-04,TSLA,2012739.4314693562
2022-11-07,TSLA,1908547.6537542588
2022-11-08,TSLA,1845433.8622174086
2022-11-09,TSLA,1718147.0612088758
2022-11-10,TSLA,1831215.1127781235
2022-11-11,TSLA,1881623.456643922
2022-11-14,TSLA,1821089.1897071078
2022-11-15,TSLA,1854461.6384999473
2022-11-16,TSLA,1785740.6709629078
2022-11-17,TSLA,1755042.1262733159
2022-11-18,TSLA,1731015.652643236
2022-11-21,TSLA,1620734.523735189
2022-11-22,TSLA,1633601.0840365144
2022-11-23,TSLA,1760851.9562394898
2022-11-25,TSLA,1755615.3794809629
2022-11-28,TSLA,1766169.0462502628
2022-11-29,TSLA,1762212.2699095893
2022-11-30,TSLA,1887595.5188755419
2022-12-01,TSLA,1877115.087729875
2022-12-02,TSLA,1883552.5449809842
2022-12-05,TSLA,1771975.818751162
2022-12-06,TSLA,1761532.9097380268
2022-12-07,TSLA,1703787.3095095064
2022-12-08,TSLA,1690693.6642285893
2022-12-09,TSLA,1751548.2903673337
2022-12-12,TSLA,1645063.8515019258
2022-12-13,TSLA,1564898.0378393624
2022-12-14,TSLA,1526123.6005457505
2022-12-15,TSLA,1543531.0565982757
2022-12-16,TSLA,1475763.85315267
2022-12-19,TSLA,1468570.268949287
2022-12-20,TSLA,1347131.9755603739
2022-12-21,TSLA,1343994.872645088
2022-12-22,TSLA,1228569.6445373646
2022-12-23,TSLA,1202322.7046940704
2022-12-27,TSLA,1065151.4988398138
2022-12-28,TSLA,1097322.2417679902
2022-12-29,TSLA,1185315.9416670075
2022-12-30,TSLA,1197399.5181262475
2023-01-03,TSLA,1059655.5973504838
2023-01-04,TSLA,1101727.5540062482
2023-01-05,TSLA,1074169.1984058118
2023-01-06,TSLA,1094319.32999883
2023-01-09,TSLA,1149810.4299757914
2023-01-10,TSLA,1144816.8068722633
2023-01-11,TSLA,1187264.3652422181
2023-01-12,TSLA,1186372.3748682095
2023-01-13,TSLA,1177694.2836165077
2023-01-17,TSLA,1263645.4459915985
2023-01-18,TSLA,1242130.7375022518
2023-01-19,TSLA,1229613.661271604
2023-01-20,TSLA,1285161.6186192457
2023-01-23,TSLA,1380641.1490327716
2023-01-24,TSLA,1380746.5095732396
2023-01-25,TSLA,1388312.4370653788
2023-01-26,TSLA,1535510.9017297644
2023-01-27,TSLA,1699951.1236184887
2023-01-30,TSLA,1597569.358169138
2023-01-31,TSLA,1659706.2680191286
2023-02-01,TSLA,1734402.8791849054
2023-02-02,TSLA,1798773.023395351
2023-02-03,TSLA,1825882.5057722216
2023-02-06,TSLA,1878951.5908508583
2023-02-07,TSLA,1897740.2388985662
2023-02-08,TSLA,1940071.8217253722
2023-02-09,TSLA,1997892.5308132928
2023-02-10,TSLA,1888195.944767536
2023-02-13,TSLA,1863963.9821978007
2023-02-14,TSLA,2004176.5621602067
2023-02-15,TSLA,2062118.679892716
2023-02-16,TSLA,1948750.5373889962
2023-02-17,TSLA,2016403.351441279
2023-02-21,TSLA,1914614.1241976845
2023-02-22,TSLA,1952217.50205087
2023-02-23,TSLA,1964993.0489316457
2023-02-24,TSLA,1924839.0057926765
2023-02-27,TSLA,2022636.7192966966
2023-02-28,TSLA,2009248.035793875
2023-03-01,TSLA,1980968.5274859667
2023-03-02,TSLA,1865278.1755114256
2023-03-03,TSLA,1932032.3316187123
2023-03-06,TSLA,1893850.7985654315
2023-03-07,TSLA,1847985.17344656
2023-03-08,TSLA,1800653.2640594956
2023-03-09,TSLA,1711439.0111037665
2023-03-10,TSLA,1718701.768664713
2023-03-13,TSLA,1719365.1668579376
2023-03-14,TSLA,1798914.2553241882
2023-03-15,TSLA,1784411.4487002543
2023-03-16,TSLA,1816308.5771948977
2023-03-17,TSLA,1775558.6656532532
2023-03-20,TSLA,1798421.529723084
2023-03-21,TSLA,1943594.4164655271
2023-03-22,TSLA,1881165.6550475806
2023-03-23,TSLA,1886039.5274278317
2023-03-24,TSLA,1880852.7529029772
2023-03-27,TSLA,1883530.970472493
2023-03-28,TSLA,1850199.2304661344
2023-03-29,TSLA,1889107.9450316546
2023-03-30,TSLA,1896722.4402879186
2023-03-31,TSLA,2015024.7719281625
2023-04-03,TSLA,1878488.908793514
2023-04-04,TSLA,1858611.078215847
2023-04-05,TSLA,1791805.734685221
2023-04-06,TSLA,1790152.148371756
2023-04-10,TSLA,1791320.6527473049
2023-04-11,TSLA,1807557.3723310877
2023-04-12,TSLA,1742411.694158734
2023-04-13,TSLA,1782400.4116812397
2023-04-14,TSLA,1774169.5859718325
2023-04-17,TSLA,1798566.0918488407
2023-04-18,TSLA,1770859.4635368555
2023-04-19,TSLA,1742635.025489643
2023-04-20,TSLA,1575608.2525724694
2023-04-21,TSLA,1604105.702172738
2023-04-24,TSLA,1579871.328081096
2023-04-25,TSLA,1570939.5892230808
2023-04-26,TSLA,1503500.4747683755
2023-04-27,TSLA,1564981.7449227055
2023-04-28,TSLA,1601222.684669826
2023-05-01,TSLA,1573338.027188474
2023-05-02,TSLA,1566844.430281538
2023-05-03,TSLA,1569546.0381781238
2023-05-04,TSLA,1569526.9756716196
2023-05-05,TSLA,1638826.9524894299
2023-05-08,TSLA,1646497.917550353
2023-05-09,TSLA,1625565.6490187761
2023-05-10,TSLA,1617888.9709476202
2023-05-11,TSLA,1664468.4209053111
2023-05-12,TSLA,1631682.6035249848
2023-05-15,TSLA,1610238.0947254417
2023-05-16,TSLA,1608178.7339653529
2023-05-17,TSLA,1679938.7789230114
2023-05-18,TSLA,1713913.835460999
2023-05-19,TSLA,1745791.4421116319
2023-05-22,TSLA,1830396.5231021645
2023-05-23,TSLA,1800486.8116307128
2023-05-24,TSLA,1782909.773912644
2023-05-25,TSLA,1804304.3943527322
2023-05-26,TSLA,1888706.0462452387
2023-05-30,TSLA,1963218.3195280882
2023-05-31,TSLA,1990983.915292422
2023-06-01,TSLA,2008011.5925303106
2023-06-02,TSLA,2063205.5226722534
2023-06-05,TSLA,2098148.037301076
2023-06-06,TSLA,2131440.066144601
2023-06-07,TSLA,2155906.5563969566
2023-06-08,TSLA,2251658.0146141094
2023-06-09,TSLA,2340138.2749436414
2023-06-12,TSLA,2396613.3763388074
2023-06-13,TSLA,2471400.929153649
2023-06-14,TSLA,2450663.656570572
2023-06-15,TSLA,2433905.1367569766
2023-06-16,TSLA,2467939.2612273926
2023-06-20,TSLA,2608170.3582330146
2023-06-21,TSLA,2454915.7941048336
2023-06-22,TSLA,2499275.1797696277
2023-06-23,TSLA,2430802.1683601146
2023-06-26,TSLA,2275190.9300938556
2023-06-27,TSLA,2365959.035707032
2023-06-28,TSLA,2437506.744725334
2023-06-29,TSLA,2449677.4230591734
2023-06-30,TSLA,2487481.115127922
2023-07-03,TSLA,2659002.0462050466
2023-07-05,TSLA,2690969.2380236713
2023-07-06,TSLA,2649269.2012048997
2023-07-07,TSLA,2618222.342319841
2023-07-10,TSLA,2570495.201717348
2023-07-11,TSLA,2567564.1690907483
2023-07-12,TSLA,2574446.135859115
2023-07-13,TSLA,2618418.4291949174
2023-07-14,TSLA,2662314.8313621297
2023-07-17,TSLA,2748303.185720919
2023-07-18,TSLA,2776949.726227669
2023-07-19,TSLA,2753078.243120165
2023-07-20,TSLA,2485199.5713806893
2023-07-21,TSLA,2465626.295923882
2023-07-24,TSLA,2543623.2973112245
2023-07-25,TSLA,2510172.9046853143
2023-07-26,TSLA,2508203.121916069
2023-07-27,TSLA,2422738.1467597685
2023-07-28,TSLA,2530328.1751166824
2023-07-31,TSLA,2529173.3934491295
2023-08-01,TSLA,2490385.398521938
2023-08-02,TSLA,2432017.5825784765
2023-08-03,TSLA,2484858.9582655993
2023-08-04,TSLA,2433268.8825395047
2023-08-07,TSLA,2410168.835242096
2023-08-08,TSLA,2411495.4952627234
2023-08-09,TSLA,2334621.5525464164
2023-08-10,TSLA,2361112.529794138
2023-08-11,TSLA,2341145.6236260245
2023-08-14,TSLA,2316359.635429563
2023-08-15,TSLA,2254174.925770341
2023-08-16,TSLA,2188786.8537605745
2023-08-17,TSLA,2127831.6757708793
2023-08-18,TSLA,2095957.3849628689
2023-08-21,TSLA,2248044.435161999
2023-08-22,TSLA,2267613.8421357474
2023-08-23,TSLA,2303812.0850262432
2023-08-24,TSLA,2239623.888708264
2023-08-25,TSLA,2329885.8187439847
2023-08-28,TSLA,2330417.774638972
2023-08-29,TSLA,2509021.84795785
2023-08-30,TSLA,2495596.101660003
2023-08-31,TSLA,2506318.029499516
2023-09-01,TSLA,2388006.554172041
2023-09-05,TSLA,2508549.2255497873
2023-09-06,TSLA,2468735.0347481645
2023-09-07,TSLA,2468131.1351162805
2023-09-08,TSLA,2431296.3868081137
2023-09-11,TSLA,2666662.3460232494
2023-09-12,TSLA,2603172.4431946636
2023-09-13,TSLA,2638597.0540676126
2023-09-14,TSLA,2677564.8796284534
2023-09-15,TSLA,2663726.2893926767
2023-09-18,TSLA,2568624.2913462967
2023-09-19,TSLA,2568004.5589247486
2023-09-20,TSLA,2529762.2497776877
2023-09-21,TSLA,2474946.512300556
2023-09-22,TSLA,2366352.0348292664
2023-09-25,TSLA,2387982.5035473057
2023-09-26,TSLA,2366892.3018622547
2023-09-27,TSLA,2332829.8563637263
2023-09-28,TSLA,2385975.0909883007
2023-09-29,TSLA,2428010.9752955367
2023-10-02,TSLA,2441401.8119429187
2023-10-03,TSLA,2426000.2468939098
2023-10-04,TSLA,2575966.0836668913
2023-10-05,TSLA,2563151.1198863713
2023-10-06,TSLA,2558532.8688282804
2023-10-09,TSLA,2550087.24541757
2023-10-10,TSLA,2571471.4231065423
2023-10-11,TSLA,2567591.133637788
2023-10-12,TSLA,2537400.185601061
2023-10-13,TSLA,2462156.919740101
2023-10-16,TSLA,2481955.916518279
2023-10-17,TSLA,2496167.7256549327
2023-10-18,TSLA,2383585.4306755634
2023-10-19,TSLA,2166643.807448588
2023-10-20,TSLA,2083671.9512011318
2023-10-23,TSLA,2084252.1447114104
2023-10-24,TSLA,2133792.18279336
2023-10-25,TSLA,2101162.224370582
2023-10-26,TSLA,2041634.6386413367
2023-10-27,TSLA,2061676.1799770473
2023-10-30,TSLA,1959419.5983524136
2023-10-31,TSLA,1999447.1011855933
2023-11-01,TSLA,2048022.6596933492
2023-11-02,TSLA,2160774.428681034
2023-11-03,TSLA,2160115.494674197
2023-11-06,TSLA,2152237.741609734
2023-11-07,TSLA,2194195.5528952256
2023-11-08,TSLA,2199402.4808531622
2023-11-09,TSLA,2076876.1461009064
2023-11-10,TSLA,2128920.4994434123
2023-11-13,TSLA,2218778.499559682
2023-11-14,TSLA,2338639.5786726726
2023-11-15,TSLA,2383414.0403685896
2023-11-16,TSLA,2305201.423085011
2023-11-17,TSLA,2307499.6178168408
2023-11-20,TSLA,2320979.0204771226
2023-11-21,TSLA,2371299.444273389
2023-11-22,TSLA,2306781.350323079
2023-11-24,TSLA,2302095.7632574495
2023-11-27,TSLA,2310288.801279829
2023-11-28,TSLA,2404850.2595615764
2023-11-29,TSLA,2381279.2693088623
2023-11-30,TSLA,2340300.5933348695
2023-12-01,TSLA,2315259.701531101
2023-12-04,TSLA,2289502.3293435564
2023-12-05,TSLA,2326529.3103980375
2023-12-06,TSLA,2332005.1158714746
2023-12-07,TSLA,2367867.676347922
2023-12-08,TSLA,2378003.1306721903
2023-12-11,TSLA,2334921.492760769
2023-12-12,TSLA,2313266.0188572397
2023-12-13,TSLA,2328993.0891236775
2023-12-14,TSLA,2417866.470586969
2023-12-15,TSLA,2434002.8895199993
2023-12-18,TSLA,2421996.926744998
2023-12-19,TSLA,2463444.0408494584
2023-12-20,TSLA,2364600.107226599
2023-12-21,TSLA,2431366.364006313
2023-12-22,TSLA,2403035.15869752
2023-12-26,TSLA,2441763.095245785
2023-12-27,TSLA,2477777.89739692
2023-12-28,TSLA,2400766.3472117856
2023-12-29,TSLA,2358695.56760838
2024-01-02,TSLA,2374172.542957028
2024-01-03,TSLA,2285733.9100889894
2024-01-04,TSLA,2280407.7625167673
2024-01-05,TSLA,2274997.491586588
2024-01-08,TSLA,2307666.7018346945
2024-01-09,TSLA,2258181.669419103
2024-01-10,TSLA,2246867.4115111413
2024-01-11,TSLA,2186728.5767499143
2024-01-12,TSLA,2103105.7890162356
2024-01-16,TSLA,2128057.93537839
2024-01-17,TSLA,2091899.8701653827
2024-01-18,TSLA,2053697.559267098
2024-01-19,TSLA,2050153.7560530275
2024-01-22,TSLA,2016201.1209270577
2024-01-23,TSLA,2023086.6762696914
2024-01-24,TSLA,2011309.549698524
2024-01-25,TSLA,1769005.254390441
2024-01-26,TSLA,1768829.2491769604
2024-01-29,TSLA,1842001.5775372474
2024-01-30,TSLA,1844931.2680370715
2024-01-31,TSLA,1800835.6569351708
2024-02-01,TSLA,1816880.394972838
2024-02-02,TSLA,1814484.4474779859
2024-02-05,TSLA,1757826.2283151427
2024-02-06,TSLA,1794258.855345289
2024-02-07,TSLA,1813317.3570006983
2024-02-08,TSLA,1832185.721637165
2024-02-09,TSLA,1869693.8874379087
2024-02-12,TSLA,1816068.7025366195
2024-02-13,TSLA,1790393.6163570087
2024-02-14,TSLA,1835211.5931044829
2024-02-15,TSLA,1941183.1601128532
2024-02-16,TSLA,1935049.533090602
2024-02-20,TSLA,1879872.9644709614
2024-02-21,TSLA,1888833.3186201788
2024-02-22,TSLA,1911885.0995937018
2024-02-23,TSLA,1859199.5469783843
2024-02-26,TSLA,1934163.2987897175
2024-02-27,TSLA,1938224.3662757273
2024-02-28,TSLA,1968326.4970993553
2024-02-29,TSLA,1966188.1661739554
2024-03-01,TSLA,1972717.476571993
2024-03-04,TSLA,1832639.0016299302
2024-03-05,TSLA,1761854.0871348893
2024-03-06,TSLA,1714070.383424806
2024-03-07,TSLA,1727633.0266537764
2024-03-08,TSLA,1695246.172606116
2024-03-11,TSLA,1721291.9943932116
2024-03-12,TSLA,1720084.3602038596
2024-03-13,TSLA,1638711.3573351533
2024-03-14,TSLA,1575886.5034439545
2024-03-15,TSLA,1588728.4389486625
2024-03-18,TSLA,1689088.6528563974
2024-03-19,TSLA,1669904.938667677
2024-03-20,TSLA,1709434.5339985113
2024-03-21,TSLA,1677579.8798688878
2024-03-22,TSLA,1666600.0555511296
2024-03-25,TSLA,1682921.6808020605
2024-03-26,TSLA,1730652.5535217908
2024-03-27,TSLA,1753628.737589813
2024-03-28,TSLA,1709564.1245924276
2024-04-01,TSLA,1707039.0458411654
2024-04-02,TSLA,1623113.8345997413
2024-04-03,TSLA,1635930.5711359486
2024-04-04,TSLA,1658401.7782103205
2024-04-05,TSLA,1609339.3363003666
2024-04-08,TSLA,1686209.5827851787
2024-04-09,TSLA,1723718.997409767
2024-04-10,TSLA,1685288.4675424222
2024-04-11,TSLA,1715785.7793414393
2024-04-12,TSLA,1689984.7198507728
2024-04-15,TSLA,1595200.7269016034
2024-04-16,TSLA,1558458.4561522875
2024-04-17,TSLA,1538979.66785592
2024-04-18,TSLA,1481102.5822662706
2024-04-19,TSLA,1450569.793822054
2024-04-22,TSLA,1398263.381255154
2024-04-23,TSLA,1419790.4416171263
2024-04-24,TSLA,1595221.8636040338
2024-04-25,TSLA,1671984.2303692428
2024-04-26,TSLA,1650878.8920779352
2024-04-29,TSLA,1902184.7240135185
2024-04-30,TSLA,1808187.0307490574
2024-05-01,TSLA,1777408.2096531212
2024-05-02,TSLA,1769724.7635308986
2024-05-03,TSLA,1777944.5364315647
2024-05-06,TSLA,1811516.854456758
2024-05-07,TSLA,1748989.3139435488
2024-05-08,TSLA,1722231.777399303
2024-05-09,TSLA,1689940.8961818286
2024-05-10,TSLA,1652281.902604659
2024-05-13,TSLA,1686687.3799173334
2024-05-14,TSLA,1739805.5064518978
2024-05-15,TSLA,1700175.9477962924
2024-05-16,TSLA,1709109.308689876
2024-05-17,TSLA,1734083.7042124837
2024-05-20,TSLA,1709556.768015181
2024-05-21,TSLA,1827950.4001619164
2024-05-22,TSLA,1767605.4664034087
2024-05-23,TSLA,1708581.5586039298
2024-05-24,TSLA,1758938.6145663098
2024-05-28,TSLA,1730063.4962330735
2024-05-29,TSLA,1732422.2660985235
2024-05-30,TSLA,1755164.2239241633
2024-05-31,TSLA,1742953.985147609
2024-06-03,TSLA,1725181.3486005638
2024-06-04,TSLA,1716076.5758685605
2024-06-05,TSLA,1720218.960447452
2024-06-06,TSLA,1747841.537172964
2024-06-07,TSLA,1750201.6419880413
2024-06-10,TSLA,1716931.3599045726
2024-06-11,TSLA,1686253.9806260052
2024-06-12,TSLA,1743238.2289381193
2024-06-13,TSLA,1800195.8069662838
2024-06-14,TSLA,1756833.5497243616
2024-06-17,TSLA,1848824.7921677213
2024-06-18,TSLA,1820723.284320586
2024-06-20,TSLA,1785061.526105801
2024-06-21,TSLA,1799743.9336946309
2024-06-24,TSLA,1790404.6835200468
2024-06-25,TSLA,1836642.1064643858
2024-06-26,TSLA,1930282.270074664
2024-06-27,TSLA,1939753.4362392891
2024-06-28,TSLA,1943847.1095110853
2024-07-01,TSLA,2061531.0006165172
2024-07-02,TSLA,2273410.76041171
2024-07-03,TSLA,2411536.570083779
2024-07-05,TSLA,2461024.250867179
2024-07-08,TSLA,2475099.931027603
2024-07-09,TSLA,2567737.238850479
2024-07-10,TSLA,2573439.2393370895
2024-07-11,TSLA,2356826.810381889
2024-07-12,TSLA,2427942.103378212
2024-07-15,TSLA,2477604.0381508507
2024-07-16,TSLA,2520097.9250145876
2024-07-17,TSLA,2440749.0502838204
2024-07-18,TSLA,2449886.6943561058
2024-07-19,TSLA,2356615.572546258
2024-07-22,TSLA,2482948.925257893
2024-07-23,TSLA,2434603.502017855
2024-07-24,TSLA,2138335.2747520115
2024-07-25,TSLA,2184461.8681687
2024-07-26,TSLA,2181734.013439928
2024-07-29,TSLA,2307488.5650080997
2024-07-30,TSLA,2213080.654642072
2024-07-31,TSLA,2300028.2277251813
2024-08-01,TSLA,2155041.8822502657
2024-08-02,TSLA,2065505.0164679673
2024-08-05,TSLA,1978078.863943513
2024-08-06,TSLA,1986367.8389103364
2024-08-07,TSLA,1890884.8347569208
2024-08-08,TSLA,1961269.3217809948
2024-08-09,TSLA,1971132.0731695937
2024-08-12,TSLA,1947244.8146896132
2024-08-13,TSLA,2046959.4297324861
2024-08-14,TSLA,1981697.682714053
2024-08-15,TSLA,2107878.35594494
2024-08-16,TSLA,2126127.5049145524
2024-08-19,TSLA,2182104.871058938
2024-08-20,TSLA,2162424.397711638
2024-08-21,TSLA,2178039.1025406388
2024-08-22,TSLA,2056538.2172393673
2024-08-23,TSLA,2139299.3236972936
2024-08-26,TSLA,2062916.326649255
2024-08-27,TSLA,2021061.0552848573
2024-08-28,TSLA,1989260.2943635697
2024-08-29,TSLA,1994828.66352164
2024-08-30,TSLA,2073160.9884656044
2024-09-03,TSLA,2047790.335395328
2024-09-04,TSLA,2129833.3609653553
2024-09-05,TSLA,2232464.5251490874
2024-09-06,TSLA,2048600.6713504738
2024-09-09,TSLA,2104941.0146047794
2024-09-10,TSLA,2207465.4043497825
2024-09-11,TSLA,2224958.0818639915
2024-09-12,TSLA,2241673.043563138
2024-09-13,TSLA,2245528.7728296123
2024-09-16,TSLA,2212442.5487202783
2024-09-17,TSLA,2223567.1145925066
2024-09-18,TSLA,2216050.8314367714
2024-09-19,TSLA,2374406.6902507767
2024-09-20,TSLA,2319554.8230079287
2024-09-23,TSLA,2424081.917102499
2024-09-24,TSLA,2457820.51530491
2024-09-25,TSLA,2483295.7178978706
2024-09-26,TSLA,2458431.9509427543
2024-09-27,TSLA,2523449.208396402
2024-09-30,TSLA,2534784.67477828
2024-10-01,TSLA,2500735.3562844186
2024-10-02,TSLA,2411183.7342847358
2024-10-03,TSLA,2338699.9743775795
2024-10-04,TSLA,2436883.194060766
2024-10-07,TSLA,2352278.47192766
2024-10-08,TSLA,2396547.863326996
2024-10-09,TSLA,2368440.7142411135
2024-10-10,TSLA,2357006.1386151407
2024-10-11,TSLA,2151096.058238254
2024-10-14,TSLA,2164528.063009622
2024-10-15,TSLA,2175511.318004379
2024-10-16,TSLA,2187548.5300840945
2024-10-17,TSLA,2186053.3721473524
2024-10-18,TSLA,2186232.2195116524
2024-10-21,TSLA,2173089.6763177784
2024-10-22,TSLA,2162787.238455736
2024-10-23,TSLA,2122682.55256723
2024-10-24,TSLA,2588327.8033403885
2024-10-25,TSLA,2680093.4464739026
2024-10-28,TSLA,2617919.796800571
2024-10-29,TSLA,2591081.761358376
2024-10-30,TSLA,2572152.4124908224
2024-10-31,TSLA,2495431.816730077
2024-11-01,TSLA,2489601.6467249594
2024-11-04,TSLA,2421583.5229894836
2024-11-05,TSLA,2500123.6335606333
2024-11-06,TSLA,2885691.38548393
2024-11-07,TSLA,2954799.079315386
2024-11-08,TSLA,3207563.7528161337
2024-11-11,TSLA,3494948.3640048774
2024-11-12,TSLA,3287467.449837114
2024-11-13,TSLA,3313513.781201756
2024-11-14,TSLA,3132769.2525215116
2024-11-15,TSLA,3240781.763726835
2024-11-18,TSLA,3413873.1984460037
2024-11-19,TSLA,3471892.4920566906
2024-11-20,TSLA,3435001.7978757075
2024-11-21,TSLA,3402954.8320511356
2024-11-22,TSLA,3537211.8931092913
2024-11-25,TSLA,3397294.78917485
2024-11-26,TSLA,3418443.4487347044
2024-11-27,TSLA,3353482.488834151
2024-11-29,TSLA,3470647.6874150853
2024-12-02,TSLA,3602395.330260078
2024-12-03,TSLA,3545195.2363829757
2024-12-04,TSLA,3613438.3350163745
2024-12-05,TSLA,3722715.6176905227
2024-12-06,TSLA,3948877.113580529
2024-12-09,TSLA,3952981.5669294223
2024-12-10,TSLA,4077212.7184813726
2024-12-11,TSLA,4315041.351141274
2024-12-12,TSLA,4257486.519520767
2024-12-13,TSLA,4455566.007876202
2024-12-16,TSLA,4731852.2426077165
2024-12-17,TSLA,4926679.901328562
2024-12-18,TSLA,4530779.2660791455
2024-12-19,TSLA,4498466.530444387
2024-12-20,TSLA,4341117.596861003
2024-12-23,TSLA,4448746.188036985
2024-12-24,TSLA,4773062.209370342
2024-12-26,TSLA,4688913.085448978
2024-12-27,TSLA,4466203.568334708
2024-12-30,TSLA,4307680.331239759
2024-12-31,TSLA,4170536.054046799
2025-01-02,TSLA,3924794.2778030173
2025-01-03,TSLA,4254308.248481494
2025-01-06,TSLA,4232899.474704498
2025-01-07,TSLA,4058765.3438464203
2025-01-08,TSLA,4078907.437033082
2025-01-10,TSLA,4085907.798043653
2025-01-13,TSLA,4171430.793268696
2025-01-14,TSLA,4088168.0830769297
2025-01-15,TSLA,4405409.474266693
2025-01-16,TSLA,4273304.495550526
2025-01-17,TSLA,4418631.231648928
2025-01-21,TSLA,4372454.979541538
2025-01-22,TSLA,4280964.974797443
2025-01-23,TSLA,4253402.851194026
2025-01-24,TSLA,4183366.728605459
2025-01-27,TSLA,4099166.7689410336
2025-01-28,TSLA,4112583.235185827
2025-01-29,TSLA,4031159.2314996435
2025-01-30,TSLA,4140953.398056858
2025-01-31,TSLA,4205971.531122628
2025-02-03,TSLA,4021269.508386857
2025-02-04,TSLA,4038044.951916693
2025-02-05,TSLA,3879923.5418366753
2025-02-06,TSLA,3847677.252243038
2025-02-07,TSLA,3710903.567114592
2025-02-10,TSLA,3605444.7212431394
2025-02-11,TSLA,3373151.7945383335
2025-02-12,TSLA,3453227.5852268445
2025-02-13,TSLA,3638310.097314957
2025-02-14,TSLA,3617878.162161929
2025-02-18,TSLA,3607151.0452440265
2025-02-19,TSLA,3680617.5218598
2025-02-20,TSLA,3608833.347328773
2025-02-21,TSLA,3444403.008373579
2025-02-24,TSLA,3373216.747732559
2025-02-25,TSLA,3104908.810739311
2025-02-26,TSLA,2992713.9023520234
2025-02-27,TSLA,2918431.635148219
2025-02-28,TSLA,3035966.298981347
2025-03-03,TSLA,2947604.8061057436
2025-03-04,TSLA,2828935.937489907
2025-03-05,TSLA,2878515.2776372256
2025-03-06,TSLA,2705574.024751114
2025-03-07,TSLA,2709251.9688712712
2025-03-10,TSLA,2300883.7581846407
2025-03-11,TSLA,2391505.9738995815
2025-03-12,TSLA,2562430.9217396546
2025-03-13,TSLA,2489005.053430282
2025-03-14,TSLA,2581413.797780969
2025-03-17,TSLA,2443456.65827658
2025-03-18,TSLA,2312590.8788490146
2025-03-19,TSLA,2425108.5077200998
2025-03-20,TSLA,2432782.214451763
2025-03-21,TSLA,2561159.05207093
2025-03-24,TSLA,2860802.807126334
2025-03-25,TSLA,2956446.5076354095
2025-03-26,TSLA,2785991.1247381237
2025-03-27,TSLA,2804985.5129256854
2025-03-28,TSLA,2706222.6954355487
2025-03-31,TSLA,2673978.86042671
2025-04-01,TSLA,2764540.0632019695
2025-04-02,TSLA,2906115.863579632
2025-04-03,TSLA,2698867.8909446634
2025-04-04,TSLA,2442912.515583384
2025-04-07,TSLA,2381940.2416258827
2025-04-08,TSLA,2260460.557621378
2025-04-09,TSLA,2764372.060509104
2025-04-10,TSLA,2538834.474141093
2025-04-11,TSLA,2515293.3551805736
2025-04-14,TSLA,2514062.079463953
2025-04-15,TSLA,2541262.3168840264
2025-04-16,TSLA,2408026.2769762096
2025-04-17,TSLA,2400515.0967730824
2025-04-21,TSLA,2256531.384593963
2025-04-22,TSLA,2361576.9846071694
2025-04-23,TSLA,2496222.6954355487
2025-04-24,TSLA,2583718.0069632693
2025-04-25,TSLA,2835161.6042649485
2025-04-28,TSLA,2841747.4634162798
2025-04-29,TSLA,2902251.837529453
2025-04-30,TSLA,2797073.96266878
2025-05-01,TSLA,2785648.516375741
2025-05-02,TSLA,2844661.385720776
2025-05-05,TSLA,2778440.2620807556
2025-05-06,TSLA,2723834.8437642423
2025-05-07,TSLA,2735018.3268487793
2025-05-08,TSLA,2842862.6056924835
2025-05-09,TSLA,2981292.0589875486
2025-05-12,TSLA,3198627.757909038
2025-05-13,TSLA,3349305.237667685
2025-05-14,TSLA,3484508.139245294
2025-05-15,TSLA,3440967.3791422015
2025-05-16,TSLA,3511326.918397974
2025-05-19,TSLA,3432167.05387383
2025-05-20,TSLA,3438666.385322444
2025-05-21,TSLA,3325759.8339494914
2025-05-22,TSLA,3394952.598522512
2025-05-23,TSLA,3350264.973146699
2025-05-27,TSLA,3587720.0065168506
2025-05-28,TSLA,3541563.513099373
2025-05-29,TSLA,3551600.884511785
2025-05-30,TSLA,3421057.2370418375
2025-06-02,TSLA,3371287.4081952986
2025-06-03,TSLA,3390784.404917495
2025-06-04,TSLA,3259464.5775422715
2025-06-05,TSLA,2790990.1665887944
2025-06-06,TSLA,2899902.893180345
2025-06-09,TSLA,3030628.9981203047
2025-06-10,TSLA,3202598.386146381
2025-06-11,TSLA,3201486.208032521
2025-06-12,TSLA,3117556.180924431
2025-06-13,TSLA,3174858.5778767266
2025-06-16,TSLA,3202690.9570081625
2025-06-17,TSLA,3088548.823629469
2025-06-18,TSLA,3160378.1567790676
2025-06-20,TSLA,3174174.6673929943
2025-06-23,TSLA,3442227.4711101823
2025-06-24,TSLA,3350669.477238032
2025-06-25,TSLA,3229396.990334534
2025-06-26,TSLA,3189265.8566536834
2025-06-27,TSLA,3176580.016952425
2025-06-30,TSLA,3110458.024087946
2025-07-01,TSLA,2944487.2896288047
2025-07-02,TSLA,3086019.058200215
2025-07-03,TSLA,3072448.4698678185
2025-07-07,TSLA,2880939.460034407
2025-07-08,TSLA,2923358.367227417
2025-07-09,TSLA,2907810.847685836
2025-07-10,TSLA,3043075.960786931
2025-07-11,TSLA,3079047.5636810446
2025-07-14,TSLA,3114388.460293502
2025-07-15,TSLA,3058034.997211678
2025-07-16,TSLA,3165652.9231449403
2025-07-17,TSLA,3152810.628782806
2025-07-18,TSLA,3246079.3031850033
2025-07-21,TSLA,3228291.149642829
2025-07-22,TSLA,3250042.4169478314
2025-07-23,TSLA,3248240.3713169564
2025-07-24,TSLA,2986583.038531957
2025-07-25,TSLA,3108628.4684467427
2025-07-28,TSLA,3206801.331504596
2025-07-29,TSLA,3174628.7799349893
2025-07-30,TSLA,3162439.2831176957
2025-07-31,TSLA,3062984.4162573894
2025-08-01,TSLA,2996736.6295105685
2025-08-04,TSLA,3062388.9569521807
2025-08-05,TSLA,3054382.833409052
2025-08-06,TSLA,3156138.765860601
2025-08-07,TSLA,3181040.923383222
2025-08-08,TSLA,3253413.738928351
2025-08-11,TSLA,3354260.8577697296
2025-08-12,TSLA,3369722.1941117235
2025-08-13,TSLA,3353339.2473037248
2025-08-14,TSLA,3325185.461106673
2025-08-15,TSLA,3275443.429356403
2025-08-18,TSLA,3321745.425106096
2025-08-19,TSLA,3273929.596479178
2025-08-20,TSLA,3223399.083191046
2025-08-21,TSLA,3192803.8104916993
2025-08-22,TSLA,3380794.768719977
2025-08-25,TSLA,3441594.1595236096
2025-08-26,TSLA,3492441.95301695
2025-08-27,TSLA,3467870.130932721
2025-08-28,TSLA,3415820.933014955
2025-08-29,TSLA,3292905.5609264546
2025-09-02,TSLA,3259534.332248866
2025-09-03,TSLA,3307544.015657667
2025-09-04,TSLA,3360004.6005522097
2025-09-05,TSLA,3482184.781430707
2025-09-08,TSLA,3434884.5304458225
2025-09-09,TSLA,3444770.0549267177
2025-09-10,TSLA,3458153.0325964554
2025-09-11,TSLA,3664512.5460144933
2025-09-12,TSLA,3935214.1194607667
2025-09-15,TSLA,4062403.9859012095
2025-09-16,TSLA,4160185.170432158
2025-09-17,TSLA,4205689.612728242
2025-09-18,TSLA,4127778.686883258
2025-09-19,TSLA,4216325.831059972
2025-09-22,TSLA,4305603.960637647
2025-09-23,TSLA,4227596.853825169
2025-09-24,TSLA,4415153.163938274
2025-09-25,TSLA,4232043.334187414
2025-09-26,TSLA,4406493.883992877
2025-09-29,TSLA,4428247.828374282
2025-09-30,TSLA,4443334.7041687025
2025-10-01,TSLA,4596872.055126242
2025-10-02,TSLA,4369353.288677115
2025-10-03,TSLA,4304435.973016792
2025-10-06,TSLA,4539620.910191623
2025-10-07,TSLA,4336460.84040103
2025-10-08,TSLA,4392847.598274901
2025-10-09,TSLA,4376309.381035533
2025-10-10,TSLA,4154750.8058143514
2025-10-13,TSLA,4379926.663896287
2025-10-14,TSLA,4327178.239459818
2025-10-15,TSLA,4386444.770765465
2025-10-16,TSLA,4322853.978759946
2025-10-17,TSLA,4425225.84692147
2025-10-20,TSLA,4507340.773165503
2025-10-21,TSLA,4454236.850207886
2025-10-22,TSLA,4409513.827135507
2025-10-23,TSLA,4509098.930533097
2025-10-24,TSLA,4362380.0285794055
2025-10-27,TSLA,4544296.2124034045
2025-10-28,TSLA,4614057.7731748335
2025-10-29,TSLA,4609432.610522704
2025-10-30,TSLA,4418022.035281426
2025-10-31,TSLA,4593416.746153587
2025-11-03,TSLA,4725346.379953937
2025-11-04,TSLA,4492624.690395756
2025-11-05,TSLA,4682679.172130271
2025-11-06,TSLA,4517631.426149653
2025-11-07,TSLA,4335241.564876758
2025-11-10,TSLA,4480065.541720405
2025-11-11,TSLA,4423615.68953378
2025-11-12,TSLA,4328217.461858838
2025-11-13,TSLA,4044391.9699191353
2025-11-14,TSLA,4070167.2132065273
2025-11-17,TSLA,4119103.4880224154
2025-11-18,TSLA,4030899.239294027
2025-11-19,TSLA,4070892.71526601
2025-11-20,TSLA,3993967.176028898
2025-11-21,TSLA,3957744.5380105376
2025-11-24,TSLA,4230240.226338556
2025-11-25,TSLA,4245439.53216475
2025-11-26,TSLA,4304342.835160277
2025-11-28,TSLA,4315868.050995076
2025-12-01,TSLA,4315567.062917037
2025-12-02,TSLA,4308693.924041366
2025-12-03,TSLA,4472494.841424492
2025-12-04,TSLA,4551462.351190796
2025-12-05,TSLA,4526125.179518428
2025-12-08,TSLA,4365477.958617996
2025-12-09,TSLA,4423228.898645027
2025-12-10,TSLA,4482711.146326987
2025-12-11,TSLA,4417867.123707485
2025-12-12,TSLA,4535541.770645605
2025-12-15,TSLA,4697457.136274673
2025-12-16,TSLA,4833716.406459146
2025-12-17,TSLA,4621923.834664335
2025-12-18,TSLA,4778501.267843288
2025-12-19,TSLA,4759466.623029604
2025-12-22,TSLA,4822369.191085121
2025-12-23,TSLA,4776105.119388277
2025-12-24,TSLA,4763731.571773997
2025-12-26,TSLA,4663530.295820531
2025-12-29,TSLA,4514880.769619991
2025-12-30,TSLA,4465987.844781244
2025-12-31,TSLA,4423895.540909387
2026-01-02,TSLA,4319041.183195998
2026-01-05,TSLA,4463176.2470833855
2026-01-06,TSLA,4284818.995902566
2026-01-07,TSLA,4280006.710633879
2026-01-08,TSLA,4337009.325269089
2026-01-09,TSLA,4438247.426453965
2026-01-12,TSLA,4470875.49010953
2026-01-13,TSLA,4456879.476297826
2026-01-14,TSLA,4374312.985399527
2026-01-15,TSLA,4374963.256588084
2026-01-16,TSLA,4368685.455006097
2026-01-20,TSLA,4161173.09775061
2026-01-21,TSLA,4277517.48173954
2026-01-22,TSLA,4450025.356865767
2026-01-23,TSLA,4425782.843887689
2026-01-26,TSLA,4279812.906092036
2026-01-27,TSLA,4212166.558650581
2026-01-28,TSLA,4202467.116099708
2026-01-29,TSLA,4040597.110049371
2026-01-30,TSLA,4189459.7975613484
2026-02-02,TSLA,4140262.6979906135
2026-02-03,TSLA,4134466.6912125144
2026-02-04,TSLA,3982847.1030516517
2026-02-05,TSLA,3898802.176972693
2026-02-06,TSLA,4026975.5137223494
2026-02-09,TSLA,4066239.5689117503
2026-02-10,TSLA,4133351.5919992016
2026-02-11,TSLA,4172318.297924871
2026-02-12,TSLA,4072484.4273819695
2026-02-13,TSLA,4078793.722291721
2026-02-17,TSLA,4024631.4570113923
2026-02-18,TSLA,4037888.8561132434
2026-02-19,TSLA,4047036.2754618316
2026-02-20,TSLA,4046048.570634984
2026-02-23,TSLA,3928249.235095395
2026-02-24,TSLA,4027658.6060111485
2026-02-25,TSLA,4099672.650255399
2026-02-26,TSLA,4013922.9791482305
2026-02-27,TSLA,3941001.987352429
2026-03-02,TSLA,3962248.3135495237
2026-03-03,TSLA,3853400.870301031
2026-03-04,TSLA,3980995.0255183517
2026-03-05,TSLA,3979494.585200289
2026-03-06,TSLA,3876152.1943055065
2026-03-09,TSLA,3883265.401622466
2026-03-10,TSLA,3887592.037958503
2026-03-11,TSLA,3976894.132035131
2026-03-12,TSLA,3860481.3785292734
2026-03-13,TSLA,3851042.014309799
2026-03-16,TSLA,3882322.75493411
2026-03-17,TSLA,3925612.9679590557
2026-03-18,TSLA,3863776.77345546
2026-03-19,TSLA,3747015.849297106
2026-03-20,TSLA,3622791.5232134103
2026-03-23,TSLA,3749428.1248048707
2026-03-24,TSLA,3782985.873218542
2026-03-25,TSLA,3822905.2594862166
2026-03-26,TSLA,3697301.4926315807
2026-03-27,TSLA,3603209.3696238673
2026-03-30,TSLA,3550987.022997737
2026-03-31,TSLA,3719071.5138256997
2026-04-01,TSLA,3800256.2816198245
2026-04-02,TSLA,3601989.5199277117
2026-04-06,TSLA,3523867.334715652
2026-04-07,TSLA,3460003.940254545
2026-04-08,TSLA,3412271.7397623356
2026-04-09,TSLA,3428390.373721301
2026-04-10,TSLA,3462424.2182829245
2026-04-13,TSLA,3493566.791620822
2026-04-14,TSLA,3595966.298981347
2026-04-15,TSLA,3866864.397108757
2026-04-16,TSLA,3826725.6915362044
2026-04-17,TSLA,3930835.26936915
2026-04-20,TSLA,3848064.0718403854
2026-04-21,TSLA,3786514.46805487
2026-04-22,TSLA,3799698.43057293
2026-04-23,TSLA,3671455.518545393
2026-04-24,TSLA,3694100.886306072
2026-04-27,TSLA,3700244.991965182
2026-04-28,TSLA,3691352.153252217
2026-04-29,TSLA,3660811.97952216
2026-04-30,TSLA,3731634.301315356
2026-05-01,TSLA,3808031.6024204213
2026-05-04,TSLA,3834358.309092514
2026-05-05,TSLA,3805360.963919757
2026-05-06,TSLA,3899126.792223703
2026-05-07,TSLA,4029794.2455058494
2026-05-08,TSLA,4207530.192469592
2026-05-11,TSLA,4365008.960669944
2026-05-12,TSLA,4265091.928506988
2026-05-13,TSLA,4379162.161211675
2026-05-14,TSLA,4366787.099219055
2026-05-15,TSLA,4167514.9912689985
2026-05-18,TSLA,4046607.311648297
2026-05-19,TSLA,3990021.8041772437
2026-05-20,TSLA,4118062.8445479865
2026-05-21,TSLA,4133482.4385941112
2026-05-22,TSLA,4222152.907714071
2026-05-26,TSLA,4298211.296688248
2026-05-27,TSLA,4371327.837072986
2026-05-28,TSLA,4381619.681463794
2026-05-29,TSLA,4315641.245924276
2026-06-01,TSLA,4130112.774534903
2026-06-02,TSLA,4207258.221603073
2026-06-03,TSLA,4222065.856079511
2026-06-04,TSLA,4173354.8360703387
2026-06-05,TSLA,3907443.4925153106
2026-06-08,TSLA,4093576.8468059176
2026-06-09,TSLA,3970754.526448151
2026-06-10,TSLA,3815048.2555581634
2026-06-11,TSLA,4008657.0406750534
2026-06-12,TSLA,4077102.7502115467
2026-06-15,TSLA,4125926.8749044538
2026-06-16,TSLA,4064865.1736762286
2026-06-17,TSLA,3992501.9755101334
2026-06-18,TSLA,4061781.0309399692
2026-06-22,TSLA,4117040.7037624763
2026-06-23,TSLA,3889197.7455141027
2026-06-24,TSLA,3836396.9135390446
2026-06-25,TSLA,3824131.496844567
2026-06-26,TSLA,3866018.4696740354
2026-06-29,TSLA,4199061.831852328
2026-06-30,TSLA,4289585.024448956
2026-07-01,TSLA,4337519.04635792
2026-07-02,TSLA,4004500.395102027
2026-07-06,TSLA,4283831.556630214
2026-07-07,TSLA,4105886.6972269653
2026-07-08,TSLA,4008729.1638406646
2026-07-09,TSLA,4134329.6292069755
2026-07-10,TSLA,4139903.40993504
2026-07-13,TSLA,4007633.7587229265
2026-07-14,TSLA,3999870.854389293
2026-07-15,TSLA,3977409.5948427883
2026-07-16,TSLA,3940039.4312540414
2026-07-17,TSLA,3830510.0297062173
2026-07-20,TSLA,3727765.5742328884
2026-07-21,TSLA,3833328.201672132
2026-07-22,TSLA,3781677.514926675
2026-07-23,TSLA,3231291.700130122
2026-07-24,TSLA,3166221.8915949133
2026-07-27,TSLA,3132345.2409404647
2026-07-28,TSLA,3111666.297043517
2026-07-29,TSLA,3015292.7523000967
2026-07-30,TSLA,3106430.581542814
2026-07-31,TSLA,3133517.994187945
2026-08-03,TSLA,3242966.0858200355
2026-08-04,TSLA,3305191.5903915204
2026-08-05,TSLA,3236937.2666978156
2026-08-06,TSLA,3214767.9448450487
2026-08-07,TSLA,3288132.326522937
2026-08-10,TSLA,3310911.1748920376
2026-08-11,TSLA,3326640.549023154
2026-08-12,TSLA,3274368.967158086
2026-08-13,TSLA,3400793.1323301117
2026-08-14,TSLA,3408425.147005945
2026-08-17,TSLA,3376413.808546692
2026-08-18,TSLA,3358035.234057579
2026-08-19,TSLA,3483703.8392720646
2026-08-20,TSLA,3414612.423213482
2026-08-21,TSLA,3583516.9606785565
2026-08-24,TSLA,3466681.810450072
2026-08-25,TSLA,3478842.663267569
2026-08-26,TSLA,3444025.2894005715
2026-08-27,TSLA,3529737.014923445
2026-08-28,TSLA,3476208.8291845825
2026-08-31,TSLA,3661777.3777713664
2026-09-01,TSLA,3551415.7571425186
2026-09-02,TSLA,3552135.617963254
2026-09-03,TSLA,3724722.613974913
2026-09-04,TSLA,3517138.0976680727
2026-09-08,TSLA,3642200.0831113798
2026-09-09,TSLA,3642433.297375819
2026-09-10,TSLA,3606607.799694397
2026-09-11,TSLA,3636798.2740393206
2026-09-14,TSLA,3583488.3453873545
2026-09-15,TSLA,3561677.0842977627
2026-09-16,TSLA,3584369.720758682
2026-09-17,TSLA,3676426.583871081
