date,portfolio_value_cad,profit_cad,daily_return,drawdown_pct
2010-09-17,100000.0,0.0,,0.0
2010-09-20,101266.37018121587,1266.3701812158688,0.0126637018121587,0.0
2010-09-21,101903.49927674323,1903.4992767432268,0.0062916158087549245,0.0
2010-09-22,101338.20096007384,1338.2009600738384,-0.005547388663604047,-0.5547388663604047
2010-09-23,101231.02142625189,1231.0214262518857,-0.0010576419633123724,-0.6599163475878966
2010-09-24,103631.2587382062,3631.2587382062047,0.023710491884179286,0.0
2010-09-27,102987.37156384284,2987.3715638428403,-0.006213252470376296,-0.6213252470376296
2010-09-28,103544.51169659986,3544.5116965998604,0.0054097907762569175,-0.08370740900242035
2010-09-29,103439.22683673963,3439.226836739632,-0.0010168077296914824,-0.18530306763105964
2010-09-30,102063.7153888099,2063.7153888098983,-0.013297773871615792,-1.51261633650156
2010-10-01,100480.06600406686,480.066004066859,-0.015516281949076172,-3.0407743498512385
2010-10-04,100134.46208925356,134.4620892535604,-0.003439527147596766,-3.3742682386848855
2010-10-05,101760.74882395193,1760.7488239519298,0.016241029319644218,-1.8049668961172882
2010-10-06,99480.12868596522,-519.8713140347827,-0.022411589579909963,-4.00567367682717
2010-10-07,100230.79591220134,230.7959122013417,0.00754590123828458,-3.2813099709568583
2010-10-08,100571.86848007647,571.868480076475,0.0034028719893026693,-2.9521886498149907
2010-10-11,100281.72795421595,281.7279542159522,-0.002884907382604718,-3.23216259724477
2010-10-12,101139.56237722811,1139.5623772281106,0.008554244532003041,-2.404386853268503
2010-10-13,101486.44902162638,1486.4490216263803,0.003429781939380483,-2.0696551819350706
2010-10-14,101431.58848862998,1431.5884886299755,-0.0005405700320120221,-2.122593391568317
2010-10-15,104132.29885693465,4132.298856934649,0.02662592993510504,0.0
2010-10-18,104975.18925283931,4975.189252839307,0.00809441840002667,0.0
2010-10-19,104405.15823553094,4405.1582355309365,-0.005430149937004747,-0.5430149937004747
2010-10-20,104749.12658505942,4749.126585059421,0.0032945532130943533,-0.21534866418330134
2010-10-21,104897.46480256788,4897.464802567876,0.0014161284427320897,-0.0740407812785393
2010-10-22,106170.69424536973,6170.694245369727,0.012137847613364672,0.0
2010-10-25,105667.95530912721,5667.95530912721,-0.004735194959549216,-0.4735194959549216
2010-10-26,106612.92031157784,6612.920311577836,0.0089427773981825,0.0
2010-10-27,107297.76030360878,7297.760303608782,0.0064236116038234314,0.0
2010-10-28,105962.70664686768,5962.7066468676785,-0.012442511875023765,-1.2442511875023765
2010-10-29,106126.89493693529,6126.894936935292,0.0015494912810674055,-1.0912300157621346
2010-11-01,105614.4872191692,5614.4872191691975,-0.00482825506268314,-1.5687867851822856
2010-11-02,106529.56887793943,6529.568877939426,0.008664357351575003,-0.7159435793400393
2010-11-03,107289.76530324621,7289.765303246211,0.007136013346471071,-0.007451227630428381
2010-11-04,108949.11097569938,8949.110975699383,0.015466020153582782,0.0
2010-11-05,108893.6735931008,8893.6735931008,-0.0005088374021789965,-0.05088374021789965
2010-11-08,109361.63134305723,9361.631343057234,0.004297382341099443,0.0
2010-11-09,108460.56959455405,8460.56959455405,-0.008239285912594263,-0.8239285912594263
2010-11-10,111435.38377322642,11435.383773226422,0.027427609773697403,0.0
2010-11-11,109890.0471033045,9890.047103304503,-0.013867558199168739,-1.386755819916874
2010-11-12,110625.0950799741,10625.095079974097,0.006688940409485866,-0.7271377060102169
2010-11-15,110014.16415730132,10014.164157301318,-0.005522534667483203,-1.2753755295690672
2010-11-16,109570.86299380504,9570.862993805044,-0.004029491719470091,-1.6731855863804657
2010-11-17,109330.14160382582,9330.141603825818,-0.0021969471025599097,-1.8892043964104044
2010-11-18,111473.9249480885,11473.924948088505,0.01960834690977542,0.0
2010-11-19,113204.8301881709,13204.830188170905,0.015527445013606922,0.0
2010-11-22,115086.04240344204,15086.042403442043,0.016617773394864477,0.0
2010-11-23,114475.70298502326,14475.702985023265,-0.005303331365581143,-0.5303331365581143
2010-11-24,115901.2987576579,15901.298757657903,0.012453260696037471,0.0
2010-11-26,116332.55740841903,16332.55740841903,0.0037209130129149948,0.0
2010-11-29,116996.64030047116,16996.64030047116,0.005708487003519336,0.0
2010-11-30,116562.99413964,16562.994139639995,-0.0037064838760965113,-0.37064838760965113
2010-12-01,117337.73850610925,17337.73850610925,0.00664657228640797,0.0
2010-12-02,115963.6014863415,15963.601486341504,-0.011710955377721044,-1.1710955377721044
2010-12-03,115681.55972686839,15681.559726868392,-0.002432157641346855,-1.4114630129458572
2010-12-06,114592.94450576833,14592.944505768333,-0.00941044729748064,-2.3392252443982575
2010-12-07,116120.55679525761,16120.55679525761,0.01333077089586765,-1.0373318306183932
2010-12-08,117320.86978057367,17320.869780573674,0.010336782895662866,-0.014376214975964086
2010-12-09,116452.98841703623,16452.988417036235,-0.007397501954772845,-0.7540200623748605
2010-12-10,116655.81772495693,16655.817724956927,0.0017417269464510277,-0.5811606647905698
2010-12-13,115099.93396780806,15099.933967808058,-0.013337386745830626,-1.9071481748258456
2010-12-14,114153.92267222075,14153.922672220753,-0.008219042904506701,-2.713377532602379
2010-12-15,114364.51497241008,14364.514972410077,0.0018448100184347282,-2.5339021968148523
2010-12-16,115548.9180981809,15548.918098180904,0.010356386559734476,-1.5245056114961741
2010-12-17,116335.21965845909,16335.219658459086,0.006804923604823987,-0.8543873952351344
2010-12-20,117254.73573943827,17254.73573943827,0.007904021530872107,-0.07073833851558575
2010-12-21,119237.97985216754,19237.97985216754,0.01691397878492862,0.0
2010-12-22,119658.12449285192,19658.124492851915,0.0035235806678817205,0.0
2010-12-23,117525.44500530564,17525.445005305635,-0.017823106425787882,-1.7823106425787882
2010-12-27,115314.76111972847,15314.761119728471,-0.018810257518934392,-3.629810672306588
2010-12-28,115605.54492742424,15605.544927424242,0.0025216529512110952,-3.3867984999796374
2010-12-29,115501.0682466733,15501.068246673298,-0.0009037341661815024,-3.4741111510793843
2010-12-30,114839.44510784795,14839.445107847947,-0.005728285884008755,-4.027039037614055
2010-12-31,114508.6634416242,14508.663441624201,-0.002880383703640299,-4.303477990360216
2011-01-03,116208.48538817618,16208.485388176181,0.014844483338315673,-2.882912563853368
2011-01-04,116678.1345851521,16678.134585152104,0.004041436349567107,-2.490420036524832
2011-01-05,118342.66406309784,18342.664063097836,0.014265993228842255,-1.099349029018637
2011-01-06,122481.19496538071,22481.19496538071,0.03497074309630466,0.0
2011-01-07,123316.2357068008,23316.2357068008,0.0068177057029539245,0.0
2011-01-10,124268.41929850743,24268.419298507433,0.007721477924209186,0.0
2011-01-11,122934.51493970116,22934.514939701156,-0.010734057505005223,-1.0734057505005223
2011-01-12,127263.69391332731,27263.69391332731,0.03521532562071439,0.0
2011-01-13,126905.54821799012,26905.548217990116,-0.0028142016338227327,-0.28142016338227327
2011-01-14,128412.14246625197,28412.14246625197,0.01187177605248535,0.0
2011-01-18,127717.78864470986,27717.788644709857,-0.005407228695094801,-0.5407228695094801
2011-01-19,125622.41433820136,25622.414338201357,-0.016406283954206957,-2.1724800119924614
2011-01-20,124716.17607211643,24716.176072116432,-0.007213985424966762,-2.8782063153465987
2011-01-21,122796.91399711103,22796.913997111027,-0.015389038819596301,-4.372817368588555
2011-01-24,127702.99872093924,27702.998720939242,0.03995283402597272,-0.5522404125444025
2011-01-25,127626.40303762812,27626.403037628115,-0.0005997954948459006,-0.6118887307174692
2011-01-26,128199.26733609218,28199.267336092176,0.004488603336216812,-0.16577492289386875
2011-01-27,129133.5770030422,29133.5770030422,0.007287948569164593,0.0
2011-01-28,125404.81157242422,25404.811572424223,-0.028875258605514542,-2.887525860551454
2011-01-31,126263.66253876722,26263.662538767225,0.006848628498173692,-2.222438602631882
2011-02-01,126947.590321264,26947.590321263997,0.005416663581153225,-1.6928104467567762
2011-02-02,128037.82168830276,28037.821688302764,0.008588043020586245,-0.8485440736406002
2011-02-03,127432.64740331008,27432.647403310082,-0.004726527497991406,-1.3171861565424159
2011-02-04,128885.88128149175,28885.881281491747,0.01140393696430353,-0.19181356801153404
2011-02-07,127652.73697514202,27652.73697514202,-0.009567722190272243,-1.1467505681077017
2011-02-08,128449.6469855127,28449.646985512707,0.00624279611431966,-0.5296298866664051
2011-02-09,127748.62836988502,27748.628369885017,-0.005457536334893542,-1.072493045805245
2011-02-10,126768.68971887502,26768.689718875015,-0.007670835010241128,-1.8313496296253562
2011-02-11,127490.9484819278,27490.9484819278,0.005697453879617065,-1.2720382717158807
2011-02-14,127065.45449360086,27065.45449360086,-0.0033374446844534056,-1.6015373827928725
2011-02-15,126106.4154828151,26106.415482815093,-0.00754759831936902,-2.3442094538710045
2011-02-16,128077.54585251506,28077.54585251506,0.01563069065244016,-0.8177820014249715
2011-02-17,130960.41460280676,30960.414602806763,0.022508775688217852,0.0
2011-02-18,129337.06770488009,29337.067704880086,-0.01239570677024937,-1.239570677024937
2011-02-22,123747.36457880383,23747.364578803827,-0.04321810618770783,-5.507809398648888
2011-02-23,122804.44942826402,22804.449428264023,-0.007619678639211314,-6.227809524946282
2011-02-24,123378.91474718043,23378.91474718043,0.00467788684848891,-5.78915382836902
2011-02-25,124600.39210028887,24600.392100288867,0.009900211520026847,-4.85644652378917
2011-02-28,123477.6797773672,23477.6797773672,-0.009010503931785485,-5.713737886470616
2011-03-01,120926.83998104981,20926.83998104981,-0.02065830683664127,-7.661532419691897
2011-03-02,120209.3328099861,20209.332809986096,-0.005933398831691528,-8.20941337535308
2011-03-03,122373.50975179746,22373.509751797465,0.01800340199235828,-6.556870545235172
2011-03-04,121746.87768628672,21746.877686286723,-0.00512065124863792,-7.03536022275435
2011-03-07,120800.29201072744,20800.29201072744,-0.007775030403641359,-7.7581631234859945
2011-03-08,119367.73892471197,19367.73892471197,-0.011858854495883642,-8.8520456454376
2011-03-09,118573.28852923705,18573.28852923705,-0.0066554866719558126,-9.458679640820433
2011-03-10,115694.2107017074,15694.210701707401,-0.024280998387083974,-11.657113294426125
2011-03-11,116878.61317324867,16878.61317324867,0.010237352970020153,-10.752715980830663
2011-03-14,117016.8264720611,17016.826472061104,0.0011825371217193403,-10.647177754465364
2011-03-15,115685.10686763717,15685.106867637165,-0.011380582131424455,-11.66406488670525
2011-03-16,114528.14246112229,14528.14246112229,-0.010000979709848368,-12.547510781423787
2011-03-17,114842.62992844352,14842.629928443523,0.0027459405222431954,-12.307371447507464
2011-03-18,113877.9188113425,13877.918811342504,-0.008400287573544052,-13.044014745428377
2011-03-21,114788.28839782708,14788.288397827084,0.007994259080136068,-12.348866070734843
2011-03-22,114047.31702992953,14047.31702992953,-0.006455112958297038,-12.914664041171065
2011-03-23,115536.84943307981,15536.849433079813,0.013060652735560563,-11.777272709853193
2011-03-24,117849.37190759579,17849.371907595792,0.020015453821556894,-10.01145478576545
2011-03-25,117672.91272834587,17672.912728345866,-0.0014973281265197036,-10.146197165579318
2011-03-28,118181.70172817739,18181.701728177388,0.004323756317701433,-9.757691217904485
2011-03-29,119147.36130791929,19147.361307919287,0.008170973726228326,-9.020323683851794
2011-03-30,118251.21673476158,18251.216734761576,-0.007521312795520152,-9.704610287460714
2011-03-31,120051.1830640956,20051.183064095603,0.015221545951373816,-8.330174863754102
2011-04-01,118265.67101556469,18265.671015564687,-0.014872923389498194,-9.693573150134183
2011-04-04,117615.13274409587,17615.13274409587,-0.0055006517604182514,-10.190317355962975
2011-04-05,117684.00067833634,17684.000678336335,0.0005855363390212531,-10.137730523178934
2011-04-06,116929.9811896796,16929.9811896796,-0.006407153770355611,-10.713491901870064
2011-04-07,118337.50250230148,18337.502502301475,0.01203730042801121,-9.638723379724812
2011-04-08,116740.36002895619,16740.360028956187,-0.013496503133604842,-10.858284632786896
2011-04-11,115151.15548968376,15151.155489683762,-0.013613154344206624,-12.071784562588107
2011-04-12,114911.41711412348,14911.417114123484,-0.0020819450273059648,-12.254846273477904
2011-04-13,116392.77524383969,16392.775243839686,0.012891305032336264,-11.123696731680067
2011-04-14,116794.66136362667,16794.66136362667,0.00345284420742642,-10.816820702762564
2011-04-15,116471.5841303767,16471.584130376694,-0.0027661986385157933,-11.063519091913099
2011-04-18,115973.17189363876,15973.171893638762,-0.004279260391788053,-11.444101452048084
2011-04-19,115175.52387567959,15175.523875679588,-0.006877866707747815,-12.053177118445735
2011-04-20,117081.35472003013,17081.354720030125,0.01654718624425522,-10.597904660634129
2011-04-21,118150.5452895106,18150.5452895106,0.00913203107392424,-9.781481947921089
2011-04-25,118678.3993678042,18678.399367804202,0.00446763979802367,-9.37841810615292
2011-04-26,119228.00667417608,19228.006674176082,0.0046310643663853845,-8.958743727418861
2011-04-27,121184.28048840364,21184.280488403645,0.016407837963555272,-7.464953546499842
2011-04-28,121044.16438545968,21044.164385459677,-0.0011562234175857,-7.571944734156755
2011-04-29,121188.82338760764,21188.82338760764,0.0011950927405910416,-7.461484636281613
2011-05-02,120906.93083481859,20906.930834818588,-0.0023260606457697897,-7.676734835087107
2011-05-03,119124.32497706696,19124.324977066964,-0.014743620117088185,-9.037913984647794
2011-05-04,120037.31056778255,20037.31056778255,0.007664140727692281,-8.340767756541679
2011-05-05,120201.87236303803,20201.872363038026,0.0013709220447966075,-8.215110094449985
2011-05-06,120942.60497244695,20942.60497244695,0.00616240491805109,-7.649494437493265
2011-05-09,122960.80947195207,22960.809471952074,0.016687291463292953,-6.108414634389248
2011-05-10,122978.29444839201,22978.294448392015,0.0001421995879420379,-6.095063289639036
2011-05-11,121664.62297882128,21664.62297882128,-0.010682140905133641,-7.098169055266757
2011-05-12,123727.8837643724,23727.883764372396,0.016958592687294827,-5.522684744371109
2011-05-13,120232.64168678608,20232.641686786083,-0.028249429079726718,-8.191614961327986
2011-05-16,117196.70481690936,17196.70481690936,-0.025250521216904964,-10.509824535636747
2011-05-17,118411.52241839911,18411.52241839911,0.010365629335633564,-9.582202547592356
2011-05-18,119298.21160243548,19298.211602435476,0.00748820018463503,-8.905135980014943
2011-05-19,119907.72450911354,19907.72450911354,0.005109153762583585,-8.439718312755208
2011-05-20,120037.4516406256,20037.4516406256,0.0010818913630723515,-8.34066003479731
2011-05-23,118755.25350244285,18755.25350244285,-0.010681650773639029,-9.319733094447857
2011-05-24,118781.72382048419,18781.723820484185,0.00022289808038511438,-9.299520637025815
2011-05-25,120432.83553681098,20432.835536810977,0.01390038520422654,-8.038749035672465
2011-05-26,122063.92317594042,22063.92317594042,0.013543545926317568,-6.793267609795484
2011-05-27,122365.46697531755,22365.466975317555,0.002470376107299943,-6.563011925059225
2011-05-31,123517.60860393023,23517.60860393023,0.009415578243533895,-5.6832486529994615
2011-06-01,120063.04183366828,20063.041833668278,-0.02796821286703599,-8.321119631599682
2011-06-02,121062.2161879593,21062.216187959304,0.008322080958728773,-7.558160566968242
2011-06-03,119763.99633119073,19763.996331190734,-0.010723575840978938,-8.549467643007958
2011-06-06,117817.70386578869,17817.703865788688,-0.016251064802646042,-10.035636170577911
2011-06-07,116970.66957864491,16970.669578644913,-0.007189363392352877,-10.682422674509473
2011-06-08,116024.44911972362,16024.44911972362,-0.008089382255652589,-11.404946699644182
2011-06-09,115766.47867164905,15766.478671649049,-0.0022234145478111644,-11.6019302300163
2011-06-10,114840.71089179275,14840.710891792754,-0.007996855311476425,-12.308836803780654
2011-06-13,115402.56039006358,15402.560390063576,0.004892424419074004,-11.87981441562247
2011-06-14,115642.93843870395,15642.938438703946,0.0020829524737395744,-11.696264257073086
2011-06-15,114082.34153379865,14082.341533798652,-0.013494960660589639,-12.887919697106987
2011-06-16,113497.12167299334,13497.121672993337,-0.005129802324682631,-13.334787449152707
2011-06-17,112676.2433765656,12676.243376565602,-0.0072325913144549725,-13.961601512713361
2011-06-20,112111.51771947432,12111.517719474316,-0.005011931887043519,-14.392820105601956
2011-06-21,114458.57371975425,14458.573719754248,0.020935012280832277,-12.600632743185313
2011-06-22,113382.54589915655,13382.545899156554,-0.009401024192668084,-13.422276309190517
2011-06-23,115543.37201343881,15543.372013438813,0.019057837316548865,-11.772292135853945
2011-06-24,114534.96140063166,14534.961400631655,-0.008727550488052849,-12.542303910683462
2011-06-27,116218.78020948192,16218.78020948192,0.014701352218214225,-11.256557516280875
2011-06-28,117236.98991385671,17236.989913856713,0.008761146025964894,-10.479063257834198
2011-06-29,116605.29338804707,16605.293388047066,-0.005388201507679491,-10.961420104157217
2011-06-30,117247.21460313693,17247.214603136934,0.005505077826558402,-10.471255792264367
2011-07-01,118730.13584237428,18730.13584237428,0.012647816361836872,-9.338912676419064
2011-07-05,118522.26781396604,18522.267813966042,-0.0017507604698120405,-9.497638524255358
2011-07-06,119126.58204260626,19126.582042606256,0.005098740007141611,-9.036190513058195
2011-07-07,119693.78882638125,19693.78882638125,0.004761378812766726,-8.603077357838519
2011-07-08,119757.31527446347,19757.31527446347,0.0005307413918893555,-8.554569227901009
2011-07-11,117776.19401371307,17776.194013713073,-0.016542799545981812,-10.067332658559803
2011-07-12,117198.38827658599,17198.38827658599,-0.004905963738816466,-10.508539063471956
2011-07-13,117038.90841739881,17038.90841739881,-0.0013607683649267122,-10.630316212445457
2011-07-14,115307.3554120802,15307.3554120802,-0.014794678357246238,-11.952511938971123
2011-07-15,115749.45233738383,15749.452337383831,0.0038340739298345916,-11.614931360408908
2011-07-18,116092.13912637558,16092.13912637558,0.002960591018546621,-11.353259320020914
2011-07-19,117604.53649026803,17604.53649026803,0.013027560481473133,-10.19840854432702
2011-07-20,117655.37351970926,17655.37351970926,0.00043227099020493043,-10.159589921466505
2011-07-21,118310.23806835158,18310.23806835158,0.005565955290028679,-9.659542215731554
2011-07-22,120526.99762514848,20526.997625148477,0.01873683624502731,-7.9668478519269055
2011-07-25,119448.7381320248,19448.738132024795,-0.008946207193156641,-8.790195499682884
2011-07-26,118972.80979868394,18972.809798683942,-0.003984373052269619,-9.153609386836726
2011-07-27,117440.09369058053,17440.09369058053,-0.012882910899531974,-10.323975342650193
2011-07-28,118182.07215409489,18182.072154094887,0.006317931467844762,-9.757408364556298
2011-07-29,118111.34637575627,18111.34637575627,-0.0005984476075727718,-9.811413827621696
2011-08-01,119669.963086925,19669.963086924996,0.013196164119662068,-8.621270442770722
2011-08-02,117068.00856769907,17068.00856769907,-0.021742753587514208,-10.608095642673653
2011-08-03,118637.60899670886,18637.608996708863,0.013407594852030913,-9.409565205999126
2011-08-04,113981.8162555933,13981.816255593294,-0.039243818047991263,-12.964679745943307
2011-08-05,113378.12514768055,13378.125147680548,-0.005296380841651294,-13.425651948683882
2011-08-08,108107.47736019437,8107.477360194374,-0.04648734295633217,-17.450263357766282
2011-08-09,114615.42915484984,14615.429154849844,0.06019890532615202,-12.480859576941661
2011-08-10,109969.11491189642,9969.114911896424,-0.04053829643368578,-16.028736435032975
2011-08-11,114598.4416854218,14598.4416854218,0.04209660846351482,-12.493831030551949
2011-08-12,114671.85954213317,14671.85954213317,0.0006406531854326047,-12.437769924656683
2011-08-15,116108.42094277935,16108.420942779354,0.012527584416806015,-11.340826695664031
2011-08-16,114359.8838337337,14359.883833733693,-0.015059520186803455,-12.675991305785994
2011-08-17,113938.69053721802,13938.690537218019,-0.003683051104949042,-12.997610092495792
2011-08-18,109415.71915637652,9415.719156376523,-0.03969653644004334,-16.451303633829895
2011-08-19,105459.9922870044,5459.992287004396,-0.03615318621375252,-19.47185521147231
2011-08-22,105831.94552473712,5831.9455247371225,0.003526960600570339,-19.18783561756614
2011-08-23,111828.77013133817,11828.77013133817,0.0566636527077673,-14.608723200436902
2011-08-24,112812.17548243265,12812.175482432649,0.008793849292445088,-13.857805181372084
2011-08-25,110523.10534559588,10523.105345595875,-0.02029098478996383,-15.605715146210963
2011-08-26,113218.03947723792,13218.039477237922,0.024383445644376556,-13.547891688782565
2011-08-29,115164.02291116175,15164.022911161752,0.017187927320672758,-12.061959134410428
2011-08-30,116453.0379472468,16453.037947246805,0.011192862176058194,-11.0776807629693
2011-08-31,116670.87527947646,16670.87527947646,0.001870602399641319,-10.911342459222828
2011-09-01,115173.25002607147,15173.250026071473,-0.012836324831004609,-12.054913406174371
2011-09-02,113534.14024720572,13534.140247205723,-0.01423168816105047,-13.306520453874281
2011-09-06,115380.73639963128,15380.736399631278,0.016264677289182128,-11.896478985980231
2011-09-07,118393.3620881482,18393.362088148206,0.026110300406494424,-9.596069585434265
2011-09-08,117548.4684961336,17548.468496133602,-0.007136325695232371,-10.241221477001739
2011-09-09,116045.96641644092,16045.966416440919,-0.012781979203260296,-11.38851631739275
2011-09-12,116740.17598182432,16740.175981824315,0.005982194701125376,-10.858425169247809
2011-09-13,118115.27036845052,18115.270368450525,0.011779101539475922,-9.808417507927569
2011-09-14,120171.25656753172,20171.256567531716,0.01740660790656201,-8.23848799501572
2011-09-15,121781.32912396136,21781.32912396136,0.013398150293326028,-7.009053466030091
2011-09-16,123112.02824878262,23112.02824878262,0.010926955177724684,-5.992945561319207
2011-09-19,124565.74528544216,24565.745285442157,0.011808082909022355,-4.882902468474281
2011-09-20,123592.89581261037,23592.895812610368,-0.007809927766277203,-5.625760129533441
2011-09-21,122416.93684903663,22416.936849036632,-0.009514777980092815,-6.523710068940957
2011-09-22,121848.82204245125,21848.822042451255,-0.004640818674347069,-6.9575165808617
2011-09-23,122543.1977448238,22543.197744823803,0.005698665696830751,-6.427298572253115
2011-09-26,124327.35113266823,24327.351132668235,0.0145593833087303,-5.064937744933173
2011-09-27,122473.31854912442,22473.318549124422,-0.014912507719764712,-6.4806575936882
2011-09-28,121460.90243453032,21460.90243453032,-0.008266421834466908,-7.253727927700715
2011-09-29,121114.5352089209,21114.535208920905,-0.002851676701448147,-7.518210310915463
2011-09-30,118871.58808792676,18871.588087926764,-0.018519223288312125,-9.230901224270339
2011-10-03,116271.34226938718,16271.342269387183,-0.021874409691710617,-11.216421678237998
2011-10-04,119981.05454165411,19981.054541654114,0.031905645878517186,-8.383724268476268
2011-10-05,121963.62286596812,21963.622865968122,0.0165240114940457,-6.869855875246911
2011-10-06,124230.71877657008,24230.71877657008,0.018588295897813634,-5.138725199249983
2011-10-07,122890.26262013182,22890.26262013182,-0.010790053938664612,-6.162283471040553
2011-10-10,127413.40474336545,27413.40474336545,0.036806350859670545,-2.708459552605369
2011-10-11,127711.47663550453,27711.47663550453,0.0023394076372063033,-2.480854979847169
2011-10-12,127010.83663500244,27010.836635002444,-0.005486116196915858,-3.0158563408516192
2011-10-13,129408.961071762,29408.961071761994,0.01888125848388178,-1.1846736555853221
2011-10-14,131006.75155009187,31006.751550091867,0.012346830274325704,0.0
2011-10-17,128471.11879100234,28471.118791002344,-0.019354977732731538,-1.9354977732731538
2011-10-18,130597.00241083765,30597.002410837653,0.016547560571132713,-0.3127694827984029
2011-10-19,126159.45876649441,26159.458766494412,-0.03397890887559141,-3.700032804602471
2011-10-20,126057.73459119785,26057.73459119785,-0.0008063142969314541,-3.777680844946152
2011-10-21,125304.2119705347,25304.2119705347,-0.005977599257251498,-4.352859308458424
2011-10-24,127047.56725120582,27047.567251205823,0.013912982279327357,-3.0221223349486737
2011-10-25,125094.28895310851,25094.28895310851,-0.015374385675840485,-4.51309762819565
2011-10-26,122163.51705598414,22163.517055984135,-0.02342850278499098,-6.750212786343635
2011-10-27,123985.62016489173,23985.620164891734,0.014915280378450246,-5.359366064821113
2011-10-28,125898.17224259274,25898.172242592744,0.015425595929249303,-3.8994778872490365
2011-10-31,123282.7268982435,23282.726898243505,-0.020774291618066876,-5.895898158267821
2011-11-01,122981.33815967359,22981.338159673585,-0.0024446955883664634,-6.125954040887482
2011-11-02,122270.11122468332,22270.11122468332,-0.00578321024663786,-6.6688473853715795
2011-11-03,126532.3673997941,26532.367399794093,0.03485934651092659,-3.415384396114074
2011-11-04,126247.57820919495,26247.57820919495,-0.0022507220599082833,-3.6327695211015087
2011-11-07,126128.9444197194,26128.944419719395,-0.0009396916056400029,-3.7233249986412975
2011-11-08,127565.42424399669,27565.42424399669,0.011388978405282746,-2.6268320261183975
2011-11-09,123486.90586119218,23486.90586119218,-0.03197197365175897,-5.740044386967636
2011-11-10,123451.44171296139,23451.441712961387,-0.0002871895443768979,-5.767114860673139
2011-11-11,126694.68279631741,26694.682796317415,0.02627139090766506,-3.2914858988207785
2011-11-14,125513.63256768956,25513.632567689565,-0.009322018908453966,-4.193004495880459
2011-11-15,127396.66056097893,27396.660560978926,0.015002577447305043,-2.7556526258363023
2011-11-16,125519.7368809258,25519.736880925804,-0.014732911143732208,-4.1883449549300895
2011-11-17,122272.69063838986,22272.69063838986,-0.025868810142712917,-6.666878468750093
2011-11-18,120966.12280041528,20966.12280041528,-0.010685688121795156,-7.664207096866638
2011-11-21,121340.79432693694,21340.794326936943,0.003097326076490381,-7.378213037714354
2011-11-22,122687.0362736698,22687.0362736698,0.011094718426727823,-6.350600391187422
2011-11-23,120918.73077296001,20918.730772960014,-0.014413140576363337,-7.700382352641255
2011-11-25,119278.42258903086,19278.42258903086,-0.01356537712101058,-8.952461474152773
2011-11-28,122076.90617308763,22076.906173087627,0.02346177559455853,-6.816324556822417
2011-11-29,120876.49130452191,20876.491304521915,-0.009833267455711003,-7.732624559961354
2011-11-30,123752.65970249062,23752.659702490622,0.0237942743616113,-5.537189314115287
2011-12-01,124374.86192382862,24374.86192382862,0.005027788678108491,-5.062250264046487
2011-12-02,124794.7920423474,24794.7920423474,0.003376326309217914,-4.741709441875031
2011-12-05,125588.78170764406,25588.781707644055,0.006362362181165704,-4.135641696585535
2011-12-06,124527.45614440023,24527.456144400232,-0.00845079909855695,-4.94577212931977
2011-12-07,124372.82342126108,24372.823421261084,-0.0012417560586786003,-5.063806292681205
2011-12-08,122123.8782539914,22123.878253991395,-0.018082287636522643,-6.780469854413573
2011-12-09,123602.06773819249,23602.06773819249,0.012104016882978241,-5.652139087708097
2011-12-12,122752.09121552444,22752.091215524444,-0.006876717665180387,-6.300942689515631
2011-12-13,120644.15006224203,20644.150062242028,-0.01717234413205515,-7.909975146500436
2011-12-14,119752.54572726827,19752.54572726827,-0.007390365256117026,-8.590554066612688
2011-12-15,118839.18074026663,18839.18074026663,-0.007627102884992465,-9.287743315406793
2011-12-16,119897.7674244753,19897.7674244753,0.008907724519931604,-8.479703522279102
2011-12-19,118532.57826225854,18532.57826225854,-0.011386276755125602,-9.521778946685577
2011-12-20,120782.63420036864,20782.634200368644,0.01898259508986433,-7.804267511979268
2011-12-21,119390.93590011755,19390.935900117547,-0.011522337705786256,-8.86657787673858
2011-12-22,120750.95715718497,20750.957157184966,0.011391327547722874,-7.828447214787615
2011-12-23,121052.05614760598,21052.05614760598,0.002493553653815539,-7.598612502562208
2011-12-27,121256.66599449929,21256.665994499286,0.0016902632917181748,-7.442429829171459
2011-12-28,120227.68625979347,20227.686259793467,-0.008485964266512935,-8.227870062236375
2011-12-29,121000.69824397929,21000.698243979292,0.006429567167378192,-7.637814988708158
2011-12-30,120428.49459500938,20428.494595009382,-0.004728928487802153,-8.074589156603718
2012-01-03,121584.86425953418,21584.86425953418,0.009602126709410186,-7.191909713870837
2012-01-04,122713.40925292678,22713.40925292678,0.00928195298210488,-6.330469383476034
2012-01-05,124234.09287423878,24234.092874238777,0.012392155271130134,-5.1697020159022
2012-01-06,125226.39611496175,25226.396114961753,0.0079873665735819,-4.412257663621199
2012-01-09,125318.92456573035,25318.924565730355,0.0007388893527180418,-4.341628898558492
2012-01-10,124529.92104647864,24529.921046478645,-0.00629596465167459,-4.943890621649938
2012-01-11,124568.78412282553,24568.784122825527,0.0003120782220071838,-4.914225680044215
2012-01-12,124525.50748595367,24525.50748595367,-0.0003474115700542457,-4.947259578190533
2012-01-13,122001.9396379448,22001.9396379448,-0.020265469291851912,-6.8735479703150855
2012-01-17,122969.52756125464,22969.52756125464,0.007930922460587686,-6.134969300238014
2012-01-18,125052.52854152898,25052.528541528984,0.016939163885432817,-4.544974162103566
2012-01-19,125539.86292546401,25539.86292546401,0.0038970374259421625,-4.172982353919008
2012-01-20,126494.44356152737,26494.44356152737,0.007603804989257501,-3.4443323990360653
2012-01-23,126809.00537535656,26809.00537535656,0.002486763884424592,-3.204221252009487
2012-01-24,126786.93516294639,26786.935162946393,-0.0001740429423354728,-3.221067874148442
2012-01-25,129305.13047944035,29305.130479440355,0.01986163095793403,-1.298880439761818
2012-01-26,128055.76829611306,28055.768296113063,-0.00966212383603715,-2.2525428797083524
2012-01-27,128907.2760669526,28907.276066952603,0.006649507337073146,-1.6025704464067259
2012-01-30,129484.9556265002,29484.955626500203,0.00448135727612109,-1.1616164095251125
2012-01-31,129887.36392976512,29887.363929765124,0.0031077610624177243,-0.8544503295303318
2012-02-01,128388.43924297436,28388.43924297436,-0.011540188679179608,-1.9986086794285263
2012-02-02,129728.63651219347,29728.636512193465,0.010438613298217492,-0.97561005274579
2012-02-03,131587.28782024348,31587.28782024348,0.014327224566761831,0.0
2012-02-06,131671.2650098406,31671.2650098406,0.0006381861879534156,0.0
2012-02-07,132148.5661019287,32148.566101928707,0.0036249449874461437,0.0
2012-02-08,134375.39666834942,34375.39666834942,0.016850962761889576,0.0
2012-02-09,135429.88417294328,35429.884172943275,0.007847325706479058,0.0
2012-02-10,134842.54829391307,34842.548293913074,-0.004336826267090199,-0.4336826267090199
2012-02-13,136474.2744695237,36474.27446952369,0.012100974034204626,0.0
2012-02-14,137625.80912383198,37625.809123831976,0.008437741536156285,0.0
2012-02-15,135640.7725443344,35640.77254433441,-0.014423432582412521,-1.442343258241252
2012-02-16,137186.65914166975,37186.65914166975,0.011396916784959021,-0.31908984583487454
2012-02-17,137095.39917810453,37095.39917810453,-0.0006652247684738599,-0.3854000562134363
2012-02-21,137954.33282895279,37954.332828952785,0.006265225937541308,0.0
2012-02-22,137923.766745605,37923.76674560501,-0.00022156667877670788,-0.022156667877670788
2012-02-23,138182.4593109909,38182.459310990904,0.0018756199275142826,0.0
2012-02-24,138255.89778425565,38255.89778425565,0.000531460169626019,0.0
2012-02-27,137943.5511722469,37943.551172246895,-0.002259191955023554,-0.2259191955023554
2012-02-28,139323.30348596818,39323.30348596818,0.010002296606083538,0.0
2012-02-29,137780.72021885464,37780.720218854636,-0.011071968784237884,-1.1071968784237884
2012-03-01,139237.13714132947,39237.13714132947,0.010570542236689073,-0.06184632612259433
2012-03-02,139448.5112630498,39448.51126304979,0.001518087243533195,0.0
2012-03-05,138293.77543240128,38293.77543240128,-0.008280732581434802,-0.8280732581434802
2012-03-06,138100.489574035,38100.48957403499,-0.0013976468410233922,-0.9666805882724283
2012-03-07,138377.01602440365,38377.01602440365,0.0020023567709397394,-0.7683805505997232
2012-03-08,139275.58053925718,39275.58053925718,0.006493596557213266,-0.12401044817639262
2012-03-09,139593.85569302342,39593.85569302342,0.002285218647331666,0.0
2012-03-12,140867.6815325788,40867.681532578805,0.0091252285656227,0.0
2012-03-13,142914.72430209353,42914.72430209353,0.014531670765386195,0.0
2012-03-14,143225.67483716583,43225.67483716583,0.002175776754919978,0.0
2012-03-15,143798.452951646,43798.452951646,0.003999130149893615,0.0
2012-03-16,143637.27008211912,43637.270082119125,-0.0011208943227023482,-0.11208943227023482
2012-03-19,143958.58684094413,43958.58684094413,0.0022370012925010396,0.0
2012-03-20,145070.9588747338,45070.9588747338,0.0077270280168746375,0.0
2012-03-21,144898.72327375534,44898.72327375534,-0.001187250724158928,-0.11872507241589281
2012-03-22,145319.16955152093,45319.16955152093,0.002901656193141422,0.0
2012-03-23,145182.74668556268,45182.746685562684,-0.0009387809356417032,-0.09387809356417032
2012-03-26,148485.92940126854,48485.92940126854,0.022751895739098416,0.0
2012-03-27,149537.40553817723,49537.405538177234,0.007081318352173183,0.0
2012-03-28,150288.50937657876,50288.50937657876,0.005022849204173063,0.0
2012-03-29,149894.77059231262,49894.77059231262,-0.0026198861503080595,-0.26198861503080595
2012-03-30,149183.64988337728,49183.64988337728,-0.004744132874851648,-0.7351589937145686
2012-04-02,148955.44831816145,48955.44831816145,-0.0015296687364481087,-0.8870013176303759
2012-04-03,149398.02771025276,49398.02771025276,0.0029712198988920413,-0.5925148037064565
2012-04-04,146551.91682114798,46551.916821147985,-0.019050525182464972,-2.4862796037639634
2012-04-05,146752.919427463,46752.919427463,0.0013715453927518606,-2.352535109824405
2012-04-09,145888.06355615024,45888.06355615024,-0.005893278816441083,-2.9279988461408557
2012-04-10,144113.99466920932,44113.99466920932,-0.012160480053654998,-4.108440979940742
2012-04-11,144743.0632194277,44743.06321942771,0.004365076075105057,-3.689867029857752
2012-04-12,145022.67292420403,45022.67292420403,0.001931765837734467,-3.5038184051583654
2012-04-13,142747.22412791953,42747.22412791953,-0.015690296906013868,-5.017872144678071
2012-04-16,140799.48996310667,40799.489963106666,-0.013644637762394884,-6.3138688731654184
2012-04-17,141835.65396288023,41835.65396288023,0.0073591459744992704,-5.624418958416955
2012-04-18,142160.60252735345,42160.60252735345,0.0022910217240459385,-5.4082024520312295
2012-04-19,140869.85645157742,40869.85645157742,-0.009079492157664903,-6.267047936047443
2012-04-20,140331.22187270338,40331.221872703376,-0.003823632624053941,-6.625448309508053
2012-04-23,139226.68726095706,39226.68726095706,-0.007870911383841994,-7.360391131369893
2012-04-24,137159.15621647472,37159.156216474716,-0.014850105860861995,-8.736099129977893
2012-04-25,141790.01821519778,41790.01821519778,0.033762689465764106,-5.654784385469059
2012-04-26,141752.12968688985,41752.12968688985,-0.0002672157658547558,-5.67999491451423
2012-04-27,143856.57718463687,43856.57718463687,0.014845967410827887,-4.27972319282598
2012-04-30,144034.09384627867,44034.09384627867,0.0012339836322809994,-4.161605937968527
2012-05-01,143618.1743208069,43618.174320806895,-0.0028876463507012673,-4.438353326838829
2012-05-02,143905.36966930132,43905.36966930132,0.0019997145197856447,-4.24725731445188
2012-05-03,141894.6852144362,41894.685214436206,-0.013972268439223057,-5.585140339046212
2012-05-04,139645.3438962033,39645.343896203296,-0.01585218864845872,-7.081822505609415
2012-05-07,140224.04427953553,40224.044279535534,0.004144072170156887,-6.696762872153217
2012-05-08,139208.43722060908,39208.43722060908,-0.007242745451713328,-7.372534468491054
2012-05-09,139336.49702482708,39336.497024827084,0.0009199140998548128,-7.287325156914792
2012-05-10,141271.75963529927,41271.75963529927,0.01388912920731289,-5.999626836863603
2012-05-11,141517.98762964518,41517.987629645184,0.0017429385390368424,-5.835789963793725
2012-05-14,139365.454560113,39365.454560112994,-0.015210314289978433,-7.2680571933119715
2012-05-15,138337.35968535158,38337.35968535158,-0.007376970699133789,-7.95213801827066
2012-05-16,137965.87146627982,37965.871466279816,-0.002685378844274,-8.19932139949704
2012-05-17,136000.62254924688,36000.62254924688,-0.014244456952625884,-9.506972214043753
2012-05-18,134355.65231033103,34355.65231033103,-0.012095314036670635,-10.601513803244057
2012-05-21,138590.71006301208,38590.710063012084,0.03152124737483342,-7.78356200490048
2012-05-22,138406.60009555783,38406.600095557835,-0.0013284437850887842,-7.906066358838093
2012-05-23,140961.46297237137,40961.46297237137,0.018459111596192956,-6.206094160423503
2012-05-24,139201.7146418151,39201.71464181511,-0.012483896615780532,-7.377007584115036
2012-05-25,138664.78107227635,38664.78107227635,-0.003857233877616828,-7.734276128307826
2012-05-29,141281.9521665784,41281.95216657841,0.018874086657504785,-5.9928448604361195
2012-05-30,140331.3969535275,40331.396953527495,-0.0067280724712110995,-6.625331813027479
2012-05-31,140897.45129755622,40897.451297556225,0.004033697065070729,-6.24868668800973
2012-06-01,136987.5696350082,36987.5696350082,-0.027749839521872488,-8.850270587382248
2012-06-04,137847.89113251545,37847.89113251545,0.006280288786781885,-8.277823963833974
2012-06-05,138341.89068955273,38341.89068955273,0.003583656978563443,-7.949123147592951
2012-06-06,140029.1028041758,40029.10280417581,0.012195959634593079,-6.8264743691720975
2012-06-07,138653.2562700066,38653.25627000659,-0.009825432760883102,-7.741944580352211
2012-06-08,141437.94328753703,41437.943287537026,0.020083819828274896,-5.889050417597009
2012-06-11,138790.02779535463,38790.02779535463,-0.01872139420748853,-7.650938603970259
2012-06-12,140147.19287874838,40147.19287874838,0.009778548970354572,-6.747898784742901
2012-06-13,139334.64979512861,39334.649795128615,-0.005797783508391441,-7.288554279291571
2012-06-14,138782.74682763277,38782.74682763277,-0.003960988657934927,-7.655783264252047
2012-06-15,140656.02787128295,40656.027871282946,0.01349793894753204,-6.409326664595261
2012-06-18,143006.11658968803,43006.11658968803,0.016708055488071194,-4.845608501341381
2012-06-19,144722.30690717188,44722.30690717188,0.012000817576271361,-3.7036780073848585
2012-06-20,146130.34867590145,46130.34867590145,0.009729265645500806,-2.766785510034031
2012-06-21,142979.36365624747,42979.36365624747,-0.021562837892370013,-4.863409551835208
2012-06-22,145328.27273249725,45328.27273249725,0.01642830836691278,-3.3004763069760856
2012-06-25,142916.38323763962,42916.38323763962,-0.016596147807365402,-4.905315895087337
2012-06-26,142799.52455045987,42799.52455045987,-0.0008176717359649199,-4.983072130520439
2012-06-27,143870.79990435188,43870.79990435188,0.0075019532261360045,-4.2702595819524625
2012-06-28,143556.50150769745,43556.50150769745,-0.002184587816731254,-4.479389606568573
2012-06-29,145244.44986366297,45244.44986366297,0.011758076703164866,-3.356250942829475
2012-07-02,145129.38311299824,45129.38311299824,-0.0007922282109419365,-3.432814847243759
2012-07-03,145838.38982137153,45838.38982137153,0.004885342259198122,-2.961051096765188
2012-07-05,146444.60955049348,46444.60955049348,0.004156791156735062,-2.5576804521053598
2012-07-06,145723.2148473404,45723.214847340394,-0.004926058428284752,-3.037687011585888
2012-07-09,146278.69760631578,46278.69760631578,0.003811902994024008,-2.668076080397852
2012-07-10,144208.38833021972,44208.38833021972,-0.014153183682752868,-4.045632677827715
2012-07-11,143332.67496668067,43332.67496668067,-0.006072554957994303,-4.628320846851186
2012-07-12,142502.7702204083,42502.7702204083,-0.005790059708753015,-5.180528563671949
2012-07-13,144149.96255891531,44149.962558915315,0.011559019771751222,-4.084508418592437
2012-07-16,145010.28418326762,45010.28418326762,0.005968240359415233,-3.512061710643133
2012-07-17,143563.97311013401,43563.973110134015,-0.00997385172561771,-4.474418100451738
2012-07-18,144258.93174655107,44258.93174655107,0.004840759289128416,-4.01200175252211
2012-07-19,145737.16095383352,45737.16095383352,0.010247054996078475,-3.028407455516713
2012-07-20,144348.0623306939,44348.06233069391,-0.00953153344039448,-3.952695432622755
2012-07-23,143540.11945216963,43540.11945216963,-0.005597185479866873,-4.4902900111276285
2012-07-24,142635.77543153634,42635.77543153634,-0.006300287502091995,-5.092028643298951
2012-07-25,139443.0209059456,39443.020905945596,-0.022383967247566416,-7.216445565680319
2012-07-26,138823.93235597748,38823.93235597748,-0.004439724167950243,-7.628378954690696
2012-07-27,142730.6499745168,42730.6499745168,0.02814152828146055,-5.028900368639755
2012-07-30,141572.21882535925,41572.21882535925,-0.008116204538859528,-5.7997052385282855
2012-07-31,142202.99802305392,42202.99802305392,0.004455529502386257,-5.379993046085064
2012-08-01,140936.65929367568,40936.65929367568,-0.008905147901121957,-6.222598202414864
2012-08-02,141138.06335422018,41138.06335422018,0.0014290395526179722,-6.0885865861043715
2012-08-03,142807.67403837963,42807.67403837963,0.01182962727757686,-4.977649568307552
2012-08-06,144206.18343752506,44206.18343752506,0.009792956916093942,-4.047099784464015
2012-08-07,145675.82079758742,45675.820797587425,0.010191222907574238,-3.0692223897392568
2012-08-08,144640.4394601508,44640.43946015081,-0.0071074343825063835,-3.7581515312495095
2012-08-09,145483.8197054654,45483.8197054654,0.005830874466797642,-3.196977394375655
2012-08-10,145434.9635824534,45434.963582453405,-0.0003358182587651637,-3.229485616870287
2012-08-13,146927.13798226678,46927.13798226678,0.010260080265825477,-2.2366123719341546
2012-08-14,145923.8410486046,45923.841048604605,-0.006828533839563833,-2.904192972622799
2012-08-15,146094.22865686376,46094.228656863765,0.0011676475004684939,-2.790819296241309
2012-08-16,148322.98012392042,48322.980123920424,0.015255575032271818,-1.3078373461894555
2012-08-17,149093.4665107768,49093.46651077681,0.005194652819223711,-0.795165825224553
2012-08-20,149789.94221039023,49789.94221039023,0.004671403220496417,-0.3317400433716866
2012-08-21,148548.5605639821,48548.560563982086,-0.008287483312227617,-1.1577390845210145
2012-08-22,150874.54006021662,50874.54006021662,0.015658041299112524,0.0
2012-08-23,149759.26441014267,49759.26441014267,-0.007392073239320673,-0.7392073239320673
2012-08-24,150382.62821533214,50382.62821533214,0.0041624390160082125,-0.3260403277373092
2012-08-27,149898.40272074603,49898.40272074603,-0.003219956322965345,-0.6469861244190023
2012-08-28,149837.18421905566,49837.18421905566,-0.00040839996010111346,-0.6875618913217085
2012-08-29,150029.09723447025,50029.097234470246,0.001280810343672778,-0.5603614933367473
2012-08-30,149317.76806927376,49317.76806927376,-0.004741274714762822,-1.0318321370335393
2012-08-31,149274.65423513594,49274.65423513594,-0.000288738806474953,-1.0604080877013033
2012-09-04,148238.4324045519,48238.43240455189,-0.006941713152132323,-1.7472183541455188
2012-09-05,148447.95512511863,48447.955125118635,0.0014134170010307034,-1.6083462021686978
2012-09-06,150124.05481422003,50124.05481422003,0.01129082369432921,-0.4974233861439137
2012-09-07,150251.07976608918,50251.079766089184,0.0008461332331208826,-0.413230949289789
2012-09-10,147421.799470601,47421.79947060099,-0.018830349172151095,-2.2884845834410306
2012-09-11,146932.51844389443,46932.51844389443,-0.003318919104661533,-2.612781198702485
2012-09-12,148288.35793349304,48288.35793349304,0.009227633909483002,-1.7141275961414015
2012-09-13,150638.55723460627,50638.55723460627,0.01584884568057121,-0.15640997183233862
2012-09-14,151559.33027732396,51559.330277323956,0.006112465889351659,0.0
2012-09-17,152390.76611921855,52390.76611921855,0.005485876985423577,0.0
2012-09-18,152510.1693925306,52510.1693925306,0.0007835335194694704,0.0
2012-09-19,152912.78113386786,52912.78113386786,0.002639900951791674,0.0
2012-09-20,153166.4175389955,53166.417538995505,0.0016586998369063632,0.0
2012-09-21,151957.0149175915,51957.0149175915,-0.007896003842331134,-0.7896003842331134
2012-09-24,151737.71994691167,51737.719946911675,-0.0014431381848264424,-0.9327747002505271
2012-09-25,147754.6306857108,47754.630685710814,-0.026249829393735546,-3.5332724628797108
2012-09-26,147316.48167323982,47316.48167323982,-0.002965382610599754,-3.819333219219756
2012-09-27,149522.43733552843,49522.43733552843,0.014974262466989963,-2.3790986705942485
2012-09-28,148647.17220250412,48647.17220250412,-0.005853737730747488,-2.95054582401576
2012-10-01,147326.6871997707,47326.687199770706,-0.008883350979152826,-3.812670187796241
2012-10-02,147816.4294055665,47816.42940556651,0.0033241920734410346,-3.4929250284690627
2012-10-03,149324.29113588837,49324.29113588837,0.010200907547189608,-2.5084652790347772
2012-10-04,150005.44259685266,50005.44259685266,0.004561558308985525,-2.063751958772597
2012-10-05,147189.26881084117,47189.26881084117,-0.018773810718189066,-3.9023885419482207
2012-10-08,146098.96448172035,46098.96448172035,-0.007407498779833044,-4.614231481568609
2012-10-09,144322.05057525652,44322.05057525652,-0.012162399047572658,-5.774351261749167
2012-10-10,143386.74688556817,43386.746885568165,-0.006480670735762861,-6.384996666085419
2012-10-11,142413.07217007852,42413.07217007852,-0.006790548894080817,-7.02069392344391
2012-10-12,142282.92591311788,42282.925913117884,-0.0009138645419095592,-7.1056644143986265
2012-10-15,143054.9300465264,43054.930046526395,0.00542583819143494,-6.601634780610288
2012-10-16,146008.9556096148,46008.955609614786,0.02064958937191208,-4.672996890822012
2012-10-17,145728.57999579463,45728.57999579463,-0.0019202631280358373,-4.85604981999872
2012-10-18,144138.80246763205,44138.80246763205,-0.01090916777071771,-5.89399113488116
2012-10-19,141761.58771160265,41761.58771160265,-0.01649253854848165,-7.446038113732878
2012-10-22,142351.50034358742,42351.500343587424,0.004161300966696757,-7.060893222663934
2012-10-23,141350.49355912223,41350.49355912223,-0.007031937015409828,-7.714435167790612
2012-10-24,140280.67664822502,40280.676648225024,-0.007568540328086959,-8.412902186923466
2012-10-25,139193.50418147707,39193.50418147707,-0.007749980202007456,-9.122700381734127
2012-10-26,140863.0241726531,40863.024172653095,0.011994237812989805,-8.032696438310328
2012-10-31,140357.08890258847,40357.08890258847,-0.0035916825798408825,-8.363013800427787
2012-11-01,142374.789447954,42374.78944795401,0.014375480149533937,-7.045688124352711
2012-11-02,140734.7394333859,40734.7394333859,-0.011519244530069361,-8.116451572972617
2012-11-05,143460.78168429076,43460.78168429076,0.019370073528968135,-6.336660483838585
2012-11-06,143273.91212367587,43273.912123675866,-0.0013025828970187892,-6.4586647479699995
2012-11-07,140321.36845245707,40321.36845245707,-0.02060768514975786,-8.38633513333178
2012-11-08,138080.23265427066,38080.23265427066,-0.015971450555983924,-9.849538252002255
2012-11-09,137745.37175496249,37745.371754962485,-0.0024251183016660294,-10.068163786690965
2012-11-12,137083.4635117369,37083.46351173689,-0.00480530296439341,-10.50031350584012
2012-11-13,136573.97087572186,36573.97087572186,-0.0037166600767378766,-10.832953417513524
2012-11-14,134769.61221647018,34769.61221647018,-0.013211585250703428,-12.010991454991482
2012-11-15,133433.63257405942,33433.63257405942,-0.009913062896292124,-12.883232030880531
2012-11-16,134290.39283987958,34290.39283987958,0.006420871929306404,-12.323866420855712
2012-11-19,138044.73117486454,38044.731174864544,0.027956864639315127,-9.872716622285072
2012-11-20,138271.90296235704,38271.90296235704,0.001645638957453066,-9.72439965362929
2012-11-21,139412.53673083714,39412.536730837135,0.00824920858137479,-8.979697396563246
2012-11-23,140390.6527654046,40390.65276540461,0.007015983336246867,-8.341100470237372
2012-11-26,142400.49558067173,42400.49558067173,0.014316072870076413,-7.028904985378281
2012-11-27,141585.8465523715,41585.84655237151,-0.005720830008198341,-7.560776815632986
2012-11-28,142721.58594546575,42721.58594546575,0.008021560210639711,-6.8192700210348285
2012-11-29,143364.99822034774,43364.99822034774,0.0045081637134263275,-6.399196035353095
2012-11-30,142844.8589614434,42844.85896144339,-0.0036280770436373233,-6.738786963483223
2012-12-03,142677.16724717323,42677.16724717323,-0.0011739429440398297,-6.8482703064800425
2012-12-04,142166.89138842458,42166.891388424585,-0.0035764367108904738,-7.1814215722389
2012-12-05,139552.48197078274,39552.48197078274,-0.01838972064528599,-8.88832930021799
2012-12-06,139981.76068320833,39981.760683208326,0.0030761094776907694,-8.608059826450154
2012-12-07,138472.67207915027,38472.672079150274,-0.010780608821411075,-9.593320582891007
2012-12-10,138665.1935311855,38665.193531185505,0.0013903209141885586,-9.467626285715047
2012-12-11,140859.10468448323,40859.10468448323,0.015821642745584397,-8.035255411897902
2012-12-12,140543.78201662644,40543.78201662644,-0.002238567883581899,-8.241124735554639
2012-12-13,138873.52111937435,38873.521119374345,-0.01188427458892849,-9.331612405168544
2012-12-14,137297.84147666293,37297.84147666293,-0.011346148855525762,-10.360349427310013
2012-12-17,138632.25427268387,38632.25427268387,0.009719109795675474,-9.48913182134804
2012-12-18,141274.51138245064,41274.51138245064,0.019059468690233894,-7.764042763171131
2012-12-19,140821.0773782793,40821.0773782793,-0.0032095952747189793,-8.060082855677642
2012-12-20,141283.13817250225,41283.13817250225,0.0032811905918157525,-7.7584104645313845
2012-12-21,140667.70657409338,40667.706574093376,-0.004356015915058853,-8.160216296578204
2012-12-24,140170.77217770947,40170.77217770947,-0.0035326828629438367,-8.484657126603745
2012-12-26,138120.18102305537,38120.18102305537,-0.014629234916779588,-9.823456575988288
2012-12-27,138648.43755119859,38648.437551198585,0.003824615086878813,-9.478566007526224
2012-12-28,137227.87136592975,37227.87136592975,-0.01024581459667917,-10.40603183723865
2012-12-31,140186.33759884056,40186.33759884056,0.02155878542356615,-8.47449470237186
2013-01-02,143106.8887268718,43106.88872687181,0.020833350653533422,-6.56771175676456
2013-01-03,141967.74302421103,41967.74302421103,-0.007960103897128978,-7.311442478527219
2013-01-04,141149.36931545282,41149.369315452815,-0.005764504607350451,-7.845746095408412
2013-01-07,141249.76983830536,41249.769838305365,0.0007113069179087717,-7.780196137091355
2013-01-08,140469.15458497105,40469.15458497105,-0.005526488674834074,-8.289847838735131
2013-01-09,139538.99997008158,39538.99997008158,-0.006621771289488376,-8.897131491271216
2013-01-10,139583.66082830812,39583.660828308115,0.0003200600422541555,-8.867973103326833
2013-01-11,139293.7595281939,39293.759528193914,-0.002076899963748491,-9.057245206684861
2013-01-14,138697.91591858107,38697.91591858107,-0.004277604478700625,-9.44626234189412
2013-01-15,137792.33888441266,37792.33888441266,-0.006529132238007107,-10.037499669709693
2013-01-16,139094.1564944421,39094.15649444211,0.009447677719742309,-9.187562959726902
2013-01-17,139769.6245605734,39769.6245605734,0.004856192978590634,-8.74656024060323
2013-01-18,140857.3544592097,40857.35445920969,0.00778230536181268,-8.036398107079822
2013-01-22,141264.82849713898,41264.82849713898,0.002892813367776803,-7.7703645701750705
2013-01-23,142989.04625325024,42989.04625325024,0.012205570023724466,-6.644649296673766
2013-01-24,140208.64107485482,40208.64107485482,-0.01944488232665742,-8.459933105663776
2013-01-25,141668.37483713267,41668.374837132666,0.010411154056464422,-7.506895366887778
2013-01-28,142403.16258866957,42403.16258866957,0.005186674530442303,-7.027163736845676
2013-01-29,140625.36724941782,40625.36724941782,-0.012484240566952187,-8.18785899094675
2013-01-30,141434.76116164995,41434.76116164995,0.005755675011298367,-7.659418145207142
2013-01-31,139649.84482936902,39649.844829369016,-0.012620068204031498,-8.824762586214586
2013-02-01,140431.77317347415,40431.773173474154,0.005599206680541258,-8.314253587787391
2013-02-04,137858.79572495518,37858.795724955184,-0.01832190387100352,-9.99411101989316
2013-02-05,140184.8669662692,40184.86696626921,0.01687285333577715,-8.475454855775578
2013-02-06,139940.6093417744,39940.6093417744,-0.001742396520971079,-8.634926904818329
2013-02-07,141121.45483248294,41121.45483248294,0.008438190288457159,-7.863971032322392
2013-02-08,142361.26253724142,42361.26253724142,0.008785394865934437,-7.054519636462175
2013-02-11,142927.7773273625,42927.777327362506,0.00397941673194202,-6.684650836745131
2013-02-12,141366.86310372403,41366.86310372403,-0.010920999772237039,-7.70374774370326
2013-02-13,142655.44850690864,42655.44850690864,0.009115187073502229,-6.862450138203968
2013-02-14,142866.98493048138,42866.98493048138,0.0014828485402189617,-6.72434125835184
2013-02-15,142057.21167783547,42057.21167783547,-0.005668022272885098,-7.253029769617536
2013-02-19,144476.4249825339,44476.42498253391,0.017029852100608922,-5.67356258381454
2013-02-20,143116.94617076757,43116.946170767565,-0.009409693048057388,-6.561145406217639
2013-02-21,140962.93089581266,40962.930895812664,-0.015050735308345109,-7.9674688742236155
2013-02-22,142861.20334264394,42861.203342643945,0.013466465508115144,-6.728115968193816
2013-02-25,140467.2354588453,40467.2354588453,-0.01675729888720634,-8.291100806687634
2013-02-26,141271.2133070075,41271.21330700751,0.005723597004924086,-7.766196025939909
2013-02-27,142084.14104643505,42084.14104643505,0.005754376425301189,-7.235447998735722
2013-02-28,142394.75012192864,42394.750121928635,0.0021860925026957467,-7.03265610708983
2013-03-01,141916.45854678188,41916.45854678188,-0.0033589129847638732,-7.344925325650731
2013-03-04,142578.56553836874,42578.56553836874,0.004665470082658496,-6.912645846751064
2013-03-05,144516.69056235236,44516.69056235236,0.013593382824868216,-5.6472738055918565
2013-03-06,144323.74658417978,44323.74658417978,-0.0013350982327493544,-5.773243963589092
2013-03-07,144762.68631259343,44762.68631259343,0.003041354862261869,-5.486666960962583
2013-03-08,144488.78567834088,44488.78567834088,-0.0018920665347499366,-5.665492475493417
2013-03-11,144706.16818924437,44706.168189244374,0.0015044939984991679,-5.523566775071432
2013-03-12,144126.12446166435,44126.12446166435,-0.004008424345957717,-5.902268410129485
2013-03-13,144110.87793229378,44110.87793229378,-0.00010578602198263454,-5.912222634831965
2013-03-14,142664.17888327557,42664.17888327557,-0.010038791448469975,-6.8567502096509525
2013-03-15,141223.23452623538,41223.23452623538,-0.01010025339450582,-7.797520634521238
2013-03-18,141668.90123715618,41668.901237156184,0.0031557605405081457,-7.506551688402652
2013-03-19,142024.09314488174,42024.09314488174,0.0025071974485844084,-7.274652350785038
2013-03-20,142655.72684386373,42655.726843863726,0.004447370055288058,-6.8622684162837455
2013-03-21,141356.18354445248,41356.18354445248,-0.009109646897201618,-7.71072026381775
2013-03-22,142942.0852575244,42942.08525752439,0.011219188813011538,-6.675309409040686
2013-03-25,143107.16523708432,43107.16523708432,0.0011548731730233186,-6.567531227496481
2013-03-26,143102.42401155093,43102.42401155093,-3.31305950022065e-05,-6.570626700779448
2013-03-27,143314.89493538113,43314.89493538113,0.00148474720325531,-6.4319077000715374
2013-03-28,143079.55163859195,43079.55163859195,-0.0016421412226224064,-6.585559721559386
2013-04-01,144094.38231038296,44094.38231038296,0.007092772238722178,-5.922992372856695
2013-04-02,144548.06463656816,44548.06463656816,0.0031485080744366734,-5.626790154723804
2013-04-03,141786.31526311734,41786.31526311734,-0.019106097202993166,-7.429893875386117
2013-04-04,141837.8573319188,41837.857331918814,0.0003635193474478271,-7.396242850814527
2013-04-05,141560.68845742545,41560.68845742545,-0.0019541247993104527,-7.577202149169082
2013-04-08,142260.136205564,42260.13620556399,0.004940974473636395,-7.120543464206063
2013-04-09,142719.28477656076,42719.28477656076,0.0032275279867108875,-6.820772418846288
2013-04-10,145454.1583443514,45454.158344351395,0.01916260701608974,-5.03521549864584
2013-04-11,144943.15627551038,44943.15627551038,-0.0035131485731143552,-5.368840895812898
2013-04-12,145614.35973348864,45614.35973348864,0.004630804759780727,-4.930622473809665
2013-04-15,144113.28823229275,44113.28823229275,-0.01030854033862616,-5.910648987006484
2013-04-16,147346.303560789,47346.303560789005,0.022433846095337495,-3.7998629671708084
2013-04-17,144931.2624800211,44931.262480021105,-0.016390238658220202,-5.376606172092369
2013-04-18,143454.5510618435,43454.55106184349,-0.010189046813700253,-6.340728361476112
2013-04-19,144967.5744079579,44967.5744079579,0.010547057133531768,-5.352898672419637
2013-04-22,147870.75859403948,47870.75859403948,0.020026438311726347,-3.457454336299126
2013-04-23,149535.319003884,49535.31900388401,0.011256859880014458,-2.3706884273029583
2013-04-24,151134.15511000628,51134.15511000628,0.010692029928265567,-1.3268329060917128
2013-04-25,152011.568140671,52011.56814067101,0.005805524436392817,-0.7539834233117548
2013-04-26,149694.31756549954,49694.31756549954,-0.01524390941765097,-2.2668807100694743
2013-04-29,152738.10761438665,52738.10761438665,0.020333370687603214,-0.2796369670915677
2013-04-30,153504.10276930267,53504.10276930267,0.005015088682713609,0.0
2013-05-01,151924.2973974866,51924.2973974866,-0.010291616597312148,-1.0291616597312148
2013-05-02,153927.64921651577,53927.64921651577,0.013186513634403818,0.0
2013-05-03,155360.73114976243,55360.73114976243,0.009310100820359324,0.0
2013-05-06,158469.8313777372,58469.831377737195,0.02001213694712667,0.0
2013-05-07,155780.9936898387,55780.99368983871,-0.016967505199707245,-1.6967505199707245
2013-05-08,156184.7744089103,56184.77440891031,0.0025919767842508268,-1.4419507795020658
2013-05-09,162086.84950591662,62086.849505916616,0.03778905542709299,0.0
2013-05-10,168188.37938142451,68188.37938142451,0.03764358363498932,0.0
2013-05-13,173237.352130363,73237.352130363,0.03001974790118056,0.0
2013-05-14,172041.4370465167,72041.43704651669,-0.006903332734769396,-0.6903332734769396
2013-05-15,172375.807005015,72375.807005015,0.0019435431616854348,-0.4973206498213423
2013-05-16,176109.53002843482,76109.53002843482,0.02166036573398733,0.0
2013-05-17,179127.77573926136,79127.77573926136,0.017138457585681,0.0
2013-05-20,179181.07560599133,79181.07560599133,0.00029755221662308706,0.0
2013-05-21,178442.8631358663,78442.8631358663,-0.004119924314710088,-0.41199243147100884
2013-05-22,177487.8549784043,77487.8549784043,-0.005351898869358829,-0.9449773765787151
2013-05-23,179722.70976065798,79722.70976065798,0.012591592717854372,0.0
2013-05-24,182299.22349050795,82299.22349050795,0.014336049869719814,0.0
2013-05-28,190652.63663027392,90652.63663027392,0.045822538241370614,0.0
2013-05-29,187711.30754492662,87711.30754492662,-0.015427686379451022,-1.5427686379451022
2013-05-30,187715.34251922686,87715.34251922686,2.149563791875586e-05,-1.5406522369492581
2013-05-31,184007.39975468774,84007.39975468774,-0.01975300854355755,-3.485520574505907
2013-06-03,181203.80523910688,81203.80523910688,-0.015236313970625748,-4.956045485744232
2013-06-04,182411.23026376532,82411.23026376532,0.006663353581704223,-4.32273401101233
2013-06-05,181519.76823766853,81519.76823766853,-0.004887100562875113,-4.790318431481467
2013-06-06,180364.23204779127,80364.23204779127,-0.006365897230346196,-5.396413479680639
2013-06-07,184446.52641237437,84446.52641237437,0.022633613761632088,-3.2551924419145783
2013-06-10,183165.49764401116,83165.49764401116,-0.006945258299411727,-3.927110119532362
2013-06-11,178585.5927369335,78585.5927369335,-0.025004190013879546,-6.329334913286111
2013-06-12,179402.41180266178,79402.41180266178,0.004573823975439595,-5.90090177951712
2013-06-13,180590.72312262133,80590.72312262133,0.006623719870982869,-5.277615712792527
2013-06-14,180566.82639618183,80566.82639618183,-0.00013232532671836328,-5.29014988324088
2013-06-17,182904.3696589171,82904.3696589171,0.012945585351356037,-4.064075434940229
2013-06-18,184428.73437548126,84428.73437548126,0.00833421705236903,-3.2645246164953123
2013-06-19,183646.14675608283,83646.14675608283,-0.004243306348375997,-3.6750028733033124
2013-06-20,182004.82381448493,82004.82381448493,-0.008937421070848273,-4.535899932272846
2013-06-21,182432.2182667488,82432.2182667488,0.0023482589269145926,-4.311725507088948
2013-06-24,183254.14696768502,83254.14696768502,0.004505392242363904,-3.880612297503405
2013-06-25,183946.33018034024,83946.33018034024,0.003777176255538084,-3.517552428576687
2013-06-26,185877.0479102704,85877.0479102704,0.01049609268114926,-2.504863716762884
2013-06-27,187657.01449900266,87657.01449900266,0.009576042920541372,-1.5712461071705874
2013-06-28,187686.7842511729,87686.78425117291,0.00015863916544622825,-1.5556314517971126
2013-07-01,193846.75960824068,93846.75960824068,0.03282050668428593,0.0
2013-07-02,194811.62619533064,94811.62619533064,0.00497747080755917,0.0
2013-07-03,193477.85932923004,93477.85932923004,-0.006846443880938025,-0.6846443880938025
2013-07-05,197194.09177832658,97194.09177832658,0.019207533420001477,0.0
2013-07-08,198552.503096639,98552.503096639,0.006888701918308371,0.0
2013-07-09,199585.4285445821,99585.4285445821,0.005202278650903391,0.0
2013-07-10,199099.21576750168,99099.21576750168,-0.002436113601208212,-0.24361136012082119
2013-07-11,201288.0103990517,101288.01039905171,0.0109934869563022,0.0
2013-07-12,204252.13607277253,104252.13607277253,0.014725793492838868,0.0
2013-07-15,203810.64847941377,103810.64847941377,-0.002161483359965799,-0.2161483359965799
2013-07-16,194904.01358151174,94904.01358151174,-0.04370053755460013,-4.57675629298201
2013-07-17,201033.16044291126,101033.16044291126,0.03144700177678095,-1.575981378581215
2013-07-18,199625.54040253843,99625.54040253843,-0.007001929618335567,-2.2651394297221406
2013-07-19,195167.41777730745,95167.41777730745,-0.02233242608256103,-4.44779597909728
2013-07-22,196656.81618152262,96656.81618152262,0.007631388585130683,-3.7185999800480873
2013-07-23,195332.80048814704,95332.80048814704,-0.006732620404845013,-4.366826098429466
2013-07-24,196142.84892297507,96142.84892297507,0.0041470169516009125,-3.9702337051242487
2013-07-25,197110.4354244362,97110.4354244362,0.004933070498232217,-3.496512098062865
2013-07-26,201054.18301535232,101054.18301535232,0.020007807209314388,-1.5656889170945099
2013-07-29,202963.63835683683,102963.63835683683,0.009497217679568015,-0.6308368376018447
2013-07-30,202420.58357420508,102420.58357420508,-0.002675625974328355,-0.8967115516064328
2013-07-31,203181.73364954593,103181.73364954593,0.003760240494820044,-0.5240593532129467
2013-08-01,205555.6354316129,105555.6354316129,0.011683637792763157,0.0
2013-08-02,208400.00893441497,108400.00893441497,0.013837487339277477,0.0
2013-08-05,211876.174099843,111876.17409984299,0.016680254397311467,0.0
2013-08-06,209658.3654586541,109658.3654586541,-0.01046747540449633,-1.046747540449633
2013-08-07,206102.3208413215,106102.32084132149,-0.016961138705595236,-2.7251073807858517
2013-08-08,215459.11983131143,115459.11983131143,0.04539880459276224,0.0
2013-08-09,213415.71997805653,113415.71997805653,-0.009483932983921695,-0.9483932983921695
2013-08-12,211261.89269736118,111261.89269736118,-0.010092167910202732,-1.9480387450001468
2013-08-13,212555.48917728785,112555.48917728785,0.006123188916894673,-1.3476480625637555
2013-08-14,210511.15710202965,110511.15710202965,-0.009617874763766077,-2.296474028648987
2013-08-15,210092.20539710345,110092.20539710345,-0.0019901638976937974,-2.490920058714563
2013-08-16,211752.2344973334,111752.23449733341,0.00790143116967279,-1.7204587751403766
2013-08-19,212558.9340653538,112558.9340653538,0.0038096389865041047,-1.3460492033144256
2013-08-20,215818.32338411838,115818.32338411838,0.015334049980521902,0.0
2013-08-21,215827.71089876973,115827.71089876973,4.349730136055108e-05,0.0
2013-08-22,223223.63593552902,123223.63593552902,0.034267726817656996,0.0
2013-08-23,227922.54563464815,127922.54563464815,0.02105023367900105,0.0
2013-08-26,228344.63734506452,128344.63734506452,0.0018519085474455466,0.0
2013-08-27,226605.99640372506,126605.99640372506,-0.00761410892567671,-0.761410892567671
2013-08-28,226066.70909568554,126066.70909568554,-0.0023798457084017732,-0.9975834229628444
2013-08-29,227713.85904044285,127713.85904044285,0.007286123425011448,-0.27623959640815654
2013-08-30,229174.0913080383,129174.0913080383,0.006412575298441192,0.0
2013-09-03,228232.20700197498,128232.20700197498,-0.0041099074537065405,-0.41099074537065405
2013-09-04,228924.78328613102,128924.78328613102,0.003034524764290003,-0.10878543053638445
2013-09-05,229248.83602736125,129248.83602736125,0.0014155424178132758,0.0
2013-09-06,225775.031774711,125775.03177471101,-0.015152985344866199,-1.5152985344866199
2013-09-09,224021.06216277144,124021.06216277144,-0.007768660680290584,-2.280392762371919
2013-09-10,226841.60590139008,126841.60590139008,0.012590529262687111,-1.050051187908263
2013-09-11,223751.06622935386,123751.06622935386,-0.013624218801288612,-2.3981669409005035
2013-09-12,224082.98496429232,124082.98496429232,0.0014834286179365996,-2.253381588577563
2013-09-13,224445.8009223069,124445.8009223069,0.0016191142672987713,-2.095118644127425
2013-09-16,223207.8453696167,123207.8453696167,-0.005515610216823452,-2.635123808010764
2013-09-17,224123.55672063757,124123.55672063757,0.004102505221107,-2.235683895080698
2013-09-18,226763.15816117323,126763.15816117323,0.011777438655526273,-1.084270659455544
2013-09-19,231425.86964321532,131425.86964321532,0.020562032738704605,0.0
2013-09-20,234317.58434439282,134317.58434439282,0.012495209397443752,0.0
2013-09-23,234161.29914540704,134161.29914540704,-0.0006669802414660531,-0.0666980241466053
2013-09-24,235161.4532107648,135161.4532107648,0.004271218467816418,0.0
2013-09-25,235886.87429896914,135886.87429896914,0.0030847788967955925,0.0
2013-09-26,239253.3597971903,139253.3597971903,0.01427161010219824,0.0
2013-09-27,239823.18022783237,139823.18022783237,0.002381661144174041,0.0
2013-09-30,240002.77062017328,140002.77062017328,0.0007488450122723478,0.0
2013-10-01,242758.34645861847,142758.34645861847,0.011481433448975231,0.0
2013-10-02,237036.12503413222,137036.12503413222,-0.023571677381900802,-2.35716773819008
2013-10-03,231528.78021832262,131528.78021832262,-0.023234200335567223,-4.625820864293162
2013-10-04,235844.03001847252,135844.03001847252,0.01863807080951574,-2.848230160162424
2013-10-07,235792.59429361665,135792.59429361665,-0.00021809212152557045,-2.8694181957567566
2013-10-08,230395.76790969342,130395.76790969342,-0.02288802326506889,-5.092545211841948
2013-10-09,228502.5100688376,128502.51006883761,-0.008217415875442113,-5.8724392375159695
2013-10-10,232445.62431427077,132445.62431427077,0.01725632792499865,-4.248143182218311
2013-10-11,236498.12663276825,136498.12663276825,0.017434194902367528,-2.5787866481935207
2013-10-14,237908.2419661675,137908.2419661675,0.005962479929445097,-1.9979146188811914
2013-10-15,239247.5471208537,139247.5471208537,0.00562950296979059,-1.4462115881825
2013-10-16,239624.86846991227,139624.86846991227,0.0015771168967009253,-1.2907807432443352
2013-10-17,238666.88422041325,138666.88422041325,-0.003997849870992387,-1.68540538271571
2013-10-18,241653.85229737376,141653.85229737376,0.012515217964642167,-0.45497680197496004
2013-10-21,237359.76266267232,137359.76266267232,-0.01776958899631864,-2.223850950832873
2013-10-22,236628.66304761544,136628.66304761544,-0.003080132903974575,-2.5250144847431266
2013-10-23,233942.8380678299,133942.8380678299,-0.011350378881382905,-3.6313925017986137
2013-10-24,239909.6413102724,139909.6413102724,0.025505389657248134,-1.1734736168305893
2013-10-25,243103.26759925747,143103.26759925747,0.01331178801961852,0.0
2013-10-28,239253.4976578902,139253.4976578902,-0.01583594486156148,-1.583594486156148
2013-10-29,239652.00872955046,139652.00872955046,0.0016656436606419245,-1.4196678242088479
2013-10-30,237783.7790635944,137783.7790635944,-0.00779559360198967,-2.1881600310004634
2013-10-31,237859.58719099703,137859.58719099703,0.0003188111809020455,-2.156976522793741
2013-11-01,238659.79899263062,138659.79899263062,0.0033642192483545053,-1.8278111398945307
2013-11-04,244680.24583008076,144680.24583008076,0.025226061795334154,0.0
2013-11-05,246589.31680402503,146589.31680402503,0.007802309366936155,0.0
2013-11-06,234387.96132517175,134387.96132517175,-0.049480470755958184,-4.948047075595818
2013-11-07,225966.0901974173,125966.0901974173,-0.03593132974978441,-8.363390139483574
2013-11-08,229257.65090921556,129257.65090921556,0.014566613552159824,-7.028555056415387
2013-11-11,232900.19126719324,132900.19126719324,0.015888413510003696,-5.551386294529181
2013-11-12,229091.67095408164,129091.67095408164,-0.016352585596386637,-7.095865334607954
2013-11-13,231243.75747063366,131243.75747063366,0.009393997204653504,-6.2231241532605175
2013-11-14,233026.6590892126,133026.6590892126,0.007710052967831338,-5.500099473324404
2013-11-15,230996.0408184991,130996.04081849911,-0.008714102835487458,-6.323581324457194
2013-11-18,221608.30812406616,121608.30812406616,-0.04064023201942757,-10.130612714180288
2013-11-19,224029.71366426017,124029.71366426017,0.010926510656082522,-9.148653896346183
2013-11-20,220530.23732128818,120530.23732128818,-0.015620590169643456,-10.567805540191799
2013-11-21,223720.19686703224,123720.19686703224,0.014464953126117841,-9.274173039364818
2013-11-22,224090.80095015763,124090.80095015763,0.0016565517477424851,-9.123881012147795
2013-11-25,225472.28242410687,125472.28242410687,0.006164829025072427,-8.563645276125554
2013-11-26,226030.10193975177,126030.10193975177,0.0024740048295410766,-8.337431292943053
2013-11-27,231947.95572558374,131947.95572558374,0.02618170648531315,-5.937548823365047
2013-11-29,234014.81454729522,134014.81454729522,0.008910873196730229,-5.099370248356417
2013-12-02,233064.95113215168,133064.95113215168,-0.004058988389179841,-5.484570802644195
2013-12-03,244055.6773885694,144055.6773885694,0.04715735336020477,-1.0274733099930766
2013-12-04,242594.4681127221,142594.4681127221,-0.005987196411419093,-1.6200412666205644
2013-12-05,240631.95429305313,140631.95429305313,-0.008089689080449602,-2.4159045445210747
2013-12-06,239529.34180505585,139529.34180505585,-0.004582153235785369,-2.863049823273589
2013-12-09,241734.96378531787,141734.96378531787,0.009208149463613813,-1.9685982676066693
2013-12-10,241778.7995557465,141778.7995557465,0.00018133814712695262,-1.9508214348562647
2013-12-11,238287.4406624828,138287.4406624828,-0.01444030204335045,-3.3666811884393466
2013-12-12,241840.2683040947,141840.2683040947,0.014909840114671447,-1.9258938552089044
2013-12-13,240218.12996049674,140218.12996049674,-0.006707478266432698,-2.5837237906748967
2013-12-16,241200.17316679834,141200.17316679834,0.004088131093448633,-2.185473282895578
2013-12-17,243625.0193341094,143625.0193341094,0.010053252182510741,-1.2021191786955931
2013-12-18,243322.51203751063,143322.51203751063,-0.001241692242552106,-1.324795740891993
2013-12-19,239815.08523033815,139815.08523033815,-0.01441472380751918,-2.7471715569375776
2013-12-20,243276.89372506464,143276.89372506464,0.014435324164038699,-1.3432954524923324
2013-12-23,243659.16883023735,143659.16883023735,0.0015713580493375012,-1.188270445680495
2013-12-24,247975.78457850954,147975.78457850954,0.017715794439402632,0.0
2013-12-26,250418.70812725555,150418.70812725555,0.009851460104857823,0.0
2013-12-27,248935.68294762756,148935.68294762756,-0.005922182055481118,-0.5922182055481118
2013-12-30,247934.88675483753,147934.88675483753,-0.004020300267682297,-0.9918673373060516
2013-12-31,248118.72728909878,148118.72728909878,0.0007414871568398596,-0.9184540785139639
2014-01-02,246565.4102625151,146565.4102625151,-0.00626037801964785,-1.5387420107535688
2014-01-03,244292.8732513741,144292.8732513741,-0.009216771357837494,-2.446236913245503
2014-01-06,243280.15295178906,143280.15295178906,-0.004145517165959123,-2.8506477127255514
2014-01-07,246927.99238938797,146927.99238938797,0.014994397994816389,-1.3939516595915413
2014-01-08,249712.94638271263,149712.94638271263,0.011278405361725863,-0.28183267529048317
2014-01-09,246955.51951890602,146955.51951890602,-0.01104238648316036,-1.3829592182823869
2014-01-10,247134.646982732,147134.646982732,0.0007253430260434346,-1.3114280355023156
2014-01-13,240853.80810660287,140853.80810660287,-0.025414643202852805,-3.819562880179095
2014-01-14,256418.51936516428,156418.51936516428,0.06462306484135971,0.0
2014-01-15,259811.2475251678,159811.2475251678,0.013231213441225576,0.0
2014-01-16,263325.6717550033,163325.67175500328,0.013526836360288952,0.0
2014-01-17,262418.8836807531,162418.88368075312,-0.0034435992062856746,-0.34435992062856746
2014-01-21,267921.071146756,167921.071146756,0.020967193324000988,0.0
2014-01-22,270722.2130102197,170722.21301021968,0.010455101017154966,0.0
2014-01-23,273373.3247091336,173373.3247091336,0.00979273798568503,0.0
2014-01-24,265655.23393512925,165655.23393512925,-0.028232786729342818,-2.823278672934282
2014-01-27,262776.9753182854,162776.9753182854,-0.010834563935400165,-3.8761460731849384
2014-01-28,266370.0360496608,166370.03604966082,0.013673422974076699,-2.561803960545239
2014-01-29,262905.29603065265,162905.29603065265,-0.013007243871687613,-3.829206338847735
2014-01-30,270408.99301079375,170408.99301079375,0.0285414447461958,-1.0843529453701706
2014-01-31,264300.1613133034,164300.1613133034,-0.02259108186260106,-3.3189644254734585
2014-02-03,258017.70194350395,158017.70194350395,-0.02377016850304592,-5.617088932128933
2014-02-04,259104.01194027765,159104.01194027765,0.004210214991417827,-5.219716585017342
2014-02-05,257603.5646359999,157603.5646359999,-0.005790907261689071,-5.768580416510116
2014-02-06,261110.53403280865,161110.53403280865,0.013613823247221601,-4.485730525965703
2014-02-07,266347.7623310505,166347.76233105047,0.02005751440722703,-2.5699516898944896
2014-02-10,273350.8266704184,173350.82667041838,0.026292934763475273,-0.008229785674651602
2014-02-11,274441.66476663126,174441.66476663126,0.003990615684247079,0.0
2014-02-12,272974.8605095267,172974.86050952668,-0.0053446850293371595,-0.534468502933716
2014-02-13,277662.39748776105,177662.39748776105,0.017172046427589516,0.0
2014-02-14,277871.0368277758,177871.03682777582,0.0007514137380593144,0.0
2014-02-18,279993.36708269105,179993.36708269105,0.007637824651119063,0.0
2014-02-19,276013.06476258393,176013.06476258393,-0.014215702184586454,-1.4215702184586454
2014-02-20,287271.6540682132,187271.6540682132,0.04079005939560676,0.0
2014-02-21,286718.79161221546,186718.79161221546,-0.0019245283973142735,-0.19245283973142735
2014-02-24,290135.774967253,190135.77496725298,0.01191754239693843,0.0
2014-02-25,306916.5159117436,206916.51591174363,0.05783754501279503,0.0
2014-02-26,309920.6902094075,209920.69020940748,0.0097882457994789,0.0
2014-02-27,311378.9474890523,211378.9474890523,0.004705259525136896,0.0
2014-02-28,305985.56047987094,205985.56047987094,-0.017320975141940198,-1.7320975141940198
2014-03-03,308614.1480465454,208614.1480465454,0.008590560817811399,-0.8879211214509408
2014-03-04,313118.1221292694,213118.1221292694,0.01459419184516686,0.0
2014-03-05,311487.6101590566,211487.6101590566,-0.005207338237483539,-0.5207338237483539
2014-03-06,308821.221028448,208821.22102844802,-0.008560177174453343,-1.3722939674016832
2014-03-07,308084.25135598984,208084.25135598984,-0.0023863958247555273,-1.6076587132830888
2014-03-10,304117.73971973296,204117.73971973296,-0.012874762727399514,-2.8744367615428756
2014-03-11,302207.7073644723,202207.70736447233,-0.006280568693627919,-3.484440533369315
2014-03-12,307855.6435553125,207855.64355531248,0.018688921735634523,-1.68066879622647
2014-03-13,302117.06398682366,202117.06398682366,-0.018640488451717396,-3.5133891541109907
2014-03-14,298720.23172612174,198720.23172612174,-0.011243430661864506,-4.598229672955045
2014-03-17,300228.95932634984,200228.95932634984,0.005050637486152532,-4.1163899154959545
2014-03-18,307168.4826997764,207168.48269977642,0.023114103945859776,-1.9001261852984341
2014-03-19,306776.51662787667,206776.51662787667,-0.0012760621417101659,-2.025307720379921
2014-03-20,308754.7353461119,208754.73534611188,0.006448403352316667,-1.393527386241833
2014-03-21,303201.93324430066,203201.93324430066,-0.01798450830425824,-3.1669163118175914
2014-03-24,299005.5505968032,199005.5505968032,-0.01384022391478712,-4.507107872421356
2014-03-25,298862.4983802086,198862.49838020862,-0.0004784266255560832,-4.552794214566546
2014-03-26,291265.0106953036,191265.01069530362,-0.02542134836616261,-6.979190883414866
2014-03-27,284555.3707624073,184555.3707624073,-0.023036203067711924,-9.122037131747385
2014-03-28,288383.3213850821,188383.3213850821,0.013452392806428515,-7.8995110777956405
2014-03-31,286700.8661202425,186700.8661202425,-0.005834093514003769,-8.43683394285325
2014-04-01,293388.53090198664,193388.53090198664,0.023326280357099938,-6.301005861020559
2014-04-02,300223.47042311565,200223.47042311565,0.023296546392307382,-4.118142897149291
2014-04-03,296455.15188919206,196455.15188919206,-0.012551711991779846,-5.3216243527412725
2014-04-04,284473.7484414495,184473.74844144948,-0.04041556832927273,-9.148104713017613
2014-04-07,280608.6729949402,180608.6729949402,-0.013586756133685207,-10.382487258564943
2014-04-08,285799.37562183355,185799.37562183355,0.018498012094540384,-8.724741423991244
2014-04-09,287890.175525144,187890.17552514398,0.007315620962296876,-8.057006229013531
2014-04-10,277194.7970194659,177194.79701946588,-0.037150897859465015,-11.472770999492887
2014-04-11,276578.96749533433,176578.96749533433,-0.002221648929753517,-11.669447423055912
2014-04-14,274877.428281909,174877.42828190897,-0.006152091855842423,-12.212865096186587
2014-04-15,273380.782463725,173380.78246372502,-0.005444775249603295,-12.690846315544457
2014-04-16,278946.429422396,178946.429422396,0.020358588882923634,-10.91335514996662
2014-04-17,278096.5047122366,178096.50471223658,-0.003046910160919847,-11.184794153362454
2014-04-21,283319.68619172426,183319.68619172426,0.01878190265243518,-9.516675603094926
2014-04-22,291060.9891545349,191060.98915453488,0.027323561828217047,-7.044348894513474
2014-04-23,284463.2434869676,184463.24348696758,-0.022667914675656875,-9.151459662392769
2014-04-24,289602.7481491122,189602.74814911222,0.018067376997970896,-7.5100648343978555
2014-04-25,281706.5071443966,181706.5071443966,-0.027265766831224836,-10.031873840858264
2014-04-28,282593.84007513354,182593.84007513354,0.0031498488967531824,-9.74848783793295
2014-04-29,285575.1098692614,185575.1098692614,0.01054966305470506,-8.796364794445532
2014-04-30,285942.69171573984,185942.69171573984,0.0012871634598923265,-8.67897080779959
2014-05-01,286177.9843719561,186177.9843719561,0.0008228664800082885,-8.603825793957466
2014-05-02,287671.511924542,187671.51192454202,0.005218876482981694,-8.126840449759044
2014-05-05,291159.53416488576,191159.53416488576,0.012125017931072346,-7.012876742828111
2014-05-06,281876.38018328755,181876.38018328755,-0.03188339344004132,-9.97762177849414
2014-05-07,278685.0899482904,178685.08994829038,-0.011321595065617251,-10.996818691561872
2014-05-08,266149.2885352213,166149.2885352213,-0.04498195944173067,-15.000356183363039
2014-05-09,268279.7764931546,168279.77649315458,0.00800486061660588,-14.31994588214971
2014-05-12,272252.3073928592,172252.3073928592,0.014807418403399275,-13.051245472000804
2014-05-13,275704.8530741504,175704.8530741504,0.01268141935821765,-11.948611853156532
2014-05-14,274690.2672754416,174690.2672754416,-0.0036799707636481216,-12.272638387235546
2014-05-15,272045.7633847663,172045.7633847663,-0.009627220931069935,-13.11720907918149
2014-05-16,274465.2017955793,174465.20179557928,0.008893497846504061,-12.344517165228918
2014-05-19,278203.6207260131,178203.6207260131,0.01362073919016571,-11.150584694948451
2014-05-20,278278.7853136295,178278.7853136295,0.0002701783226983778,-11.126579508948598
2014-05-21,282647.06028900674,182647.06028900674,0.015697477515054015,-9.731490989104374
2014-05-22,285231.27214198967,185231.27214198967,0.009142893084897352,-8.906175662284655
2014-05-23,287451.0699426015,187451.0699426015,0.007782448901699546,-8.197242629115987
2014-05-27,291182.0940370573,191182.0940370573,0.012979684143116454,-7.005671834974758
2014-05-28,290245.68229277665,190245.68229277665,-0.0032158974176533794,-7.304732054777075
2014-05-29,290957.34870342247,190957.34870342247,0.0024519448662390086,-7.07744836841413
2014-05-30,290784.4775872117,190784.4775872117,-0.0005941459013877326,-7.132657921612518
2014-06-02,288870.17338270554,188870.17338270554,-0.006583240688740055,-7.744025986638103
2014-06-03,289528.83612835786,189528.83612835786,0.0022801341444818046,-7.533669990257808
2014-06-04,290291.4495473008,190291.4495473008,0.002633980881285636,-7.290115444849499
2014-06-05,294611.1231749461,194611.12317494611,0.014880471451645061,-5.910548654441261
2014-06-06,296308.7088949485,196308.70889494848,0.005762123648652251,-5.368393601754306
2014-06-09,294837.2096518505,194837.2096518505,-0.00496610190293012,-5.838343802365964
2014-06-10,294190.8899786975,194190.88997869752,-0.0021921238296759293,-6.04475781275855
2014-06-11,294169.55086502584,194169.55086502584,-7.2534923407086e-05,-6.05157284905431
2014-06-12,291229.2347846228,191229.2347846228,-0.009995310771481414,-6.990616574919894
2014-06-13,293360.43968649977,193360.43968649977,0.007317963471122901,-6.309977304543479
2014-06-16,303217.1055471415,203217.10554714152,0.03359916514706307,-3.162070759366753
2014-06-17,307015.5810535097,207015.58105350973,0.012527246770969613,-1.9489581229796382
2014-06-18,306256.8177079871,206256.8177079871,-0.0024714164112419335,-2.1912830770138725
2014-06-19,303621.23732202884,203621.23732202884,-0.008605785189315318,-3.033003884495644
2014-06-20,302040.21266104304,202040.21266104304,-0.005207226855837188,-3.5379330307981682
2014-06-23,305271.21142792486,205271.21142792486,0.010697247026864254,-2.506054471706687
2014-06-24,301617.7359438891,201617.73594388913,-0.011967966016010467,-3.6728586985560696
2014-06-25,304273.1008117812,204273.1008117812,0.00880374245759219,-2.8248193548620626
2014-06-26,302858.6991055586,202858.69910555863,-0.004648461209515453,-3.276534412618648
2014-06-27,305127.79738445475,205127.79738445475,0.0074922671384296535,-2.5518563698832764
2014-06-30,305956.4943334323,205956.4943334323,0.002715901193143022,-2.2871968403286758
2014-07-01,307668.6544421946,207668.65444219462,0.005596090099321049,-1.7403871899899226
2014-07-02,302081.6131823285,202081.61318232852,-0.018159280054041993,-3.5247110170086304
2014-07-03,302234.9325978631,202234.93259786308,0.00050754302428202,-3.4757456570697176
2014-07-07,300234.43137513753,200234.43137513753,-0.006619027143984435,-4.114642316618422
2014-07-08,296983.03617174784,196983.03617174784,-0.010829521412642817,-5.153034850809524
2014-07-09,300075.5007278677,200075.5007278677,0.010412933331085839,-4.165399726055174
2014-07-10,297893.1448562105,197893.1448562105,-0.007272689261081489,-4.862374994307528
2014-07-11,301083.8858570069,201083.88585700688,0.010711025264903418,-3.8433534892286625
2014-07-14,307764.66142469493,207764.66142469493,0.022189083778668017,-1.7097256039253828
2014-07-15,305054.4510326504,205054.45103265042,-0.008806113019923956,-2.5752808690165607
2014-07-16,304865.1115783329,204865.1115783329,-0.000620674288398626,-2.6357498872356167
2014-07-17,303017.70448813343,203017.70448813343,-0.006059752395527251,-3.225753135095155
2014-07-18,305246.4970010339,205246.49700103392,0.007355321091437217,-2.5139474760217606
2014-07-21,305703.69754866936,205703.69754866936,0.0014978076804397222,-2.3679321178156076
2014-07-22,305963.4957242212,205963.49572422123,0.0008498365496887317,-2.2849608181076286
2014-07-23,307869.7012085305,207869.70120853052,0.006230172915880905,-1.6761792275223564
2014-07-24,308044.2240561326,208044.2240561326,0.0005668724363487865,-1.620442163689928
2014-07-25,306513.91778010153,206513.91778010153,-0.004967813568717339,-2.1091734659935635
2014-07-28,306654.5859567579,206654.5859567579,0.00045892916600709377,-2.0642485106125763
2014-07-29,307633.86682173074,207633.86682173074,0.003193432969272214,-1.7514972529359074
2014-07-30,311828.31764106674,211828.31764106674,0.013634554812414823,-0.4119226569933798
2014-07-31,304470.99151321803,204470.99151321803,-0.023594156500941765,-2.7616193394521704
2014-08-01,309710.5273442383,209710.5273442383,0.017208653622402093,-1.0882777278615308
2014-08-04,313557.4381183607,213557.4381183607,0.012420988098498231,0.0
2014-08-05,313896.2584164634,213896.2584164634,0.0010805685240189433,0.0
2014-08-06,318052.1714049696,218052.1714049696,0.013239765932451242,0.0
2014-08-07,319426.8226058111,219426.82260581112,0.004322093431304408,0.0
2014-08-08,321729.31835449126,221729.31835449126,0.007208210412315674,0.0
2014-08-11,327422.2875590899,227422.2875590899,0.01769490338560309,0.0
2014-08-12,328493.6205202865,228493.6205202865,0.003272022100826888,0.0
2014-08-13,330354.33082532085,230354.33082532085,0.005664372726895683,0.0
2014-08-14,331400.79334171675,231400.79334171675,0.00316769728364541,0.0
2014-08-15,332778.67823908606,232778.67823908606,0.004157759803394612,0.0
2014-08-18,332738.53903402865,232738.53903402865,-0.00012061831986898142,-0.012061831986898142
2014-08-19,333998.82114755927,233998.82114755927,0.003787604877960149,0.0
2014-08-20,333459.5348769572,233459.5348769572,-0.0016146352515532536,-0.16146352515532536
2014-08-21,332741.4139740892,232741.4139740892,-0.002153547365598585,-0.37647054236594757
2014-08-22,334038.28282917466,234038.28282917466,0.0038975276314310303,0.0
2014-08-25,338425.2102761194,238425.2102761194,0.01313300801868933,0.0
2014-08-26,337918.6648252702,237918.66482527019,-0.0014967722127909866,-0.14967722127909866
2014-08-27,337616.69317359244,237616.69317359244,-0.0008936222917248493,-0.23890569555007346
2014-08-28,336725.0291988285,236725.0291988285,-0.0026410541682115873,-0.5023801494881908
2014-08-29,340328.4248904276,240328.42489042762,0.01070130040577233,0.0
2014-09-02,350449.4913210706,250449.49132107059,0.02973911577882915,0.0
2014-09-03,344888.5313939298,244888.5313939298,-0.015868078182045386,-1.5868078182045386
2014-09-04,348221.6755530106,248221.6755530106,0.00966440996344331,-0.6357023831485398
2014-09-05,345482.0963542216,245482.09635422158,-0.007867342532420718,-1.4174353479937118
2014-09-08,348454.0662012063,248454.0662012063,0.008602384547121478,-0.5693902172156817
2014-09-09,347458.45286710124,247458.45286710124,-0.0028572297776837674,-0.8534863163003004
2014-09-10,349246.34455733176,249246.34455733176,0.005145627269900865,-0.3433153117738508
2014-09-11,351070.6946351308,251070.6946351308,0.005223676943881594,0.0
2014-09-12,351298.06933177286,251298.06933177286,0.0006476607136871593,0.0
2014-09-15,335506.3619058379,235506.3619058379,-0.04495244581324742,-4.495244581324743
2014-09-16,338466.64398571744,238466.64398571744,0.008823326219698835,-3.6525749687332243
2014-09-17,337323.89224285644,237323.89224285644,-0.003376261038323225,-3.977869026009062
2014-09-18,339609.3674369912,239609.3674369912,0.006775313716851361,-3.327288964899666
2014-09-19,337882.90028364287,237882.90028364287,-0.005083685312857633,-3.818742606142944
2014-09-22,332479.32774259854,232479.32774259854,-0.01599244157223756,-5.356915745358548
2014-09-23,334353.494631932,234353.494631932,0.005636942609509976,-4.823418111028122
2014-09-24,336636.0388702885,236636.03887028852,0.006826739588498221,-4.173672371548742
2014-09-25,328887.8296742318,228887.82967423182,-0.02301657666261403,-6.379266387705751
2014-09-26,332787.1695642936,232787.16956429358,0.011856139200784988,-5.269285937918777
2014-09-29,330689.6863338994,230689.6863338994,-0.006302776736075377,-5.866352478701076
2014-09-30,331495.2849867998,231495.28498679982,0.002436116656166387,-5.637031932068748
2014-10-01,326827.03818152065,226827.03818152065,-0.014082392772087449,-6.965888311541302
2014-10-02,332322.48219569575,232322.48219569575,0.016814532985863107,-5.401563171745238
2014-10-03,338053.41272504407,238053.41272504407,0.017245088239240758,-3.7702047813477413
2014-10-06,338645.22949015594,238645.22949015594,0.0017506605253330143,-3.6017390774975566
2014-10-07,336024.37679553765,236024.37679553765,-0.007739228154975297,-4.347787212519638
2014-10-08,340041.21406614786,240041.21406614786,0.011954005566251924,-3.204360128433781
2014-10-09,335455.9452343349,235455.9452343349,-0.013484450243495982,-4.509596118069281
2014-10-10,320862.2946002389,220862.2946002389,-0.04350392604877373,-8.66380358691633
2014-10-13,312542.9852722467,212542.9852722467,-0.025927974299246315,-11.031966140105675
2014-10-14,315399.77318438585,215399.77318438585,0.009140464021775152,-10.218757027521253
2014-10-15,316694.16605657944,216694.16605657944,0.004103975279135197,-9.850297025832155
2014-10-16,312968.4060093302,212968.40600933018,-0.011764536409501258,-10.910866488777483
2014-10-17,315481.6077222341,215481.6077222341,0.008030209007195976,-10.19546212641237
2014-10-20,320222.16910573654,220222.16910573654,0.015026427111644036,-8.846020783760022
2014-10-21,326235.4449177043,226235.44491770433,0.018778449439527112,-7.134290393836151
2014-10-22,322498.6214067526,222498.62140675262,-0.011454376184949377,-8.19800916634742
2014-10-23,327911.6658338619,227911.66583386192,0.016784705632220565,-6.657139773752741
2014-10-24,325973.3911349393,225973.39113493927,-0.005910965973088267,-7.20888624438083
2014-10-27,319611.46222761925,219611.46222761925,-0.019516712346273835,-9.019863719839616
2014-10-28,332209.2026103324,232209.2026103324,0.03941579658911398,-5.433809174570936
2014-10-29,328326.322552214,228326.32255221403,-0.011688056885867937,-6.539104192418388
2014-10-30,330136.4031591082,230136.4031591082,0.005513053576769789,-6.023849266498294
2014-10-31,337858.5097529283,237858.50975292828,0.023390654650400577,-3.825685579316973
2014-11-03,341208.9339192084,241208.93391920842,0.009916648743671708,-2.8719586850436296
2014-11-04,341233.5006982002,241233.5006982002,7.19992255466817e-05,-2.8649655412900876
2014-11-05,336426.852231846,236426.85223184602,-0.014086097808448605,-4.2332191373025125
2014-11-06,344389.82875225926,244389.82875225926,0.023669265599898015,-1.9664897654160796
2014-11-07,341986.8360341756,241986.8360341756,-0.006977536841868526,-2.6505221948155855
2014-11-10,343658.72636125865,243658.72636125865,0.004888756381593584,-2.17460431395069
2014-11-11,349757.1237130601,249757.1237130601,0.017745504141194912,-0.4386433496898712
2014-11-12,347597.394714629,247597.394714629,-0.006174939270723656,-1.053428680716395
2014-11-13,353045.0200749473,253045.02007494727,0.0156722272466705,0.0
2014-11-14,357755.5236102051,257755.5236102051,0.013342501005276342,0.0
2014-11-17,354773.08481809386,254773.08481809386,-0.008336527587372133,-0.8336527587372133
2014-11-18,358042.6764034766,258042.67640347662,0.009216007992994157,0.0
2014-11-19,353130.23069949733,253130.23069949733,-0.0137202798094479,-1.37202798094479
2014-11-20,355083.4420319577,255083.44203195767,0.00553113600212396,-0.8265032540937134
2014-11-21,349447.66488114325,249447.66488114325,-0.01587169798333543,-2.4005550423960353
2014-11-24,354143.6659234704,254143.6659234704,0.01343835290450257,-1.0889792577721824
2014-11-25,353530.2550682152,253530.2550682152,-0.0017320960793006934,-1.260302648999423
2014-11-26,354662.65450380556,254662.65450380556,0.0032031188826311396,-0.9440276599491537
2014-11-28,358975.8077080571,258975.8077080571,0.012161283826981784,0.0
2014-12-01,345809.6092766123,245809.6092766123,-0.03667711903904247,-3.667711903904247
2014-12-02,346434.0201092829,246434.02010928292,0.0018056491662472585,-3.4937695882208297
2014-12-03,344395.65153172583,244395.65153172583,-0.005883857990950481,-4.06159854320568
2014-12-04,343378.53439460375,243378.53439460375,-0.0029533390813687443,-4.3449371736320685
2014-12-05,341276.01026378584,241276.01026378584,-0.006123050570195909,-4.930637960613193
2014-12-08,333475.79869408754,233475.79869408754,-0.022856020743061367,-7.103545271415024
2014-12-09,334996.51028562745,234996.51028562745,0.004560185769087566,-6.6799201805630375
2014-12-10,328894.35139437707,228894.35139437707,-0.018215589428222767,-8.379800439962871
2014-12-11,329975.95744112943,229975.95744112943,0.00328861241358136,-8.07849711435492
2014-12-12,326146.0629513447,226146.0629513447,-0.011606586490374826,-9.145391987922402
2014-12-15,325448.90971118084,225448.90971118084,-0.0021375491516139045,-9.339598178198838
2014-12-16,318237.04337362957,218237.04337362957,-0.022159749571603826,-11.34860997863093
2014-12-17,327157.5098680533,227157.5098680533,0.028030886661898125,-8.863632912522213
2014-12-18,336910.44766351033,236910.44766351033,0.029811138369987278,-6.146754062739457
2014-12-19,338973.27699283295,238973.27699283295,0.006122782310932884,-5.572111068691166
2014-12-22,343563.4865617212,243563.4865617212,0.013541508668794888,-4.293414992151845
2014-12-23,342577.76188324066,242577.76188324066,-0.0028691194409085075,-4.568008615820829
2014-12-24,342153.50096826215,242153.50096826215,-0.0012384368227704723,-4.686195108021307
2014-12-26,346901.128318346,246901.128318346,0.013875723430122777,-3.3636471122675315
2014-12-29,346006.80208983936,246006.80208983936,-0.002578043585046874,-3.6127798419120727
2014-12-30,341239.29707326804,241239.29707326804,-0.01377864535545592,-4.940865165268626
2014-12-31,338942.88825667836,238942.88825667836,-0.006729614192402367,-5.580576468169928
2015-01-02,340232.1432196844,240232.14321968443,0.003803752808141825,-5.2214283207675845
2015-01-05,332372.76779172855,232372.76779172855,-0.023100037972841214,-7.410816925569508
2015-01-06,330456.1687101957,230456.1687101957,-0.005766414301227707,-7.9447245149888985
2015-01-07,333324.0999230228,233324.0999230228,0.008678703817274647,-7.14580404423687
2015-01-08,337604.4062776915,237604.40627769148,0.012841274770282629,-5.953437800395244
2015-01-09,335449.7891938945,235449.78919389448,-0.006382076311008622,-6.553650137141142
2015-01-12,330980.264504267,230980.26450426702,-0.013323975252355957,-7.798726990136872
2015-01-13,333305.6413693685,233305.64136936847,0.007025726650452535,-7.150946049145823
2015-01-14,325687.42379641393,225687.42379641393,-0.022856551547269066,-9.273155236888698
2015-01-15,320814.7615287724,220814.76152877242,-0.014961161873684792,-10.63053424767827
2015-01-16,324432.81248337496,224432.81248337496,0.011277694758687229,-9.622652692176626
2015-01-20,327949.2380981651,227949.23809816508,0.010838686715667345,-8.64308093851408
2015-01-21,339887.3363900753,239887.33639007527,0.03640227481893632,-5.317481264226542
2015-01-22,347982.3613438553,247982.36134385527,0.023816788938819666,-3.0624476993007965
2015-01-23,349790.0823225331,249790.08232253313,0.00519486381923695,-2.558870316128492
2015-01-26,352369.98511812,252369.98511811998,0.007375574454417944,-1.8401860092224998
2015-01-27,342567.6469266816,242567.64692668163,-0.02781831201699103,-4.570826342347756
2015-01-28,340565.45946604357,240565.45946604357,-0.005844648432508204,-5.128576312581501
2015-01-29,354417.31305485294,254417.31305485294,0.04067310176001704,-1.269861242825432
2015-01-30,355810.0528111146,255810.05281111458,0.0039296606146497215,-0.8818853050724607
2015-02-02,360999.19275315996,260999.19275315996,0.014584017233487456,0.0
2015-02-03,364338.4402855393,264338.4402855393,0.009250013848819405,0.0
2015-02-04,367624.8137820799,267624.8137820799,0.009020111888180082,0.0
2015-02-05,369194.0908952267,269194.0908952267,0.004268692031428101,0.0
2015-02-06,369246.3610821123,269246.3610821123,0.00014157915355261785,0.0
2015-02-09,367445.61557801894,267445.61557801894,-0.004876813135858971,-0.48768131358589706
2015-02-10,371892.6645431714,271892.6645431714,0.01210260451238998,0.0
2015-02-11,374628.7037570038,274628.7037570038,0.007357066903143528,0.0
2015-02-12,369013.7124546462,269013.7124546462,-0.014988150256633026,-1.4988150256633026
2015-02-13,371086.2487625631,271086.2487625631,0.005616420848240544,-0.9455909167970344
2015-02-17,370202.8927070188,270202.8927070188,-0.002380460225863801,-1.1813859978160424
2015-02-18,370984.55020060926,270984.55020060926,0.0021114299995732555,-0.9727374116955789
2015-02-19,376645.6689227458,276645.6689227458,0.01525971558404593,0.0
2015-02-20,381894.8657764783,281894.8657764783,0.013936697768876183,0.0
2015-02-23,379714.6439477139,279714.6439477139,-0.005708958208515136,-0.5708958208515136
2015-02-24,378226.149001388,278226.149001388,-0.003920035663757204,-0.960661455249201
2015-02-25,371711.3791598993,271711.3791598993,-0.01722453579343819,-2.66656808697171
2015-02-26,377026.90213603823,277026.90213603823,0.014300135196701369,-1.2746868514564635
2015-02-27,373122.5637471605,273122.5637471605,-0.01035559628970184,-2.2970463379971773
2015-03-02,372194.0840901291,272194.0840901291,-0.0024884039381239953,-2.540170752656057
2015-03-03,369560.95047814853,269560.95047814853,-0.007074625106999188,-3.229662507573161
2015-03-04,370475.4211410511,270475.4211410511,0.0024744785987789175,-2.990206378451543
2015-03-05,370524.7201074842,270524.7201074842,0.00013306946593449887,-2.9772973370239098
2015-03-06,367940.540718922,267940.540718922,-0.006974377816984956,-3.653970322220501
2015-03-09,366398.6148945169,266398.6148945169,-0.004190692934766926,-4.057726948084017
2015-03-10,363232.2065964396,263232.2065964396,-0.008641976714319433,-4.88685783771754
2015-03-11,366878.5186384066,266878.5186384066,0.010038515241073132,-3.93206311049511
2015-03-12,362184.4456079005,262184.4456079005,-0.012794624901799057,-5.161216328086027
2015-03-13,365222.83233368874,265222.83233368874,0.008389059117899222,-4.365608165192681
2015-03-16,370665.61510346667,270665.61510346667,0.014902635563608602,-2.9404036763311936
2015-03-17,372073.332922503,272073.332922503,0.0037978106457039473,-2.5717897081454444
2015-03-18,377811.7558825627,277811.7558825627,0.015422827846829135,-1.0691711933894954
2015-03-19,372739.80910938,272739.80910938,-0.013424534028420365,-2.3972714711636756
2015-03-20,371376.2543068706,271376.2543068706,-0.0036581947223921496,-2.7543212575589338
2015-03-23,369248.4810241428,269248.4810241428,-0.005729427388132424,-3.3114833127233956
2015-03-24,369566.9641217591,269566.9641217591,0.0008625170149190176,-3.2280878219333453
2015-03-25,358300.22958145273,258300.22958145273,-0.030486314075936716,-6.178306730322847
2015-03-26,354369.9696874634,254369.96968746342,-0.010969180507030218,-7.207453819273157
2015-03-27,353843.0908900336,253843.09089003358,-0.00148680430764081,-7.345418176651619
2015-03-30,362867.4814233226,262867.4814233226,0.02550393314333088,-4.982361916405653
2015-03-31,359238.1506202613,259238.15062026132,-0.010001807791718997,-5.932710069340885
2015-04-01,356564.3934803183,256564.3934803183,-0.0074428540936604115,-6.632839183280836
2015-04-02,358750.41224062577,258750.41224062577,0.006130782546654112,-6.060425423315041
2015-04-06,366798.42144746473,266798.42144746473,0.022433449362675217,-3.953036733897719
2015-04-07,367324.1523494492,267324.1523494492,0.0014332965226782068,-3.815372955434615
2015-04-08,371359.58541551954,271359.58541551954,0.010986027028876855,-2.7586860429605897
2015-04-09,377051.156834631,277051.156834631,0.015326308092311836,-1.2683357059537714
2015-04-10,379056.31393496937,279056.31393496937,0.005317997475917657,-0.7432809644448923
2015-04-13,378167.1300541087,278167.1300541087,-0.0023457830622318765,-0.9761156947712069
2015-04-14,372907.5679012225,272907.5679012225,-0.013908036248770794,-2.3533434671824116
2015-04-15,372289.8991367463,272289.8991367463,-0.0016563588879477953,-2.5150813746089407
2015-04-16,366363.61547337443,266363.61547337443,-0.0159184648230144,-4.066891622521651
2015-04-17,363540.58441955573,263540.58441955573,-0.007705544258730712,-4.806108435001921
2015-04-20,366813.92510944756,266813.92510944756,0.009004058501798973,-3.9489770663367785
2015-04-21,370521.9157985881,270521.9157985881,0.010108642107941046,-2.978031651398738
2015-04-22,377483.03605466255,277483.03605466255,0.018787337426643624,-1.1552471942364306
2015-04-23,375142.6223145813,275142.6223145813,-0.00620005011229785,-1.7680896149698588
2015-04-24,386974.1006378043,286974.1006378043,0.03153861390162582,0.0
2015-04-27,394042.2563690437,294042.2563690437,0.01826519066673926,0.0
2015-04-28,389883.56962346245,289883.56962346245,-0.010553910598071536,-1.0553910598071536
2015-04-29,387298.4892083267,287298.4892083267,-0.006630390753917581,-1.7114324800741931
2015-04-30,385054.86783315346,285054.86783315346,-0.005793003168588107,-2.2808184631531114
2015-05-01,390737.4347651119,290737.4347651119,0.014757810916496972,-0.8386972591174824
2015-05-04,390198.3007793837,290198.3007793837,-0.0013797858555638642,-0.9755186220586354
2015-05-05,385354.8975384273,285354.8975384273,-0.012412671278378529,-2.2046769579149306
2015-05-06,380753.1415805144,280753.1415805144,-0.011941604965469699,-3.3725100731540114
2015-05-07,390852.9977789912,290852.9977789912,0.026525995705648286,-0.809369690306927
2015-05-08,389859.249190117,289859.249190117,-0.0025425123883432432,-1.0615630966768985
2015-05-11,390326.24747059343,290326.24747059343,0.001197863796861487,-0.943048324992346
2015-05-12,389458.2457030086,289458.2457030086,-0.002223785290406899,-1.1633297170397738
2015-05-13,387555.15751528955,287555.15751528955,-0.00488650120703904,-1.6462952256771746
2015-05-14,393714.8568898395,293714.8568898395,0.015893736040158313,-0.0830874034224327
2015-05-15,395602.61591008096,295602.61591008096,0.004794736564309066,0.0
2015-05-18,395767.83259267523,295767.83259267523,0.0004176329375733534,0.0
2015-05-19,400727.3062936014,300727.3062936014,0.012531270337047484,0.0
2015-05-20,399292.34356352396,299292.34356352396,-0.003580895805054274,-0.3580895805054274
2015-05-21,401275.16926477966,301275.16926477966,0.004965849541616052,0.0
2015-05-22,404773.6928872176,304773.6928872176,0.008718515099870316,0.0
2015-05-26,405851.5446607411,305851.5446607411,0.0026628503592593944,0.0
2015-05-27,413155.3587077051,313155.3587077051,0.017996270170831608,0.0
2015-05-28,414782.3001987707,314782.3001987707,0.003937844340575536,0.0
2015-05-29,412107.1643540805,312107.1643540805,-0.006449493730586453,-0.6449493730586453
2015-06-01,415031.9177973857,315031.9177973857,0.007097070122256577,0.0
2015-06-02,409120.1173241313,309120.1173241313,-0.014244206818186167,-1.4244206818186167
2015-06-03,410462.86118661135,310462.86118661135,0.0032820284450012505,-1.1008928265138662
2015-06-04,408676.8259306627,308676.8259306627,-0.004351271271621049,-1.5312296703468231
2015-06-05,410177.7766783099,310177.7766783099,0.003672708243803946,-1.1695826057998682
2015-06-08,409941.086948942,309941.086948942,-0.0005770418165622626,-1.2266118893846212
2015-06-09,406297.88824899215,306297.88824899215,-0.008887127482304802,-2.1044235813828194
2015-06-10,403764.52833209967,303764.52833209967,-0.006235227871378868,-2.714824807952887
2015-06-11,405961.5843642255,305961.5843642255,0.005441429045789592,-2.1854544299381495
2015-06-12,402069.86708975735,302069.86708975735,-0.009586417593090646,-3.123145510451153
2015-06-15,401104.47859002836,301104.47859002836,-0.002401046630817194,-3.3557513555274476
2015-06-16,404757.41667652223,304757.41667652223,0.009107198451971277,-2.475593003880583
2015-06-17,408770.61480263504,308770.61480263504,0.009915070016666583,-1.5086316801801725
2015-06-18,409417.5381465512,309417.5381465512,0.0015826072630698018,-1.3527585253275465
2015-06-19,409395.19756247825,309395.19756247825,-5.456674907977632e-05,-1.3581413846005086
2015-06-22,409154.03301274695,309154.03301274695,-0.0005890751800881056,-1.4162488552285968
2015-06-23,414799.3897031497,314799.3897031497,0.013797631783888153,-0.056026557058574955
2015-06-24,415563.7472687119,315563.7472687119,0.0018427162250871376,0.0
2015-06-25,415435.9116964416,315435.9116964416,-0.0003076196446646362,-0.03076196446646362
2015-06-26,412993.31701096706,312993.31701096706,-0.0058795944613938556,-0.6185405427299617
2015-06-29,405268.26988666004,305268.26988666004,-0.018705017263274226,-2.4774724575275853
2015-06-30,412569.82373191183,312569.82373191183,0.018016593915170853,-0.7204486812138033
2015-07-01,415164.14880682074,315164.14880682074,0.006288208505997428,-0.09615816213939254
2015-07-02,424447.8063414648,324447.8063414648,0.02236141430160865,0.0
2015-07-06,425162.62902166264,325162.62902166264,0.0016841238652149926,0.0
2015-07-07,420718.2861030773,320718.2861030773,-0.010453277440710562,-1.0453277440710562
2015-07-08,408500.1896918124,308500.1896918124,-0.029041039609748354,-3.9190743006251583
2015-07-09,409264.3746209128,309264.3746209128,0.0018707088720739673,-3.7393348604822574
2015-07-10,414042.95777067065,314042.95777067065,0.011676030082472089,-2.615392438554476
2015-07-13,421742.93781814945,321742.93781814945,0.01859705594061478,-0.8043254439794478
2015-07-14,424612.31993852684,324612.31993852684,0.00680362814187685,-0.12943496101764929
2015-07-15,429293.33465332084,329293.33465332084,0.011024208424926796,0.0
2015-07-16,436555.8653528624,336555.8653528624,0.016917408478765328,0.0
2015-07-17,444704.68932578136,344704.68932578136,0.01866616536312571,0.0
2015-07-20,450658.1659514587,350658.1659514587,0.013387483353736185,0.0
2015-07-21,439917.86940871907,339917.86940871907,-0.023832468496524428,-2.383246849652443
2015-07-22,436081.846054684,336081.846054684,-0.008719862548868362,-3.2344515195902868
2015-07-23,435999.2138152205,335999.2138152205,-0.0001894879142781969,-3.252787421545822
2015-07-24,440492.9854937213,340492.9854937213,0.01030683436141544,-2.2556299265710567
2015-07-27,428830.56113760464,328830.56113760464,-0.026475845791380737,-4.843494795610814
2015-07-28,434547.0366073359,334547.0366073359,0.01333038264475972,-3.575022170098241
2015-07-29,434970.6430750869,334970.6430750869,0.0009748230503612287,-3.4810248790790865
2015-07-30,442547.31799595116,342547.31799595116,0.017418819043280465,-1.7997783172048698
2015-07-31,441733.1460750222,341733.1460750222,-0.001839739814978203,-1.9804411748744033
2015-08-03,436200.49491434626,336200.49491434626,-0.012524872108502061,-3.208123613290892
2015-08-04,440885.5958834152,340885.5958834152,0.01074070530339255,-2.1685105932588655
2015-08-05,447128.47106327687,347128.47106327687,0.014159852891888258,-0.7832310950650734
2015-08-06,428880.6703747744,328880.6703747744,-0.04081109092675084,-4.832375672302813
2015-08-07,429640.8901779378,329640.8901779378,0.0017725671863437764,-4.663684664217238
2015-08-10,432711.57437241724,332711.57437241724,0.00714709485218612,-3.9823069756544704
2015-08-11,427684.806822445,327684.806822445,-0.011616901066866081,-5.097735016187011
2015-08-12,424044.4750926157,324044.4750926157,-0.008511716272728398,-5.905516169368507
2015-08-13,429689.7183055091,329689.7183055091,0.01331285642068658,-4.652849816152704
2015-08-14,431258.8472321068,331258.8472321068,0.003651772103799855,-4.304663752934513
2015-08-17,440314.7276412855,340314.7276412855,0.020998712182488388,-2.2951849298759375
2015-08-18,443025.5963144363,343025.5963144363,0.006156661367364702,-1.6936494695282023
2015-08-19,440245.31060275226,340245.31060275226,-0.006275677375784716,-2.3105884094482443
2015-08-20,422084.15529592254,322084.15529592254,-0.04125235378876557,-6.340506577798022
2015-08-21,404621.4061536944,304621.4061536944,-0.041372671594329447,-10.215450040846042
2015-08-24,389108.7345580331,289108.7345580331,-0.0383387318607874,-13.657675826971516
2015-08-25,391374.98658857495,291374.98658857495,0.005824212692413511,-13.154799766630488
2015-08-26,409364.9376153109,309364.9376153109,0.045966021445431604,-9.162871430270625
2015-08-27,425965.92478994967,325965.92478994967,0.04055302652773629,-5.479150945679001
2015-08-28,432206.2974402252,332206.2974402252,0.014649933919838265,-4.094426752986202
2015-08-31,428950.3982128615,328950.3982128615,-0.007533206356887923,-4.816903227031588
2015-09-01,410703.9424589829,310703.9424589829,-0.042537449154724905,-8.865749366400987
2015-09-02,428653.17845249805,328653.17845249805,0.04370358824911391,-4.882855601318637
2015-09-03,422268.4500280473,322268.4500280473,-0.014894858466932503,-6.299612004915778
2015-09-04,418175.2690318319,318175.2690318319,-0.009693314752602489,-7.207879358193104
2015-09-08,428146.3903580157,328146.3903580157,0.023844359206772747,-4.9953107020516585
2015-09-09,426054.05082159396,326054.05082159396,-0.00488697226822854,-5.459595984002396
2015-09-10,429047.3506609766,329047.3506609766,0.0070256340330772105,-4.795389704046727
2015-09-11,434315.3511564203,334315.3511564203,0.012278366216055048,-3.6264326333761976
2015-09-14,435257.93762199173,335257.93762199173,0.0021702812554555972,-3.41727488659902
2015-09-15,437920.01476589846,337920.01476589846,0.006116090974585875,-2.8265661532320463
2015-09-16,442823.73776275234,342823.73776275234,0.011197759480062297,-1.7384414131641823
2015-09-17,442817.95180784224,342817.95180784224,-1.306604505735276e-05,-1.7397253031160909
2015-09-18,438780.94354743283,338780.94354743283,-0.009116631888856253,-2.635528056825487
2015-09-21,448306.59594427,348306.59594427,0.021709357566499277,-0.521807921137718
2015-09-22,442494.1069158661,342494.1069158661,-0.012965432766299356,-1.8115857322492102
2015-09-23,443963.29899197567,343963.29899197567,0.003320252299741755,-1.4855754239687102
2015-09-24,447528.8474160438,347528.8474160438,0.008031178325244026,-0.6943885125898164
2015-09-25,441907.9424600295,341907.9424600295,-0.012559871812662937,-1.9416542631497946
2015-09-28,431589.2285111456,331589.2285111456,-0.023350369969458606,-4.231352914698339
2015-09-29,429848.0249912515,329848.0249912515,-0.004034399852611448,-4.617721930384066
2015-09-30,437087.4226117914,337087.4226117914,0.01684176080764166,-3.0113164178476204
2015-10-01,427041.6529005013,327041.6529005013,-0.02298343350001275,-5.240449377211798
2015-10-02,435153.92508583434,335153.92508583434,0.018996442455282203,-3.440355026717601
2015-10-05,434744.91111589747,334744.91111589747,-0.00093992940510923,-3.5311142763748915
2015-10-06,431555.5660297158,331555.5660297158,-0.007336129773193423,-4.23882254111877
2015-10-07,426055.13443768414,326055.13443768414,-0.012745592978061437,-5.459355532109578
2015-10-08,421437.12818969454,321437.12818969454,-0.010838987433127723,-6.484080389416846
2015-10-09,417352.6116094312,317352.6116094312,-0.009691876455709014,-7.390425128924627
2015-10-12,415348.9722944618,315348.9722944618,-0.004800830902298214,-7.835028037814384
2015-10-13,418784.5228449692,318784.5228449692,0.008271479598297216,-7.072687352551532
2015-10-14,417151.50691755395,317151.50691755395,-0.0038994180499353215,-7.435049792820969
2015-10-15,421376.18262369395,321376.18262369395,0.010127437240625703,-6.497604068916118
2015-10-16,427782.9396642536,327782.9396642536,0.01520436442484252,-5.0759595665839985
2015-10-19,431163.8901728294,331163.8901728294,0.007903425300759492,-4.325734503772216
2015-10-20,421317.0852691748,321317.0852691748,-0.022837730914125443,-6.510717634581664
2015-10-21,421786.35483621235,321786.35483621235,0.001113815659143702,-6.40658780792095
2015-10-22,427485.3206654198,327485.3206654198,0.013511498804698041,-5.142000530960056
2015-10-23,441547.4304066219,341547.4304066219,0.032894953490597345,-2.021651050214879
2015-10-26,444059.879082242,344059.879082242,0.005690099188905728,-1.4641445263253838
2015-10-27,443774.9621887262,343774.9621887262,-0.0006416181847022084,-1.5273669230424836
2015-10-28,447581.58449942264,347581.58449942264,0.008577821272119479,-0.682686276313349
2015-10-29,447072.6394988041,347072.6394988041,-0.0011370999572909435,-0.7956199895068017
2015-10-30,440164.7925023951,340164.7925023951,-0.015451285509560875,-2.328455188847911
2015-11-02,447807.83547472046,347807.83547472046,0.01736404888013343,-0.6324817105489267
2015-11-03,446410.7459608241,346410.7459608241,-0.0031198415999472706,-0.9424926277918799
2015-11-04,463821.6279827511,363821.6279827511,0.03900193303916333,0.0
2015-11-05,464960.65053015435,364960.65053015435,0.00245573401213961,0.0
2015-11-06,478856.1923780248,378856.1923780248,0.029885414673320287,0.0
2015-11-09,471010.43238192983,371010.43238192983,-0.01638437618845967,-1.638437618845967
2015-11-10,461018.50599044876,361018.50599044876,-0.02121381121210264,-3.7250612337272226
2015-11-11,463470.5895356267,363470.5895356267,0.005318839728374769,-3.2129902645703257
2015-11-12,458845.9438574243,358845.9438574243,-0.009978293731293775,-4.1787594770840375
2015-11-13,448360.26580297045,348360.26580297045,-0.02285228450817911,-6.368493727440383
2015-11-16,458324.26130136533,358324.26130136533,0.02222319027434394,-4.287702947871852
2015-11-17,455935.06572380586,355935.06572380586,-0.0052128935325735926,-4.786640962162658
2015-11-18,469154.84258436144,369154.84258436144,0.028994867590561135,-2.0259422240079927
2015-11-19,467904.42989686865,367904.42989686865,-0.0026652451898500074,-2.287067110225538
2015-11-20,471240.74829523324,371240.74829523324,0.007130341550944275,-1.5903405247769453
2015-11-23,469562.7133117741,369562.7133117741,-0.0035608868493007817,-1.9407661870464388
2015-11-24,468611.0586222996,368611.0586222996,-0.0020266828316979346,-2.1395011527046037
2015-11-25,474801.69804200414,374801.69804200414,0.013210613163728624,-0.8467039584234781
2015-11-27,478378.33643370174,378378.33643370174,0.00753290985783539,-0.09979111723501521
2015-11-30,477149.62535508454,377149.62535508454,-0.0025684923104528634,-0.3563840355630288
2015-12-01,487620.06356685696,387620.06356685696,0.021943720911402842,0.0
2015-12-02,482175.22751073766,382175.22751073766,-0.011166144428699787,-1.1166144428699787
2015-12-03,480155.2636674767,380155.2636674767,-0.0041892733761731415,-1.5308639773303212
2015-12-04,485954.7192075564,385954.7192075564,0.012078292125307089,-0.3415249871219106
2015-12-07,488433.7227505308,388433.7227505308,0.005101305625793584,0.0
2015-12-08,489736.2420107915,389736.2420107915,0.002666726721745949,0.0
2015-12-09,482492.0021717592,382492.0021717592,-0.014792125265813305,-1.4792125265813305
2015-12-10,485081.4270917529,385081.4270917529,0.005366772730611702,-0.9504738509705901
2015-12-11,473620.5392904995,373620.5392904995,-0.02362672978424618,-3.2906902405513305
2015-12-14,479105.4462169091,379105.4462169091,0.01158080461338562,-2.1707186199317774
2015-12-15,480599.5041127344,380599.5041127344,0.003118432294232143,-1.8656446295546525
2015-12-16,497199.1174562102,397199.1174562102,0.03453938924494193,0.0
2015-12-17,497893.19957428914,397893.19957428914,0.0013959842117783339,0.0
2015-12-18,486608.77696173533,386608.77696173533,-0.02266434372311621,-2.266434372311621
2015-12-21,495236.2492206013,395236.2492206013,0.017729791708102294,-0.5336386108425684
2015-12-22,491775.3181777756,391775.3181777756,-0.006988444501533353,-1.2287537571801566
2015-12-23,491506.17935311096,391506.17935311096,-0.0005472800580189618,-1.2828092905545319
2015-12-24,491255.74814188166,391255.74814188166,-0.0005095179302910813,-1.333107469248962
2015-12-28,490996.24754576496,390996.24754576496,-0.0005282393073225977,-1.3852272002150778
2015-12-29,502885.84030735854,402885.84030735854,0.024215241605253457,0.0
2015-12-30,501783.11344385904,401783.11344385904,-0.002192797599601337,-0.2192797599601337
2015-12-31,495866.9623289817,395866.9623289817,-0.011790255503564717,-1.3957199459199265
2016-01-04,481463.14910196146,381463.14910196146,-0.029047737238570237,-4.25995116352923
2016-01-05,481026.9703712624,381026.9703712624,-0.0009059441652234934,-4.346686302150848
2016-01-06,474734.1785373194,374734.1785373194,-0.013081993779030965,-5.598022356889809
2016-01-07,459529.4875546849,359529.4875546849,-0.032027799282286606,-8.62150994869425
2016-01-08,458234.02580318414,358234.02580318414,-0.0028191047290444526,-8.879115482130828
2016-01-11,460586.5092502218,360586.5092502218,0.005133803503382994,-8.411318765961651
2016-01-12,467955.1628594793,367955.1628594793,0.015998413894607655,-6.94604513551822
2016-01-13,450213.06863958575,350213.06863958575,-0.037914090126667244,-10.474101166893012
2016-01-14,460530.29394948564,360530.29394948564,0.022916316803231807,-8.422497307139453
2016-01-15,452031.3861036239,352031.3861036239,-0.01845461190614739,-10.112524578670367
2016-01-19,451863.3251750866,351863.3251750866,-0.0003717903970914538,-10.145943878850815
2016-01-20,449776.04401694296,349776.04401694296,-0.004619275435409298,-10.561004513063132
2016-01-21,441304.69776707585,341304.69776707585,-0.018834587485384136,-12.245551098166718
2016-01-22,452085.57039105723,352085.57039105723,0.024429544209546572,-10.101749909134982
2016-01-25,447683.5374949761,347683.5374949761,-0.009737167439945904,-10.977104222827872
2016-01-26,442700.91307037795,342700.91307037795,-0.011129791487260232,-11.967910490419886
2016-01-27,429639.8362948358,329639.8362948358,-0.029503162044451914,-14.565135492332725
2016-01-28,440728.43735498853,340728.43735498853,0.025809061738268024,-12.360141799653778
2016-01-29,444072.9908019531,344072.9908019531,0.0075886944510246135,-11.695069694040228
2016-02-01,442944.7493017855,342944.7493017855,-0.002540666790227797,-11.919423097881953
2016-02-02,424628.38184216566,324628.38184216566,-0.04135135925754163,-15.56167467697296
2016-02-03,411006.5583049829,311006.5583049829,-0.03207939958720418,-18.270405455484685
2016-02-04,410227.90714662196,310227.90714662196,-0.0018944981354364065,-18.425242019959242
2016-02-05,393434.5542494815,293434.5542494815,-0.04093664181442014,-21.764638668486192
2016-02-08,379686.63476481696,279686.63476481696,-0.03494334530654064,-24.49844391467525
2016-02-09,375982.3263013884,275982.3263013884,-0.009756225593042234,-25.235054128469404
2016-02-10,377335.5147824087,277335.5147824087,0.0035990747073988416,-24.965969502783135
2016-02-11,381486.7712012573,281486.7712012573,0.011001499345330457,-24.140482665390493
2016-02-12,383150.4976265024,283150.4976265024,0.0043611641368486165,-23.80964685895215
2016-02-16,394778.54224860744,294778.54224860744,0.03034850455405147,-21.497383579676267
2016-02-17,405352.4004544513,305352.4004544513,0.026784277953954883,-19.39474768136161
2016-02-18,407053.3518180051,307053.3518180051,0.004196228668306379,-19.05650961076606
2016-02-19,410781.8536360488,310781.8536360488,0.009159737418673153,-18.31508849304978
2016-02-22,421685.6929851076,321685.6929851076,0.026544111558344463,-16.1468350893758
2016-02-23,420107.1338647544,320107.1338647544,-0.0037434495564186987,-16.460735182364783
2016-02-24,421793.57346698764,321793.57346698764,0.004014308413948786,-16.125382808712242
2016-02-25,423593.73969002656,323593.73969002656,0.004267884425649848,-15.767415636294213
2016-02-26,423682.5761206681,323682.5761206681,0.0002097208299314257,-15.749750308794185
2016-02-29,422644.8238779922,322644.8238779922,-0.0024493625680285236,-15.95610971673489
2016-03-01,427270.02937377495,327270.02937377495,0.010943480753754287,-15.036377020949331
2016-03-02,431575.8006296255,331575.8006296255,0.010077400612819254,-14.180164554672903
2016-03-03,433574.26852009987,333574.26852009987,0.004630630094548449,-13.782764641950585
2016-03-04,435282.9604133357,335282.9604133357,0.003940943956540766,-13.442987349316626
2016-03-07,433279.2229779805,333279.2229779805,-0.004603298584103799,-13.841435123095769
2016-03-08,432920.8653787995,332920.8653787995,-0.0008270823528485627,-13.912695351652216
2016-03-09,433809.5990943055,333809.5990943055,0.0020528779889792403,-13.73596861880907
2016-03-10,434659.74955285067,334659.74955285067,0.00195973178168507,-13.566914254895067
2016-03-11,436032.8339380715,336032.8339380715,0.003158986739934866,-13.293873283134639
2016-03-14,444309.2760699282,344309.2760699282,0.018981236016350378,-11.648083827858224
2016-03-15,450636.5184267313,350636.5184267313,0.014240626287998603,-10.389897207822163
2016-03-16,457064.8966133116,357064.8966133116,0.01426510707348605,-9.111599496625644
2016-03-17,445510.802755394,345510.802755394,-0.02527889134240957,-11.409157497235856
2016-03-18,448658.53794104763,348658.53794104763,0.007065451984969773,-10.783223153224542
2016-03-21,455998.3451777327,355998.3451777327,0.016359450709148238,-9.32368568997065
2016-03-22,454297.3393377648,354297.3393377648,-0.003730289502048345,-9.661934593325794
2016-03-23,453556.19474229345,353556.19474229345,-0.001631408620071828,-9.80931289195085
2016-03-24,460544.8114827409,360544.8114827409,0.015408491431625926,-8.419610462434024
2016-03-28,458805.6433389399,358805.6433389399,-0.003776327732803564,-8.765448027225686
2016-03-29,464018.36071025085,364018.36071025085,0.011361493580104298,-7.72888725070332
2016-03-30,458829.6549258756,358829.6549258756,-0.011182113088010426,-8.760673268222519
2016-03-31,459532.84296195215,359532.84296195215,0.001532568848868543,-8.62084271828165
2016-04-01,469832.17732450855,369832.17732450855,0.022412618641512783,-6.572796514343682
2016-04-04,474371.6882547553,374371.6882547553,0.009661983894115656,-5.67010437899299
2016-04-05,481225.2332625267,381225.2332625267,0.01444762657102494,-4.307261272576913
2016-04-06,487572.8999288054,387572.8999288054,0.013190635543452123,-3.0450132318686873
2016-04-07,480618.8891976322,380618.8891976322,-0.014262504606364801,-4.427834177259193
2016-04-08,471735.64033872227,371735.64033872227,-0.018482937434564972,-6.194288538646786
2016-04-11,469588.68348779704,369588.68348779704,-0.004551186442863675,-6.621215820912873
2016-04-12,467107.4783701068,367107.4783701068,-0.005283783883507365,-7.114609135819849
2016-04-13,476157.8725692134,376157.8725692134,0.019375399920134928,-5.314917541088315
2016-04-14,477307.39894305327,377307.39894305327,0.002414170677547345,-5.0863315914148615
2016-04-15,479782.88437956385,379782.88437956385,0.005186354625954515,-4.594075648197693
2016-04-18,478085.7360015686,378085.7360015686,-0.0035373258055879653,-4.9315574864132845
2016-04-19,466294.3104126914,366294.3104126914,-0.024663830566236666,-7.276309444764406
2016-04-20,467212.5442035103,367212.5442035103,0.0019692150865109337,-7.093716554446061
2016-04-21,467972.3803639433,367972.3803639433,0.0016263179785303006,-6.942621395360127
2016-04-22,463895.53965960164,363895.53965960164,-0.008711712219364509,-7.753310497652199
2016-04-25,463677.0292728406,363677.0292728406,-0.00047103360149003404,-7.796761788034024
2016-04-26,460363.0687548073,360363.0687548073,-0.007147131103799609,-8.455750419729814
2016-04-27,455148.4488063176,355148.4488063176,-0.01132718999939386,-9.492689528077458
2016-04-28,443972.58134700166,343972.58134700166,-0.024554334939789424,-11.71503634390455
2016-04-29,445189.33389787795,345189.33389787795,0.002740602915578094,-11.473082315106964
2016-05-02,450295.44517363096,350295.44517363096,0.01146952742790619,-10.45772040461208
2016-05-03,446450.7676620903,346450.7676620903,-0.00853812214346994,-11.22224332480225
2016-05-04,444640.3260380416,344640.3260380416,-0.004055187615712552,-11.582253784222251
2016-05-05,435450.38945474685,335450.38945474685,-0.02066824812131074,-13.409693701337034
2016-05-06,442570.86909720674,342570.86909720674,0.01635198822850037,-11.993770032039064
2016-05-09,441330.6004994905,341330.6004994905,-0.0028024180630014106,-12.240400280557928
2016-05-10,446334.9479109805,346334.9479109805,0.01133922598121706,-11.245274347318013
2016-05-11,443386.9444792956,343386.9444792956,-0.006604912847364308,-11.831491575045716
2016-05-12,441900.0297339504,341900.0297339504,-0.00335353750005285,-12.127167974372522
2016-05-13,453512.90880149987,353512.90880149987,0.02627942585688703,-9.817920400320368
2016-05-16,457870.917355962,357870.917355962,0.00960944764721039,-8.951320427690689
2016-05-17,452287.24274520244,352287.24274520244,-0.012194866280224148,-10.061646900065979
2016-05-18,461364.1354683426,361364.1354683426,0.0200688674481444,-8.25668601319901
2016-05-19,469814.632038143,369814.632038143,0.018316327430224044,-6.576285434682905
2016-05-20,476971.50966180034,376971.50966180034,0.01523340725385558,-5.1531239435414715
2016-05-23,473920.9114750369,373920.9114750369,-0.00639576604675296,-5.7597423730639585
2016-05-24,480451.80543307425,380451.80543307425,0.013780556628553375,-4.461059166146509
2016-05-25,483136.41426764545,383136.41426764545,0.005587675609109999,-3.927218556728984
2016-05-26,484951.19432239,384951.19432239,0.003756247720419603,-3.56634539043833
2016-05-27,485034.9562774287,385034.9562774287,0.00017272244304034068,-3.5496891340228487
2016-05-31,491420.84577644034,391420.84577644034,0.013165833547384764,-2.279840395567889
2016-06-01,487633.26771521836,387633.26771521836,-0.007707402105089023,-3.0330089594127307
2016-06-02,487715.7920187629,387715.7920187629,0.00016923435911420093,-3.0165988128287413
2016-06-03,480809.6341957313,380809.6341957313,-0.014160209564766157,-4.3899040979428765
2016-06-06,479441.5482746262,379441.5482746262,-0.002845379592681385,-4.661951113676899
2016-06-07,484499.9450960014,384499.9450960014,0.010550601714805374,-3.656077331610663
2016-06-08,482911.04471353756,382911.04471353756,-0.0032794645253241272,-3.9720338082322226
2016-06-09,482651.7017537514,382651.7017537514,-0.0005370408538492022,-4.023604749189258
2016-06-10,471838.14133722987,371838.14133722987,-0.022404480036493424,-6.1739059805606455
2016-06-13,471328.15443442774,371328.15443442774,-0.0010808513727965652,-6.275318043085698
2016-06-14,470856.62023458234,370856.62023458234,-0.0010004371591406658,-6.36908369764404
2016-06-15,475047.4761171447,375047.4761171447,0.008900492639297486,-5.5357224162842495
2016-06-16,481762.45154177514,381762.45154177514,0.014135377540611449,-4.200434188537305
2016-06-17,469667.5101919498,369667.5101919498,-0.025105612343008787,-6.605540950428446
2016-06-20,472387.3494874904,372387.3494874904,0.005790988809145192,-6.064694683236205
2016-06-21,474525.97473503964,374525.97473503964,0.004527270363758662,-5.639424159365003
2016-06-22,459155.98038808943,359155.98038808943,-0.03239020657516656,-8.69578270339485
2016-06-23,462422.7297197314,362422.7297197314,0.007114683182130932,-8.046182124137069
2016-06-24,453447.7539764822,353447.7539764822,-0.019408595569445297,-9.83087658635612
2016-06-27,455848.5867533079,355848.5867533079,0.005294618301164178,-9.353465495330305
2016-06-28,464603.26561554556,364603.26561554556,0.019205234186621345,-7.612577571962465
2016-06-29,470816.7314855424,370816.7314855424,0.013373702532556875,-6.377015666660224
2016-06-30,475131.24430327944,375131.24430327944,0.00916389017043584,-5.519064920801064
2016-07-01,478591.0618100858,378591.0618100858,0.007281814337172676,-4.831072293151872
2016-07-05,475886.084461167,375886.084461167,-0.005651959605530998,-5.368963228252676
2016-07-06,480487.5542735815,380487.5542735815,0.00966926742063623,-4.453950427414588
2016-07-07,483071.2367970663,383071.2367970663,0.00537721008693115,-3.940179245886455
2016-07-08,493584.71523083124,393584.71523083124,0.021763826187361168,-1.849550003404854
2016-07-11,504588.54183932545,404588.54183932545,0.02229369400822745,0.0
2016-07-12,502756.77510156436,402756.77510156436,-0.0036302186551520066,-0.36302186551520066
2016-07-13,498917.0133593872,398917.0133593872,-0.007637414217643301,-1.1239907389225312
2016-07-14,499173.4185532636,399173.4185532636,0.0005139235323925462,-1.073176030974199
2016-07-15,498848.23030813807,398848.23030813807,-0.0006514534489195922,-1.1376222516394807
2016-07-18,504393.41479327466,404393.41479327466,0.011115975056604555,-0.03867052655209813
2016-07-19,505893.05716535274,405893.05716535274,0.0029731600930846813,0.0
2016-07-20,513898.9271582118,413898.9271582118,0.015825222108637016,0.0
2016-07-21,506867.41862476163,406867.41862476163,-0.01368266824827491,-1.368266824827491
2016-07-22,515809.7524599658,415809.7524599658,0.01764235282564952,0.0
2016-07-25,522947.9529481136,422947.9529481136,0.013838824206220846,0.0
2016-07-26,523148.9105663613,423148.9105663613,0.00038427842984134486,0.0
2016-07-27,525407.5831121985,425407.5831121985,0.004317456273381204,0.0
2016-07-28,528203.6227006556,428203.6227006556,0.005321658229397785,0.0
2016-07-29,528886.1916156088,428886.19161560875,0.0012922458037361029,0.0
2016-08-01,527166.2605958262,427166.2605958262,-0.0032519870003197004,-0.32519870003197004
2016-08-02,523743.14975405636,423743.14975405636,-0.006493417916960231,-0.9724288406626314
2016-08-03,523394.5823646899,423394.5823646899,-0.0006655311664317543,-1.0383347756052097
2016-08-04,528158.3646801559,428158.3646801559,0.009101703525365545,-0.13761503835627575
2016-08-05,538416.8874355297,438416.88743552973,0.019423194710901148,0.0
2016-08-08,537407.4977225456,437407.49772254564,-0.0018747363549308504,-0.18747363549308504
2016-08-09,538572.6158653807,438572.61586538074,0.0021680347739334582,0.0
2016-08-10,532759.0035533869,432759.0035533869,-0.010794481822386182,-1.0794481822386182
2016-08-11,533367.3862599315,433367.3862599315,0.001141947301663171,-0.9664861250112899
2016-08-12,537443.6401623212,437443.64016232116,0.007642488099943723,-0.20962367372606705
2016-08-15,537079.3562347854,437079.3562347854,-0.0006778086115704074,-0.2772624501518606
2016-08-16,531730.6277120139,431730.6277120139,-0.009958916612004876,-1.270392877731652
2016-08-17,529896.2822774117,429896.28227741166,-0.0034497644841247066,-1.610986769913636
2016-08-18,527390.2572450951,427390.2572450951,-0.0047292746073742675,-2.076295431827291
2016-08-19,532117.0867372851,432117.08673728514,0.008962678827025394,-1.1986367182302504
2016-08-22,533514.6493947213,433514.64939472126,0.0026264194333720514,-0.9391428976633587
2016-08-23,535323.8259012371,435323.8259012371,0.003391053101481578,-0.6032222709510537
2016-08-24,532572.6644537987,432572.6644537987,-0.005139247151584758,-1.1140468777717794
2016-08-25,530661.7872085257,430661.7872085257,-0.0035880122522486957,-1.46885088914962
2016-08-26,531843.1652172238,431843.1652172238,0.0022262353106534682,-1.2494973657997899
2016-08-29,532267.0151709686,432267.0151709686,0.0007969453806400129,-1.1707986088895894
2016-08-30,530172.0876304342,430172.0876304342,-0.003935858283199312,-1.5597763398067621
2016-08-31,531554.6946742,431554.69467420003,0.002607845784460938,-1.3030594175131416
2016-09-01,528247.4831327641,428247.4831327641,-0.006221770919477954,-1.917129172270693
2016-09-02,522183.547412421,422183.547412421,-0.011479346166272442,-3.0430563994839788
2016-09-06,522495.0768032417,422495.0768032417,0.0005965898243336376,-2.985212873533427
2016-09-07,521874.632489246,421874.632489246,-0.00118746442127593,-3.1004144815837575
2016-09-08,518064.21533832705,418064.21533832705,-0.0073014032752348745,-3.8079174326568155
2016-09-09,508803.23147994006,408803.23147994006,-0.017876131151693286,-5.527459716385152
2016-09-12,519116.1276428349,419116.1276428349,0.020268928192334945,-3.6126025812290963
2016-09-13,518712.85606730566,418712.85606730566,-0.0007768427025381941,-3.6874804275305206
2016-09-14,523007.3796141974,423007.3796141974,0.008279192421509096,-2.8900905453896897
2016-09-15,533604.9730054894,433604.97300548945,0.02026279896683203,-0.9223719724236745
2016-09-16,540243.6411201033,440243.6411201033,0.012441166125611636,0.0
2016-09-19,539383.2743307359,439383.2743307359,-0.0015925532924063734,-0.15925532924063734
2016-09-20,539801.3240240935,439801.32402409345,0.0007750512729121084,-0.08187363299506645
2016-09-21,544749.2984579247,444749.29845792474,0.009166288064922368,0.0
2016-09-22,542784.8193630301,442784.81936303014,-0.003606207663700789,-0.3606207663700789
2016-09-23,546414.1868697708,446414.18686977075,0.006686567820743061,0.0
2016-09-26,545760.9377532871,445760.93775328714,-0.0011955200508717567,-0.11955200508717567
2016-09-27,553862.9475019479,453862.94750194787,0.014845345623330841,0.0
2016-09-28,557293.2264174537,457293.2264174537,0.006193371358342636,0.0
2016-09-29,546898.3831126674,446898.38311266736,-0.018652376903285472,-1.8652376903285472
2016-09-30,553843.1934477525,453843.1934477525,0.012698538795377079,-0.6190696039640842
2016-10-03,559938.2858631501,459938.28586315014,0.011005086796237018,0.0
2016-10-04,559199.2077106739,459199.2077106739,-0.0013199278762247024,-0.13199278762247024
2016-10-05,559648.724400011,459648.724400011,0.0008038578795155349,-0.051713103113282255
2016-10-06,554964.4874921293,454964.4874921293,-0.008369959054054021,-0.888276171963065
2016-10-07,554820.338284641,454820.33828464104,-0.0002597449219493564,-0.9140199389330417
2016-10-10,560236.9465476612,460236.9465476612,0.009762814895659666,0.0
2016-10-11,552731.5639271195,452731.5639271195,-0.013396800526620067,-1.3396800526620067
2016-10-12,556824.0814659914,456824.08146599145,0.0074041683268364356,-0.6091824365923704
2016-10-13,550801.654036413,450801.65403641295,-0.010815673441642137,-1.6841610624560244
2016-10-14,547960.8186417106,447960.81864171056,-0.005157637733808618,-2.191238543191343
2016-10-17,542935.8840577302,442935.8840577302,-0.009170244318628895,-3.088168782252765
2016-10-18,548104.1707101236,448104.1707101236,0.009519147295565134,-2.1656507862080843
2016-10-19,550422.313645636,450422.31364563596,0.004229383864218672,-1.7518717682769358
2016-10-20,552402.215499481,452402.21549948095,0.0035970595754584167,-1.398467397850156
2016-10-21,561671.0625463853,461671.06254638534,0.016779163419037957,0.0
2016-10-24,577123.0761729943,477123.07617299433,0.02751078817654573,0.0
2016-10-25,576933.0416471392,476933.04164713924,-0.00032927902851376256,-0.032927902851376256
2016-10-26,574622.772335702,474622.772335702,-0.0040043976417808436,-0.4332358106129308
2016-10-27,572014.7875587902,472014.7875587902,-0.004538603241063588,-0.8851298492650983
2016-10-28,562750.9390655564,462750.9390655564,-0.016195120641495087,-2.49030712872238
2016-10-31,564993.6972627422,464993.6972627422,0.0039853477648743585,-2.1016970921842515
2016-11-01,553053.6534529473,453053.65345294727,-0.021133056647607895,-4.170587473239795
2016-11-02,547957.2963766202,447957.2963766202,-0.00921494152422353,-5.053649905974577
2016-11-03,544890.1333793676,444890.13337936765,-0.005597448957307849,-5.585107254308575
2016-11-04,543868.1035326023,443868.1035326023,-0.0018756622374987986,-5.7621977032891625
2016-11-07,559387.8355208775,459387.8355208775,0.02853583780234481,-3.0730430621007887
2016-11-08,559600.9356105682,459600.93561056815,0.0003809523127942249,-3.0361185136831836
2016-11-09,554486.5717724061,454486.5717724061,-0.009139305374073148,-3.9223010368420685
2016-11-10,542401.0297899519,442401.02978995186,-0.02179591463112085,-6.016402361397599
2016-11-11,584861.1524387149,484861.15243871487,0.07828178841254396,0.0
2016-11-14,570972.4381599128,470972.4381599128,-0.02374702819787189,-2.374702819787189
2016-11-15,578375.4418379263,478375.4418379263,0.012965606013963349,-1.1089316795524717
2016-11-16,590482.1423670795,490482.1423670795,0.020932252051852895,0.0
2016-11-17,598216.0236378938,498216.02363789384,0.013097570131098912,0.0
2016-11-18,602256.4998902302,502256.49989023025,0.006754209336896855,0.0
2016-11-21,602860.8430294134,502860.8430294134,0.0010034647019887544,0.0
2016-11-22,609726.2641072996,509726.2641072996,0.011388069331866202,0.0
2016-11-23,611271.3807794071,511271.3807794071,0.002534115328572284,0.0
2016-11-25,616614.6262855422,516614.62628554215,0.008741200183987274,0.0
2016-11-28,609116.5418115266,509116.54181152664,-0.012160082090792446,-1.2160082090792446
2016-11-29,604919.6502708781,504919.6502708781,-0.006890128986099864,-1.8966426542805226
2016-11-30,598198.5453664713,498198.5453664713,-0.011110739916280088,-2.9866435426626925
2016-12-01,577432.9413697768,477432.94136977685,-0.03471356484822763,-6.354322983188698
2016-12-02,577576.389039716,477576.389039716,0.00024842308026085114,-6.331059235651071
2016-12-05,589824.9218418826,489824.92184188263,0.021206775475242745,-4.34464303985772
2016-12-06,593673.8148242814,493673.8148242814,0.00652548381709539,-3.7204455559958327
2016-12-07,603967.1520817538,503967.1520817538,0.017338371678931264,-2.051114855963787
2016-12-08,599396.7987285836,499396.7987285836,-0.007567221722931672,-2.792315787362676
2016-12-09,596588.9202088253,496588.92020882526,-0.004684507033928642,-3.2476858678086806
2016-12-12,590067.7887716899,490067.78877168987,-0.010930694849064171,-4.305255889528469
2016-12-13,600330.5294764364,500330.52947643644,0.017392477440786758,-2.6408872113852344
2016-12-14,609332.3050906856,509332.3050906856,0.014994699040376647,-1.1810166162818603
2016-12-15,625350.5255529238,525350.5255529238,0.026288152340542936,0.0
2016-12-16,628443.6886486828,528443.6886486828,0.0049462868733085585,0.0
2016-12-19,636873.8693148978,536873.8693148978,0.013414377164550961,0.0
2016-12-20,647932.7786027594,547932.7786027594,0.01736436337034508,0.0
2016-12-21,649494.1299323888,549494.1299323888,0.0024097427714591113,0.0
2016-12-22,654487.4623832313,554487.4623832313,0.007688033225738744,0.0
2016-12-23,664938.7607552194,564938.7607552194,0.015968676212575694,0.0
2016-12-27,686256.3200854576,586256.3200854576,0.03205943251981025,0.0
2016-12-28,670494.1834182447,570494.1834182447,-0.022968293632982695,-2.2968293632982695
2016-12-29,667112.9633357357,567112.9633357357,-0.005042877576165061,-2.7895344916223253
2016-12-30,650546.5298501048,550546.5298501048,-0.02483302588334435,-5.203564497723823
2017-01-03,645273.8403879968,545273.8403879968,-0.008105015122166548,-5.9718910409972565
2017-01-04,651559.9724246066,551559.9724246066,0.009741805173490325,-5.05588752268692
2017-01-05,646458.398356762,546458.398356762,-0.007829784338746926,-5.7992794476180105
2017-01-06,652644.2005328035,552644.2005328035,0.009568755223484215,-4.897895810776431
2017-01-09,664062.4432415663,564062.4432415663,0.01749535612120834,-3.234050630109697
2017-01-10,660348.4688511668,560348.4688511668,-0.005592808971804031,-3.775244099910746
2017-01-11,661573.405856503,561573.405856503,0.0018549857584546636,-3.5967485481052996
2017-01-12,651821.7786276411,551821.7786276411,-0.01474005324660388,-5.0177376076519735
2017-01-13,659255.0742460936,559255.0742460936,0.011403877351417568,-3.934571536769471
2017-01-17,648543.6163751807,548543.6163751807,-0.016247820137239466,-5.495425339846882
2017-01-18,654901.9726436577,554901.9726436577,0.009804053432851623,-4.5688974402298355
2017-01-19,672540.7073311466,572540.7073311466,0.026933396789577735,-1.9986136889206474
2017-01-20,674587.7400608138,574587.7400608138,0.0030437305985395735,-1.7003238707063217
2017-01-23,677835.4008183146,577835.4008183146,0.00481428962407171,-1.2270807598674494
2017-01-24,681425.5027997149,581425.5027997149,0.005296421486788994,-0.7039377480911435
2017-01-25,681758.2429029976,581758.2429029976,0.0004883000444151353,-0.655451476483282
2017-01-26,686050.0935356212,586050.0935356212,0.006295267680737293,-0.03005095090574672
2017-01-27,692702.4027967451,592702.4027967451,0.009696535754175839,0.0
2017-01-30,685525.924644642,585525.924644642,-0.010360117307415706,-1.0360117307415706
2017-01-31,678768.0691245333,578768.0691245333,-0.00985791386899304,-2.011590203231961
2017-02-01,693661.2896604888,593661.2896604888,0.021941545593275436,0.0
2017-02-02,695185.9063690149,595185.9063690149,0.002197926756547508,0.0
2017-02-03,690571.1046560998,590571.1046560998,-0.006638226797517133,-0.6638226797517133
2017-02-06,705022.1937353105,605022.1937353105,0.020926286926539195,0.0
2017-02-07,713146.4612629707,613146.4612629707,0.01152342096440484,0.0
2017-02-08,715810.2429365569,615810.2429365569,0.0037352518988438277,0.0
2017-02-09,716475.3175791693,616475.3175791693,0.0009291214385029889,0.0
2017-02-10,709629.7961815273,609629.7961815273,-0.00955444134596517,-0.955444134596517
2017-02-13,709466.5909670193,609466.5909670193,-0.0002299864174054589,-0.9782230371635281
2017-02-14,711457.6900943187,611457.6900943187,0.0028064734162964733,-0.7003210524828885
2017-02-15,713647.885763895,613647.885763895,0.003078462289564765,-0.39463073547706395
2017-02-16,701836.0317151048,601836.0317151048,-0.016551375383318967,-2.0432365923682805
2017-02-17,706963.7126215054,606963.7126215054,0.007306095262549883,-1.3275551473010627
2017-02-21,722124.0159505046,622124.0159505046,0.021444245381114335,0.0
2017-02-22,721317.9228707694,621317.9228707694,-0.0011162806691509264,-0.11162806691509264
2017-02-23,685891.7047237473,585891.7047237473,-0.049113181613496426,-5.017463818741163
2017-02-24,686084.0160986062,586084.0160986062,0.00028038154352127975,-4.9908324686391055
2017-02-27,686591.2580296183,586591.2580296183,0.0007393291770541044,-4.920589418995547
2017-02-28,688414.2433782021,588414.2433782021,0.002655124613464288,-4.668141735728259
2017-03-01,700170.8317693234,600170.8317693234,0.017077782024714105,-3.040085040280094
2017-03-02,692989.319353592,592989.319353592,-0.010256800326262971,-4.0345835276733855
2017-03-03,694932.6897690514,594932.6897690514,0.0028043295346487085,-3.765464875955171
2017-03-06,692651.0624050681,592651.0624050681,-0.003283235049342026,-4.081425474631583
2017-03-07,693831.3014506083,593831.3014506083,0.0017039446116520196,-3.9179855364117278
2017-03-08,695910.4725639627,595910.4725639627,0.0029966522251265726,-3.630061153974773
2017-03-09,696239.0861123962,596239.0861123962,0.0004722066435109973,-3.5845546286169427
2017-03-10,693237.6688460598,593237.6688460598,-0.004310900272915474,-4.000191998381708
2017-03-13,699903.7067431975,599903.7067431975,0.009615804502132397,-3.0770766123959015
2017-03-14,708127.2636272769,608127.2636272769,0.011749554695667186,-1.9382754227892929
2017-03-15,707113.6138220339,607113.6138220339,-0.0014314514597993933,-2.078646021585795
2017-03-16,708108.2726239327,608108.2726239327,0.001406646375428311,-1.9409053039350144
2017-03-17,712602.4307114318,612602.4307114318,0.00634671032841605,-1.3185526348323817
2017-03-20,722096.7793914643,622096.7793914643,0.013323486239801063,-0.0037717287389216203
2017-03-21,701459.5180260667,601459.5180260667,-0.0285796335815115,-2.8616272922647457
2017-03-22,713567.1123782427,613567.1123782427,0.017260574617687485,-1.1849631619021528
2017-03-23,710015.4473106978,610015.4473106978,-0.004977338509488782,-1.6767990500729635
2017-03-24,717642.3492509587,617642.3492509587,0.010741881700108147,-0.6206228570928896
2017-03-27,724187.0282792193,624187.0282792193,0.00911969455968098,0.0
2017-03-28,731804.7932268116,631804.7932268116,0.010519057439751789,0.0
2017-03-29,733681.1718886149,633681.1718886149,0.0025640425960173907,0.0
2017-03-30,735152.4949157275,635152.4949157275,0.0020053983712369217,0.0
2017-03-31,736156.332305786,636156.332305786,0.0013654818517259137,0.0
2017-04-03,752178.3167007288,652178.3167007288,0.02176437760816219,0.0
2017-04-04,745827.7337545697,645827.7337545697,-0.008442922117211094,-0.8442922117211094
2017-04-05,737240.4521825697,637240.4521825697,-0.011513760059271072,-1.9859472397025457
2017-04-06,740336.0290314956,640336.0290314956,0.004198870042686265,-1.5743989698050576
2017-04-07,739792.3878593756,639792.3878593756,-0.000734316784273159,-1.6466745406437
2017-04-10,740041.3892262003,640041.3892262003,0.0003365827641796937,-1.613570506494344
2017-04-11,735479.853360957,635479.853360957,-0.0061638929006564425,-2.220013920770292
2017-04-12,723429.5884365428,623429.5884365428,-0.01638422163346498,-3.822062884009514
2017-04-13,719891.3476461972,619891.3476461972,-0.004890926286264197,-4.292462084808779
2017-04-17,730651.7342898739,630651.7342898739,0.014947237078011266,-2.86189882543767
2017-04-18,734072.4966773044,634072.4966773044,0.004681796027973917,-2.4071180491936794
2017-04-19,740963.7947257019,640963.7947257019,0.009387762216388928,-1.4909392794273946
2017-04-20,745850.0167876994,645850.0167876994,0.006594414054746478,-0.8413297448917612
2017-04-21,750211.8529888218,650211.8529888218,0.005848141185151867,-0.26143584150797317
2017-04-24,757765.9289341568,657765.9289341568,0.010069256990861586,0.0
2017-04-25,772019.2125695455,672019.2125695455,0.018809612693245326,0.0
2017-04-26,766848.9228055397,666848.9228055397,-0.006697099864648837,-0.6697099864648837
2017-04-27,771680.0621404307,671680.0621404307,0.006299988421729852,-0.0439303094525334
2017-04-28,775628.5735403224,675628.5735403224,0.005116772602546726,0.0
2017-05-01,792300.7954597467,692300.7954597467,0.021495110531223327,0.0
2017-05-02,786687.1430674717,686687.1430674717,-0.007085254015197107,-0.7085254015197107
2017-05-03,781323.1288636804,681323.1288636804,-0.006818484642924005,-1.3855427962427225
2017-05-04,770505.0102784724,670505.0102784724,-0.013845895744749481,-2.7509482896109994
2017-05-05,779672.6268986894,679672.6268986894,0.011898192092097748,-1.5938603915864547
2017-05-08,781180.1699211444,681180.1699211444,0.0019335589970004285,-1.4035863149865269
2017-05-09,792896.5556338028,692896.5556338028,0.014998314299044635,0.0
2017-05-10,829067.6177974599,729067.6177974599,0.04561889177932388,0.0
2017-05-11,839727.0220537966,739727.0220537966,0.01285709877881236,0.0
2017-05-12,847221.5647464332,747221.5647464332,0.008924975016650682,0.0
2017-05-15,849837.334146013,749837.334146013,0.00308746791680492,0.0
2017-05-16,855340.1331808476,755340.1331808476,0.00647512037155229,0.0
2017-05-17,821049.7889169614,721049.7889169614,-0.040089717451193274,-4.008971745119327
2017-05-18,840398.2901238363,740398.2901238363,0.023565563828226832,-1.7468890418418148
2017-05-19,842160.5818820852,742160.5818820852,0.0020969720892569654,-1.5408550104798913
2017-05-22,850711.1338581576,750711.1338581576,0.010153113503559297,-0.5411881359378867
2017-05-23,839990.7377863621,739990.7377863621,-0.012601687747021972,-1.7945370267385963
2017-05-24,846148.592685527,746148.592685527,0.007330860475191603,-1.074606479780038
2017-05-25,852854.5251798822,752854.5251798822,0.00792524215288437,-0.2905987810629118
2017-05-26,866272.4799880316,766272.4799880316,0.015732993625518166,0.0
2017-05-30,880276.2389363515,780276.2389363515,0.01616553598529813,0.0
2017-05-31,883189.4818930778,783189.4818930778,0.0033094644929261285,0.0
2017-06-01,883781.7882533502,783781.7882533502,0.0006706447171480612,0.0
2017-06-02,887542.5633680837,787542.5633680837,0.0042553209001578995,0.0
2017-06-05,899782.0866106865,799782.0866106865,0.01379035073670809,0.0
2017-06-06,899870.4477590075,799870.4477590075,9.820283114758688e-05,0.0
2017-06-07,911282.8586068429,811282.8586068429,0.012682282073221085,0.0
2017-06-08,940029.343565684,840029.343565684,0.03154507372473603,0.0
2017-06-09,897828.3842450439,797828.3842450439,-0.04489323616278307,-4.489323616278307
2017-06-12,892137.228118347,792137.228118347,-0.006338801742698741,-5.094746858185772
2017-06-13,898078.2094827029,798078.2094827029,0.006659268526307605,-4.462747292957225
2017-06-14,897381.64000898,797381.64000898,-0.0007756222858632533,-4.536848115286962
2017-06-15,897691.3414103703,797691.3414103703,0.0003451167124248755,-4.503902186150787
2017-06-16,892284.0057407726,792284.0057407726,-0.0060236023454367515,-5.0791327049223405
2017-06-19,906707.0997517881,806707.0997517881,0.016164241338206597,-3.5448088979328385
2017-06-20,908128.6432946961,808128.6432946961,0.0015678089906840942,-3.3935855821248473
2017-06-21,920449.1828162178,820449.1828162178,0.013566953991036579,-2.082930802478522
2017-06-22,917678.9407150934,817678.9407150934,-0.0030096632740207463,-2.3776282095420487
2017-06-23,913090.070255619,813090.070255619,-0.005000518433929124,-2.865790679244118
2017-06-26,901504.3604214516,801504.3604214516,-0.012688463287005125,-4.098274528122802
2017-06-27,872641.5266057283,772641.5266057283,-0.032016299735067255,-7.1686929159405555
2017-06-28,884537.9910343053,784537.9910343053,0.013632704914754656,-5.903151099612591
2017-06-29,860129.8312259156,760129.8312259156,-0.02759424700328461,-8.49968279040063
2017-06-30,853767.3518773107,753767.3518773107,-0.007397115083820127,-9.17652116700609
2017-07-03,835472.2622199161,735472.2622199161,-0.02142865924442572,-11.122746546311625
2017-07-05,830836.0054901638,730836.0054901638,-0.0055492646966320835,-11.615949951235793
2017-07-06,815649.17985409,715649.17985409,-0.01827896905733417,-13.231519267239033
2017-07-07,824976.5525176446,724976.5525176446,0.011435520189235326,-12.239276554030276
2017-07-10,843515.7527900619,743515.7527900619,0.022472396598230304,-10.267082771004832
2017-07-11,856534.8915272299,756534.8915272299,0.015434375344034912,-8.882111245777303
2017-07-12,865911.077882873,765911.077882873,0.010946648465102182,-7.88467574870253
2017-07-13,856638.6478977895,756638.6478977895,-0.010708293521032641,-8.871073678570507
2017-07-14,865275.4234601331,765275.4234601331,0.01008216893265157,-7.95229644874671
2017-07-17,860459.0969498712,760459.0969498712,-0.00556623518902466,-8.464655615322602
2017-07-18,868325.6001366875,768325.6001366875,0.00914221630604084,-7.627819697309935
2017-07-19,864508.9881588179,764508.9881588179,-0.004395369636998936,-8.033829573915764
2017-07-20,871442.0911074996,771442.0911074996,0.008019700250251116,-7.296288453935052
2017-07-21,868230.2058364981,768230.2058364981,-0.0036857128015466145,-7.637967710331273
2017-07-24,873139.313025606,773139.313025606,0.005654153882354462,-7.115738566878493
2017-07-25,870879.1300462272,770879.1300462272,-0.002588570856518535,-7.356176059053521
2017-07-26,878618.230265659,778618.230265659,0.008886537697855967,-6.532893225128767
2017-07-27,859402.0176721938,759402.0176721938,-0.021870946824828597,-8.57710734727255
2017-07-28,855947.6015940008,755947.6015940008,-0.004019557793859652,-8.944586947972022
2017-07-31,843246.3029384126,743246.3029384126,-0.014838874052494622,-10.29574675404893
2017-08-01,848223.2535542706,748223.2535542706,0.005902131558140233,-9.76630045006659
2017-08-02,859548.8931495253,759548.8931495253,0.013352191828975846,-8.561482784237706
2017-08-03,874847.4845720916,774847.4845720916,0.01779839581493703,-6.9340238621006245
2017-08-04,887563.8450366915,787563.8450366915,0.014535516977361773,-5.581261785933444
2017-08-07,897952.1235941586,797952.1235941586,0.011704260618048856,-4.476160266648677
2017-08-08,903799.4074816043,803799.4074816043,0.00651179916368072,-3.8541282069614713
2017-08-09,907632.7941498188,807632.7941498188,0.00424141312384374,-3.4463338445350877
2017-08-10,880672.9711346517,780672.9711346517,-0.029703447461283616,-6.3143105943782585
2017-08-11,867960.1120493651,767960.1120493651,-0.014435391458542779,-7.666700195011855
2017-08-14,901498.6796643762,801498.6796643762,0.03864067847060659,-4.098878845117193
2017-08-15,902543.4998355184,802543.4998355184,0.0011589813659307335,-3.98773123272681
2017-08-16,895240.7812246372,795240.7812246372,-0.008091264977490908,-4.764591940412899
2017-08-17,871858.1465399684,771858.1465399684,-0.026118822081231174,-7.252028619354711
2017-08-18,864903.6435429,764903.6435429,-0.007976645082308331,-7.991846269162206
2017-08-21,853006.2016966217,753006.2016966217,-0.0137558003542948,-9.257492062850869
2017-08-22,864686.9997490481,764686.9997490481,0.013693684792904781,-8.014892761841896
2017-08-23,877402.3298886843,777402.3298886843,0.014705124679018411,-6.662240291291899
2017-08-24,872878.1227298933,772878.1227298933,-0.00515636556306498,-7.14352390118751
2017-08-25,864706.0698891493,764706.0698891493,-0.009362192301470729,-8.012864086861516
2017-08-28,865769.6631394665,765769.6631394665,0.0012300055329248494,-7.899719400730454
2017-08-29,870687.2767213503,770687.2767213503,0.005680048390759529,-7.376585350124076
2017-08-30,884969.1736739012,784969.1736739012,0.016403015565279233,-5.857282037912837
2017-08-31,892890.6601309323,792890.6601309323,0.008951143941144935,-5.014597018423594
2017-09-01,883290.7303531612,783290.7303531612,-0.010751517746152017,-6.03583426420542
2017-09-05,866368.8712013684,766368.8712013684,-0.01915774565530315,-7.83597585208452
2017-09-06,856113.3114231124,756113.3114231124,-0.011837405658440714,-8.92695879303772
2017-09-07,855149.7836834621,755149.7836834621,-0.0011254675365912625,-9.029458544374801
2017-09-08,840791.9824673826,740791.9824673826,-0.01678980862771773,-10.556836526174607
2017-09-11,866359.1538036256,766359.1538036256,0.030408438554818007,-7.83700958553224
2017-09-12,869200.2764022269,769200.2764022269,0.0032793819816270275,-7.5347719353941685
2017-09-13,876614.1431883418,776614.1431883418,0.008529526493942452,-6.746087322848682
2017-09-14,880109.7824065939,780109.7824065939,0.0039876600730375245,-6.374222418611475
2017-09-15,900627.1642542514,800627.1642542514,0.0233122983720897,-4.191590356315233
2017-09-18,918489.9989438104,818489.9989438104,0.019833772951263207,-2.2913481126207724
2017-09-19,915483.1119650023,815483.1119650023,-0.0032737286004919097,-2.6112197208199794
2017-09-20,909913.8286721524,809913.8286721524,-0.006083436406484788,-3.203678172353497
2017-09-21,897739.5148458875,797739.5148458875,-0.013379633809973979,-4.498777512559804
2017-09-22,882033.668000952,782033.668000952,-0.017494881962093145,-6.169560127213158
2017-09-25,861401.8273171745,761401.8273171745,-0.023391216721395214,-8.364368281341362
2017-09-26,866927.79499029,766927.79499029,0.006415087010351428,-7.776517730617649
2017-09-27,877309.6146795857,777309.6146795857,0.011975414503132775,-6.672103303519473
2017-09-28,879414.0553858164,779414.0553858164,0.0023987434664092255,-6.448233621085064
2017-09-29,889969.1821500866,789969.1821500866,0.012002454019954811,-5.325382846636584
2017-10-02,892502.2528947268,792502.2528947268,0.002846245460455643,-5.055915647343435
2017-10-03,897018.2011145242,797018.2011145242,0.005059873188163255,-4.575510620552725
2017-10-04,903146.5152172104,803146.5152172104,0.0068318726365550475,-3.9235826627040282
2017-10-05,912402.7961546143,812402.7961546143,0.010248925043106372,-2.938902663003873
2017-10-06,915522.73830248,815522.73830248,0.003419478941773191,-2.6070042845946273
2017-10-09,915502.8770305649,815502.8770305649,-2.1693914398990266e-05,-2.6091171199067342
2017-10-10,926271.4775176363,826271.4775176363,0.011762497701808705,-1.463557083852507
2017-10-11,931034.9248686008,831034.9248686008,0.0051426039412660884,-0.9568231841535879
2017-10-12,930945.6786221584,830945.6786221584,-9.585703399372925e-05,-0.9663171693204631
2017-10-13,939983.5883702912,839983.5883702912,0.009708310544509269,-0.004867422033794089
2017-10-16,948924.5363598494,848924.5363598494,0.009511812865860447,0.0
2017-10-17,953950.1868183094,853950.1868183094,0.005296153978417317,0.0
2017-10-18,949694.6715007494,849694.6715007494,-0.004460940808401426,-0.44609408084014257
2017-10-19,941597.6420459482,841597.6420459482,-0.008525929119941211,-1.2948836263201868
2017-10-20,945382.6442959424,845382.6442959424,0.004019766066714059,-0.898112148910224
2017-10-23,940976.9563792116,840976.9563792116,-0.004660216625842373,-1.3599484143262286
2017-10-24,948681.5261878021,848681.5261878021,0.008187841111685579,-0.5522993446942737
2017-10-25,938316.6312177945,838316.6312177945,-0.01092557901033242,-1.638823055599703
2017-10-26,947646.0275423073,847646.0275423073,0.009942695263116752,-0.6608478475200297
2017-10-27,985793.5460901824,885793.5460901824,0.040255029239989026,0.0
2017-10-30,990129.0270504135,890129.0270504135,0.004397960381690824,0.0
2017-10-31,1007176.3079490396,907176.3079490396,0.01721723172727274,0.0
2017-11-01,999157.7177146089,899157.7177146089,-0.007961456371784026,-0.7961456371784026
2017-11-02,979644.9901949161,879644.9901949161,-0.019529176599190512,-2.733515228350314
2017-11-03,990077.4580434791,890077.4580434791,0.010649233092579147,-1.697701759921233
2017-11-06,991350.8817542298,891350.8817542298,0.0012861859447512725,-1.571266725588083
2017-11-07,1001100.6632224395,901100.6632224395,0.009834844198612247,-0.6032354691674846
2017-11-08,992992.6135276695,892992.6135276695,-0.00809913527443984,-1.4082633109443465
2017-11-09,980800.2118662194,880800.2118662194,-0.012278441445939592,-2.618816176934413
2017-11-10,998993.9163490825,898993.9163490825,0.018549857822975913,-0.8124090623834568
2017-11-13,999855.9035422473,899855.9035422473,0.0008628552977729687,-0.7268245240696025
2017-11-14,1001912.38268949,901912.38268949,0.0020567755213096728,-0.5226418868280236
2017-11-15,994929.4010266428,894929.4010266428,-0.006969653019061828,-1.2159645561297783
2017-11-16,999858.4531275633,899858.4531275633,0.004954172724048966,-0.7265713821622666
2017-11-17,1001536.060179184,901536.060179184,0.0016778445452685364,-0.5600060014657404
2017-11-20,1003207.7350049084,903207.7350049084,0.0016691109708275587,-0.39402961654375623
2017-11-21,1016783.3962291916,916783.3962291916,0.013532253341544287,0.0
2017-11-22,1011030.1813150311,911030.1813150311,-0.005658250258114617,-0.5658250258114617
2017-11-24,1018714.4584298619,918714.4584298619,0.007600442852097711,0.0
2017-11-27,1017342.5324272313,917342.5324272313,-0.0013467228145020993,-0.13467228145020993
2017-11-28,1016984.707018846,916984.707018846,-0.0003517255958340737,-0.16979747334517903
2017-11-29,978939.837323781,878939.837323781,-0.03740948062689009,-3.904393500744585
2017-11-30,994597.3227284378,894597.3227284378,0.015994328566157012,-2.367408796631365
2017-12-01,973757.0133341337,873757.0133341337,-0.02095351447069438,-4.413154709222534
2017-12-04,941423.6718419597,841423.6718419597,-0.03320473285369718,-7.587090371430483
2017-12-05,942437.4267662347,842437.4267662347,0.0010768317757419155,-7.48757721385368
2017-12-06,958971.3761980812,858971.3761980812,0.017543816663329048,-5.8645562294131315
2017-12-07,970141.3336743935,870141.3336743935,0.01164785284895209,-4.768080432502542
2017-12-08,975288.0084787532,875288.0084787532,0.005305077338439768,-4.2628677341089
2017-12-11,993682.9789370061,893682.9789370061,0.018861064935008498,-2.4571634657504227
2017-12-12,994409.4479031428,894409.4479031428,0.0007310872597554585,-2.385851140679829
2017-12-13,982910.6967171885,882910.6967171885,-0.011563396959070604,-3.514602292761959
2017-12-14,979488.9583939733,879488.9583939733,-0.0034812301205423557,-3.8504901654529022
2017-12-15,998965.8685983282,898965.8685983282,0.01988476749782908,-1.938579517362704
2017-12-18,1013597.2967843967,913597.2967843967,0.014646574668860435,-0.5023156001292328
2017-12-19,1004647.1856520271,904647.1856520271,-0.008830046371239852,-1.380884767211077
2017-12-20,999580.9399380843,899580.9399380843,-0.005042810835780842,-1.8782023101221124
2017-12-21,991831.7621993711,891831.7621993711,-0.007752426471030138,-2.6388843319181787
2017-12-22,987890.520489685,887890.520489685,-0.003973699834885824,-3.025768181172739
2017-12-26,984868.5279271152,884868.5279271152,-0.003059035895062401,-3.3224158372026302
2017-12-27,973285.5353557934,873285.5353557934,-0.011760953104777205,-4.459436370824443
2017-12-28,973235.403412675,873235.403412675,-5.150795043928902e-05,-4.4643574694407935
2017-12-29,956758.5772798581,856758.5772798581,-0.016929949398717503,-6.081771063257124
2018-01-02,976293.631139939,876293.631139939,0.02041795529612145,-4.164152863335813
2018-01-03,1002573.2681447237,902573.2681447237,0.0269177593365022,-1.5844665943012592
2018-01-04,1004378.8170026934,904378.8170026934,0.0018009146217421446,-1.4072286211843865
2018-01-05,1005204.4606638964,905204.4606638964,0.0008220440806059326,-1.3261810170819066
2018-01-08,1032312.3037873888,932312.3037873888,0.026967491872836202,0.0
2018-01-09,1033699.3470962275,933699.3470962275,0.001343627605473463,0.0
2018-01-10,1040534.88289974,940534.88289974,0.006612692387505392,0.0
2018-01-11,1050142.251048656,950142.251048656,0.009233105306515332,0.0
2018-01-12,1051076.9285964489,951076.9285964489,0.0008900485118654711,0.0
2018-01-16,1039141.8756703895,939141.8756703895,-0.011355070786299937,-1.1355070786299937
2018-01-17,1055419.1968289965,955419.1968289965,0.015664195178455298,0.0
2018-01-18,1055286.4390566938,955286.4390566938,-0.00012578677050933962,-0.012578677050933962
2018-01-19,1069533.7358578346,969533.7358578346,0.013500881157798572,0.0
2018-01-22,1082217.9180927943,982217.9180927943,0.01185954384579202,0.0
2018-01-23,1096892.055578319,996892.0555783189,0.013559318544073884,0.0
2018-01-24,1074697.3262045144,974697.3262045144,-0.020234196483538858,-2.0234196483538858
2018-01-25,1070142.4199334625,970142.4199334625,-0.004238315440067475,-2.438675301623283
2018-01-26,1091070.731878849,991070.731878849,0.01955656700973285,-0.5307107176011683
2018-01-29,1101914.8637032402,1001914.8637032402,0.009938981504633793,0.0
2018-01-30,1092155.1556826897,992155.1556826897,-0.008857043626538164,-0.8857043626538164
2018-01-31,1104291.122585149,1004291.122585149,0.011111943975463223,0.0
2018-02-01,1083081.0949698677,983081.0949698677,-0.01920691671017738,-1.920691671017738
2018-02-02,1071014.4256608365,971014.4256608365,-0.011141058010403992,-3.0133989347312373
2018-02-05,1023085.3375930206,923085.3375930206,-0.04475111344858185,-7.353657321995433
2018-02-06,1064492.7268275192,964492.7268275192,0.040473055094227384,-3.6039767905098774
2018-02-07,1070384.0533665002,970384.0533665002,0.005534398113304917,-3.0704828215291857
2018-02-08,1017522.5410905171,917522.5410905171,-0.0493855566230893,-7.857400980595264
2018-02-09,1047422.1876251064,947422.1876251064,0.029384751027279332,-5.149813649403634
2018-02-12,1054274.4178575182,954274.4178575182,0.006541994539898344,-4.529304248189692
2018-02-13,1072772.53153469,972772.53153469,0.017545824278619282,-2.8541921967708994
2018-02-14,1094223.939366875,994223.939366875,0.019996231448522472,-0.9116421396838437
2018-02-15,1113492.4369052323,1013492.4369052323,0.01760928165171216,0.0
2018-02-16,1109159.3898650254,1009159.3898650254,-0.003891402309161518,-0.3891402309161518
2018-02-20,1128241.4372401512,1028241.4372401512,0.01720406241834005,0.0
2018-02-21,1117926.7222579324,1017926.7222579324,-0.009142294053168354,-0.9142294053168354
2018-02-22,1132122.6049292106,1032122.6049292106,0.012698401772350598,0.0
2018-02-23,1146342.9258973496,1046342.9258973496,0.012560760562702722,0.0
2018-02-26,1159235.0234521665,1059235.0234521665,0.011246283519152911,0.0
2018-02-27,1156131.6107502556,1056131.6107502556,-0.0026771212386845766,-0.26771212386845766
2018-02-28,1148203.388202273,1048203.388202273,-0.006857543271252431,-0.9516306035200262
2018-03-01,1120139.6799816114,1020139.6799816114,-0.024441408646773466,-3.3725122757359727
2018-03-02,1135958.2711135782,1035958.2711135782,0.014121980869588047,-2.0079407426175533
2018-03-05,1144936.5371001712,1044936.5371001712,0.007903693484965446,-1.2334415422866396
2018-03-06,1148996.2578031784,1048996.2578031784,0.003545804131021457,-0.8832346713005035
2018-03-07,1155740.6665933125,1055740.6665933125,0.005869826593716709,-0.3014364462909258
2018-03-08,1153823.410364913,1053823.410364913,-0.0016588983011653902,-0.46682622399880636
2018-03-09,1161266.1324348133,1061266.1324348133,0.00645048627289202,0.0
2018-03-12,1183863.4705780188,1083863.4705780188,0.019459224300140354,0.0
2018-03-13,1179333.2085384855,1079333.2085384855,-0.003826676092405723,-0.3826676092405723
2018-03-14,1173446.0173165388,1073446.0173165388,-0.004991965951033017,-0.8799539406679768
2018-03-15,1181238.232387127,1081238.232387127,0.006640454657136585,-0.2217517691976867
2018-03-16,1184414.0863592725,1084414.0863592725,0.0026885804108520706,0.0
2018-03-19,1152772.5419784505,1052772.5419784505,-0.026714934198464158,-2.6714934198464158
2018-03-20,1173254.4422646347,1073254.4422646347,0.01776751227178952,-0.94220798478859
2018-03-21,1160732.9653061742,1060732.9653061742,-0.01067243089597103,-1.9993954247784052
2018-03-22,1128203.7550668144,1028203.7550668144,-0.0280247147377084,-4.745834412121952
2018-03-23,1089214.520090266,989214.5200902659,-0.03455868215421731,-8.037692844538613
2018-03-26,1136790.3413249508,1036790.3413249508,0.04367901855618128,-4.020869523825965
2018-03-27,1067212.0734741748,967212.0734741748,-0.06120589287351019,-9.895357901843315
2018-03-28,1038874.0983114471,938874.0983114471,-0.02655327452441303,-12.28793119939965
2018-03-29,1068846.569286487,968846.5692864871,0.028850917569083867,-9.757357532619714
2018-04-02,1027212.1767245019,927212.1767245019,-0.03895263713086383,-13.272546438381848
2018-04-03,1042120.3978194428,942120.3978194428,0.014513283071155847,-12.013846354801561
2018-04-04,1063068.376337014,963068.3763370139,0.020101303612714227,-10.245209966664515
2018-04-05,1069134.4286010265,969134.4286010265,0.005706173186069474,-9.733053590454999
2018-04-06,1038628.2759961163,938628.2759961163,-0.02853350503811558,-12.308685960607058
2018-04-09,1034526.835541108,934526.835541108,-0.003948901209217204,-12.654970296655065
2018-04-10,1066768.746753039,966768.7467530391,0.031165852933207727,-9.932787946473953
2018-04-11,1055256.8218574226,955256.8218574226,-0.010791396852087853,-10.9047389751047
2018-04-12,1073536.5726965764,973536.5726965764,0.017322561162863126,-9.361380866679703
2018-04-13,1068855.1806289924,968855.1806289924,-0.004360719687290127,-9.756630477563167
2018-04-16,1065330.117778753,965330.1177787529,-0.00329797985183089,-10.054251292009486
2018-04-17,1083915.434010061,983915.434010061,0.01744559354996844,-8.485094318502295
2018-04-18,1093500.6146756962,993500.6146756962,0.008843107464734379,-7.675818172935777
2018-04-19,1084692.198980965,984692.198980965,-0.008055245307149295,-8.419512105334636
2018-04-20,1076378.7459179182,976378.7459179182,-0.0076643430005830515,-9.121416376720093
2018-04-23,1070738.393613212,970738.393613212,-0.00524011861632967,-9.597630934590118
2018-04-24,1053734.8094341385,953734.8094341385,-0.0158802414114384,-11.033242379514775
2018-04-25,1046355.2408687886,946355.2408687886,-0.0070032502478615255,-11.65629884687187
2018-04-26,1075365.6941024119,975365.6941024119,0.02772524291992462,-9.206948271956183
2018-04-27,1090152.618999344,990152.6189993441,0.013750601286639075,-7.958489218046649
2018-04-30,1083936.9038951872,983936.9038951872,-0.005701692584899054,-8.483281617575022
2018-05-01,1101082.7932502097,1001082.7932502097,0.01581816182603224,-7.035655356414394
2018-05-02,1100856.1748576371,1000856.1748576371,-0.00020581412584208536,-7.054788731741701
2018-05-03,1105507.072202253,1005507.0722022529,0.004224800160854025,-6.662113788224944
2018-05-04,1130448.3503975607,1030448.3503975607,0.022560939520380296,-4.556323382440941
2018-05-07,1159332.4080030192,1059332.4080030192,0.02555097505808246,-2.1176443817340074
2018-05-08,1170105.5061984821,1070105.5061984821,0.009292501547524257,-1.2080724406759669
2018-05-09,1178592.1101350826,1078592.1101350826,0.007252853603067155,-0.4915490529233568
2018-05-10,1182112.3122802805,1082112.3122802805,0.00298678577170719,-0.1943386274700032
2018-05-11,1168053.01864892,1068053.01864892,-0.011893365364108455,-1.381363823579984
2018-05-14,1163783.0549512883,1063783.0549512883,-0.003655624898406429,-1.7418765654333979
2018-05-15,1144111.2266254502,1044111.2266254502,-0.01690334658349313,-3.4027676804915252
2018-05-16,1143757.1452252602,1043757.1452252602,-0.00030948162377042454,-3.432662748801496
2018-05-17,1142314.8624959849,1042314.8624959849,-0.00126100434458154,-3.5544345806199362
2018-05-18,1139554.2033938267,1039554.2033938267,-0.002416723438339985,-3.787516839092897
2018-05-21,1145147.9150352394,1045147.9150352394,0.004908684136966324,-3.315240149222809
2018-05-22,1127452.8609294945,1027452.8609294945,-0.015452199557295043,-4.809232352586168
2018-05-23,1151988.5464372684,1051988.5464372684,0.0217620499783433,-2.737686109566273
2018-05-24,1151800.679834463,1051800.679834463,-0.00016308026966627143,-2.75354767394389
2018-05-25,1163909.4172810433,1063909.4172810433,0.010512875759302931,-1.7312078026070932
2018-05-29,1168211.7591933876,1068211.7591933876,0.0036964576868832033,-1.3679613703083016
2018-05-30,1173523.3479514802,1073523.3479514802,0.004546768782536459,-0.9195042961088862
2018-05-31,1172245.0518668299,1072245.0518668299,-0.001089280487586164,-1.0274307467795007
2018-06-01,1194680.9217377503,1094680.9217377503,0.01913923188260913,0.0
2018-06-04,1213859.059625864,1113859.059625864,0.016052937264803502,0.0
2018-06-05,1222488.520896213,1122488.520896213,0.007109113040692394,0.0
2018-06-06,1233575.9798999983,1133575.9798999983,0.009069581279713912,0.0
2018-06-07,1229552.6104057196,1129552.6104057196,-0.0032615498030408308,-0.3261549803040831
2018-06-08,1227531.7199463954,1127531.7199463954,-0.0016435982016722583,-0.48997873273221026
2018-06-11,1235659.48236052,1135659.48236052,0.006621223942367527,0.0
2018-06-12,1249513.535930346,1149513.535930346,0.011211870072295405,0.0
2018-06-13,1248117.059733811,1148117.059733811,-0.0011176159012116216,-0.11176159012116216
2018-06-14,1273983.2564166505,1173983.2564166505,0.020724175253526322,0.0
2018-06-15,1278752.307549704,1178752.307549704,0.0037434174342820814,0.0
2018-06-18,1291426.162030405,1191426.162030405,0.009911109763693027,0.0
2018-06-19,1275399.2643787127,1175399.2643787127,-0.012410231512186787,-1.2410231512186787
2018-06-20,1292326.1289707152,1192326.1289707152,0.013271816179263762,0.0
2018-06-21,1269442.0383482678,1169442.0383482678,-0.01770767464144185,-1.770767464144185
2018-06-22,1245304.6164969697,1145304.6164969697,-0.019014197672785782,-3.6385175088269883
2018-06-25,1208923.9110219441,1108923.9110219441,-0.029214302262336567,-6.453650984770965
2018-06-26,1226802.2131529523,1126802.2131529523,0.014788608255663416,-5.070230675437171
2018-06-27,1209426.3912496343,1109426.3912496343,-0.014163507138335696,-6.414769140906184
2018-06-28,1227299.372343532,1127299.372343532,0.014778064397479085,-5.031760572617561
2018-06-29,1206096.4886787105,1106096.4886787105,-0.017276048650081588,-6.672436497177614
2018-07-02,1216261.824222501,1116261.824222501,0.008428293788440344,-5.885844373416516
2018-07-03,1183363.7074914984,1083363.7074914984,-0.027048548327193167,-8.431495660155141
2018-07-05,1194346.467902055,1094346.467902055,0.009280967754062619,-7.5816513240893
2018-07-06,1206293.0005215635,1106293.0005215635,0.0100025687190195,-6.657230440560202
2018-07-09,1221976.9105807024,1121976.9105807024,0.013001741742974193,-5.443611857174401
2018-07-10,1235817.6953097316,1135817.6953097316,0.011326551761482895,-4.372614032495825
2018-07-11,1223860.6636756554,1123860.6636756554,-0.009675400894044839,-5.2978473281809935
2018-07-12,1241983.3140403344,1141983.3140403344,0.014807772569673805,-3.8955193895581774
2018-07-13,1243769.6310513946,1143769.6310513946,0.0014382777859140994,-3.7572944499693617
2018-07-16,1233393.370695629,1133393.370695629,-0.008342590216641965,-4.560207903714197
2018-07-17,1260992.437029509,1160992.437029509,0.022376532085878198,-2.4245963336021137
2018-07-18,1257551.2613376186,1157551.2613376186,-0.0027289423717693495,-2.690873987109843
2018-07-19,1256738.629190749,1156738.629190749,-0.0006462020053203954,-2.75375533947535
2018-07-20,1242093.315509688,1142093.315509688,-0.011653428438410773,-3.8870074925309694
2018-07-23,1234691.8196226598,1134691.8196226598,-0.005958888752244151,-4.459734122528247
2018-07-24,1234062.6168662088,1134062.6168662088,-0.0005096030818794173,-4.508421736462987
2018-07-25,1251080.5400757524,1151080.5400757524,0.013790161841835014,-3.191577417676539
2018-07-26,1244114.0488483019,1144114.0488483019,-0.005568379496198372,-3.7306434530432586
2018-07-27,1229059.29280407,1129059.29280407,-0.012100784536729803,-4.895578194107597
2018-07-30,1197333.8941999255,1097333.8941999255,-0.025812748652478623,-7.350484729922401
2018-07-31,1204364.934773943,1104364.934773943,0.005872247171884837,-6.80642387590118
2018-08-01,1218802.1378773337,1118802.1378773337,0.011987399073604355,-5.689275287805284
2018-08-02,1268658.1341778138,1168658.1341778138,0.040905734204987,-1.8314258500485514
2018-08-03,1267290.2057944522,1167290.2057944522,-0.0010782482266178395,-1.9372759410353435
2018-08-06,1271153.3349865212,1171153.3349865212,0.003048338237292114,-1.6383475896333821
2018-08-07,1304847.3145691287,1204847.3145691287,0.02650662092072853,0.0
2018-08-08,1309287.6557896899,1209287.6557896899,0.0034029584695336457,0.0
2018-08-09,1296345.9663398582,1196345.9663398582,-0.0098845272027146,-0.9884527202714599
2018-08-10,1298781.6637790208,1198781.6637790208,0.0018788946025261044,-0.8024204584998085
2018-08-13,1305568.3285935281,1205568.3285935281,0.005225408553090061,-0.2840725779178377
2018-08-14,1311469.9687649868,1211469.9687649868,0.004520361012293028,0.0
2018-08-15,1299599.9784633964,1199599.9784633964,-0.009050905155509104,-0.9050905155509104
2018-08-16,1298693.6845636931,1198693.6845636931,-0.0006973637386289422,-0.9741957121080835
2018-08-17,1251687.3334978505,1151687.3334978505,-0.036195102528457146,-4.558444851271259
2018-08-20,1254810.5513759637,1154810.5513759637,0.0024952061066123576,-4.3202985000395655
2018-08-21,1270288.3083341056,1170288.3083341056,0.01233473606128821,-3.1401146356147214
2018-08-22,1291315.9053130024,1191315.9053130024,0.0165534051135785,-1.5367537139232779
2018-08-23,1303019.3201214198,1203019.3201214198,0.009063169407474092,-0.6443646324227337
2018-08-24,1314409.8435900197,1214409.8435900197,0.008741638203444646,0.0
2018-08-27,1320376.944462762,1220376.944462762,0.004539756683839435,0.0
2018-08-28,1308691.863445401,1208691.863445401,-0.00884980691791426,-0.884980691791426
2018-08-29,1327144.3540947514,1227144.3540947514,0.014099950618452262,0.0
2018-08-30,1331291.5900223413,1231291.5900223413,0.0031249320503787814,0.0
2018-08-31,1346726.7652833583,1246726.7652833583,0.01159413563241829,0.0
2018-09-04,1360457.9433166897,1260457.9433166897,0.010195964309391625,0.0
2018-09-05,1334542.4381465092,1234542.4381465092,-0.019049104235446257,-1.9049104235446257
2018-09-06,1316930.8025037253,1216930.8025037253,-0.013196759532985713,-3.1994477320517967
2018-09-07,1298715.004253456,1198715.004253456,-0.013832008648926641,-4.538393808242935
2018-09-10,1315885.9975453005,1215885.9975453005,0.013221525304325743,-3.2762457663870315
2018-09-11,1318704.1111677866,1218704.1111677866,0.002141609248630383,-3.0691012797580908
2018-09-12,1303034.442071416,1203034.442071416,-0.011882627015164404,-4.220894995495394
2018-09-13,1311954.4572684306,1211954.4572684306,0.006845571313398802,-3.5652323018535492
2018-09-14,1325256.6434602316,1225256.6434602316,0.01013921338359336,-2.587459614564791
2018-09-17,1305233.7556849907,1205233.7556849907,-0.015108686965689455,-4.059235193780908
2018-09-18,1297004.0474761478,1197004.0474761478,-0.006305160415134958,-4.664157106234857
2018-09-19,1299620.2826195518,1199620.2826195518,0.0020171372236617024,-4.471851628784684
2018-09-20,1290085.2973219492,1190085.2973219492,-0.007336747067677063,-5.172717491227807
2018-09-21,1281428.3339452692,1181428.3339452692,-0.006710380619522338,-5.809044649976647
2018-09-24,1293044.830642313,1193044.830642313,0.009065272235146304,-4.955177997640181
2018-09-25,1306075.024636302,1206075.024636302,0.01007714016188932,-3.9973980046605795
2018-09-26,1309297.4506319433,1209297.4506319433,0.0024672594872861,-3.7605346740834267
2018-09-27,1324631.0744677328,1224631.0744677328,0.011711337120826615,-2.6334418513235147
2018-09-28,1313449.143755413,1213449.143755413,-0.008441543406199403,-3.455365878247807
2018-10-01,1346187.5973122166,1246187.5973122166,0.02492555856650691,-1.048936946164103
2018-10-02,1332447.4356086901,1232447.4356086901,-0.010206721359608428,-2.0589028749916416
2018-10-03,1330271.7246182633,1230271.7246182633,-0.0016328681584597549,-2.218827773891685
2018-10-04,1303387.4640514164,1203387.4640514164,-0.020209600842686193,-4.194946234511299
2018-10-05,1270419.119564245,1170419.119564245,-0.0252943544390809,-6.618273221510773
2018-10-08,1250108.4434094185,1150108.4434094185,-0.015987382307181552,-8.111202588023247
2018-10-09,1264913.2361390833,1164913.2361390833,0.011842806764257752,-7.022981316473176
2018-10-10,1194767.8632868044,1094767.8632868044,-0.05545469115841084,-12.178993172397956
2018-10-11,1168356.004305213,1068356.004305213,-0.02210626833310736,-14.120387914612575
2018-10-12,1212884.4653392695,1112884.4653392695,0.03811206590283778,-10.847338479104152
2018-10-15,1178924.101793873,1078924.101793873,-0.027999668984050485,-13.343583490736332
2018-10-16,1220330.1803732933,1120330.1803732933,0.03512192050057861,-10.300043719232942
2018-10-17,1217623.5697846978,1117623.5697846978,-0.002217933008726858,-10.498992213149405
2018-10-18,1196721.1538095402,1096721.1538095402,-0.017166566493825086,-12.03541721458673
2018-10-19,1179812.2267746932,1079812.2267746932,-0.014129379246803242,-13.278302165048661
2018-10-22,1189689.1509785363,1089689.1509785363,0.008371606921589558,-12.55230219920157
2018-10-23,1187190.838331931,1087190.838331931,-0.0020999709416114065,-12.73593982349407
2018-10-24,1108501.9173923712,1008501.9173923712,-0.06628161067189675,-18.519942285762202
2018-10-25,1171257.524941684,1071257.524941684,0.05661298962561867,-13.907112623691253
2018-10-26,1143218.9146324992,1043218.9146324992,-0.02393889448913533,-15.968081170857717
2018-10-29,1101641.7958576074,1001641.7958576074,-0.03636846647893088,-19.024193193955618
2018-10-30,1133754.4433176443,1033754.4433176443,0.029149808568254,-16.6637639268995
2018-10-31,1171029.9299497006,1071029.9299497006,0.03287791889307101,-13.923841916434288
2018-11-01,1194874.3839067284,1094874.3839067284,0.02036195091790005,-12.171163410335318
2018-11-02,1181157.9292579032,1081157.9292579032,-0.011479411420619923,-13.179386760142474
2018-11-05,1163682.3853579413,1063682.3853579413,-0.014795264432539978,-14.463920691221443
2018-11-06,1168815.2345506335,1068815.2345506335,0.004410867825513476,-14.086632351077776
2018-11-07,1199924.4400297452,1099924.4400297452,0.026616016423735456,-11.799960746715655
2018-11-08,1187552.3492596117,1087552.3492596117,-0.0103107248734986,-12.709367085288036
2018-11-09,1183086.1766984935,1083086.1766984935,-0.0037608216293812946,-13.037651585596077
2018-11-12,1117987.505991443,1017987.5059914431,-0.055024453830332165,-17.82270731090171
2018-11-13,1143072.5148245492,1043072.5148245492,0.022437646841912073,-15.978842239119274
2018-11-14,1131497.217963908,1031497.2179639081,-0.010126476413806373,-16.82968051144553
2018-11-15,1150981.9836897242,1050981.9836897242,0.017220339048538147,-15.397459411077385
2018-11-16,1075545.5783443311,975545.5783443311,-0.06554090890594588,-20.942386817027547
2018-11-19,1017484.8424773325,917484.8424773325,-0.05398258989300664,-25.210121527403906
2018-11-20,1014655.8243684539,914655.8243684539,-0.0027804031969562715,-25.41806754460908
2018-11-21,1006384.9863622683,906384.9863622683,-0.008151372916361588,-26.026012688875866
2018-11-23,990368.4583703319,890368.4583703319,-0.015914911499058215,-27.203302150164866
2018-11-26,1035379.2856058056,935379.2856058056,0.04544856700054822,-23.89479655051797
2018-11-27,1040885.076087789,940885.076087789,0.005317655624877515,-23.490095287312386
2018-11-28,1080772.0672968712,980772.0672968712,0.038320264287964534,-20.558215518075208
2018-11-29,1066331.0512545167,966331.0512545167,-0.013361759134350226,-21.619697507525647
2018-11-30,1088564.504673012,988564.5046730121,0.020850422945424052,-19.985435049967272
2018-12-03,1114435.081645059,1014435.0816450589,0.023765773053401107,-18.08382705839817
2018-12-04,1067497.3934020996,967497.3934020996,-0.04211792056444674,-21.533965923296037
2018-12-06,1089248.319982683,989248.319982683,0.02037562500388268,-19.93517143740724
2018-12-07,1036779.0290773838,936779.0290773838,-0.04817018299934894,-23.791908881078825
2018-12-10,1061418.6403438435,961418.6403438435,0.023765537858521535,-21.980782606466455
2018-12-11,1057605.5105990376,957605.5105990376,-0.0035924842469042817,-22.261065415908533
2018-12-12,1058593.0466812148,958593.0466812148,0.0009337471035091305,-22.188476910910747
2018-12-13,1067228.7958757156,967228.7958757156,0.008157761116582618,-21.553709093432506
2018-12-14,1039649.1432738594,939649.1432738594,-0.025842305519151232,-23.58094210988424
2018-12-17,1009386.6065764665,909386.6065764665,-0.029108413057597593,-25.805379612422186
2018-12-18,1019704.320196206,919704.320196206,0.010221765924489645,-25.046979569964
2018-12-19,987566.1165892018,887566.1165892018,-0.031517179019914576,-27.409287332940757
2018-12-20,962043.202848063,862043.202848063,-0.0258442582348698,-29.28534045656148
2018-12-21,937889.1395675167,837889.1395675167,-0.025107046345777206,-31.060776691044445
2018-12-24,905532.6328412907,805532.6328412907,-0.03449928713445438,-33.43913075080637
2018-12-26,971899.3381685013,871899.3381685013,0.07329024147806984,-28.56086857054273
2018-12-27,963902.0764206289,863902.0764206289,-0.008228487698060172,-29.148704584670114
2018-12-28,981514.1374030379,881514.1374030379,0.018271628844093613,-27.854136011717976
2018-12-31,986910.0586807278,886910.0586807278,0.005497548198303948,-27.457510647134107
2019-01-02,979522.5724806859,879522.5724806859,-0.007485470570557706,-28.000525316299985
2019-01-03,927600.2712393833,827600.2712393833,-0.05300776388420225,-31.817056470120153
2019-01-04,969921.4245018282,869921.4245018282,0.04562434334554344,-28.70625444420312
2019-01-07,995326.1024871025,895326.1024871025,0.026192511417430175,-26.838892199741537
2019-01-08,993657.2234718013,893657.2234718013,-0.0016767158131703042,-26.961562586099287
2019-01-09,1000900.3025400209,900900.3025400209,0.00728931355514395,-26.429162514211612
2019-01-10,1010590.0380786464,910590.0380786464,0.009681019692006743,-25.716921787754266
2019-01-11,1016822.1243579362,916822.1243579362,0.006166779845899084,-25.258834398143637
2019-01-14,1006918.2561998874,906918.2561998874,-0.009740020324894627,-25.986814870212037
2019-01-15,1025721.9770040197,925721.9770040197,0.018674525651265483,-24.60465374597395
2019-01-16,1026999.9052447042,926999.9052447042,0.0012458817002412026,-24.51072006379271
2019-01-17,1040252.8023658507,940252.8023658507,0.01290447745269141,-23.536570352936014
2019-01-18,1022799.4554923268,922799.4554923268,-0.016777985922104444,-24.81947269911028
2019-01-22,997129.3507917669,897129.3507917669,-0.025097886553140047,-26.706345044313252
2019-01-23,994179.1053170954,894179.1053170954,-0.0029587389763713334,-26.92320183795136
2019-01-24,1014495.590820854,914495.590820854,0.02043543803636716,-25.429845457214697
2019-01-25,1022933.2850866424,922933.2850866424,0.008317132516033166,-24.809635600141277
2019-01-28,971248.4351661983,871248.4351661983,-0.05052612000602397,-28.60871297510522
2019-01-29,950402.5409477766,850402.5409477766,-0.021462988730431842,-30.140983363971564
2019-01-30,986049.1731935852,886049.1731935852,0.0375068780963701,-27.52078974307175
2019-01-31,998664.4706782843,898664.4706782843,0.012793781311981611,-26.59350657737948
2019-02-01,986407.7552288846,886407.7552288846,-0.012273106543056467,-27.494432292107472
2019-02-04,1006147.6199042804,906147.6199042804,0.02001187092331347,-26.04346022991556
2019-02-05,1020969.4333943194,920969.4333943194,0.014731251355987851,-24.95398785314333
2019-02-06,1024691.0222529159,924691.0222529159,0.003645152084743364,-24.68043372551454
2019-02-07,1007641.1593851371,907641.1593851371,-0.01663902825096719,-25.933678116606306
2019-02-08,1004189.0189796218,904189.0189796218,-0.003425962083190237,-26.187426527020175
2019-02-11,1005670.9385052619,905670.9385052619,0.0014757376326877125,-26.078498534580564
2019-02-12,1020641.4211451347,920641.4211451347,0.01488606468247311,-24.9780982823408
2019-02-13,1020785.098384415,920785.098384415,0.0001407715151509059,-24.967537335566504
2019-02-14,1023777.6847078343,923777.6847078343,0.0029316516553343774,-24.74756829219251
2019-02-15,1029519.1572853781,929519.1572853781,0.005608124364600009,-24.325543296436557
2019-02-19,1027736.3477866207,927736.3477866207,-0.0017316914271495731,-24.456588104364318
2019-02-20,1024263.127257864,924263.127257864,-0.0033794859316174097,-24.711886002091997
2019-02-21,1015192.3571520704,915192.3571520704,-0.008855898317923105,-25.378629884205672
2019-02-22,1027381.7917786622,927381.7917786622,0.012007019695052579,-24.48264962355352
2019-02-25,1030991.285118039,930991.285118039,0.0035132930798080775,-24.21733503907051
2019-02-26,1030621.1152716216,930621.1152716216,-0.0003590426531830948,-24.244544248163358
2019-02-27,1035204.606733243,935204.606733243,0.0044473098733410765,-23.90763626183876
2019-02-28,1036044.345359656,936044.345359656,0.0008111813074933583,-23.84591155873138
2019-03-01,1037176.8640575821,937176.8640575821,0.0010931179760775844,-23.762666155704427
2019-03-04,1039763.0501524406,939763.0501524406,0.0024934861010501574,-23.57256942338255
2019-03-05,1034266.3870304348,934266.3870304348,-0.00528645744931977,-23.976599783086684
2019-03-06,1026754.6001089774,926754.6001089774,-0.007262913129203685,-24.528751134648807
2019-03-07,1013493.9305827423,913493.9305827423,-0.012915130377626372,-25.5034721535071
2019-03-08,1019913.0244101817,919913.0244101817,0.006333628286997683,-25.03163883745544
2019-03-11,1058812.9178593736,958812.9178593736,0.0381404026796186,-22.172315354484915
2019-03-12,1056775.343928254,956775.343928254,-0.0019243946657159228,-22.322086535661768
2019-03-13,1072686.5277280982,972686.5277280982,0.01505635411657047,-21.15254036350638
2019-03-14,1068139.7404531823,968139.7404531823,-0.004238691507150616,-21.486750421027978
2019-03-15,1075696.4810757134,975696.4810757134,0.007074674161383632,-20.93129476290536
2019-03-18,1078214.047063765,978214.0470637651,0.0023404055254825362,-20.746241928275722
2019-03-19,1087551.537536004,987551.5375360041,0.008660145448547318,-20.059892856030615
2019-03-20,1096275.386090497,996275.386090497,0.0080215495573277,-19.418649324957183
2019-03-21,1130442.3442067448,1030442.3442067448,0.0311664008421213,-16.907218649419242
2019-03-22,1100401.922900485,1000401.9229004851,-0.026574041091268263,-19.115329635417353
2019-03-25,1091399.4224586787,991399.4224586787,-0.00818110206321454,-19.77705537901947
2019-03-26,1099781.845910564,999781.8459105641,0.007680436034134708,-19.160908184388102
2019-03-27,1102818.2542344467,1002818.2542344467,0.002760918754181274,-18.93771801972339
2019-03-28,1109237.4180657857,1009237.4180657857,0.005820690586768595,-18.465879558058816
2019-03-29,1112228.9863422643,1012228.9863422643,0.0026969593954873083,-18.245985345880122
2019-04-01,1129170.0771557828,1029170.0771557828,0.015231657348934835,-17.000736207768774
2019-04-02,1131523.0503894289,1031523.0503894289,0.0020838076400082617,-16.827781707763457
2019-04-03,1147725.829089157,1047725.829089157,0.01431944200708224,-15.636801951327396
2019-04-04,1133815.9145659157,1033815.9145659157,-0.012119544729842224,-16.659245503630828
2019-04-05,1150272.96408748,1050272.96408748,0.01451474556860921,-15.449575656620096
2019-04-08,1149862.1002411211,1049862.1002411211,-0.0003571881276760447,-15.47977606438553
2019-04-09,1140163.3154076275,1040163.3154076275,-0.008434737375429546,-16.19268195619492
2019-04-10,1152661.6346769158,1052661.6346769158,0.010961867567910621,-15.273997234576964
2019-04-11,1149538.7729765016,1049538.7729765016,-0.002709261422836784,-15.503542125380498
2019-04-12,1143013.0367423596,1043013.0367423596,-0.005676830036141278,-15.98321415539068
2019-04-15,1134472.836221221,1034472.8362212209,-0.007471656268662308,-16.610958700019406
2019-04-16,1149016.2920406854,1049016.2920406854,0.01281957165929759,-15.54194690947418
2019-04-17,1148032.116828004,1048032.1168280039,-0.0008565372131787985,-15.614288374898845
2019-04-18,1153857.6360369648,1053857.6360369648,0.005074352122706127,-15.18608555998795
2019-04-22,1153336.278629723,1053336.278629723,-0.00045183858992559056,-15.224407759494596
2019-04-23,1173322.7144572453,1073322.7144572453,0.017329235365133977,-13.755311568340245
2019-04-24,1171279.3181955423,1071279.3181955423,-0.0017415466661686585,-13.905510717953163
2019-04-25,1161183.6501661402,1061183.6501661402,-0.008619351398567732,-14.647589374555336
2019-04-26,1139589.9979860727,1039589.9979860727,-0.01859624201303378,-16.23482345894194
2019-04-29,1144773.8736158493,1044773.8736158493,0.004548895338619907,-15.85378443783566
2019-04-30,1140365.5457338067,1040365.5457338067,-0.0038508285204995607,-16.177817084614542
2019-05-01,1137336.4997996648,1037336.4997996648,-0.0026562061134464132,-16.40046607931681
2019-05-02,1148527.5006145523,1048527.5006145523,0.00983965679186305,-15.577875357577586
2019-05-03,1166251.0719779688,1066251.0719779688,0.015431560283870382,-14.27511025186562
2019-05-06,1157389.588494714,1057389.588494714,-0.00759826395548413,-14.926470591726716
2019-05-07,1128144.7540631895,1028144.7540631895,-0.025267925962216276,-17.076102234159396
2019-05-08,1126799.8448043505,1026799.8448043505,-0.0011921424568922534,-17.17495933337705
2019-05-09,1114816.124559048,1014816.1245590481,-0.010635180951221401,-18.05581862815885
2019-05-10,1103658.7621493428,1003658.7621493428,-0.010008253526220257,-18.875936770326806
2019-05-13,1054973.173282787,954973.173282787,-0.04411290023353054,-22.454554478116005
2019-05-14,1073030.0103002174,973030.0103002174,0.017115920551081354,-21.127292793465223
2019-05-15,1074592.5221244246,974592.5221244246,0.0014561678696851654,-21.01244089143599
2019-05-16,1080556.0505746836,980556.0505746836,0.005549571886531712,-20.574093754021327
2019-05-17,1057329.8659568494,957329.8659568494,-0.021494659722169462,-22.28132658190358
2019-05-20,1036179.0173484159,936179.0173484159,-0.02000402077859842,-23.836012539844287
2019-05-21,1041680.6225833199,941680.6225833199,0.005309512297385188,-23.431618911806684
2019-05-22,1025972.5985271247,925972.5985271247,-0.015079501063617773,-24.586231895865584
2019-05-23,1012774.3933904001,912774.3933904001,-0.012864091259037314,-25.556361490945058
2019-05-24,1004218.8732221894,904218.8732221894,-0.008447607111757627,-26.185232101039258
2019-05-28,1002403.1853190816,902403.1853190816,-0.0018080599274955533,-26.318693624934753
2019-05-29,994750.3654468445,894750.3654468445,-0.007634472819239013,-26.881211555741213
2019-05-30,991798.399306127,891798.399306127,-0.002967544665732791,-27.098194826353815
2019-05-31,973122.6168406354,873122.6168406354,-0.018830220414307375,-28.47095188637446
2019-06-03,944775.7966619285,844775.7966619285,-0.029129751675835425,-30.554575295533258
2019-06-04,983438.1173101456,883438.1173101456,0.04092221750897762,-27.71271452077374
2019-06-05,987961.1957366413,887961.1957366413,0.004599250676663891,-27.38024717411922
2019-06-06,1004006.1660409297,904006.1660409297,0.01624048634048325,-26.200867070301236
2019-06-07,1014343.5796567912,914343.5796567912,0.010296165467414076,-25.441018986305362
2019-06-10,1035048.7571741531,935048.7571741531,0.020412390764446453,-23.919091930854876
2019-06-11,1044603.407603821,944603.407603821,0.009231111446144524,-23.216780589544726
2019-06-12,1029596.9904539144,929596.9904539144,-0.014365659771615413,-24.31982219576463
2019-06-13,1041452.0605825216,941452.0605825216,0.011514282033187273,-23.448419284204903
2019-06-14,1038751.5673469951,938751.5673469951,-0.00259300772232951,-23.64691812415749
2019-06-17,1051258.1219266534,951258.1219266534,0.012039986241946687,-22.727628068842122
2019-06-18,1075040.4132620713,975040.4132620713,0.022622694502309137,-20.979518805174735
2019-06-19,1074116.3099245238,974116.3099245238,-0.0008595986961489333,-21.047444707778872
2019-06-20,1063839.0048006934,963839.0048006934,-0.00956814921146909,-21.802874537441607
2019-06-21,1060723.000267229,960723.000267229,-0.002929018882935286,-22.0319153945127
2019-06-24,1063593.2390715359,963593.2390715359,0.0027059268099058897,-21.820939464061706
2019-06-25,1044619.9902363983,944619.9902363983,-0.017838820460818527,-23.21556168875778
2019-06-26,1062379.3332732404,962379.3332732404,0.01700076889474711,-21.910167198315378
2019-06-27,1071854.8406525848,971854.8406525848,0.008919137527035659,-21.213673240093932
2019-06-28,1069586.5175082262,969586.5175082262,-0.0021162596448018878,-21.3804055639781
2019-07-01,1084358.7027553767,984358.7027553767,0.013811117665885275,-20.294581094378028
2019-07-02,1080935.9566165197,980935.9566165197,-0.0031564703913563585,-20.54616888918428
2019-07-03,1088479.2194153517,988479.2194153517,0.0069784548776077315,-19.991703913924397
2019-07-05,1084550.6398403984,984550.6398403984,-0.00360923709417571,-20.28047282400005
2019-07-08,1073118.7275940792,973118.7275940792,-0.010540690149794751,-21.1207716588504
2019-07-09,1081900.4699752827,981900.4699752827,0.008183383772354835,-20.475272661667564
2019-07-10,1096775.6503917263,996775.6503917263,0.013749120948975513,-19.381877567058538
2019-07-11,1104662.3107976178,1004662.3107976178,0.007190769053885049,-18.80217126708542
2019-07-12,1111375.6223075844,1011375.6223075844,0.006077252246543319,-18.308711580003877
2019-07-15,1118647.608587942,1018647.6085879421,0.006543229970492392,-17.77418669328601
2019-07-16,1114495.6250468926,1014495.6250468926,-0.0037116099021483606,-18.079376836167405
2019-07-17,1117227.0682640297,1017227.0682640297,0.0024508335032917827,-17.878603028306937
2019-07-18,1118998.793671782,1018998.7936717819,0.0015858239189505685,-17.748372952731582
2019-07-19,1114837.0814608901,1014837.0814608901,-0.0037191391397625173,-18.05427819819223
2019-07-22,1129776.137571219,1029776.1375712189,0.013400214577319769,-16.95618794235466
2019-07-23,1148134.2301670774,1048134.2301670774,0.016249318767985743,-15.606782568521282
2019-07-24,1159259.8579861645,1059259.8579861645,0.009690180404662296,-14.788997066680354
2019-07-25,1121376.0895564042,1021376.0895564042,-0.0326792721828314,-17.57363062451036
2019-07-26,1125353.3347419356,1025353.3347419356,0.0035467540485054627,-17.28128456522423
2019-07-29,1124957.3819991136,1024957.3819991136,-0.0003518474870053412,-17.310388937378264
2019-07-30,1127523.1389738468,1027523.1389738468,0.0022807592676743482,-17.121793840606802
2019-07-31,1105952.762019351,1005952.7620193509,-0.019130762118218736,-18.707317087426834
2019-08-01,1095804.9139918631,995804.9139918631,-0.009175661362750165,-19.45323121710203
2019-08-02,1080118.3956599555,980118.3956599555,-0.014315064781708187,-20.606263430186488
2019-08-05,1033475.658347949,933475.658347949,-0.043182985772136195,-24.034722026877475
2019-08-06,1049281.7606925974,949281.7606925974,0.015294121556684859,-22.872899831469194
2019-08-07,1062376.5826794847,962376.5826794847,0.01247979568256663,-21.910369379777073
2019-08-08,1082539.2750113849,982539.2750113849,0.018978856142561673,-20.428317514010097
2019-08-09,1063189.9257523273,963189.9257523273,-0.01787403903553897,-21.85058487288819
2019-08-12,1048663.084846241,948663.0848462409,-0.013663448603321693,-22.918375389857136
2019-08-13,1077148.360019911,977148.3600199111,0.027163419391125876,-20.824574893222504
2019-08-14,1042124.934571513,942124.934571513,-0.03251495035256857,-23.39895990971289
2019-08-15,1038331.109422564,938331.109422564,-0.0036404705646053692,-23.677823741379733
2019-08-16,1068869.6028811233,968869.6028811233,0.02941113213447144,-21.433102130647043
2019-08-19,1105514.4688625839,1005514.4688625839,0.03428375723538668,-18.739533677356736
2019-08-20,1097136.0780848586,997136.0780848586,-0.0075787255741169846,-19.355384451640823
2019-08-21,1103840.0531531097,1003840.0531531097,0.006110431697728291,-18.862611036543008
2019-08-22,1102566.5423794242,1002566.5423794242,-0.0011537095162000854,-18.95622001430978
2019-08-23,1058172.1491088353,958172.1491088353,-0.040264593168936935,-22.219414844306428
2019-08-26,1072289.175221992,972289.175221992,0.013340954139688499,-21.181747624786173
2019-08-27,1060997.4216957183,960997.4216957183,-0.01053051153289497,-22.011744140425993
2019-08-28,1064972.785443093,964972.7854430929,0.003746817537992664,-21.719536375613867
2019-08-29,1089135.6139184926,989135.6139184926,0.022688681631753083,-19.94345585845414
2019-08-30,1090724.7996638678,990724.7996638678,0.001459125681932072,-19.826643298890488
2019-09-03,1084456.289324761,984456.2893247609,-0.005747105356950444,-20.28740802667214
2019-09-04,1090786.8276600072,990786.8276600072,0.005837522819096774,-19.822083952058488
2019-09-05,1127126.2103666067,1027126.2103666067,0.033314834562639506,-17.15096994334412
2019-09-06,1117327.7914718154,1017327.7914718154,-0.008693275699448333,-17.8711994030585
2019-09-09,1120759.5039582616,1020759.5039582616,0.003071356957769389,-17.618952539911824
2019-09-10,1127539.4766927513,1027539.4766927513,0.00604944478324243,-17.120592942116353
2019-09-11,1145162.5505897463,1045162.5505897463,0.015629673515898723,-15.825214868610349
2019-09-12,1150657.4905088923,1050657.4905088923,0.00479839295855089,-15.421311172348362
2019-09-13,1146420.4622963525,1046420.4622963525,-0.0036822670929348433,-15.732752494981995
2019-09-16,1136332.4843968106,1036332.4843968106,-0.008799544522552383,-16.474265891195337
2019-09-17,1144247.0089255087,1044247.0089255087,0.006964972521136037,-15.892511448319802
2019-09-18,1144837.8367787702,1044837.8367787702,0.00051634642577425,-15.849082847225294
2019-09-19,1142511.500495051,1042511.500495051,-0.0020320225354053534,-16.020079407254762
2019-09-20,1123933.8340945097,1023933.8340945097,-0.016260375840848496,-17.38562447917741
2019-09-23,1127245.8894864426,1027245.8894864426,0.002946841968327396,-17.142172970205493
2019-09-24,1100570.3373195198,1000570.3373195198,-0.023664359671407342,-19.102950390629815
2019-09-25,1125670.038868344,1025670.0388683439,0.022806085806342358,-17.258005335758586
2019-09-26,1127491.5396781045,1027491.5396781045,0.001618148077914272,-17.12411653612984
2019-09-27,1110587.1793254807,1010587.1793254807,-0.014992893301398857,-18.36666581416282
2019-09-30,1120917.5393869206,1020917.5393869206,0.009301710170753097,-17.607336199293922
2019-10-01,1120400.5370133198,1020400.5370133198,-0.00046123140680232044,-17.64533828352891
2019-10-02,1110038.1447564329,1010038.1447564329,-0.009248828356071881,-18.40702241406692
2019-10-03,1127930.372539112,1027930.3725391121,0.0161185702195894,-17.091860275422675
2019-10-04,1136585.477709162,1036585.477709162,0.00767343923062036,-16.455669703522336
2019-10-07,1142025.0902856092,1042025.0902856092,0.004785924757204407,-16.055832824832372
2019-10-08,1122971.0628176737,1022971.0628176737,-0.01668442106046053,-17.456392655552555
2019-10-09,1140716.5235394072,1040716.5235394072,0.015802242203114325,-16.152018579976847
2019-10-10,1146359.270125861,1046359.270125861,0.004946668580679159,-15.73725040473305
2019-10-11,1153461.6136336846,1053461.6136336846,0.006195565118990887,-15.215195052510355
2019-10-14,1160501.0602680636,1060501.0602680636,0.006102887648079536,-14.69776291365148
2019-10-15,1188070.5138629677,1088070.5138629677,0.0237565087519489,-12.671279571748828
2019-10-16,1183161.7366678321,1083161.7366678321,-0.004131722097179935,-13.032097575660684
2019-10-17,1180620.5244213252,1080620.5244213252,-0.002147814764246747,-13.218888520503247
2019-10-18,1163376.0994271056,1063376.0994271056,-0.014606238530938453,-14.486434134752745
2019-10-21,1177190.02965265,1077190.02965265,0.011874002080966672,-13.471045875717913
2019-10-22,1171980.3440218787,1071980.3440218787,-0.004425526465177909,-13.853982052199088
2019-10-23,1172872.6009813342,1072872.6009813342,0.0007613241672583815,-13.788397006822361
2019-10-24,1209497.3237447683,1109497.3237447683,0.031226514058551924,-11.096309173945595
2019-10-25,1242226.3132709677,1142226.3132709677,0.027059993340759148,-8.69057589222365
2019-10-28,1253708.9843242308,1153708.9843242308,0.009243622462824508,-7.846546048473446
2019-10-29,1232845.554205658,1132845.554205658,-0.016641366042230765,-9.38010540773666
2019-10-30,1243792.0788502393,1143792.0788502393,0.008879072165397295,-8.575484824031253
2019-10-31,1242564.1543943635,1142564.1543943635,-0.0009872425437946752,-8.66574299495877
2019-11-01,1252218.8803663119,1152218.8803663119,0.007770002005774934,-7.956075634833626
2019-11-04,1273968.937789797,1173968.937789797,0.017369213772853165,-6.3573450360427275
2019-11-05,1271825.3773295672,1171825.3773295672,-0.0016825845565345832,-6.514906721117986
2019-11-06,1275225.2030284363,1175225.2030284363,0.002673185925891497,-6.265003685484216
2019-11-07,1283622.8184904098,1183622.8184904098,0.006585201925142892,-5.647739807300612
2019-11-08,1290369.548339905,1190369.548339905,0.005256006478156605,-5.151823716499071
2019-11-11,1296060.3294352428,1196060.3294352428,0.004410194817956681,-4.733524780960929
2019-11-12,1304163.2313790778,1204163.2313790778,0.006251948122944162,-4.137923720035753
2019-11-13,1300636.508788171,1200636.508788171,-0.0027042033589441683,-4.3971542687074034
2019-11-14,1305726.5224557745,1205726.5224557745,0.003913479002942921,-4.023014539316394
2019-11-15,1296908.2808607428,1196908.2808607428,-0.0067535134221266,-4.67119639884036
2019-11-18,1313067.827815323,1213067.827815323,0.012460053801071513,-3.4833943771781284
2019-11-19,1312260.7757287368,1212260.7757287368,-0.0006146309196600752,-3.5427164672545475
2019-11-20,1316674.338845188,1216674.338845188,0.003363327776066738,-3.218299006344927
2019-11-21,1312407.090313178,1212407.090313178,-0.003240929367357981,-3.5319616633181172
2019-11-22,1301475.1345242239,1201475.1345242239,-0.008329698818028697,-4.335511368228728
2019-11-25,1335413.4714546052,1235413.4714546052,0.02607682316019666,-1.840885415467386
2019-11-26,1322618.0197126532,1222618.0197126532,-0.009581640454783269,-2.781410758776248
2019-11-27,1331559.59889221,1231559.59889221,0.006760515164839109,-2.124163011906688
2019-11-29,1324986.7279137224,1224986.7279137224,-0.00493621989128834,-2.6072996653238145
2019-12-02,1306443.6536691932,1206443.6536691932,-0.013994913197150627,-3.970302052543717
2019-12-03,1298888.9044366006,1198888.9044366006,-0.005782682790317573,-4.525611334223867
2019-12-04,1293579.4137831165,1193579.4137831165,-0.004087717306190397,-4.915883645070906
2019-12-05,1285176.3138500575,1185176.3138500575,-0.0064960062316420375,-5.5335506574426985
2019-12-06,1310859.4920023489,1210859.4920023489,0.01998416705592021,-3.6457173526014075
2019-12-09,1307404.9056923224,1207404.9056923224,-0.002635359724747932,-3.8996455483973347
2019-12-10,1316055.7580627084,1216055.7580627084,0.006616811924692101,-3.263767577094834
2019-12-11,1325737.1136636692,1225737.1136636692,0.0073563415088218065,-2.552142815115166
2019-12-12,1345628.0070028934,1245628.0070028934,0.015003648260442537,-1.090069442179309
2019-12-13,1349774.3583607706,1249774.3583607706,0.0030813503704580913,-0.7852932910129784
2019-12-16,1368457.244474052,1268457.244474052,0.013841488392156709,0.0
2019-12-17,1377048.1224996694,1277048.1224996694,0.006277783292322869,0.0
2019-12-18,1382020.2431758419,1282020.2431758419,0.0036107094551982577,0.0
2019-12-19,1403630.6681045624,1303630.6681045624,0.01563683675071248,0.0
2019-12-20,1417779.0292295055,1317779.0292295055,0.01007983185779815,0.0
2019-12-23,1428783.065879359,1328783.065879359,0.007761461005551418,0.0
2019-12-24,1431474.8944481334,1331474.8944481334,0.0018840008907285988,0.0
2019-12-26,1452316.6045474694,1352316.6045474694,0.014559605746610638,0.0
2019-12-27,1439319.446169822,1339319.446169822,-0.008949259642801688,-0.8949259642801688
2019-12-30,1415074.1925479851,1315074.1925479851,-0.0168449427167513,-2.564345259351264
2019-12-31,1417408.5641557348,1317408.5641557348,0.001649646089260104,-2.403610912553855
2020-01-02,1449511.503710872,1349511.503710872,0.022649037382004966,-0.1931466477635868
2020-01-03,1441895.6655351883,1341895.6655351883,-0.005254072255505782,-0.7175390668709092
2020-01-06,1452999.6606489134,1352999.6606489134,0.007700969896184295,0.0
2020-01-07,1471305.8639766253,1371305.8639766253,0.012598904062741667,0.0
2020-01-08,1493620.429153056,1393620.429153056,0.015166503255902963,0.0
2020-01-09,1506512.6953994744,1406512.6953994744,0.008631554573559796,0.0
2020-01-10,1501061.9362632646,1401061.9362632646,-0.003618130237372119,-0.3618130237372119
2020-01-13,1553400.8360177844,1453400.8360177844,0.034867914834221914,0.0
2020-01-14,1546575.1764296996,1446575.1764296996,-0.00439401050251953,-0.439401050251953
2020-01-15,1529414.9863711058,1429414.9863711058,-0.011095606809239267,-1.5440863098907243
2020-01-16,1541354.473978754,1441354.473978754,0.007806571606818968,-0.775483169554092
2020-01-17,1544292.7191238524,1444292.7191238524,0.0019062747698224136,-0.5863339765723952
2020-01-21,1566286.1274232105,1466286.1274232105,0.01424173540870921,0.0
2020-01-22,1589375.9462617205,1489375.9462617205,0.014741762973088601,0.0
2020-01-23,1602084.361621419,1502084.361621419,0.007995852327820296,0.0
2020-01-24,1586466.6711786787,1486466.6711786787,-0.009748357088345871,-0.9748357088345871
2020-01-27,1551861.2571357023,1451861.2571357023,-0.021812884362245155,-3.1348601664700992
2020-01-28,1586452.930035315,1486452.930035315,0.022290441713493925,-0.9756934129413697
2020-01-29,1601209.4003330183,1501209.4003330183,0.009301549398868625,-0.05461393353313193
2020-01-30,1649319.1765305146,1549319.1765305146,0.03004589917314404,0.0
2020-01-31,1642114.2314372198,1542114.2314372198,-0.00436843589513769,-0.436843589513769
2020-02-03,1741138.6964695677,1641138.6964695677,0.060303030773735555,0.0
2020-02-04,1844874.6947333557,1744874.6947333557,0.059579399661916055,0.0
2020-02-05,1757541.473039074,1657541.473039074,-0.047338294543036175,-4.733829454303617
2020-02-06,1782838.0626997058,1682838.0626997058,0.01439316798418977,-3.3626474584289356
2020-02-07,1779745.6713127093,1679745.6713127093,-0.001734532962749169,-3.5302681318451046
2020-02-10,1833380.2396276302,1733380.2396276302,0.030136085834871595,-0.6230480117993431
2020-02-11,1837016.4556062901,1737016.4556062901,0.001983339789567218,-0.42594974875522773
2020-02-12,1843811.4794970294,1743811.4794970294,0.00369894557558359,-0.05763075613544055
2020-02-13,1859391.4037423683,1759391.4037423683,0.00844984664570414,0.0
2020-02-14,1893925.4585327264,1793925.4585327264,0.018572773177746082,0.0
2020-02-18,1946116.2765746408,1846116.2765746408,0.027556954687302238,0.0
2020-02-19,2021650.9527620631,1921650.9527620631,0.03881303347422338,0.0
2020-02-20,1993566.530584571,1893566.530584571,-0.01389182546033585,-1.389182546033585
2020-02-21,1941355.4613297405,1841355.4613297405,-0.02618978020237961,-3.9717781807299457
2020-02-24,1832303.6138981993,1732303.6138981993,-0.05617304486672714,-9.365975793455828
2020-02-25,1771656.3797674037,1671656.3797674037,-0.03309890002441762,-12.36586229947887
2020-02-26,1779129.321762967,1679129.321762967,0.004218053839844638,-11.99621678844971
2020-02-27,1648246.8546713674,1548246.8546713674,-0.07356546007678966,-18.47025558890547
2020-02-28,1688660.2825565743,1588660.2825565743,0.02451903837745517,-16.471224656785743
2020-03-02,1783817.8730780724,1683817.8730780724,0.056350937784497956,-11.764299834204973
2020-03-03,1739960.6642367253,1639960.6642367253,-0.024586147220102217,-13.933675748550012
2020-03-04,1810700.6677634418,1710700.6677634418,0.040656093543211425,-10.434555218862695
2020-03-05,1754492.6665066255,1654492.6665066255,-0.031042127645672046,-13.214857188400153
2020-03-06,1713917.6969005987,1613917.6969005987,-0.023126326134389474,-15.221878704680769
2020-03-09,1581148.5958209576,1481148.5958209576,-0.07746527229384303,-21.789238955383126
2020-03-10,1695576.0958471955,1595576.0958471955,0.07236985842360077,-16.12913725138213
2020-03-11,1631021.8734611443,1531021.8734611443,-0.038072147009006185,-19.322281067719693
2020-03-12,1463799.5746887166,1363799.5746887166,-0.10252609207353558,-27.593852307253485
2020-03-13,1584562.5902937518,1484562.5902937518,0.0824996930544375,-21.620367347347624
2020-03-16,1354333.827212558,1254333.827212558,-0.1452948368789353,-33.00852328824563
2020-03-17,1450849.687094574,1350849.687094574,0.07126445337384935,-28.234412319675496
2020-03-18,1390029.3339033308,1290029.3339033308,-0.04192050612289144,-31.242862077441448
2020-03-19,1466858.345391693,1366858.345391693,0.055271503711809666,-27.44255167354135
2020-03-20,1408872.3974692605,1308872.3974692605,-0.03953070731376496,-30.3107989267682
2020-03-23,1441895.6801068943,1341895.6801068943,0.023439512830937037,-28.677318004034436
2020-03-24,1617063.0826095555,1517063.0826095555,0.12148410243497998,-20.01274599849905
2020-03-25,1603942.9929641401,1503942.9929641401,-0.008113529884216097,-20.661724974196616
2020-03-26,1629362.6652396605,1529362.6652396605,0.015848239237320927,-19.40435301091131
2020-03-27,1581240.3257133116,1481240.3257133116,-0.02953445574332636,-21.784701580015298
2020-03-30,1640985.5874172086,1540985.5874172086,0.037783795879949844,-18.829430709825246
2020-03-31,1650625.05856625,1550625.05856625,0.005874196106873342,-18.352618867708216
2020-04-01,1554926.240053673,1454926.240053673,-0.057977320782771735,-23.086315274688317
2020-04-02,1567994.8246952929,1467994.8246952929,0.008404633162000463,-22.439883969434316
2020-04-03,1549539.1933064105,1449539.1933064105,-0.011770211928134988,-23.352782972284814
2020-04-06,1671318.606047438,1571318.606047438,0.07859072766089525,-17.3290224128941
2020-04-07,1652428.4487633617,1552428.4487633617,-0.011302547112037709,-18.26341503187058
2020-04-08,1689534.2004702254,1589534.2004702254,0.022455284968394773,-16.427996724067828
2020-04-09,1693323.9847021888,1593323.9847021888,0.0022430941207989274,-16.240536854856202
2020-04-13,1774802.883459497,1674802.883459497,0.048117725546560575,-12.21022199531091
2020-04-14,1876865.5909716673,1776865.5909716673,0.0575065030958406,-7.161738854701105
2020-04-15,1905272.8524779414,1805272.8524779414,0.015135479942155916,-5.756587215271813
2020-04-16,1971022.8981898273,1871022.8981898273,0.03450951690534687,-2.5042925685596518
2020-04-17,1956688.1706524137,1856688.1706524137,-0.0072727351623254055,-3.2133530281720724
2020-04-20,1939926.4653953817,1839926.4653953817,-0.008566365100190265,-4.04246278295598
2020-04-21,1850604.0029114468,1750604.0029114468,-0.04604425171638127,-8.46075578066159
2020-04-22,1929252.4660123086,1829252.4660123086,0.04249880740403067,-4.5704470706734
2020-04-23,1895700.618184367,1795700.618184367,-0.01739111309640673,-6.230073218406851
2020-04-24,1936591.316304134,1836591.316304134,0.021570229880987446,-4.207434341804516
2020-04-27,1992940.244723281,1892940.244723281,0.02909696431288622,-1.4201614774081772
2020-04-28,1933631.5264684078,1833631.5264684078,-0.029759406189877047,-4.35383893413448
2020-04-29,1988872.384545948,1888872.384545948,0.028568451290423624,-1.6213762406082965
2020-04-30,1981190.588976417,1881190.588976417,-0.0038623873654339835,-2.001352594045358
2020-05-01,1892071.431425382,1792071.431425382,-0.04498262713688672,-6.40958921022664
2020-05-04,1966235.0177093202,1866235.0177093202,0.03919703297251709,-2.7411227925884685
2020-05-05,1974871.436397761,1874871.436397761,0.004392363380091968,-2.3139264619537747
2020-05-06,2015216.121004281,1915216.121004281,0.020429018245415653,-0.3182958833220173
2020-05-07,2019092.6899744403,1919092.6899744403,0.0019236492452370246,-0.1265432484340412
2020-05-08,2059238.6004988053,1959238.6004988053,0.019883143910977674,0.0
2020-05-11,2097464.713051357,1997464.7130513568,0.018563226497061658,0.0
2020-05-12,2057918.7115853326,1957918.7115853326,-0.01885419154846868,-1.885419154846868
2020-05-13,2045425.5163550545,1945425.5163550545,-0.0060707914068451885,-2.4810523091278402
2020-05-14,2083456.573602961,1983456.573602961,0.018593225196328778,-0.6678605538024573
2020-05-15,2124491.344346585,2024491.3443465852,0.01969552486167836,0.0
2020-05-18,2169127.8500235076,2069127.8500235076,0.021010443650760546,0.0
2020-05-19,2137699.3301395955,2037699.3301395955,-0.014489012200719964,-1.4489012200719964
2020-05-20,2172084.6966612805,2072084.6966612805,0.01608522117066835,0.0
2020-05-21,2157722.3663619617,2057722.3663619617,-0.006612233087132879,-0.6612233087132879
2020-05-22,2183615.757731489,2083615.757731489,0.012000335063117928,0.0
2020-05-26,2124017.367164946,2024017.3671649462,-0.027293442243913058,-2.7293442243913058
2020-05-27,2107495.6480160817,2007495.6480160817,-0.007778523567779083,-3.4859663127951968
2020-05-28,2089560.7927587263,1989560.7927587263,-0.008510031930190953,-4.3073038211848385
2020-05-29,2151113.0077250036,2051113.0077250036,0.02945701086064778,-1.4884830305608165
2020-06-01,2170085.07910066,2070085.07910066,0.008819653503802316,-0.6196455847564342
2020-06-02,2147767.010460771,2047767.0104607712,-0.010284421037141112,-1.6417149923831031
2020-06-03,2146070.1933532786,2046070.1933532786,-0.0007900377923807378,-1.719421754732875
2020-06-04,2127276.0521747135,2027276.0521747135,-0.008757468062681961,-2.5801107798977263
2020-06-05,2157909.473404918,2057909.4734049179,0.014400303711823437,-1.1772347875560696
2020-06-08,2191225.5109424675,2091225.5109424675,0.01543903391136281,0.0
2020-06-09,2230335.310747577,2130335.310747577,0.017848368234946177,0.0
2020-06-10,2325748.2003225256,2225748.2003225256,0.042779616641126283,0.0
2020-06-11,2232305.795964822,2132305.795964822,-0.04017735210748319,-4.017735210748318
2020-06-12,2229674.755209225,2129674.755209225,-0.0011786202232475507,-4.13086184910203
2020-06-15,2295183.5795947523,2195183.5795947523,0.029380439560737548,-1.3141844299195737
2020-06-16,2292603.352528256,2192603.352528256,-0.001124192020819481,-1.425126236351526
2020-06-17,2315369.8062171554,2215369.8062171554,0.009930393612917365,-0.4462389395348487
2020-06-18,2332251.712559999,2232251.712559999,0.007291235420584963,0.0
2020-06-19,2332882.6292250114,2232882.6292250114,0.00027051825564750054,0.0
2020-06-22,2362288.6372088296,2262288.6372088296,0.012605009620045404,0.0
2020-06-23,2370341.0526793846,2270341.0526793846,0.0034087347937588053,0.0
2020-06-24,2324064.6776775722,2224064.6776775722,-0.019523087173258236,-1.9523087173258236
2020-06-25,2380810.5151592963,2280810.5151592963,0.024416634367693257,0.0
2020-06-26,2318140.224073733,2218140.224073733,-0.026323090681313666,-2.6323090681313666
2020-06-29,2363328.252564127,2263328.252564127,0.01949322479335769,-0.7342987811862711
2020-06-30,2444071.4405656094,2344071.4405656094,0.03416503311119756,0.0
2020-07-01,2489288.556857713,2389288.556857713,0.018500734283626086,0.0
2020-07-02,2550336.673047401,2450336.673047401,0.024524322831721124,0.0
2020-07-06,2702208.756518198,2602208.756518198,0.05954981751069166,0.0
2020-07-07,2712140.4696751754,2612140.4696751754,0.003675405585530811,0.0
2020-07-08,2739137.9159326255,2639137.9159326255,0.00995429497819611,0.0
2020-07-09,2800475.8042822005,2700475.8042822005,0.02239313617353611,0.0
2020-07-10,2907096.9690178926,2807096.9690178926,0.038072517738827694,0.0
2020-07-13,2813357.202860612,2713357.202860612,-0.03224514598456918,-3.224514598456918
2020-07-14,2867216.6358496137,2767216.6358496137,0.01914418579135191,-1.3718267258815198
2020-07-15,2849362.6945188483,2749362.6945188483,-0.00622692443519357,-1.9859769080406209
2020-07-16,2803803.1855522217,2703803.1855522217,-0.015989368097738765,-3.553159201998235
2020-07-17,2808818.8158946238,2708818.8158946238,0.001788866767912678,-3.380628653624518
2020-07-20,2968226.1870290563,2868226.1870290563,0.056752457735035566,0.0
2020-07-21,2869328.148285659,2769328.148285659,-0.033318902439300246,-3.3318902439300246
2020-07-22,2887640.2308508297,2787640.2308508297,0.006382010567913543,-2.7149533458865616
2020-07-23,2765613.2455226923,2665613.2455226923,-0.042258375549845684,-6.826061382780346
2020-07-24,2715365.1786975125,2615365.1786975125,-0.01816886974580678,-8.518926537220405
2020-07-27,2819272.4801536486,2719272.4801536486,0.038266418922694445,-5.018273456595901
2020-07-28,2746632.2405623742,2646632.2405623742,-0.02576559736691908,-7.465534379928062
2020-07-29,2791251.3082100297,2691251.3082100297,0.01624500979371013,-5.962311079674265
2020-07-30,2816116.4906378863,2716116.4906378863,0.008908256434925654,-5.124599232224247
2020-07-31,2820583.0791297406,2720583.0791297406,0.0015860808694183604,-4.974119174088076
2020-08-03,2903267.394491134,2803267.394491134,0.029314617950166877,-2.1884717822983846
2020-08-04,2916873.64692768,2816873.64692768,0.004686530928003085,-1.7300750301908696
2020-08-05,2906316.0514444453,2806316.0514444453,-0.003619490166930861,-2.0857620573241364
2020-08-06,2938572.7690267013,2838572.7690267013,0.011098833372311434,-0.9990282456215249
2020-08-07,2902626.080078986,2802626.080078986,-0.0122327033472176,-2.210077764179097
2020-08-10,2870726.277518753,2770726.277518753,-0.010989979997480415,-3.284787053505933
2020-08-11,2779983.919603817,2679983.919603817,-0.03160954725135512,-6.341911147063007
2020-08-12,2962907.414454316,2862907.414454316,0.06580019890063515,-0.17919027188638692
2020-08-13,3001798.0374157755,2901798.0374157755,0.013125831327612358,0.0
2020-08-14,3035804.06201892,2935804.06201892,0.011328551814371979,0.0
2020-08-17,3209088.1443600897,3109088.1443600897,0.057080127307665984,0.0
2020-08-18,3247686.7645343086,3147686.7645343086,0.012027909000273285,0.0
2020-08-19,3224949.5163096497,3124949.5163096497,-0.007001059484232353,-0.7001059484232353
2020-08-20,3327753.312706926,3227753.312706926,0.03187764517781222,0.0
2020-08-21,3418196.5637740763,3318196.5637740763,0.027178472250871444,0.0
2020-08-24,3408058.5622136123,3308058.5622136123,-0.002965891917365515,-0.2965891917365515
2020-08-25,3418984.120070832,3318984.120070832,0.003205801091083149,0.0
2020-08-26,3516878.679867101,3416878.679867101,0.028632645358481756,0.0
2020-08-27,3549447.464285551,3449447.464285551,0.009260707400825297,0.0
2020-08-28,3567940.5669131763,3467940.5669131763,0.005210135609472255,0.0
2020-08-31,3758349.6991985533,3658349.6991985533,0.0533666771389385,0.0
2020-09-01,3748066.2372126756,3648066.2372126756,-0.0027361642233746375,-0.27361642233746375
2020-09-02,3707434.3337223884,3607434.3337223884,-0.010840764521948265,-1.3547266633283872
2020-09-03,3420542.1795067056,3320542.1795067056,-0.07738293612003999,-8.988187548483928
2020-09-04,3403007.356862219,3303007.356862219,-0.005126328436919181,-9.454743990749693
2020-09-08,3036747.9551798133,2936747.9551798133,-0.10762815453332408,-19.199962796772674
2020-09-09,3250037.7780258013,3150037.7780258013,0.07023626128805893,-13.524870271681921
2020-09-10,3199714.404842064,3099714.404842064,-0.015483934840383906,-14.863845545708942
2020-09-11,3184936.116462743,3084936.116462743,-0.004618627324037838,-15.25705771493503
2020-09-14,3396225.0924955066,3296225.0924955066,0.06634009861002355,-9.635202567240286
2020-09-15,3512520.3577276478,3412520.3577276478,0.0342425080979214,-6.54088525938199
2020-09-16,3421969.127368343,3321969.127368343,-0.02577956029780426,-8.950220143217159
2020-09-17,3351345.6293589156,3251345.6293589156,-0.020638262760640513,-10.829329424199907
2020-09-18,3363990.0171702746,3263990.0171702746,0.0037729286112986316,-10.492894849895784
2020-09-21,3452396.796983542,3352396.796983542,0.026280333580666726,-8.140618268711242
2020-09-22,3419865.3173383665,3319865.3173383665,-0.009422868099518311,-9.006197106468472
2020-09-23,3210351.5273164986,3110351.5273164986,-0.06126375473316292,-14.58081912917556
2020-09-24,3265519.2146341596,3165519.2146341596,0.017184313570724585,-13.112949140136877
2020-09-25,3404203.2857091827,3304203.2857091827,0.04246922524709751,-9.422923406113338
2020-09-28,3478174.450939168,3378174.450939168,0.021729361915757472,-7.454741327533487
2020-09-29,3479857.5169855133,3379857.5169855133,0.00048389351083022447,-7.409959277403777
2020-09-30,3532277.052964654,3432277.052964654,0.015063701810570151,-6.015210513330049
2020-10-01,3602864.5634464705,3502864.5634464705,0.019983571340354667,-4.137058767714963
2020-10-02,3426745.311579236,3326745.311579236,-0.0488831175210096,-8.823138189882396
2020-10-05,3522324.657061767,3422324.657061767,0.02789216495301261,-6.280018120376541
2020-10-06,3464608.678151601,3364608.678151601,-0.016385763531040043,-7.815691581589412
2020-10-07,3543295.7994269067,3443295.7994269067,0.022711690867577516,-5.722030065949046
2020-10-08,3520986.6844627857,3420986.6844627857,-0.006296148057333917,-6.315618123198696
2020-10-09,3542771.108455657,3442771.108455657,0.006187022543709286,-5.735990740533459
2020-10-12,3654755.8419510126,3554755.8419510126,0.03160936173044804,-2.7563655736886683
2020-10-13,3660720.1247702083,3560720.1247702083,0.001631923739127794,-2.5976713781893146
2020-10-14,3683626.9929182474,3583626.9929182474,0.006257475952078373,-1.988178649161898
2020-10-15,3653730.129891636,3553730.129891636,-0.00811614831905838,-2.783657128266348
2020-10-16,3588157.244276984,3488157.244276984,-0.017946833313766564,-4.528382629159333
2020-10-19,3503058.6065258756,3403058.6065258756,-0.023716529671836017,-6.792638075353052
2020-10-20,3486028.6517324634,3386028.6517324634,-0.004861453006149263,-7.245761285176866
2020-10-21,3468759.1599422274,3368759.1599422274,-0.004953915620186766,-7.705257957184752
2020-10-22,3467184.1970233954,3367184.1970233954,-0.0004540421649965598,-7.747163661679679
2020-10-23,3471932.355751452,3371932.355751452,0.0013694567286424153,-7.620827394219809
2020-10-26,3442923.8569827974,3342923.8569827974,-0.00835514514578617,-8.392668789788738
2020-10-27,3485404.2267871452,3385404.2267871452,0.012338457534630365,-7.262375623790729
2020-10-28,3353917.271984376,3253917.271984376,-0.03772502305248371,-10.760904641215808
2020-10-29,3435173.593220625,3335173.593220625,0.024227288465040964,-8.598883335599227
2020-10-30,3270355.6651555905,3170355.6651555905,-0.04797950484665625,-12.984263655588645
2020-11-02,3294479.706012543,3194479.706012543,0.007376580203182437,-12.342385097505115
2020-11-03,3391700.8078695396,3291700.8078695396,0.02951030527811871,-9.755582121780726
2020-11-04,3492899.0535759307,3392899.0535759307,0.029837020255910396,-7.062957597565456
2020-11-05,3583139.3860711884,3483139.3860711884,0.025835368016969174,-4.661894904689889
2020-11-06,3584779.4395077,3484779.4395077,0.00045771410481187935,-4.618257309261731
2020-11-09,3433232.647788897,3333232.647788897,-0.04227506720458507,-8.650526891603128
2020-11-10,3321431.8607094213,3221431.8607094213,-0.032564291019275604,-11.625257718362459
2020-11-11,3423840.8218292166,3323840.8218292166,0.030832774964084875,-8.90041917708373
2020-11-12,3431778.0043835584,3331778.0043835584,0.002318210152685074,-8.689231203914705
2020-11-13,3419222.164889133,3319222.164889133,-0.003658698050511222,-9.023309735699614
2020-11-16,3424265.5448702015,3324265.5448702015,0.001475007980720644,-8.889118391500217
2020-11-17,3519643.1931818402,3419643.1931818402,0.02785346143920453,-6.351364963925943
2020-11-18,3641682.934893705,3541682.934893705,0.03467389590748193,-3.1042019408073385
2020-11-19,3692927.6008811425,3592927.6008811425,0.014071698965449242,-1.740713439501429
2020-11-20,3623062.282338706,3523062.282338706,-0.018918680811875865,-3.599649518742143
2020-11-23,3720989.3621091726,3620989.3621091726,0.027028814891709274,-0.9940622900883267
2020-11-24,3810026.2785793394,3710026.2785793394,0.02392829105528471,0.0
2020-11-25,3891768.4349226896,3791768.4349226896,0.02145448623357793,0.0
2020-11-27,3929781.8407186037,3829781.8407186037,0.00976764327877322,0.0
2020-11-30,3879749.597587657,3779749.597587657,-0.012731557414341732,-1.2731557414341732
2020-12-01,3948990.2287494815,3848990.2287494815,0.0178466752609181,0.0
2020-12-02,3903930.015687883,3803930.015687883,-0.011410565853911425,-1.1410565853911425
2020-12-03,3948344.3211615514,3848344.3211615514,0.011376819075954225,-0.01635627212313029
2020-12-04,3949309.597036234,3849309.597036234,0.0002444761135722562,0.0
2020-12-07,4087657.5749697294,3987657.5749697294,0.03503092744041103,0.0
2020-12-08,4101620.2899112753,4001620.2899112753,0.0034158230442404847,0.0
2020-12-09,3907248.1645424245,3807248.1645424245,-0.047389107628257654,-4.738910762825766
2020-12-10,3960979.5959358998,3860979.5959358998,0.013751732454845955,-3.4289057502789433
2020-12-11,3925298.6470365413,3825298.6470365413,-0.009008112269997093,-4.298829009316907
2020-12-14,4039123.4537749463,3939123.4537749463,0.028997744368912892,-1.5237109171234553
2020-12-15,4030860.0761800264,3930860.0761800264,-0.002045834372107924,-1.725177094166841
2020-12-16,4015201.968534876,3915201.968534876,-0.0038845574763759494,-2.1069312922252115
2020-12-17,4114687.2326796493,4014687.2326796493,0.0247771506699761,0.0
2020-12-18,4235637.688010864,4135637.688010864,0.029394811438060886,0.0
2020-12-21,4135657.35906716,4035657.35906716,-0.023604551736495782,-2.3604551736495782
2020-12-22,4133014.035176668,4033014.035176668,-0.000639154470738923,-2.4228619252462558
2020-12-23,4104812.4274204876,4004812.4274204876,-0.006823496730510081,-3.0886792078718694
2020-12-24,4149231.503362857,4049231.503362857,0.01082121941690839,-2.0399805415978634
2020-12-28,4178483.90029169,4078483.90029169,0.007050075876731565,-1.3493549715300257
2020-12-29,4177999.8884119955,4077999.8884119955,-0.00011583432920747594,-1.3607821028227773
2020-12-30,4258554.326930253,4158554.326930253,0.019280622467626518,0.0
2020-12-31,4266739.64035623,4166739.6403562296,0.0019220873558463136,0.0
2021-01-04,4326850.79586645,4226850.79586645,0.014088311117385732,0.0
2021-01-05,4359950.060630552,4259950.060630552,0.007649735645084421,0.0
2021-01-06,4327380.992018521,4227380.992018521,-0.007470055427038602,-0.7470055427038602
2021-01-07,4596356.590774706,4496356.590774706,0.062156671495365634,0.0
2021-01-08,4792269.498771934,4692269.498771934,0.04262352237649325,0.0
2021-01-11,4619023.134445803,4519023.134445803,-0.036151214861878445,-3.6151214861878445
2021-01-12,4707853.478003543,4607853.478003543,0.01923141343356738,-1.7615040387445546
2021-01-13,4726566.683549503,4626566.683549503,0.0039748912393713365,-1.3710167017791486
2021-01-14,4638230.282652131,4538230.282652131,-0.01868933769723813,-3.2143270773748567
2021-01-15,4572642.281628537,4472642.281628537,-0.014140738390869934,-4.582947958158002
2021-01-19,4652612.654299757,4552612.654299757,0.017488875740951038,-2.914210991430366
2021-01-20,4707286.179032294,4607286.179032294,0.011751144742730535,-1.7733418323284567
2021-01-21,4738019.443471342,4638019.443471342,0.00652887104589972,-1.132032647882042
2021-01-22,4769365.860336074,4669365.860336074,0.006615932509083322,-0.4779288485701749
2021-01-25,4892960.410710942,4792960.410710942,0.02591425233336131,0.0
2021-01-26,4877821.087362753,4777821.087362753,-0.0030941029719039337,-0.30941029719039337
2021-01-27,4792815.628299929,4692815.628299929,-0.01742693254638894,-2.04671147945098
2021-01-28,4722372.788872707,4622372.788872707,-0.014697590078633915,-3.4863887609801636
2021-01-29,4550015.3884627,4450015.3884627,-0.03649805047499244,-7.008947415505706
2021-02-01,4759829.790294522,4659829.790294522,0.04611289939015162,-2.7208603634926165
2021-02-02,4891323.404694437,4791323.404694437,0.027625696756643503,-0.0334563511472874
2021-02-03,4813569.518023696,4713569.518023696,-0.015896288230730637,-1.6225533424193528
2021-02-04,4837839.738659287,4737839.738659287,0.005042042198562857,-1.1265301049849685
2021-02-05,4821777.166249481,4721777.166249481,-0.0033201952271071367,-1.4548093278179186
2021-02-08,4909204.681485033,4809204.681485033,0.018131803320881268,0.0
2021-02-09,4837082.546566047,4737082.546566047,-0.014691205520721784,-1.4691205520721784
2021-02-10,4722563.435381604,4622563.435381604,-0.023675244340360058,-3.8018631980724304
2021-02-11,4777568.736691684,4677568.736691684,0.011647339853177785,-2.681410805497897
2021-02-12,4781929.6480202805,4681929.6480202805,0.0009127888197828504,-2.59257948532412
2021-02-16,4730570.53397014,4630570.53397014,-0.01074024877622437,-3.6387594143020285
2021-02-17,4714254.148391492,4614254.148391492,-0.0034491369405614813,-3.971122528844495
2021-02-18,4668963.180495141,4568963.180495141,-0.009607239336429041,-4.8936949379185135
2021-02-19,4615974.705573507,4515974.705573507,-0.011349088196496604,-5.973064782110981
2021-02-22,4343956.671479022,4243956.671479022,-0.058929706388130665,-11.514044467076957
2021-02-23,4277870.198627224,4177870.198627224,-0.015213428183043276,-12.86021919678505
2021-02-24,4412331.363141218,4312331.363141218,0.03143180093616271,-10.121258952957534
2021-02-25,4104119.004030046,4004119.004030046,-0.06985249604910682,-16.399513356844764
2021-02-26,4173161.3998520626,4073161.3998520626,0.01682270805359698,-14.993126776908339
2021-03-01,4337153.417153014,4237153.417153014,0.03929683076881818,-11.65262606567411
2021-03-02,4178093.801976185,4078093.801976185,-0.03667373502347504,-14.892654247361447
2021-03-03,4006279.6894751983,3906279.6894751983,-0.04112260773554688,-18.392490242160775
2021-03-04,3869070.784580415,3769070.784580415,-0.03424845880212546,-21.18742167804618
2021-03-05,3828009.4457462337,3728009.4457462337,-0.010612713263821627,-22.023836973359558
2021-03-08,3629158.102766389,3529158.102766389,-0.05194640864870714,-26.074418602799632
2021-03-09,4061909.8458323674,3961909.8458323674,0.11924301196360276,-17.25930961583697
2021-03-10,4037200.039170441,3937200.039170441,-0.006083297660404496,-17.762645864071214
2021-03-11,4166155.0271653654,4066155.0271653654,0.031941688978438965,-15.135845875851627
2021-03-12,4108934.304416062,4008934.304416062,-0.01373465998653356,-16.301426177791576
2021-03-15,4178505.5975971613,4078505.5975971613,0.016931712221908146,-14.884266012449798
2021-03-16,4094543.033626982,3994543.033626982,-0.02009392162079715,-16.594574899892255
2021-03-17,4178418.462520689,4078418.462520689,0.02048468613099641,-14.886040945094214
2021-03-18,3952000.7790211802,3852000.7790211802,-0.054187412182483685,-19.49814612688544
2021-03-19,3985049.053175547,3885049.053175547,0.008362415900776243,-18.824956144014937
2021-03-22,4078691.375619483,3978691.375619483,0.023498411486130966,-16.917471561082266
2021-03-23,4064646.1507876767,3964646.1507876767,-0.0034435615589261115,-17.203571362232907
2021-03-24,3920952.7694443767,3820952.7694443767,-0.035352002612934474,-20.130590923776882
2021-03-25,3949610.655031791,3849610.655031791,0.007308908643517187,-19.546832709427076
2021-03-26,3907414.3140962706,3807414.3140962706,-0.010683671030146336,-20.40636788209289
2021-03-29,3899342.4837684836,3799342.4837684836,-0.0020657728305563117,-20.57079024480736
2021-03-30,3967485.278741495,3867485.278741495,0.017475457787220483,-19.182728442658203
2021-03-31,4098666.973883721,3998666.973883721,0.0330641920324497,-16.510570656347625
2021-04-01,4130807.2067545056,4030807.2067545056,0.007841630724227944,-15.855877382058193
2021-04-05,4243837.053882179,4143837.053882179,0.027362653706726414,-13.553470893407127
2021-04-06,4246386.233529037,4146386.233529037,0.0006006780219156571,-13.50154436330191
2021-04-07,4239029.26411375,4139029.2641137503,-0.0017325247894778295,-13.651405081944034
2021-04-08,4291753.808723895,4191753.808723895,0.012437881723651678,-12.577411471349754
2021-04-09,4285796.088081007,4185796.088081007,-0.0013881785648509615,-12.69876963482901
2021-04-12,4420770.16133832,4320770.16133832,0.03149334930625414,-9.949361492072917
2021-04-13,4652311.271342272,4552311.271342272,0.05237574032436387,-5.232892633538566
2021-04-14,4505598.076125134,4405598.076125134,-0.03153555010836773,-8.221425496518675
2021-04-15,4606348.851908829,4506348.851908829,0.022361243520048202,-6.169142442123432
2021-04-16,4585736.627320379,4485736.627320379,-0.0044747424155485716,-6.5890113603249585
2021-04-19,4470636.733372247,4370636.733372247,-0.025099543061937513,-8.933584492144641
2021-04-20,4477322.1576212635,4377322.1576212635,0.0014954076226125768,-8.797403080230193
2021-04-21,4557726.2094264375,4457726.2094264375,0.017958067115700027,-7.159580723618819
2021-04-22,4422948.427643603,4322948.427643603,-0.029571276463268625,-9.904990429006466
2021-04-23,4495559.651633858,4395559.651633858,0.016416927571760054,-8.425907182302439
2021-04-26,4520107.410260605,4420107.410260605,0.005460445534923641,-7.92587183606136
2021-04-27,4411216.845455048,4311216.845455048,-0.024090260456726353,-10.143961564856651
2021-04-28,4351054.284925075,4251054.284925075,-0.013638540710588454,-11.369466803146555
2021-04-29,4279890.828228978,4179890.8282289784,-0.01635545135409,-12.819059177334747
2021-04-30,4342540.298255313,4242540.298255313,0.014638100021878264,-11.542895845571133
2021-05-03,4248737.399230108,4148737.3992301077,-0.02160092770190125,-13.453651357130491
2021-05-04,4164811.1764263995,4064811.1764263995,-0.01975321487718118,-15.163219978708531
2021-05-05,4145346.4241094133,4045346.4241094133,-0.004673621802390504,-15.55971500346065
2021-05-06,4117995.4861065308,4017995.4861065308,-0.006597986079959206,-16.116850828455608
2021-05-07,4153591.7861780943,4053591.7861780943,0.008644084286070663,-15.391757816835739
2021-05-10,3940538.7740509426,3840538.7740509426,-0.0512936810102832,-19.73162600221975
2021-05-11,3909339.4151213234,3809339.4151213234,-0.00791753633667347,-20.367153770032875
2021-05-12,3765048.98883603,3665048.98883603,-0.03690915803503225,-23.306335076314156
2021-05-13,3734863.236328166,3634863.236328166,-0.008017359826490877,-23.92121578441966
2021-05-14,3837281.8829525616,3737281.8829525616,0.027422328514788097,-21.834958370654345
2021-05-17,3785164.550325527,3685164.550325527,-0.013581835845464019,-22.896583134917982
2021-05-18,3757190.251813915,3657190.251813915,-0.007390510541795625,-23.466416750067832
2021-05-19,3733967.3311069906,3633967.3311069906,-0.006180927541721615,-23.93946528264398
2021-05-20,3845044.7407141104,3745044.7407141104,0.02974782577280588,-21.67682974768561
2021-05-21,3840822.3199473475,3740822.3199473475,-0.001098146068900796,-21.762840029202035
2021-05-24,3975502.6892172094,3875502.6892172094,0.03506550369966299,-19.019414606794903
2021-05-25,3973843.3462144365,3873843.3462144365,-0.00041739199605461685,-19.053215254973843
2021-05-26,4037507.706497549,3937507.706497549,0.016020853047405748,-17.75637871191379
2021-05-27,4032585.382653917,3932585.382653917,-0.0012191490893529444,-17.856645947912252
2021-05-28,4073088.433527671,3973088.433527671,0.010043941300778458,-17.031602921564005
2021-06-01,4051591.270900637,3951591.270900637,-0.005277853151942291,-17.469497937596035
2021-06-02,4042560.0976168476,3942560.0976168476,-0.002229043523874985,-17.653462018740385
2021-06-03,3968232.947430644,3868232.947430644,-0.018386158372764916,-19.167498507512725
2021-06-04,4096765.245322055,3996765.245322055,0.03239031064812692,-16.549308673705877
2021-06-07,4116108.2584472136,4016108.2584472136,0.004721533201651029,-16.155293463908038
2021-06-08,4116462.974085777,4016462.974085777,8.617743176109194e-05,-16.148067942432
2021-06-09,4098833.060452778,3998833.060452778,-0.004282782025244569,-16.507187489830176
2021-06-10,4145653.576283616,4045653.576283616,0.01142288918340717,-15.553458344915505
2021-06-11,4196591.369988518,4096591.369988518,0.012287035751444852,-14.515860668513614
2021-06-14,4246840.178999561,4146840.178999561,0.011973719759896584,-13.492297540242436
2021-06-15,4188598.3096876293,4088598.3096876293,-0.013714165557709213,-14.678678493792606
2021-06-16,4211167.086036192,4111167.0860361923,0.005388145312565484,-14.218954815257046
2021-06-17,4377271.527122836,4277271.527122836,0.03944380208456444,-10.835424246382974
2021-06-18,4416666.702199206,4316666.702199206,0.008999938622099801,-10.032948537334851
2021-06-21,4384503.381882677,4284503.381882677,-0.007282261145155844,-10.688112100545656
2021-06-22,4434099.742298062,4334099.742298062,0.011311739573590884,-9.677839283801292
2021-06-23,4516988.949648656,4416988.949648656,0.018693582050013813,-7.989394561518504
2021-06-24,4601454.451442162,4501454.451442162,0.018699514817293483,-6.268840881773475
2021-06-25,4548893.951575487,4448893.951575487,-0.01142258397237883,-7.339492917629819
2021-06-28,4697729.85763298,4597729.85763298,0.032719141761030635,-4.307720650752778
2021-06-29,4703867.884270468,4603867.884270468,0.0013065942111412099,-4.182689672504159
2021-06-30,4702807.787437354,4602807.787437354,-0.00022536705094511333,-4.204283737162151
2021-07-01,4714561.592069846,4614561.592069846,0.002499316400702112,-3.964859932389442
2021-07-02,4746430.101497964,4646430.101497964,0.0067595912802842495,-3.3157016369875447
2021-07-06,4765489.223322731,4665489.223322731,0.004015464552770354,-2.927469264101401
2021-07-07,4720142.820304077,4620142.820304077,-0.00951558190431423,-3.8511708809779055
2021-07-08,4730211.579233387,4630211.579233387,0.002133147091651022,-3.6460712857769972
2021-07-09,4734945.282398326,4634945.282398326,0.0010007381457779463,-3.5496462338171053
2021-07-12,4851174.6250828495,4751174.6250828495,0.024547135342111392,-1.1820663461240999
2021-07-13,4799179.085570023,4699179.085570023,-0.01071813396367649,-2.2412101970400333
2021-07-14,4729535.032773705,4629535.032773705,-0.01451165950562694,-3.659852468342739
2021-07-15,4673171.482420148,4573171.482420148,-0.011917355503866855,-4.807972255772485
2021-07-16,4586736.473572953,4486736.473572953,-0.01849600622882186,-6.568644593863892
2021-07-19,4679349.683449652,4579349.683449652,0.02019152624317999,-4.682122929245014
2021-07-20,4716663.97875443,4616663.97875443,0.007974248096216163,-3.922034529478191
2021-07-21,4711695.177775392,4611695.177775392,-0.0010534566382975896,-4.0232484999972336
2021-07-22,4715204.83477655,4615204.83477655,0.0007448820156517044,-3.951757143884216
2021-07-23,4709885.224857438,4609885.224857438,-0.0011281821480748633,-4.0601170568284495
2021-07-26,4729015.719117903,4629015.719117903,0.004061775042733418,-3.6704308346870995
2021-07-27,4676444.463206815,4576444.463206815,-0.011116743744064905,-4.741301970074064
2021-07-28,4696191.361647188,4596191.361647188,0.004222630803324412,-4.3390596574883205
2021-07-29,4754410.314920159,4654410.314920159,0.01239705727250251,-3.1531455013207643
2021-07-30,4740959.371828727,4640959.371828727,-0.002829150662327251,-3.4271398438700085
2021-08-02,4825646.2550327405,4725646.2550327405,0.017862815637533558,-1.7020766473117566
2021-08-03,4875684.900557077,4775684.900557077,0.010369314881327973,-0.6827945278870762
2021-08-04,4910387.904318163,4810387.904318163,0.007117564910136265,0.0
2021-08-05,4936979.554925965,4836979.554925965,0.005415386956378221,0.0
2021-08-06,4885541.591823278,4785541.591823278,-0.01041891353415958,-1.041891353415958
2021-08-09,4928079.604165021,4828079.604165021,0.008706918474082226,-0.18027116908077012
2021-08-10,4874755.608203087,4774755.608203087,-0.01082044127632742,-1.2603646831146564
2021-08-11,4835845.044904515,4735845.044904515,-0.007982054163514274,-2.0485098002996804
2021-08-12,4913308.460197054,4813308.460197054,0.016018589217237533,-0.47946511557441784
2021-08-13,4919967.076793529,4819967.076793529,0.0013552205505551473,-0.3445928414968158
2021-08-16,4838827.719509576,4738827.719509576,-0.01649184964400885,-1.988094832567333
2021-08-17,4748508.325655742,4648508.325655742,-0.018665552710148692,-3.817541214692144
2021-08-18,4771194.352156794,4671194.352156794,0.004777505891372602,-3.3580289511986328
2021-08-19,4848745.5555892605,4748745.5555892605,0.016254044104786924,-1.787206091397875
2021-08-20,4988108.390078227,4888108.390078227,0.028742039129753927,0.0
2021-08-23,5100458.844801329,5000458.844801329,0.02252365945908008,0.0
2021-08-24,5067156.93796375,4967156.93796375,-0.006529198225277755,-0.6529198225277755
2021-08-25,5106678.873812314,5006678.873812314,0.007799627351673388,0.0
2021-08-26,5072854.79414223,4972854.79414223,-0.006623498462677513,-0.6623498462677513
2021-08-27,5150080.274880746,5050080.274880746,0.01522327838511961,0.0
2021-08-30,5224501.756118076,5124501.756118076,0.014450547809966574,0.0
2021-08-31,5221651.300307025,5121651.300307025,-0.0005455938085795475,-0.05455938085795475
2021-09-01,5219750.043057993,5119750.043057993,-0.0003641103435843007,-0.09095054958146997
2021-09-02,5198282.577782117,5098282.577782117,-0.004112738176883957,-0.501850311472396
2021-09-03,5216294.107851922,5116294.107851922,0.003464900147365446,-0.15709915795402152
2021-09-07,5313182.220496702,5213182.220496702,0.018574127654906958,0.0
2021-09-08,5311562.564612618,5211562.564612618,-0.0003048372551267553,-0.03048372551267553
2021-09-09,5281626.806977436,5181626.806977436,-0.005635960655838601,-0.5939079860188934
2021-09-10,5219805.167291013,5119805.167291013,-0.011705037471551827,-1.7574600179430688
2021-09-13,5230005.770892007,5130005.770892007,0.001954211560407426,-1.5654733105863405
2021-09-14,5238820.779187784,5138820.779187784,0.0016854681776523606,-1.3995650482690691
2021-09-15,5289466.671856544,5189466.671856544,0.009667422269904913,-0.4463530075944022
2021-09-16,5296285.089587443,5196285.089587443,0.0012890558073042069,-0.3180228008005326
2021-09-17,5278545.605277583,5178545.605277583,-0.0033494202086544744,-0.6518996296701607
2021-09-20,5141815.72927703,5041815.72927703,-0.025902944906613712,-3.2253080001395484
2021-09-21,5169931.688139462,5069931.688139462,0.005468099275192317,-2.696134376958148
2021-09-22,5260118.949392328,5160118.949392328,0.01744457503370267,-0.9987097920276744
2021-09-23,5273806.248329995,5173806.248329995,0.0026020892434852616,-0.7410995996863345
2021-09-24,5318699.490115186,5218699.490115186,0.008512493571300128,0.0
2021-09-27,5307560.040270599,5207560.040270599,-0.0020943935383621604,-0.20943935383621604
2021-09-28,5175724.4913545605,5075724.4913545605,-0.024839200671447625,-2.6881571148425487
2021-09-29,5199263.396615509,5099263.396615509,0.004547944022188055,-2.2455883007048927
2021-09-30,5187995.704355225,5087995.704355225,-0.002167170885710168,-2.457438815689328
2021-10-01,5166578.572077479,5066578.572077479,-0.004128209331354382,-2.8601149269746107
2021-10-04,5051791.906172523,4951791.906172523,-0.022217152861143896,-5.018286602555966
2021-10-05,5116910.311775186,5016910.311775186,0.012890159929805911,-3.793957126455927
2021-10-06,5170432.368755408,5070432.368755408,0.010459838793158927,-2.787657427070911
2021-10-07,5220291.03679968,5120291.03679968,0.00964303649837217,-1.8502352595479055
2021-10-08,5144293.512313958,5044293.512313958,-0.014558101061796891,-3.2791094538309973
2021-10-11,5146944.198350782,5046944.198350782,0.0005152672627404264,-3.229272345309453
2021-10-12,5172330.486236259,5072330.486236259,0.004932302917449949,-2.7519698029744633
2021-10-13,5208516.294388268,5108516.294388268,0.00699603558749784,-2.071619122902013
2021-10-14,5277888.137542076,5177888.137542076,0.013318926011338439,-0.7673182635897668
2021-10-15,5381577.498347156,5281577.498347156,0.01964599440210346,0.0
2021-10-18,5500128.694243615,5400128.694243615,0.022029079007571672,0.0
2021-10-19,5487710.532829413,5387710.532829413,-0.0022577946998219023,-0.22577946998219023
2021-10-20,5463480.1434453335,5363480.1434453335,-0.004415391307381333,-0.666321696011174
2021-10-21,5606811.460225214,5506811.460225214,0.0262344353812356,0.0
2021-10-22,5642684.868107773,5542684.868107773,0.006398183376959521,0.0
2021-10-25,6023389.19251346,5923389.19251346,0.06746864893295967,0.0
2021-10-26,6129351.364685465,6029351.364685465,0.017591785751401634,0.0
2021-10-27,6173974.101250719,6073974.101250719,0.007280172714905886,0.0
2021-10-28,6340173.31540921,6240173.31540921,0.02691932480326109,0.0
2021-10-29,6505092.981839199,6405092.981839199,0.02601185460169786,0.0
2021-11-01,6784672.302565764,6684672.302565764,0.042978527979091075,0.0
2021-11-02,6745623.801818284,6645623.801818284,-0.0057553996723928025,-0.5755399672392802
2021-11-03,6906350.156621673,6806350.156621673,0.023826759322105318,0.0
2021-11-04,7223400.610247172,7123400.610247172,0.0459070922318523,0.0
2021-11-05,7204437.882915959,7104437.882915959,-0.002625180071601285,-0.2625180071601285
2021-11-08,7100194.609543051,7000194.609543051,-0.014469313923866634,-1.705650944090531
2021-11-09,6683863.0946316235,6583863.0946316235,-0.05863663431870658,-7.469300745277185
2021-11-10,6702992.913582972,6602992.913582972,0.0028620901835516577,-7.204469539263069
2021-11-11,6759799.24852143,6659799.24852143,0.008474771743133713,-6.418048599825321
2021-11-12,6749056.623341135,6649056.623341135,-0.0015891929309358455,-6.566768375453657
2021-11-15,6637599.30966159,6537599.30966159,-0.01651450267791177,-8.109771729323178
2021-11-16,6798781.443050703,6698781.443050703,0.02428319726297712,-5.878383189686332
2021-11-17,6863120.5747178625,6763120.5747178625,0.009463332834874771,-4.987679002853773
2021-11-18,7112168.043369269,7012168.043369269,0.03628778861453186,-1.539891982733288
2021-11-19,7355100.25688347,7255100.25688347,0.034157265693502525,0.0
2021-11-22,7345375.161148431,7245375.161148431,-0.001322224768579905,-0.1322224768579905
2021-11-23,7200082.431654279,7100082.431654279,-0.01978016456703835,-2.107623551210114
2021-11-24,7276910.37721936,7176910.37721936,0.010670425831142749,-1.0630702088789912
2021-11-26,7100510.096554591,7000510.096554591,-0.024241095673927293,-3.4614097896301765
2021-11-29,7434242.659274142,7334242.659274142,0.04700120951612896,0.0
2021-11-30,7418882.761339778,7318882.761339778,-0.002066101234293516,-0.2066101234293516
2021-12-01,7152185.904299975,7052185.904299975,-0.035948385440133235,-3.794021367089817
2021-12-02,7193359.187617431,7093359.187617431,0.005756741207286309,-3.240188445506431
2021-12-03,6848054.612699543,6748054.612699543,-0.04800324381302856,-7.884973270859474
2021-12-06,6781504.591675967,6681504.591675967,-0.009718091456245248,-8.780155525107736
2021-12-07,7069471.822479814,6969471.822479814,0.042463619527341345,-4.906630755982655
2021-12-08,7077393.3635706315,6977393.3635706315,0.0011205279955466274,-4.8000759735538745
2021-12-09,6800992.983643398,6700992.983643398,-0.039053980148955114,-8.518011916664737
2021-12-10,6847620.067073805,6747620.067073805,0.006855922883988841,-7.890818461091409
2021-12-13,6555296.6694033425,6455296.6694033425,-0.04268978050871641,-11.822939203824934
2021-12-14,6552841.134308556,6452841.134308556,-0.0003745879429450927,-11.855969267643518
2021-12-15,6829327.725123138,6729327.725123138,0.04219339140803946,-8.136873678670941
2021-12-16,6418656.828423382,6318656.828423382,-0.06013342941341293,-13.660918501010022
2021-12-17,6419768.149037508,6319768.149037508,0.0001731391230024304,-13.645969828158455
2021-12-20,6343258.103078698,6243258.103078698,-0.01191788304228425,-14.675127059976345
2021-12-21,6588652.468250837,6488652.468250837,0.038685855310386597,-11.374261371041472
2021-12-22,6816451.720099841,6716451.720099841,0.03457448286227183,-8.310072289658354
2021-12-23,6991774.481142042,6891774.481142042,0.02572053147904252,-5.951758617673386
2021-12-27,7193898.1470344905,7093898.1470344905,0.028908779371761506,-3.232938757249526
2021-12-28,7127237.164406032,7027237.164406032,-0.009266322828873741,-4.129613585926251
2021-12-29,7086075.779103022,6986075.779103022,-0.005775223183055234,-4.683286464113268
2021-12-30,6982368.757081086,6882368.757081086,-0.014635325002841482,-6.078277544913712
2021-12-31,6864501.001422001,6764501.001422001,-0.016880769228859616,-7.663748467255028
2022-01-03,7373219.348867873,7273219.348867873,0.07410856919395736,-0.8208409814299489
2022-01-04,7154188.939719268,7054188.939719268,-0.029706210921588205,-3.7670779982613256
2022-01-05,6806556.309434685,6706556.309434685,-0.048591480210225524,-8.443178123280992
2022-01-06,6778445.9746374,6678445.9746374,-0.004129890875701814,-8.821297806557904
2022-01-07,6553707.89939034,6453707.89939034,-0.033154808061899854,-11.844310177114604
2022-01-10,6664138.4448644705,6564138.4448644705,0.016850086572275158,-10.35887917176035
2022-01-11,6696437.887653726,6596437.887653726,0.004846754468936121,-9.924410668785633
2022-01-12,6790268.535395844,6690268.535395844,0.014012023902306936,-8.66226935806228
2022-01-13,6411149.1323506255,6311149.1323506255,-0.05583275551901534,-13.761906542655266
2022-01-14,6536176.532646193,6436176.532646193,0.019501558568444377,-12.080129312265864
2022-01-18,6367073.793463161,6267073.793463161,-0.025871813335887728,-14.354775795214303
2022-01-19,6164557.506504185,6064557.506504185,-0.03180680694589921,-17.078876907334173
2022-01-20,6070142.416191289,5970142.416191289,-0.015315793585067294,-18.348879712463408
2022-01-21,5852847.538963785,5752847.538963785,-0.035797327694964576,-21.271771622057322
2022-01-24,5864024.031027864,5764024.031027864,0.0019095819581278484,-21.121433617551432
2022-01-25,5711042.776470665,5611042.776470665,-0.026088101574574196,-23.179225669393546
2022-01-26,5798746.159460252,5698746.159460252,0.015356807228081415,-21.99950384688647
2022-01-27,5459348.738062864,5359348.738062864,-0.05852944965416096,-26.56482995947971
2022-01-28,5660241.732035029,5560241.732035029,0.0367979778561367,-23.86256419846702
2022-01-31,6069097.958007103,5969097.958007103,0.07223299733968735,-18.36292900076426
2022-02-01,6054107.749471271,5954107.749471271,-0.002469923642615557,-18.564566332539158
2022-02-02,6023278.080067301,5923278.080067301,-0.005092355583969033,-18.97926451790859
2022-02-03,5828665.321648924,5728665.321648924,-0.032310106860648724,-21.597053139263313
2022-02-04,6043427.869355787,5943427.869355787,0.036845921983063246,-18.708224275990347
2022-02-07,5985799.338259105,5885799.338259105,-0.009535735735160644,-19.483401166736456
2022-02-08,6092397.533050168,5992397.533050168,0.017808514580454737,-18.04952014244565
2022-02-09,6241893.697627507,6141893.697627507,0.0245381500084898,-16.038606974433257
2022-02-10,6063887.995369397,5963887.995369397,-0.028517900316977318,-18.433009611210927
2022-02-11,5761827.59863689,5661827.59863689,-0.04981299076816248,-22.49610535043447
2022-02-14,5854900.3585988,5754900.3585988,0.01615333995483126,-21.244158592336614
2022-02-15,6190515.765411604,6090515.765411604,0.05732213808214559,-16.72970537639098
2022-02-16,6171429.610567382,6071429.610567382,-0.003083128380168776,-16.98643838497005
2022-02-17,5848667.038800027,5748667.038800027,-0.05229948198950296,-21.3280046555398
2022-02-18,5727738.875699474,5627738.875699474,-0.020676192079035594,-22.95464194252286
2022-02-22,5589775.646128008,5489775.646128008,-0.024086857408390006,-24.81042249603166
2022-02-23,5291286.194662755,5191286.194662755,-0.05339918278688238,-28.82548448883452
2022-02-24,5596279.349477476,5496279.349477476,0.057640646072473434,-24.722939430875655
2022-02-25,5636290.109082531,5536290.109082531,0.00714952866117935,-24.18474392880737
2022-02-28,5817091.283916464,5717091.283916464,0.03207804625645205,-21.752738637610904
2022-03-01,5715072.758477676,5615072.758477676,-0.017537721252691485,-23.12501729617098
2022-03-02,5821239.961735013,5721239.961735013,0.01857670195009331,-21.696933655063365
2022-03-03,5640217.809312508,5540217.809312508,-0.031096837376989206,-24.131911375311454
2022-03-04,5593467.4466446135,5493467.4466446135,-0.008288751294445729,-24.760763093106462
2022-03-07,5332089.57302325,5232089.57302325,-0.04672913110063015,-28.27662725844007
2022-03-08,5430742.6874281885,5330742.6874281885,0.018501773658127663,-26.949617649978208
2022-03-09,5675003.912844311,5575003.912844311,0.044977499298866075,-23.663994129048216
2022-03-10,5567176.778744886,5467176.778744886,-0.01900036295224028,-25.114405946920648
2022-03-11,5348409.370418271,5248409.370418271,-0.039295933472393796,-28.05710526887114
2022-03-14,5199195.427593322,5099195.427593322,-0.02789875129047581,-30.064222196091784
2022-03-15,5486032.38433986,5386032.38433986,0.05516948934526078,-26.20590104768654
2022-03-16,5721428.518859574,5621428.518859574,0.042908265578537774,-23.039524251711775
2022-03-17,5820743.119587343,5720743.119587343,0.01735835734037372,-21.70361681258782
2022-03-18,6060938.405272486,5960938.405272486,0.041265398721490154,-18.47268534190868
2022-03-21,6121800.775154071,6021800.775154071,0.01004174037285055,-17.654009214816433
2022-03-22,6347428.646334872,6247428.646334872,0.0368564544106913,-14.61902795953911
2022-03-23,6280448.740856021,6180448.740856021,-0.010552289629522149,-15.519992705360174
2022-03-24,6518746.601652289,6418746.601652289,0.03794280801084726,-12.314584007824681
2022-03-25,6457358.348435665,6357358.348435665,-0.009417186610853112,-13.140333933273274
2022-03-28,6781792.331292416,6681792.331292416,0.05024252416397923,-8.7762850620406
2022-03-29,6836460.150105962,6736460.150105962,0.008060969157268172,-8.040933509514293
2022-03-30,6713530.136967314,6613530.136967314,-0.01798152997889435,-9.694498220444103
2022-03-31,6622718.913083611,6522718.913083611,-0.013526598083422825,-10.916024447737971
2022-04-01,6610789.881222017,6510789.881222017,-0.0018012287729782805,-11.076485067714003
2022-04-04,6860731.536124806,6760731.536124806,0.03780813781614056,-7.714452560058516
2022-04-05,6545898.998486837,6445898.998486837,-0.04588906240977875,-11.949349806050591
2022-04-06,6288884.321247021,6188884.321247021,-0.03926346515569956,-15.406523441877418
2022-04-07,6345389.023525149,6245389.023525149,0.008984853177729235,-14.646463475209003
2022-04-08,6151058.939598529,6051058.939598529,-0.03062540109143075,-17.260449765852815
2022-04-11,5890692.131557593,5790692.131557593,-0.04232877795476453,-20.762713815791113
2022-04-12,5890406.305272961,5790406.305272961,-4.852168102642551e-05,-20.76655854211674
2022-04-13,6072072.741474867,5972072.741474867,0.0308410705114317,-18.322914387250766
2022-04-14,5851180.917293079,5751180.917293079,-0.03637832311740963,-21.29418979895967
2022-04-18,5959799.931275172,5859799.931275172,0.01856360545288749,-19.83312619153772
2022-04-19,6092738.971464189,5992738.971464189,0.022305956864658194,-18.04492736239166
2022-04-20,5819637.376308646,5719637.376308646,-0.04482410889989463,-21.71849046319859
2022-04-21,5805368.590463434,5705368.590463434,-0.0024518341818511313,-21.910423744087826
2022-04-22,5788774.297368573,5688774.297368573,-0.0028584391906003592,-22.133638049235106
2022-04-25,5837796.212012602,5737796.212012602,0.008468444635389094,-21.474231074095883
2022-04-26,5348510.536294218,5248510.536294218,-0.08381342170039552,-28.0557444594305
2022-04-27,5360420.739832578,5260420.739832578,0.0022268262271409878,-27.895537104300626
2022-04-28,5500619.866002744,5400619.866002744,0.026154500360086486,-26.00968090353122
2022-04-29,5284675.602203555,5184675.602203555,-0.03925816890817313,-28.91440534819002
2022-05-02,5512698.250012467,5412698.250012467,0.04314789874970426,-25.847211307591213
2022-05-03,5518440.000601136,5418440.000601136,0.0010415499503635406,-25.769977474209316
2022-05-04,5726669.813900957,5626669.813900957,0.03773345606315148,-22.969022180665643
2022-05-05,5305590.117920286,5205590.117920286,-0.07352959218262234,-28.633078565149926
2022-05-06,5287922.228146,5187922.228146,-0.0033300517721130962,-28.87073410834431
2022-05-09,4898747.509996412,4798747.509996412,-0.07359690656532902,-34.10562804423293
2022-05-10,5020589.977730008,4920589.977730008,0.02487216732133324,-32.46669219941493
2022-05-11,4680751.821619833,4580751.821619833,-0.06768888867993716,-37.03794675331666
2022-05-12,4636083.928652851,4536083.928652851,-0.00954288855065255,-37.63878661037001
2022-05-13,4890691.292235022,4790691.292235022,0.054918626905910095,-34.213994398825086
2022-05-16,4683329.542542793,4583329.542542793,-0.04239927186192649,-37.00327313501952
2022-05-17,4878324.442640627,4778324.442640627,0.041635955430111116,-34.38034422302631
2022-05-18,4564245.2557620965,4464245.2557620965,-0.06438259500192656,-38.60510794508104
2022-05-19,4555546.178001147,4455546.178001147,-0.0019059181252294444,-38.722121582645016
2022-05-20,4390603.74967644,4290603.74967644,-0.036206949041855396,-40.9408066038952
2022-05-23,4467683.771795872,4367683.771795872,0.01755567719476203,-39.90398246925015
2022-05-24,4247399.536535444,4147399.5365354437,-0.04930613859715516,-42.867085038758376
2022-05-25,4419649.101970095,4319649.101970095,0.04055412351792875,-40.550109748480864
2022-05-26,4646537.631777776,4546537.631777776,0.05133632208641714,-37.49817103452673
2022-05-27,4896272.640309318,4796272.640309318,0.053746472819588886,-34.13891818285932
2022-05-31,4856389.301933067,4756389.301933067,-0.008145653092906935,-34.6753997076653
2022-06-01,4776019.900565167,4676019.900565167,-0.016549208963933193,-35.75647016838857
2022-06-02,4980872.17219381,4880872.17219381,0.04289183795159701,-33.00094709741251
2022-06-03,4661778.910867492,4561778.910867492,-0.0640637322731723,-37.29315648511997
2022-06-06,4702139.022545165,4602139.022545165,0.008657663190244191,-36.750261754244804
2022-06-07,4722860.460139163,4622860.460139163,0.0044068109204438155,-36.4715321170282
2022-06-08,4713330.210366892,4613330.210366892,-0.0020178978084799404,-36.59972607314532
2022-06-09,4650591.756133585,4550591.756133585,-0.013310854837905062,-37.44363791606911
2022-06-10,4499600.311648313,4399600.311648313,-0.03246714663486261,-39.47466449679165
2022-06-13,4228096.59128277,4128096.59128277,-0.0603395194152444,-43.126734153501666
2022-06-14,4318294.286024461,4218294.286024461,0.021332931449024706,-41.913460671916155
2022-06-15,4518332.352781919,4418332.352781919,0.04632339843184208,-39.22269476709447
2022-06-16,4218217.79220699,4118217.7922069896,-0.0664215328007356,-43.25961654016223
2022-06-17,4323137.572301947,4223137.572301947,0.02487301160428279,-41.84831232393421
2022-06-21,4557657.073314264,4457657.073314264,0.05424752210405437,-38.69372736133877
2022-06-22,4535037.794425877,4435037.794425877,-0.004962918123179283,-38.99798537288175
2022-06-23,4551982.066139008,4451982.066139008,0.0037363022054541783,-38.770063411093304
2022-06-24,4735561.182298508,4635561.182298508,0.04032949020715537,-36.30069128304626
2022-06-27,4680481.023399664,4580481.023399664,-0.011631178814610732,-37.041589333100234
2022-06-28,4452981.315174458,4352981.315174458,-0.04860605290093922,-40.10174917253463
2022-06-29,4399286.721743885,4299286.721743885,-0.012058122329774101,-40.824009608351695
2022-06-30,4316261.125906408,4216261.125906408,-0.01887251299787207,-41.94080925618003
2022-07-01,4311968.094165796,4211968.094165796,-0.0009946181696108836,-41.99855598220674
2022-07-05,4472041.072981542,4372041.072981542,0.03712295066197924,-39.84537123761065
2022-07-06,4486032.803408181,4386032.803408181,0.0031287124152710177,-39.657164703765744
2022-07-07,4660256.371660519,4560256.371660519,0.03883689127729406,-37.31363657000223
2022-07-08,4709692.052002937,4609692.052002937,0.01060793149558048,-36.64866392102976
2022-07-11,4493630.783974236,4393630.783974236,-0.04587588013038224,-39.554962221088154
2022-07-12,4463725.236864073,4363725.236864073,-0.0066550966351788254,-39.95722978862385
2022-07-13,4493875.091724009,4393875.091724009,0.006754415484837795,-39.551675971755564
2022-07-14,4586234.248002896,4486234.248002896,0.020552230401102323,-38.3093280889666
2022-07-15,4614640.439184713,4514640.439184713,0.006193794221083904,-37.92722876178926
2022-07-18,4602927.8795237,4502927.8795237,-0.002538130503420666,-38.08477755590081
2022-07-19,4734217.92791269,4634217.92791269,0.028523160002797088,-36.318759759519004
2022-07-20,4829244.286339426,4729244.286339426,0.02007223999268537,-35.04053462238023
2022-07-21,5091149.8391405605,4991149.8391405605,0.05423323759826992,-31.517572502299174
2022-07-22,5016795.238544986,4916795.238544986,-0.014604677321405801,-32.517736258089656
2022-07-25,4941851.768377369,4841851.768377369,-0.01493851484944242,-33.52582105707218
2022-07-26,4797548.550336379,4697548.550336379,-0.029200231978704583,-35.46688250279959
2022-07-27,5091069.259534073,4991069.259534073,0.061181394230416686,-31.51865640028556
2022-07-28,5162123.842510326,5062123.842510326,0.01395671112570085,-30.562882070164488
2022-07-29,5374367.746410005,5274367.746410005,0.04111561643520467,-27.70793216299531
2022-08-01,5391302.917550761,5291302.917550761,0.0031511001739821243,-27.480132615456586
2022-08-02,5429924.172280105,5329924.172280105,0.007163621729288527,-26.960627717655548
2022-08-03,5562213.472338147,5462213.472338147,0.024363010580034095,-25.18116871798175
2022-08-04,5606668.271736309,5506668.271736309,0.007992285736468485,-24.58319523990723
2022-08-05,5427689.198265115,5327689.198265115,-0.031922536664678924,-26.99069095499421
2022-08-08,5315625.729687764,5215625.729687764,-0.020646625936719065,-28.498086848744776
2022-08-09,5203152.177740453,5103152.177740453,-0.02115904272927771,-30.01099888433728
2022-08-10,5380495.225452617,5280495.225452617,0.03408377107839611,-27.625509792305426
2022-08-11,5273387.220115128,5173387.220115128,-0.01990671877763417,-29.06624841554464
2022-08-12,5492389.904801124,5392389.904801124,0.0415297939530439,-26.120384327925816
2022-08-15,5661039.802229423,5561039.802229423,0.03070610432825882,-23.851829141367432
2022-08-16,5609609.75940191,5509609.75940191,-0.009084911010033725,-24.54362849719495
2022-08-17,5559556.446592975,5459556.446592975,-0.008922779828854144,-25.2169090867987
2022-08-18,5587894.440894997,5487894.440894997,0.0050971681957447945,-24.83572709421644
2022-08-19,5461007.5342577025,5361007.5342577025,-0.022707463066709455,-26.542517045160597
2022-08-22,5315781.491181862,5215781.491181862,-0.026593269129334907,-28.495991658942177
2022-08-23,5360908.282063351,5260908.282063351,0.008489211032535637,-27.888979042462758
2022-08-24,5374006.234995734,5274006.234995734,0.002443233915455423,-27.71279495038118
2022-08-25,5420491.902711606,5320491.902711606,0.008650095605240438,-27.08750371566636
2022-08-26,5189071.525910601,5089071.525910601,-0.042693611752327554,-30.200401523922725
2022-08-29,5117826.440632013,5017826.440632013,-0.013729832961993371,-31.158738351813465
2022-08-30,5036830.265316789,4936830.265316789,-0.015826284117837597,-32.248239717688065
2022-08-31,4988307.0736347865,4888307.0736347865,-0.00963367616656241,-32.90093823596242
2022-09-01,4935933.495528446,4835933.495528446,-0.010499269057263172,-33.60542933891297
2022-09-02,4818741.970859863,4718741.970859863,-0.023742525051188124,-35.18180409609671
2022-09-06,4838818.066152764,4738818.066152764,0.004166252398303483,-34.911755131958365
2022-09-07,4976008.007039268,4876008.007039268,0.028351952689880777,-33.06637629279228
2022-09-08,5029861.146024721,4929861.146024721,0.010822558747749289,-32.34198321802128
2022-09-09,5154215.087641181,5054215.087641181,0.024723136087910103,-30.66926486168231
2022-09-12,5215846.902530134,5115846.902530134,0.011957555872422532,-29.840238722589753
2022-09-13,4969402.515908018,4869402.515908018,-0.04724916034298654,-33.15522853281176
2022-09-14,5098860.982183562,4998860.982183562,0.0260511129579708,-31.413847840670307
2022-09-15,5083507.129335948,4983507.129335948,-0.003011231900862388,-31.620376650009874
2022-09-16,5120047.14528529,5020047.14528529,0.0071879541072099595,-31.128867055501843
2022-09-19,5205296.419549519,5105296.419549519,0.016650095564594514,-29.982156110334056
2022-09-20,5205204.864181887,5105204.864181887,-1.758888644420864e-05,-29.9833876462393
2022-09-21,5130373.14451866,5030373.14451866,-0.01437632554640833,-30.98996925909363
2022-09-22,4983499.865452577,4883499.865452577,-0.02862818647470189,-32.96560128776921
2022-09-23,4861495.717685987,4761495.717685987,-0.024481619556642742,-34.60671193425034
2022-09-26,4900546.507597792,4800546.507597792,0.008032669815945637,-34.081429243039175
2022-09-27,4986876.381668186,4886876.381668186,0.017616376854407534,-32.92018285888061
2022-09-28,5048440.738745575,4948440.738745575,0.012345274349230051,-32.09206411297731
2022-09-29,4793211.730276706,4693211.730276706,-0.05055600762232337,-35.525218237297885
2022-09-30,4732191.637126347,4632191.637126347,-0.01273052320324608,-36.34601594255218
2022-10-03,4556727.122328971,4456727.122328971,-0.037078911475345144,-38.706236382471324
2022-10-04,4687666.176710764,4587666.176710764,0.02873532929811895,-36.94493990100057
2022-10-05,4629825.85805051,4529825.85805051,-0.012338830556581803,-37.7229656032972
2022-10-06,4612197.614665585,4512197.614665585,-0.0038075391873050313,-37.960087852231794
2022-10-07,4324270.649541297,4224270.649541297,-0.062427282865928135,-41.833070996857856
2022-10-10,4281176.853757761,4181176.8537577614,-0.009965563970448232,-42.41273724880319
2022-10-11,4215141.7017841395,4115141.7017841395,-0.015424532606182817,-43.30099386080985
2022-10-12,4224024.020604531,4124024.0206045313,0.002107240858980397,-43.181515398409765
2022-10-13,4335808.105462788,4235808.105462788,0.026463884748993083,-41.677877570300836
2022-10-14,4086033.770444557,3986033.770444557,-0.05760733153838937,-45.03765941313106
2022-10-17,4289699.393442375,4189699.3934423747,0.049844331799455244,-42.2980982724445
2022-10-18,4325734.438127423,4225734.438127423,0.00840036594175686,-41.813381182397734
2022-10-19,4351576.923760109,4251576.923760109,0.0059741267066484305,-41.465766948949934
2022-10-20,4199811.881255472,4099811.881255472,-0.03487587262354985,-43.50719940495553
2022-10-21,4320837.042235123,4220837.042235123,0.02881680522877894,-41.879257373379886
2022-10-24,4318329.676101188,4218329.676101188,-0.0005802963892009849,-41.91298463046379
2022-10-25,4472110.230820849,4372110.230820849,0.03561111963515051,-39.844440976890404
2022-10-26,4392275.089549778,4292275.089549778,-0.017851782972804098,-40.91832496117866
2022-10-27,4381035.685307345,4281035.685307345,-0.0025589026218265642,-41.069509214337415
2022-10-28,4516842.351203205,4416842.351203205,0.03099875820489517,-39.24273717957686
2022-10-31,4475588.737088011,4375588.737088011,-0.009133286244583094,-39.79765065235314
2022-11-01,4442047.755735954,4342047.755735954,-0.007494205415727984,-40.24881942487384
2022-11-02,4253462.0015020985,4153462.0015020985,-0.04245468860399748,-42.785537189912034
2022-11-03,4275141.554719768,4175141.5547197685,0.00509691945291002,-42.49391968142749
2022-11-04,4202098.58983423,4102098.58983423,-0.017085507918421783,-43.47644027206786
2022-11-07,4115170.6007502098,4015170.6007502098,-0.020686803801871156,-44.645732062342944
2022-11-08,4070027.1769018243,3970027.1769018243,-0.01097000057303954,-45.25296841333923
2022-11-09,3850883.59382847,3750883.59382847,-0.05384327267322331,-48.20072776310938
2022-11-10,4197769.519170534,4097769.519170534,0.09007956664750716,-43.53467176735401
2022-11-11,4319787.978834177,4219787.978834177,0.029067450965662767,-41.893368607691514
2022-11-14,4222181.166603534,4122181.1666035336,-0.02259527845090814,-43.20630412384501
2022-11-15,4292755.031959981,4192755.0319599807,0.016715025379457904,-42.25699605588187
2022-11-16,4159343.2238101363,4059343.2238101363,-0.03107836509574402,-44.051554214182154
2022-11-17,4117420.8168482063,4017420.8168482063,-0.010079092949565993,-44.61546379964116
2022-11-18,4077422.966751511,3977422.966751511,-0.009714297341924971,-45.15348565243607
2022-11-21,3957779.994591683,3857779.994591683,-0.029342791546383973,-46.76283548998239
2022-11-22,4032850.276517871,3932850.276517871,0.018967775376289575,-45.7530449118858
2022-11-23,4206764.762611044,4106764.7626110436,0.04312445892321537,-43.4136743254789
2022-11-25,4167640.2794659557,4067640.2794659557,-0.009300373411135099,-43.93994828421606
2022-11-28,4136176.399634296,4036176.399634296,-0.007549567074366492,-44.36317740483682
2022-11-29,4122911.434875753,4022911.434875753,-0.0032070597278481827,-44.54160801796721
2022-11-30,4393458.666980649,4293458.666980649,0.06562043264289752,-40.90240434242681
2022-12-01,4384812.162398118,4284812.162398118,-0.001968040497914547,-41.0187108040103
2022-12-02,4372006.460094878,4272006.460094878,-0.00292046770282528,-41.19096375417818
2022-12-05,4230914.323066087,4130914.3230660874,-0.03227171284319852,-43.088832084488594
2022-12-06,4163578.7721256996,4063578.7721256996,-0.015915129874714773,-43.99458071318566
2022-12-07,4108008.7158113355,4008008.7158113355,-0.013346704687417943,-44.7420685053018
2022-12-08,4185073.173160689,4085073.173160689,0.018759565200711315,-43.70545373657057
2022-12-09,4233236.739244183,4133236.7392441826,0.011508416720733106,-43.057592639066435
2022-12-12,4197162.894207482,4097162.894207482,-0.008521575158383699,-43.54283164309193
2022-12-13,4152678.3951095827,4052678.3951095827,-0.010598706845353245,-44.141204619825544
2022-12-14,4074422.528602747,3974422.528602747,-0.018844673018501568,-45.19384535397233
2022-12-15,4005843.787731937,3905843.787731937,-0.01683152407227817,-46.11631646520594
2022-12-16,3901257.9079143777,3801257.9079143777,-0.02610832707402566,-47.523129298885635
2022-12-19,3841618.116831384,3741618.116831384,-0.01528732334306937,-48.32536018932602
2022-12-20,3703986.731762008,3603986.731762008,-0.0358264098314115,-50.1766770130738
2022-12-21,3751520.8169851652,3651520.8169851652,0.012833222326513294,-49.537283232136886
2022-12-22,3521591.6137250494,3421591.6137250494,-0.061289598132869716,-52.63012286353204
2022-12-23,3479677.375386835,3379677.375386835,-0.01190207239671337,-53.1939225706337
2022-12-27,3240365.5560790966,3140365.5560790966,-0.06877414009715033,-56.412970297159006
2022-12-28,3239504.3401179044,3139504.3401179044,-0.00026577740884092815,-56.4245547449725
2022-12-29,3399578.880141559,3299578.880141559,0.04941328154474056,-54.271349000148405
2022-12-30,3408604.6412932714,3308604.6412932714,0.0026549644735223143,-54.149941056321694
2023-01-03,3253681.6985834776,3153681.6985834776,-0.045450546195059394,-56.23385127838755
2023-01-04,3296997.2431274643,3196997.2431274643,0.013312778740109943,-55.651202224149976
2023-01-05,3218832.3763679145,3118832.3763679145,-0.023707895698876658,-56.7026188961904
2023-01-06,3301577.346221772,3201577.346221772,0.02570651720212469,-55.58959402403838
2023-01-09,3409117.5785820577,3309117.5785820577,0.03257238013319652,-54.143041398719774
2023-01-10,3445244.0429095095,3345244.0429095095,0.01059701330174656,-53.65709459844437
2023-01-11,3527363.756055034,3427363.756055034,0.023835673793422885,-52.55248022265343
2023-01-12,3564324.126942651,3464324.126942651,0.010478185252136507,-52.055316320671984
2023-01-13,3604794.198140667,3504794.198140667,0.011354206227234931,-51.510942494677344
2023-01-17,3752843.254280104,3652843.254280104,0.041070043947529555,-49.51949477195945
2023-01-18,3703159.3109502546,3603159.3109502546,-0.013239013719314019,-50.18780687323139
2023-01-19,3637543.794801548,3537543.794801548,-0.017718793775542196,-51.07041885075208
2023-01-20,3799665.539188984,3699665.539188984,0.04456901511924771,-48.889675608732794
2023-01-23,4010592.244748582,3910592.244748582,0.05551191371560016,-46.05244369114844
2023-01-24,4014839.6585344775,3914839.6585344775,0.001059049019868974,-45.99531058451522
2023-01-25,4029454.141779565,3929454.141779565,0.0036401162905772555,-45.798727234806336
2023-01-26,4229104.834316721,4129104.834316721,0.049547825961603564,-43.113172004939116
2023-01-27,4445651.979301952,4345651.979301952,0.05120401443541356,-40.20033804309513
2023-01-30,4234281.0826468505,4134281.0826468505,-0.04754553384727389,-43.04354489472269
2023-01-31,4344146.223175283,4244146.223175283,0.025946586535949834,-41.565719303552676
2023-02-01,4540531.576103762,4440531.576103762,0.045206892871330284,-38.92408703609513
2023-02-02,4716483.40743232,4616483.40743232,0.03875137269269735,-36.5573115702841
2023-02-03,4690378.20688321,4590378.20688321,-0.005534886544490525,-36.908459652820035
2023-02-06,4739038.571194194,4639038.571194194,0.010374507590789728,-36.2539159885736
2023-02-07,4867695.531412772,4767695.531412772,0.027148325189967126,-34.52331657024443
2023-02-08,4896321.119723331,4796321.119723331,0.005880726952996351,-34.13826607320626
2023-02-09,4951947.092070559,4851947.092070559,0.011360768827672674,-33.39002613947427
2023-02-10,4741539.54466216,4641539.54466216,-0.04248986176474301,-36.22027472096116
2023-02-13,4780026.445887893,4680026.445887893,0.008116963037682723,-35.70257704831764
2023-02-14,5014723.0986475535,4914723.0986475535,0.04909944650234355,-32.545609169862956
2023-02-15,5078043.92499624,4978043.92499624,0.012626983604690833,-31.693863682786414
2023-02-16,4886566.961338303,4786566.961338303,-0.03770683485335913,-34.26947188437063
2023-02-17,4903486.405035594,4803486.405035594,0.003462439751906521,-34.04188389090926
2023-02-21,4720707.413428997,4620707.413428997,-0.03727531321773292,-36.50049332812721
2023-02-22,4773867.532118585,4673867.532118585,0.011261049252568212,-35.78542225598147
2023-02-23,5030213.882375119,4930213.882375119,0.05369783483346269,-32.3372384663826
2023-02-24,4953768.625937202,4853768.625937202,-0.01519721789679096,-33.36552419690759
2023-02-27,5064115.197372584,4964115.197372584,0.022275277625527945,-31.88122274896218
2023-02-28,5034017.028070275,4934017.028070275,-0.0059434211366132805,-32.28608132947625
2023-03-01,4946510.570523767,4846510.570523767,-0.017383027720915822,-33.46315425481781
2023-03-02,4889731.076899448,4789731.076899448,-0.0114786965103576,-34.22691051388323
2023-03-03,5032123.625274368,4932123.625274368,0.029120732027089202,-32.311550000364264
2023-03-06,4975422.5364926215,4875422.5364926215,-0.011267825078255078,-33.07425161477837
2023-03-07,4918172.241452823,4818172.241452823,-0.011506619713178456,-33.84434075046698
2023-03-08,4964204.553834986,4864204.553834986,0.009359638118034752,-33.22514772043134
2023-03-09,4799483.191838516,4699483.191838516,-0.03318182403849945,-35.440859118968774
2023-03-10,4754198.956292311,4654198.956292311,-0.009435231614772777,-36.049989566032046
2023-03-13,4754869.120878231,4654869.120878231,0.0001409626715418444,-36.04097500171615
2023-03-14,4936044.194547272,4836044.194547272,0.03810306215864423,-33.60394029660026
2023-03-15,4967670.22313422,4867670.22313422,0.006407160742580853,-33.17853006940658
2023-03-16,5134210.219844729,5034210.219844729,0.03352476900236656,-30.938355725584856
2023-03-17,5103210.836128952,5003210.836128952,-0.006037809592594812,-31.355336783865294
2023-03-20,5121199.572041356,5021199.572041356,0.0035249838758473206,-31.113365452865448
2023-03-21,5314962.922639259,5214962.922639259,0.037835539871504675,-28.507002444843565
2023-03-22,5263579.626496814,5163579.626496814,-0.009667667844600825,-29.19817299842168
2023-03-23,5327885.709537247,5227885.709537247,0.012217176827099996,-28.333174558261643
2023-03-24,5318333.082911614,5218333.082911614,-0.0017929488630983315,-28.461669511459277
2023-03-27,5269670.785801322,5169670.785801322,-0.009149915274515141,-29.116239174309687
2023-03-28,5207374.578851674,5107374.578851674,-0.011821650627113267,-29.954202229926853
2023-03-29,5306229.452120813,5206229.452120813,0.018983630190655187,-28.62447870865037
2023-03-30,5350081.843008118,5250081.843008118,0.008264322393706225,-28.034608389679818
2023-03-31,5517934.555983839,5417934.555983839,0.03137385892424871,-25.776776345869322
2023-04-03,5373961.390855763,5273961.390855763,-0.026091858043504,-27.71339816098415
2023-04-04,5316591.220852871,5216591.220852871,-0.010675582839227649,-28.485099767082822
2023-04-05,5188115.452572958,5088115.452572958,-0.024165064219344723,-30.2132619238513
2023-04-06,5219401.360269352,5119401.360269352,0.006030302907171992,-29.792426754348654
2023-04-10,5266375.979891548,5166375.979891548,0.009000001413911551,-29.160558495870493
2023-04-11,5220629.925063913,5120629.925063913,-0.008686439214045105,-29.775900998453018
2023-04-12,5084966.772643411,4984966.772643411,-0.025985973793927086,-31.60074259480936
2023-04-13,5138488.599436288,5038488.599436288,0.010525501775315194,-30.880806089560775
2023-04-14,5149238.987017235,5049238.987017235,0.0020921302777876516,-30.736199731204472
2023-04-17,5206893.138014704,5106893.138014704,0.011196635297532787,-29.960678220273618
2023-04-18,5232681.334630799,5132681.334630799,0.004952703259419433,-29.61379424300764
2023-04-19,5249638.131960881,5149638.131960881,0.00324055608314211,-29.38570379577252
2023-04-20,5014446.179275567,4914446.179275567,-0.04480155522595297,-32.54933408690802
2023-04-21,5064648.2481314875,4964648.2481314875,0.0100114882204545,-31.87405253965728
2023-04-24,5027726.506735317,4927726.506735317,-0.00729008997017544,-32.370696825946624
2023-04-25,4949033.156585237,4849033.156585237,-0.015651875662819004,-33.42922227039
2023-04-26,4973832.693343222,4873832.693343222,0.005010986181207322,-33.0956370231147
2023-04-27,5095421.638913289,4995421.638913289,0.02444572486983665,-31.46011137319009
2023-04-28,5161550.023370486,5061550.023370486,0.012978000476384643,-30.570600665939995
2023-05-01,5207962.348244319,5107962.348244319,0.008991935496834635,-29.946295985544158
2023-05-02,5162624.804123756,5062624.804123756,-0.008705428551311845,-30.556143500596743
2023-05-03,5126753.848054093,5026753.848054093,-0.006948201240773777,-31.038653390490023
2023-05-04,5091226.739724192,4991226.739724192,-0.006929747240231987,-31.51653809183995
2023-05-05,5252030.357640194,5152030.357640194,0.0315844542261956,-29.353525323950258
2023-05-08,5275114.360583719,5175114.360583719,0.004395253144328093,-29.043016183994652
2023-05-09,5210916.599389909,5110916.599389909,-0.012169927854740581,-29.90655755782543
2023-05-10,5246470.973789962,5146470.973789962,0.0068230557372988,-29.428306093223323
2023-05-11,5298481.28722794,5198481.28722794,0.009913390105045439,-28.728701361151586
2023-05-12,5251977.045823133,5151977.045823133,-0.008776900187777659,-29.354242435558053
2023-05-15,5270134.216623353,5170134.216623353,0.003457206808369584,-29.110005441523835
2023-05-16,5288010.2444583345,5188010.2444583345,0.0033919492559784103,-28.8695501772249
2023-05-17,5451618.968293512,5351618.968293512,0.030939562571126622,-26.668805174220765
2023-05-18,5637379.947496302,5537379.947496302,0.03407446123494173,-24.1700842188178
2023-05-19,5631415.285006637,5531415.285006637,-0.0010580557892527764,-24.250316500208623
2023-05-22,5706498.043154621,5606498.043154621,0.013332839854288236,-23.240358101092895
2023-05-23,5620865.016975107,5520865.016975107,-0.015006230709609603,-24.392230996614906
2023-05-24,5614988.457335638,5514988.457335638,-0.0010454902620364859,-24.471278182842248
2023-05-25,6270776.905274233,6170776.905274233,0.11679248371060269,-15.650091170329205
2023-05-26,6463984.791772999,6363984.791772999,0.03081083722437361,-13.051199859487461
2023-05-30,6632674.810372221,6532674.810372221,0.02609690833646794,-10.782104992254638
2023-05-31,6468829.220668349,6368829.220668349,-0.02470279252160068,-12.986036141844915
2023-06-01,6623712.806672063,6523712.806672063,0.023943063067556336,-10.902655317431043
2023-06-02,6638990.946552449,6538990.946552449,0.0023065824751635766,-10.697144943602622
2023-06-05,6659240.084052574,6559240.084052574,0.003050032401481051,-10.424768342135838
2023-06-06,6645682.211830195,6545682.211830195,-0.002035948854711922,-10.607138932440229
2023-06-07,6529318.87714056,6429318.87714056,-0.017509614661154416,-12.172373483191311
2023-06-08,6721681.282069581,6621681.282069581,0.02946132798054779,-9.584854972626545
2023-06-09,6826634.5565756485,6726634.5565756485,0.015614140287495637,-8.173100214054873
2023-06-12,6972088.809848333,6872088.809848333,0.021306875601327935,-6.216555883460129
2023-06-13,7153623.901932611,7053623.901932611,0.02603740385920683,-3.774678473690418
2023-06-14,7291293.880815456,7191293.880815456,0.019244788483449904,-1.9228425141646355
2023-06-15,7254112.380131086,7154112.380131086,-0.005099437945053853,-2.42298089259092
2023-06-16,7256731.477009603,7156731.477009603,0.0003610499453647886,-2.3877507151733313
2023-06-20,7495929.927707775,7395929.927707775,0.032962284942744224,0.0
2023-06-21,7249531.150181068,7149531.150181068,-0.032871008654433154,-3.2871008654433154
2023-06-22,7314192.355496454,7214192.355496454,0.00891936374585689,-2.424483339145822
2023-06-23,7185275.192169344,7085275.192169344,-0.01762561839520549,-4.144312160525054
2023-06-26,6871286.39558219,6771286.39558219,-0.04369892428467392,-8.333102605677611
2023-06-27,7090512.56732085,6990512.56732085,0.031904676812715804,-5.408499869887384
2023-06-28,7134687.267903181,7034687.267903181,0.006230113854663433,-4.819184054393377
2023-06-29,7121388.830140445,7021388.830140445,-0.0018639131980684454,-4.996592833437308
2023-06-30,7299061.435564289,7199061.435564289,0.024949151024006078,-2.6263384802436063
2023-07-03,7471772.25617663,7371772.25617663,0.02366205876427019,-0.3222771792709578
2023-07-05,7504961.837278193,7404961.837278193,0.004441995816203637,0.0
2023-07-06,7471962.37568373,7371962.37568373,-0.004397019240064637,-0.4397019240064637
2023-07-07,7448085.395260321,7348085.395260321,-0.0031955434493503576,-0.7578511823385758
2023-07-10,7351005.073752159,7251005.073752159,-0.013034265365692521,-2.051399685489519
2023-07-11,7361432.199496642,7261432.199496642,0.001418462596592951,-1.912463259554753
2023-07-12,7477907.271103283,7377907.271103283,0.015822338432269545,-0.3604890572597719
2023-07-13,7682738.624014981,7582738.624014981,0.02739153422017182,0.0
2023-07-14,7712312.289230637,7612312.289230637,0.003849365006797667,0.0
2023-07-17,7886790.49231231,7786790.49231231,0.02262333221714985,0.0
2023-07-18,8014208.826080379,7914208.826080379,0.01615591714934861,0.0
2023-07-19,7955039.483324071,7855039.483324071,-0.007383054776880171,-0.7383054776880171
2023-07-20,7533809.324382376,7433809.324382376,-0.052951359930357156,-5.994347191636118
2023-07-21,7426468.110732909,7326468.110732909,-0.014247933419560876,-7.333733473912041
2023-07-24,7515144.189112155,7415144.189112155,0.011940545230523236,-6.22724772711355
2023-07-25,7580708.198373141,7480708.198373141,0.008724251672506123,-5.409150636261328
2023-07-26,7557672.91209151,7457672.91209151,-0.0030386720711098603,-5.696581208405482
2023-07-27,7487331.51156228,7387331.51156228,-0.009307282988747834,-6.574289813905265
2023-07-28,7702737.954175831,7602737.954175831,0.028769454415222606,-3.8864831034966185
2023-07-31,7681668.866089188,7581668.866089188,-0.0027352726020259954,-4.149379772947981
2023-08-01,7661538.455391161,7561538.455391161,-0.002620577774042343,-4.400563777943178
2023-08-02,7410099.613622519,7310099.613622519,-0.032818322747138695,-7.5379769303231425
2023-08-03,7484691.323736383,7384691.323736383,0.01006622231862253,-6.607233650074162
2023-08-04,7448982.944053475,7348982.944053475,-0.004770855355071935,-7.052797029539681
2023-08-07,7485556.8618636485,7385556.8618636485,0.004909921003292128,-6.596433605477758
2023-08-08,7454875.982223274,7354875.982223274,-0.004098676986435401,-6.979264653509976
2023-08-09,7182907.375754018,7082907.375754018,-0.03648197597354885,-10.372844885462474
2023-08-10,7190402.654628796,7090402.654628796,0.0010434881702745535,-10.27932000936509
2023-08-11,7056345.871785411,6956345.871785411,-0.018643849208790364,-11.95205883802062
2023-08-14,7286482.0536647495,7186482.0536647495,0.03261407335481259,-9.080456826223593
2023-08-15,7228588.637605699,7128588.637605699,-0.007945317868440105,-9.802841497192617
2023-08-16,7128554.357761573,7028554.357761573,-0.013838701420040955,-11.051053042649073
2023-08-17,7042163.023520466,6942163.023520466,-0.012119053864973917,-12.129030122057916
2023-08-18,7015473.48503811,6915473.48503811,-0.003789963168022936,-12.462057861433774
2023-08-21,7477540.845205925,7377540.845205925,0.06586403058229284,-6.696456163308251
2023-08-22,7396836.553111516,7296836.553111516,-0.010792892177399649,-7.703471251706951
2023-08-23,7574217.553915333,7474217.553915333,0.02398065707281316,-5.490139846783093
2023-08-24,7484178.021237947,7384178.021237947,-0.011887634866104668,-6.613638555531143
2023-08-25,7510930.944541723,7410930.944541723,0.003574597401058366,-6.279819910617446
2023-08-28,7580929.530780964,7480929.530780964,0.009319561949921784,-5.406388886316627
2023-08-29,7941711.974355532,7841711.974355532,0.047590792410043825,-0.9046039764888936
2023-08-30,7956421.511526063,7856421.511526063,0.0018521871881063134,-0.7210607535738323
2023-08-31,7979359.917040504,7879359.917040504,0.002883005316047127,-0.43483904395488215
2023-09-01,7818652.7384504825,7718652.7384504825,-0.02014035966053107,-2.4401171952682987
2023-09-05,7965553.560228187,7865553.560228187,0.01878850828804257,-0.6071125286111201
2023-09-06,7786907.117846642,7686907.117846642,-0.022427373192683286,-2.8362339086303368
2023-09-07,7711527.215264251,7611527.215264251,-0.009680339246583403,-3.776812126870477
2023-09-08,7612861.273594497,7512861.273594497,-0.012794604611451654,-5.007949770160591
2023-09-11,7819220.185904695,7719220.185904695,0.027106616670654615,-2.4330366778207657
2023-09-12,7700317.899297385,7600317.899297385,-0.015206412376217449,-3.916680156393104
2023-09-13,7791676.615576418,7691676.615576418,0.01186427852379568,-2.776720888277595
2023-09-14,7833863.0534849,7733863.0534849,0.005414295278136416,-2.250325347258053
2023-09-15,7662720.661382021,7562720.661382021,-0.02184648760572161,-4.385812403022504
2023-09-18,7566633.770852961,7466633.770852961,-0.012539526726233374,-5.584769063801898
2023-09-19,7502312.4774315255,7402312.4774315255,-0.008500648421653989,-6.3873597476397865
2023-09-20,7332008.626897984,7232008.626897984,-0.022700180916997215,-8.51238361748614
2023-09-21,7177393.848427005,7077393.848427005,-0.02108764273732089,-10.441641786649658
2023-09-22,7107606.758800825,7007606.758800825,-0.009723179624798517,-11.312433790460119
2023-09-25,7192067.361931639,7092067.361931639,0.01188312831548144,-10.258548061204397
2023-09-26,7123974.414568427,7023974.414568427,-0.009467784982609473,-11.108200832188086
2023-09-27,7132832.331545245,7032832.331545245,0.0012433953943886689,-10.997673178503897
2023-09-28,7231187.076535415,7131187.076535415,0.013789016819474753,-9.770418596989916
2023-09-29,7323157.951279094,7223157.951279094,0.012718641319917845,-8.622820914678698
2023-10-02,7460989.4884062875,7360989.4884062875,0.018821325177496462,-6.902981313311529
2023-10-03,7382635.514821415,7282635.514821415,-0.010501820664219896,-7.880669507932659
2023-10-04,7605165.6286975425,7505165.6286975425,0.030142367644911516,-5.103974781037657
2023-10-05,7644177.308824759,7544177.308824759,0.005129629258830093,-4.617193353527782
2023-10-06,7733814.040638113,7633814.040638113,0.011726145037200375,-3.4987207287360156
2023-10-09,7694218.36171359,7594218.36171359,-0.005119812645670518,-3.9927891986724195
2023-10-10,7724232.915810619,7624232.915810619,0.0039009230939404116,-3.6182724528727173
2023-10-11,7823858.079388217,7723858.079388217,0.01289774203645222,-2.3751657939422466
2023-10-12,7827492.4538656715,7727492.4538656715,0.0004645245913943441,-2.3298166577227497
2023-10-13,7614433.312447101,7514433.312447101,-0.02721933526915754,-4.988334123916283
2023-10-16,7684891.5834672805,7584891.5834672805,0.009253252097566333,-4.109167227355148
2023-10-17,7524363.179837916,7424363.179837916,-0.020888831271831276,-6.112214653658321
2023-10-18,7265467.777751036,7165467.777751036,-0.0344076164187036,-9.342669558256823
2023-10-19,7052156.510115366,6952156.510115366,-0.029359605487328744,-12.004333014560798
2023-10-20,6879141.257909269,6779141.257909269,-0.024533665972661045,-14.163189315423086
2023-10-23,7017328.354474833,6917328.354474833,0.02008784111049966,-12.438913100959258
2023-10-24,7144479.022406969,7044479.022406969,0.018119526621702686,-10.852347655866868
2023-10-25,6960988.443833764,6860988.443833764,-0.025682849371903904,-13.1419133828801
2023-10-26,6760543.014565568,6660543.014565568,-0.028795541162800697,-15.643038991385483
2023-10-27,6833773.041586284,6733773.041586284,0.010831974127365473,-14.729286572277001
2023-10-30,6809671.82234941,6709671.82234941,-0.0035267807535029894,-15.030017683231367
2023-10-31,6835062.942195613,6735062.942195613,0.003728684804291005,-14.713191401345949
2023-11-01,7045745.092758474,6945745.092758474,0.030823732326184627,-12.084333642146493
2023-11-02,7241284.037702339,7141284.037702339,0.027752770270505156,-9.644430350538613
2023-11-03,7334458.736516112,7234458.736516112,0.012867151506369856,-8.481811546414642
2023-11-06,7401538.859724291,7301538.859724291,0.009145885963500744,-7.644796631231976
2023-11-07,7513631.684955207,7413631.684955207,0.015144529719471223,-6.246120509065856
2023-11-08,7589677.857298939,7489677.857298939,0.010121093970576478,-5.297228684632016
2023-11-09,7483259.890768103,7383259.890768103,-0.014021407565868449,-6.625094838862022
2023-11-10,7699376.142092694,7599376.142092694,0.028879960669441207,-3.92843125029555
2023-11-13,7801295.5152888205,7701295.5152888205,0.013237354730460726,-2.656697815243869
2023-11-14,7992100.408590859,7892100.408590859,0.024458103519870766,-0.2758652534430306
2023-11-15,7948678.5129711125,7848678.5129711125,-0.005433101863068557,-0.817676635727449
2023-11-16,7962667.49971617,7862667.49971617,0.0017599135154642287,-0.6431243243435247
2023-11-17,7937052.59228952,7837052.59228952,-0.003216875177515899,-0.9627429914200847
2023-11-20,8062217.717434796,7962217.717434796,0.015769723545345782,0.0
2023-11-21,8047645.902868922,7947645.902868922,-0.0018074201263954537,-0.18074201263954537
2023-11-22,7907975.148407156,7807975.148407156,-0.017355479620689396,-1.913153110391519
2023-11-24,7781540.818198824,7681540.818198824,-0.015988205303578584,-3.481385756043265
2023-11-27,7835716.011401303,7735716.011401303,0.006962013625344987,-2.809421848577409
2023-11-28,7879453.467882311,7779453.467882311,0.005581807255057303,-2.2669227743285947
2023-11-29,7875806.0263945935,7775806.0263945935,-0.00046290539091131677,-2.3121639426467056
2023-11-30,7722306.293030036,7622306.293030036,-0.019490034778678722,-4.2161032648583845
2023-12-01,7667893.893845653,7567893.893845653,-0.007046133256005893,-4.891009365033705
2023-12-04,7534913.771440297,7434913.771440297,-0.01734245729614059,-6.5404329735996525
2023-12-05,7695449.110890064,7595449.110890064,0.02130553106768751,-4.549227264746058
2023-12-06,7597645.874450862,7497645.874450862,-0.012709230485430378,-5.762333135450836
2023-12-07,7746429.968968833,7646429.968968833,0.019582920417269944,-3.916884404933174
2023-12-08,7838084.577678787,7738084.577678787,0.011831851456362452,-2.7800432537478437
2023-12-11,7700683.1325693885,7600683.1325693885,-0.017529977349400983,-4.484306893419376
2023-12-12,7787378.721013316,7687378.721013316,0.011258168522381595,-3.4089751238934096
2023-12-13,7838816.834829593,7738816.834829593,0.006605318125530113,-2.7709606765157324
2023-12-14,7878526.034526702,7778526.034526702,0.005065713427653051,-2.2784262264569533
2023-12-15,7932624.508219451,7832624.508219451,0.0068665729421555355,-1.6074139121186937
2023-12-18,8027804.210182473,7927804.210182473,0.011998513463532978,-0.42684914323142253
2023-12-19,8018002.556209089,7918002.556209089,-0.0012209632567958817,-0.5484243017909285
2023-12-20,7778861.886271106,7678861.886271106,-0.02982546691168042,-3.5146139820923405
2023-12-21,7916904.983786868,7816904.983786868,0.017745924729605234,-1.8023915843116467
2023-12-22,7851395.862694375,7751395.862694375,-0.008274587256844601,-2.61493626356073
2023-12-26,7925042.620140203,7825042.620140203,0.009380084603268779,-1.701456126618195
2023-12-27,7949310.185271826,7849310.185271826,0.00306213686093626,-1.4004525320471584
2023-12-28,7886217.049061535,7786217.049061535,-0.007936932229313132,-2.183030458141233
2023-12-29,7844027.2615410965,7744027.2615410965,-0.005349813130677061,-2.7063329661993096
2024-01-02,7754783.18465591,7654783.18465591,-0.011377328750850402,-3.8132750014186367
2024-01-03,7625440.632957816,7525440.632957816,-0.016679067437245565,-5.417579874237777
2024-01-04,7633068.167006297,7533068.167006297,0.0010002745304336091,-5.322971488359207
2024-01-05,7712541.347449716,7612541.347449716,0.010411695363463425,-4.33722310957807
2024-01-08,8042164.773107011,7942164.773107011,0.0427386267130081,-0.24872739772854313
2024-01-09,8076361.418201471,7976361.418201471,0.004252169168283304,0.0
2024-01-10,8176464.357835675,8076464.357835675,0.012394559189563337,0.0
2024-01-11,8169705.912451176,8069705.912451176,-0.0008265730869384535,-0.08265730869384535
2024-01-12,8071379.57934129,7971379.57934129,-0.012035480121754483,-1.2852105004735992
2024-01-16,8265494.702452499,8165494.702452499,0.024049807248323285,0.0
2024-01-17,8211842.930187568,8111842.930187568,-0.006491053977569217,-0.6491053977569217
2024-01-18,8281125.181637592,8181125.181637592,0.008436870022846543,0.0
2024-01-19,8471941.11955556,8371941.119555561,0.023042271881251297,0.0
2024-01-22,8450102.323298775,8350102.323298775,-0.002577779513407652,-0.2577779513407652
2024-01-23,8496777.218574528,8396777.218574528,0.005523589359037739,0.0
2024-01-24,8612951.14086381,8512951.14086381,0.013672704285492943,0.0
2024-01-25,8401958.739279673,8301958.7392796725,-0.024497108846129656,-2.4497108846129656
2024-01-26,8328478.063152783,8228478.063152783,-0.008745660197468363,-3.3028525653809426
2024-01-29,8525525.40720339,8425525.40720339,0.02365946605807756,-1.015049687738645
2024-01-30,8522075.454222236,8422075.454222236,-0.0004046616268644776,-1.0551050987671062
2024-01-31,8330589.071525466,8230589.071525466,-0.02246945403445111,-3.2783428666939507
2024-02-01,8497462.01889047,8397462.01889047,0.020031350236130008,-1.3408774772378007
2024-02-02,8812277.154192382,8712277.154192382,0.03704813679685248,0.0
2024-02-05,9044402.711618751,8944402.711618751,0.026341154887069784,0.0
2024-02-06,8981990.049953226,8881990.049953226,-0.0069006946788590096,-0.690069467885901
2024-02-07,9148130.489555117,9048130.489555117,0.018497063421124116,0.0
2024-02-08,9123531.263839785,9023531.263839785,-0.002688989378039408,-0.2688989378039408
2024-02-09,9380989.564944021,9280989.564944021,0.02821915042091727,0.0
2024-02-12,9314455.047664054,9214455.047664054,-0.007092483881295575,-0.7092483881295575
2024-02-13,9307517.262924062,9207517.262924062,-0.0007448406487002845,-0.783204175970087
2024-02-14,9503069.078920238,9403069.078920238,0.021010094364814602,0.0
2024-02-15,9469374.640870064,9369374.640870064,-0.003545637495671161,-0.3545637495671161
2024-02-16,9445649.44416549,9345649.44416549,-0.0025054660528663897,-0.6042220074156446
2024-02-20,9142363.760071132,9042363.760071132,-0.03210850517871966,-3.795671859833405
2024-02-21,8992860.701996254,8892860.701996254,-0.01635277943411384,-5.3688800185166645
2024-02-22,9938118.510144394,9838118.510144394,0.10511202602507885,0.0
2024-02-23,9901997.197319508,9801997.197319508,-0.003634622870316462,-0.3634622870316462
2024-02-26,10002409.653291564,9902409.653291564,0.010140626579781209,0.0
2024-02-27,9979207.820438731,9879207.820438731,-0.0023196243362415547,-0.23196243362415547
2024-02-28,9951446.220410226,9851446.220410226,-0.0027819442713324927,-0.5095115541940198
2024-02-29,10080973.010483392,9980973.010483392,0.01301587600478693,0.0
2024-03-01,10344775.748355143,10244775.748355143,0.02616838053205961,0.0
2024-03-04,10433132.493640276,10333132.493640276,0.008541194844091438,0.0
2024-03-05,10387203.165109206,10287203.165109206,-0.004402256806291582,-0.44022568062915823
2024-03-06,10522543.284977475,10422543.284977475,0.013029505413245213,0.0
2024-03-07,10840421.711174093,10740421.711174093,0.030209277128889322,0.0
2024-03-08,10387673.850173423,10287673.850173423,-0.04176478305580922,-4.176478305580922
2024-03-11,10280086.42339432,10180086.42339432,-0.010357220329680117,-5.168943632535905
2024-03-12,10806523.713633552,10706523.713633552,0.051209422621314005,-0.3126999893887872
2024-03-13,10620757.127030367,10520757.127030367,-0.017190226156522548,-2.02634722150431
2024-03-14,10370145.503970465,10270145.503970465,-0.02359639901962196,-4.3381726258755915
2024-03-15,10363258.067328865,10263258.067328865,-0.0006641600774996981,-4.401707392558151
2024-03-18,10523419.25019338,10423419.25019338,0.015454713355970373,-2.92426318298995
2024-03-19,10623923.97637105,10523923.97637105,0.009550577030922991,-1.9971338806854866
2024-03-20,10748486.759379484,10648486.759379484,0.011724743445592933,-0.8480754185037354
2024-03-21,10763089.460195214,10663089.460195214,0.0013585820164858653,-0.7133693968673471
2024-03-22,11033684.043378359,10933684.043378359,0.025140976871359966,0.0
2024-03-25,11090993.634682659,10990993.634682659,0.00519405767638359,0.0
2024-03-26,10923185.67247795,10823185.67247795,-0.015130110766627514,-1.5130110766627514
2024-03-27,10784095.133959806,10684095.133959806,-0.012733514076264107,-2.7670965364469335
2024-03-28,10718849.42882846,10618849.42882846,-0.006050178927472838,-3.355373000039119
2024-04-01,10734720.186359003,10634720.186359003,0.0014806400291302868,-3.2122770967026093
2024-04-02,10565746.300924331,10465746.300924331,-0.015740874703878527,-4.735800515797129
2024-04-03,10522033.683245465,10422033.683245465,-0.004137201143571079,-5.129927670844559
2024-04-04,10262889.651263535,10162889.651263535,-0.02462870199651357,-7.46645441062701
2024-04-05,10471848.55606927,10371848.55606927,0.0203606305734767,-5.58241307322781
2024-04-08,10462863.747931916,10362863.747931916,-0.0008579963785043665,-5.6634230208781
2024-04-09,10359841.650194691,10259841.650194691,-0.009846453152712376,-6.592303706690272
2024-04-10,10507852.13546302,10407852.13546302,0.01428694474934833,-5.257793110583863
2024-04-11,10883511.221816055,10783511.221816055,0.03575032095143604,-1.8707288066398764
2024-04-12,10693883.547515294,10593883.547515294,-0.01742339126004233,-3.5804734927045834
2024-04-15,10386464.727201516,10286464.727201516,-0.028747163642454887,-6.352261399537817
2024-04-16,10492379.003416857,10392379.003416857,0.010197336533378731,-5.397303893439032
2024-04-17,10162475.95100839,10062475.95100839,-0.031442159333077146,-8.371816937760201
2024-04-18,10119720.098472334,10019720.098472334,-0.004207227917898626,-8.757317587605984
2024-04-19,9354879.13994556,9254879.13994556,-0.07557926020525363,-15.65337202347763
2024-04-22,9569973.963399014,9469973.963399014,0.022992795549329426,-13.714007251138105
2024-04-23,9823880.00484399,9723880.00484399,0.026531528969259144,-11.424707934880395
2024-04-24,9795156.955769278,9695156.955769278,-0.0029237988514261293,-11.683684272085127
2024-04-25,10084485.530609604,9984485.530609604,0.02953792125504573,-9.075003892578227
2024-04-26,10493393.202038646,10393393.202038646,0.04054819357793482,-5.38815954934152
2024-04-29,10751336.274055053,10651336.274055053,0.02458147398558297,-3.062461054575516
2024-04-30,10558251.872098677,10458251.872098677,-0.01795910731788042,-4.803372719627619
2024-05-01,10273206.63686191,10173206.63686191,-0.026997389216488643,-7.373433118412831
2024-05-02,10487669.078790559,10387669.078790559,0.02087590072987755,-5.439770103243447
2024-05-03,10770907.587766431,10670907.587766431,0.027006812176088912,-2.885999735093947
2024-05-06,11083141.699550744,10983141.699550744,0.02898865385670457,-0.0707955967746754
2024-05-07,10916538.592734283,10816538.592734283,-0.015032119170976133,-1.5729433060247877
2024-05-08,10898899.354107354,10798899.354107354,-0.0016158270753212634,-1.7319844091750913
2024-05-09,10714557.10165539,10614557.10165539,-0.01691384115612482,-3.394074015605908
2024-05-10,10746026.771706115,10646026.771706115,0.0029370948096270055,-3.1103332518179205
2024-05-13,10834983.629994731,10734983.629994731,0.008278116198522367,-2.308269332040358
2024-05-14,10962493.815076659,10862493.815076659,0.011768378193847795,-1.158596099128295
2024-05-15,11179551.93097362,11079551.93097362,0.019800067353145767,0.0
2024-05-16,11161274.523751497,11061274.523751497,-0.001634896222583282,-0.1634896222583282
2024-05-17,11031567.179460566,10931567.179460566,-0.011621194695543902,-1.323709147081753
2024-05-20,11202007.287793266,11102007.287793266,0.015450217141408373,0.0
2024-05-21,11401936.185679339,11301936.185679339,0.017847595770084324,0.0
2024-05-22,11320288.852048937,11220288.852048937,-0.0071608306081338835,-0.7160830608133884
2024-05-23,11984136.292920852,11884136.292920852,0.05864227048868642,0.0
2024-05-24,12246461.713067211,12146461.713067211,0.021889388916689567,0.0
2024-05-28,12802364.943470946,12702364.943470946,0.04539296683633731,0.0
2024-05-29,12928686.679794263,12828686.679794263,0.009867062599847154,0.0
2024-05-30,12557059.992342087,12457059.992342087,-0.02874434941895354,-2.874434941895354
2024-05-31,12438384.91874201,12338384.91874201,-0.009450864587128627,-3.792355505207856
2024-06-03,12866212.10182891,12766212.10182891,0.03439571824491905,-0.48322447215765063
2024-06-04,13019525.723949464,12919525.723949464,0.011915987464465871,0.0
2024-06-05,13550562.893750146,13450562.893750146,0.04078775072611407,0.0
2024-06-06,13457559.586896032,13357559.586896032,-0.006863427562629809,-0.6863427562629809
2024-06-07,13501178.39214494,13401178.39214494,0.0032412121207607836,-0.36444612664749965
2024-06-10,13564406.144376801,13464406.144376801,0.00468312842000862,0.0
2024-06-11,13514971.73846452,13414971.73846452,-0.003644420948924143,-0.3644420948924143
2024-06-12,13896730.993470777,13796730.993470777,0.02824713676017132,0.0
2024-06-13,14353675.939866358,14253675.939866358,0.03288147022564325,0.0
2024-06-14,14497352.039334286,14397352.039334286,0.010009707622621988,0.0
2024-06-17,14529689.81526353,14429689.81526353,0.002230598790834648,0.0
2024-06-18,14848595.190092344,14748595.190092344,0.021948532892546835,0.0
2024-06-20,14387502.092309924,14287502.092309924,-0.03105297786622141,-3.105297786622141
2024-06-21,14066224.201885339,13966224.201885339,-0.022330345348572145,-5.26898994949393
2024-06-24,13319768.8422341,13219768.8422341,-0.053067216115550764,-10.296100932688546
2024-06-25,14026071.316801615,13926071.316801615,0.05302663153792753,-5.539405329330782
2024-06-26,14212377.546889897,14112377.546889897,0.013282852046040183,-4.284699226139321
2024-06-27,14033725.090938287,13933725.090938287,-0.012570201949828275,-5.487859886555302
2024-06-28,13966894.356346326,13866894.356346326,-0.0047621521840351955,-5.937941081014375
2024-07-01,14190056.677302733,14090056.677302733,0.015977948659360086,-4.435022332813121
2024-07-02,14300202.09962436,14200202.09962436,0.007762155206737509,-3.6932321438320037
2024-07-03,14845285.541457659,14745285.541457659,0.03811718450102308,-0.022289304761258233
2024-07-05,14721093.346589118,14621093.346589118,-0.008365766661861507,-0.8586795038247108
2024-07-08,14931462.677868536,14831462.677868536,0.014290333355447382,0.0
2024-07-09,15282209.420994908,15182209.420994908,0.023490447700495576,0.0
2024-07-10,15584051.114679612,15484051.114679612,0.019751181610561552,0.0
2024-07-11,14711698.351727046,14611698.351727046,-0.055977278085981186,-5.597727808598119
2024-07-12,14943994.90277203,14843994.90277203,0.01578992074818575,-4.107123412247238
2024-07-15,14969322.408624524,14869322.408624524,0.0016948283251754237,-3.944601448823759
2024-07-16,14857688.477358205,14757688.477358205,-0.007457513988876396,-4.660935927226262
2024-07-17,14049830.353143513,13949830.353143513,-0.054373069232525384,-9.844813458619361
2024-07-18,14292525.064717967,14192525.064717967,0.01727385352522437,-8.287485971764264
2024-07-19,13959439.155326104,13859439.155326104,-0.023304902939376815,-10.424837209518534
2024-07-22,14578207.537279934,14478207.537279934,0.04432616347038154,-6.454313900781616
2024-07-23,14478774.64259124,14378774.64259124,-0.006820652980444986,-7.092356563482016
2024-07-24,13456437.686015183,13356437.686015183,-0.07060935623438169,-13.652505455788033
2024-07-25,13339123.201471718,13239123.201471718,-0.008718093694692008,-14.405291003526377
2024-07-26,13428815.112283006,13328815.112283006,0.006723973491855384,-13.829754449191011
2024-07-29,13454573.600444999,13354573.600444999,0.0019181504806355942,-13.664466951271248
2024-07-30,12699579.603008185,12599579.603008185,-0.05611430134150397,-18.509125069246977
2024-07-31,13875095.16367709,13775095.16367709,0.09256334441105896,-10.966057146673158
2024-08-01,13089088.658514112,12989088.658514112,-0.05664872895579309,-16.00971684323683
2024-08-02,12794962.317328097,12694962.317328097,-0.022471109246761323,-17.897071671718876
2024-08-05,12067636.582359338,11967636.582359338,-0.05684469535199399,-22.564187620046617
2024-08-06,12346874.334179826,12246874.334179826,0.023139390212386868,-20.772370140973695
2024-08-07,11778539.768400088,11678539.768400088,-0.046030643092107804,-24.419268894048162
2024-08-08,12377897.60889395,12277897.60889395,0.05088558108890906,-20.573299472597228
2024-08-09,12378651.57495663,12278651.57495663,6.091228789428804e-05,-20.5684614105482
2024-08-12,12716726.576933738,12616726.576933738,0.027311133198148374,-18.399096079997822
2024-08-13,13423087.4254044,13323087.4254044,0.05554580765712891,-13.866507966209529
2024-08-14,13512982.552468715,13412982.552468715,0.006697052936881054,-13.289667410420803
2024-08-15,14072939.80901863,13972939.80901863,0.041438465148289305,-9.69652431541096
2024-08-16,14225725.293527847,14125725.293527847,0.010856685709073055,-8.716127861466472
2024-08-19,14683864.372994743,14583864.372994743,0.032204971628078116,-5.776333349143892
2024-08-20,14425322.60170939,14325322.60170939,-0.017607202349324336,-7.435348513960804
2024-08-21,14513809.96961348,14413809.96961348,0.006134169082194552,-6.867541290711021
2024-08-22,13983919.244324123,13883919.244324123,-0.03650941595616519,-10.267752964748833
2024-08-23,14472715.164457398,14372715.164457398,0.03495414351249693,-7.131239124179823
2024-08-26,14109593.726716237,14009593.726716237,-0.025090070081177807,-9.461322842906295
2024-08-27,14195103.152076812,14095103.152076812,0.006060374736280627,-8.91262453120717
2024-08-28,13941243.046570173,13841243.046570173,-0.017883639364008386,-10.54159830470508
2024-08-29,13318271.483158842,13218271.483158842,-0.04468551056245984,-14.539092658560959
2024-08-30,13575744.88267921,13475744.88267921,0.019332343528658757,-12.886933039565374
2024-09-03,12637893.601289788,12537893.601289788,-0.06908285987209373,-18.904952837421398
2024-09-04,12542619.511112705,12442619.511112705,-0.007538763435020579,-19.51630921373191
2024-09-05,12734642.724642396,12634642.724642396,0.015309657871671822,-18.284131443544716
2024-09-06,12187189.937491054,12087189.937491054,-0.04298925372220963,-21.7970356500489
2024-09-09,12569684.279570693,12469684.279570693,0.031384949610326895,-19.342639554547503
2024-09-10,12854094.698249564,12754094.698249564,0.02262669549633145,-17.517630020210394
2024-09-11,13616389.245234365,13516389.245234365,0.05930363552468676,-12.626125613716589
2024-09-12,13830241.088428289,13730241.088428289,0.015705473701023154,-11.253877527386303
2024-09-13,13829248.713433195,13729248.713433195,-7.175399103664937e-05,-11.260245415862736
2024-09-16,13590288.074299473,13490288.074299473,-0.01727936521248652,-12.793612044188475
2024-09-17,13518532.907590367,13418532.907590367,-0.0052798856298567065,-13.254051798788069
2024-09-18,13329891.026604673,13229891.026604673,-0.013954316069295869,-14.464532177718548
2024-09-19,13879475.51033525,13779475.51033525,0.04122948061868481,-10.937949264929669
2024-09-20,13671507.975738365,13571507.975738365,-0.014983817972229807,-12.272438821377452
2024-09-23,13749415.925973844,13649415.925973844,0.005698563053449179,-11.772517782475756
2024-09-24,14118061.887644654,14018061.887644654,0.02681175430691618,-9.406984206141688
2024-09-25,14348108.906119391,14248108.906119391,0.01629451834858875,-7.9308146480346675
2024-09-26,14376250.418239292,14276250.418239292,0.001961339456233002,-7.750235722100629
2024-09-27,14237418.696469918,14137418.696469918,-0.009657018883952984,-8.641093437772518
2024-09-30,14267256.739742849,14167256.739742849,0.002095748106384576,-8.44962818234336
2024-10-01,13839896.325425161,13739896.325425161,-0.029953930325458678,-11.191921641039283
2024-10-02,13884698.2155082,13784698.2155082,0.0032371550356726786,-10.90443612297115
2024-10-03,14166772.932596369,14066772.932596369,0.020315509398188603,-9.09441435769046
2024-10-04,14481621.279773008,14381621.279773008,0.02222442250430956,-7.074090214374074
2024-10-07,14613681.261936937,14513681.261936937,0.009119143472449576,-6.226685510731045
2024-10-08,15150039.950370075,15050039.950370075,0.036702503552622945,-2.784970102547435
2024-10-09,15155626.604646567,15055626.604646567,0.0003687550854514221,-2.7491215658904333
2024-10-10,15379784.228765832,15279784.228765832,0.01479038973225566,-1.3107431720457363
2024-10-11,15180948.809675217,15080948.809675217,-0.012928362071473076,-2.586633616882117
2024-10-14,15476457.269465826,15376457.269465826,0.01946574377500543,-0.6904099866076319
2024-10-15,15002220.82952262,14902220.82952262,-0.030642441722037228,-3.7334983110324127
2024-10-16,15311611.358032456,15211611.358032456,0.02062298189218703,-1.7481959898766553
2024-10-17,15431367.739469208,15331367.739469208,0.007821278808381571,-0.979741237287024
2024-10-18,15547493.580325402,15447493.580325402,0.0075253109650919026,-0.23458299825372952
2024-10-21,16046149.361641407,15946149.361641407,0.032073065587049365,0.0
2024-10-22,16027993.40949358,15927993.40949358,-0.0011314834318586486,-0.11314834318586486
2024-10-23,15636739.492646055,15536739.492646055,-0.024410661200782613,-2.551452437393187
2024-10-24,16178472.41506829,16078472.41506829,0.03464487738489286,0.0
2024-10-25,16401482.969954733,16301482.969954733,0.013784401219409048,0.0
2024-10-28,16283396.03034887,16183396.03034887,-0.007199772107325919,-0.7199772107325919
2024-10-29,16347512.499028785,16247512.499028785,0.0039375366514708965,-0.3290584822409959
2024-10-30,16167105.153134674,16067105.153134674,-0.011035767423626663,-1.4290038117248716
2024-10-31,15473635.791176468,15373635.791176468,-0.042893848675422674,-5.657093206010422
2024-11-01,15728530.709365303,15628530.709365303,0.016472852381221426,-4.102996429177697
2024-11-04,15669940.138377592,15569940.138377592,-0.0037251140663013826,-4.4602237060955225
2024-11-05,16050934.852637164,15950934.852637164,0.024313731315824816,-2.137295255311511
2024-11-06,17023358.474932782,16923358.474932782,0.06058361280656799,0.0
2024-11-07,17326263.46050839,17226263.46050839,0.017793491573454334,0.0
2024-11-08,17512891.34643635,17412891.34643635,0.010771386822862272,0.0
2024-11-11,17583852.873588074,17483852.873588074,0.004051959539288941,0.0
2024-11-12,17673513.303694535,17573513.303694535,0.005099020718100755,0.0
2024-11-13,17586949.838665485,17486949.838665485,-0.00489792060817662,-0.489792060817662
2024-11-14,17500768.24861877,17400768.24861877,-0.004900314769605063,-0.9774234025085038
2024-11-15,17205512.455861416,17105512.455861416,-0.016871018949734196,-2.6480351687362957
2024-11-18,17196696.39308998,17096696.39308998,-0.0005123975699097283,-2.6979180789417745
2024-11-19,17782214.313098382,17682214.313098382,0.03404827919411768,0.0
2024-11-20,17657516.130234066,17557516.130234066,-0.007012522775212693,-0.7012522775212693
2024-11-21,17642305.6595315,17542305.6595315,-0.0008614162145106352,-0.786789828890011
2024-11-22,17406698.602544826,17306698.602544826,-0.013354663587261006,-2.111748874137409
2024-11-25,16793784.79793542,16693784.797935419,-0.035211375724044536,-5.558528863499779
2024-11-26,17026523.49321552,16926523.49321552,0.013858620798136823,-4.249700327400852
2024-11-27,16771488.079690233,16671488.079690233,-0.014978713277957745,-5.683916612475248
2024-11-29,17123128.120120924,17023128.120120924,0.020966537898119864,-3.7064348757284704
2024-12-02,17357070.651775066,17257070.651775066,0.013662371151637931,-2.3908364494862444
2024-12-03,17455148.219111163,17355148.219111163,0.00565058294131382,-1.8392877750118108
2024-12-04,17968763.237290256,17868763.237290256,0.029424844276988216,0.0
2024-12-05,18056391.18161133,17956391.18161133,0.004876682004425481,0.0
2024-12-06,18177543.046564937,18077543.046564937,0.006709638915941785,0.0
2024-12-09,17881801.78291919,17781801.78291919,-0.01626959501007108,-1.626959501007108
2024-12-10,17721326.89083979,17621326.89083979,-0.008974201483023303,-2.509778986942679
2024-12-11,18325441.256808326,18225441.256808326,0.034089680174050896,0.0
2024-12-12,18135236.6934349,18035236.6934349,-0.010379262398538924,-1.0379262398538924
2024-12-13,18104270.91983894,18004270.91983894,-0.0017074921115958208,-1.206903200146503
2024-12-16,18226826.875616364,18126826.875616364,0.006769449944715955,-0.5381282764764239
2024-12-17,18352557.862263337,18252557.862263337,0.006898128100134349,0.0
2024-12-18,17790291.314698096,17690291.314698096,-0.03063695817144796,-3.063695817144796
2024-12-19,17948546.480712496,17848546.480712496,0.008895591601900898,-2.201390043736473
2024-12-20,18153773.80218426,18053773.80218426,0.011434202858281672,-1.0831408982385882
2024-12-23,18721052.497631498,18621052.497631498,0.031248527255472336,0.0
2024-12-24,19111165.724167492,19011165.724167492,0.020838210169292104,0.0
2024-12-26,18997388.59083156,18897388.59083156,-0.005953437638398618,-0.5953437638398618
2024-12-27,18520006.74079092,18420006.74079092,-0.025128814297720514,-3.093264910727078
2024-12-30,18340294.02270248,18240294.02270248,-0.009703706948044122,-4.033619469325133
2024-12-31,17920417.49376575,17820417.49376575,-0.022893663995625646,-6.2306415400707476
2025-01-02,18025953.191538375,17925953.191538375,0.00588913164603122,-5.678421443736347
2025-01-03,18930234.705129635,18830234.705129635,0.05016553099759191,-0.9467293709302993
2025-01-06,19262842.092515714,19162842.092515714,0.01757016711979542,0.0
2025-01-07,18248065.34016731,18148065.34016731,-0.052680531121764296,-5.26805311217643
2025-01-08,18319809.106476735,18219809.106476735,0.003931582059359728,-4.895606689344046
2025-01-10,17956646.340132434,17856646.340132434,-0.01982350166606861,-6.78090878858828
2025-01-13,17787795.772662498,17687795.772662498,-0.009403235118161324,-7.6574698207505065
2025-01-14,17532211.807419833,17432211.807419833,-0.014368501218991026,-8.984293578195778
2025-01-15,18247563.468127787,18147563.468127787,0.04080213429803581,-5.270658501542713
2025-01-16,17894719.78759977,17794719.78759977,-0.019336481889448698,-7.102390697827032
2025-01-17,18471984.413896367,18371984.413896367,0.03225893633140964,-4.10561263400806
2025-01-21,18616360.36427276,18516360.36427276,0.00781594154376708,-3.356107707980105
2025-01-22,19106859.848850664,19006859.848850664,0.026347764814396157,-0.8097571631221268
2025-01-23,19096256.48001574,18996256.48001574,-0.0005549508877337184,-0.8648028764389859
2025-01-24,18586121.824352123,18486121.824352123,-0.026713856519337886,-3.5130863084140707
2025-01-27,16469658.37235854,16369658.37235854,-0.11387332290163543,-14.500371786998267
2025-01-28,17461828.12910207,17361828.12910207,0.060242279123938314,-9.349679319197667
2025-01-29,16953215.168555666,16853215.168555666,-0.029127131293815944,-11.99006311149391
2025-01-30,17074815.11181259,16974815.11181259,0.007172677397645932,-11.358796226405488
2025-01-31,16806912.571674597,16706912.571674597,-0.015689923339354706,-12.749569918321303
2025-02-03,16391089.683076512,16291089.683076512,-0.024741182345345725,-14.90824871868196
2025-02-04,16392252.055642527,16292252.055642527,7.091490489585794e-05,-14.90221444523242
2025-02-05,16705421.762389915,16605421.762389915,0.01910473958577219,-13.2764434128827
2025-02-06,17042451.08279019,16942451.08279019,0.020174846537490687,-11.526808967552228
2025-02-07,16928692.7249601,16828692.7249601,-0.006674999815312055,-12.117367501353883
2025-02-10,17183394.232998036,17083394.232998036,0.015045550898469484,-10.795124881004014
2025-02-11,16884808.982227523,16784808.982227523,-0.017376383659820083,-12.345183015398021
2025-02-12,16813470.73285633,16713470.73285633,-0.004224995938436837,-12.715524261142397
2025-02-13,17323107.874257606,17223107.874257606,0.03031123968981375,-10.069823595822147
2025-02-14,17534673.858329073,17434673.858329073,0.012212934630849714,-8.971512230057144
2025-02-18,17593948.595219113,17493948.595219113,0.0033804299623105827,-8.663796802575796
2025-02-19,17690925.663721044,17590925.663721044,0.005511955885120878,-8.160355679837172
2025-02-20,17654075.270491935,17554075.270491935,-0.0020830110266460977,-8.351658671639328
2025-02-21,16993648.84731345,16893648.84731345,-0.037409290096455106,-11.780158059250901
2025-02-24,16573446.920511205,16473446.920511205,-0.02472699833789227,-13.961569944288922
2025-02-25,16041152.174641494,15941152.174641494,-0.03211732287330926,-16.724893981900834
2025-02-26,16361092.657458577,16261092.657458577,0.01994498146603574,-15.063973535787678
2025-02-27,15362187.383822571,15262187.383822571,-0.06105370188589643,-20.249632374906312
2025-02-28,15940095.313366946,15840095.313366946,0.03761885694435363,-17.24951470395831
2025-03-03,14855733.936664611,14755733.936664611,-0.06802728311122563,-22.878805394783452
2025-03-04,14942454.435770651,14842454.435770651,0.0058375102486192265,-22.42860963088974
2025-03-05,15037040.534966696,14937040.534966696,0.006330024267607204,-21.937580847381234
2025-03-06,14205219.175677488,14105219.175677488,-0.05531815634565296,-26.255849954785692
2025-03-07,14445534.503383592,14345534.503383592,0.016917396678931773,-25.008290915720146
2025-03-10,13518743.172366075,13418743.172366075,-0.06415763506711591,-29.81958162020869
2025-03-11,13761326.910641212,13661326.910641212,0.01794425230083574,-28.560246486223505
2025-03-12,14486459.71748783,14386459.71748783,0.05269352378264447,-24.79583413541907
2025-03-13,14367479.65008176,14267479.65008176,-0.008213191471649894,-25.41350034913059
2025-03-14,15008860.012892514,14908860.012892514,0.0446411185838782,-22.083875573459743
2025-03-17,14611323.813088851,14511323.813088851,-0.026486768446249864,-24.147621919374718
2025-03-18,14105790.59638747,14005790.59638747,-0.03459872788860674,-26.772017708289987
2025-03-19,14441874.38254013,14341874.38254013,0.023825944661246545,-25.02729185455297
2025-03-20,14547110.0106964,14447110.0106964,0.007286840015967577,-24.480977724733265
2025-03-21,14628368.956272291,14528368.956272291,0.005585916757083753,-24.059134752727264
2025-03-24,15253881.650562441,15153881.650562441,0.04276024867570394,-20.811884470105756
2025-03-25,15289178.09751365,15189178.09751365,0.0023139321360807763,-20.628648544785467
2025-03-26,14473323.375781523,14373323.375781523,-0.0533615814093239,-24.86402937703095
2025-03-27,14334229.496242777,14234229.496242777,-0.009610362176491916,-25.586113267199938
2025-03-28,14020247.773106672,13920247.773106672,-0.021904332089729972,-27.21609975428274
2025-03-31,13933659.755269717,13833659.755269717,-0.006175926362945283,-27.665607762608246
2025-04-01,14173454.801485425,14073454.801485425,0.017209767600720793,-26.42074968266336
2025-04-02,14329824.834456503,14229824.834456503,0.011032598273406968,-25.60897937265374
2025-04-03,13064487.505531957,12964487.505531957,-0.0883009627502217,-32.177778114020015
2025-04-04,12186169.013531301,12086169.013531301,-0.06722946396701335,-36.73742973646629
2025-04-07,12400962.808092123,12300962.808092123,0.017626031144186483,-35.622361702739965
2025-04-08,12096465.704724453,11996465.704724453,-0.024554311474023094,-37.20311028545288
2025-04-09,14298208.040691348,14198208.040691348,0.1820153414816834,-25.773112960071977
2025-04-10,13324207.551713387,13224207.551713387,-0.0681204586061448,-30.829482546138376
2025-04-11,13531915.13045533,13431915.13045533,0.015588737861955249,-29.751201481774324
2025-04-14,13512844.167763665,13412844.167763665,-0.0014093321239314616,-29.85020537019365
2025-04-15,13695507.715798141,13595507.715798141,0.013517772111236281,-28.901936432737905
2025-04-16,12825215.948138412,12725215.948138412,-0.06354578345831052,-33.41991858448834
2025-04-17,12542600.033116778,12442600.033116778,-0.02203595761384869,-34.887074436487154
2025-04-21,11952579.717966855,11852579.717966855,-0.0470413083086495,-37.9500716427985
2025-04-22,12276467.73682838,12176467.73682838,0.02709775015134719,-36.26865818726607
2025-04-23,12806982.412416155,12706982.412416155,0.043213951028949094,-33.51457510316137
2025-04-24,13251456.735098,13151456.735098,0.03470562450768533,-31.207156911457766
2025-04-25,13893073.623771133,13793073.623771133,0.048418592876188216,-27.876304249158146
2025-04-28,13698716.666144272,13598716.666144272,-0.013989485904279286,-28.88527767422907
2025-04-29,13788441.122544743,13688441.122544743,0.006549843944303246,-28.41948734085281
2025-04-30,13645560.707203507,13545560.707203507,-0.010362332773617089,-29.16122843313301
2025-05-01,13936069.676421775,13836069.676421775,0.021289632243906675,-27.653097037864292
2025-05-02,14193833.839034885,14093833.839034885,0.018496187849090573,-26.314955130376717
2025-05-05,14052295.60063305,13952295.60063305,-0.009971811704078681,-27.04972852322318
2025-05-06,13940678.483258827,13840678.483258827,-0.007942981029319784,-27.629171145646957
2025-05-07,14256574.772768669,14156574.772768669,0.02266003694792884,-25.989245489855072
2025-05-08,14502700.829982536,14402700.829982536,0.017264038602314846,-24.711520967005484
2025-05-09,14604800.688253436,14504800.688253436,0.0070400582255563116,-24.181485690899628
2025-05-12,15513748.516123611,15413748.516123611,0.06223623637679876,-19.46282671262075
2025-05-13,16235161.857763259,16135161.857763259,0.04650154931220363,-15.7177233775322
2025-05-14,16820033.843415916,16720033.843415916,0.03602501722968565,-12.68145291005066
2025-05-15,16738601.548410103,16638601.548410103,-0.004841387108010409,-13.10419579822215
2025-05-16,16853264.17115353,16753264.17115353,0.006850191302529618,-12.508942916052812
2025-05-19,16789049.294675697,16689049.294675697,-0.0038102337817588205,-12.842304297355856
2025-05-20,16640776.705491895,16540776.705491895,-0.008831505976388043,-13.612038007841964
2025-05-21,16199473.015302507,16099473.015302507,-0.026519416611349933,-15.902996362117472
2025-05-22,16382630.57934166,16282630.57934166,0.011306390267519006,-14.95216281865861
2025-05-23,16073535.821124444,15973535.821124444,-0.018867223839313163,-16.55677939980844
2025-05-27,16721145.806493793,16621145.806493793,0.040290449629523106,-13.194814523291242
2025-05-28,16658873.72106841,16558873.72106841,-0.003724151810290288,-13.518090211926914
2025-05-29,17014649.15716403,16914649.15716403,0.021356511973896097,-11.671138270012538
2025-05-30,16506174.34228469,16406174.34228469,-0.02988453127552415,-14.310804900913798
2025-06-02,16603025.412715904,16503025.412715904,0.005867566186012363,-13.808017877243783
2025-06-03,16958440.632557485,16858440.632557485,0.02140665396858199,-11.962935941075747
2025-06-04,16842711.05360025,16742711.053600252,-0.0068243054573692286,-12.563727757783827
2025-06-05,16198173.018578831,16098173.018578831,-0.03826806937257565,-15.909745089628357
2025-06-06,16509575.843651045,16409575.843651045,0.019224564691032953,-14.29314654421846
2025-06-09,16713421.62077443,16613421.62077443,0.012347123817949335,-13.234913412553095
2025-06-10,16998403.27300823,16898403.27300823,0.01705106582601701,-11.755476209750459
2025-06-11,16863075.21693633,16763075.216936331,-0.007961221645258143,-12.458010422624898
2025-06-12,16914110.627138063,16814110.627138063,0.003026459263520076,-12.193068157321473
2025-06-13,16692349.754140992,16592349.754140992,-0.013110998141472763,-13.344304677519258
2025-06-16,16924945.629318897,16824945.629318897,0.01393427999076069,-12.136819956101764
2025-06-17,16795597.268343326,16695597.268343326,-0.007642468330976593,-12.808311527046158
2025-06-18,17049719.844834626,16949719.844834626,0.01513030899891099,-11.489074338313577
2025-06-20,16987173.463389747,16887173.463389747,-0.00366846974695767,-11.813773991378685
2025-06-23,17319091.345321313,17219091.345321313,0.019539323751941673,-10.090674770934328
2025-06-24,17505354.13951188,17405354.13951188,0.01075476712240353,-9.123720915963284
2025-06-25,17943452.543797966,17843452.543797966,0.025026537640689073,-6.849402296820872
2025-06-26,17877889.294695485,17777889.294695485,-0.003653881489219968,-7.189763541478289
2025-06-27,18142507.355312277,18042507.355312277,0.014801415103029347,-5.816040705845415
2025-06-30,18065799.261438116,17965799.261438116,-0.004228086690106769,-6.2142586505585795
2025-07-01,17520371.539644245,17420371.539644245,-0.030191175817950056,-9.045760456856367
2025-07-02,17974198.36545085,17874198.36545085,0.025902808326850213,-6.689790223455894
2025-07-03,18103849.858903658,18003849.858903658,0.0072132003228593256,-6.016724988169663
2025-07-07,17898128.55572062,17798128.55572062,-0.01136340086701848,-7.084694616924326
2025-07-08,18095763.43315309,17995763.43315309,0.011042209067679387,-6.058704389297132
2025-07-09,18356598.673048884,18256598.673048884,0.014414160577382429,-4.704619469517102
2025-07-10,18581572.681793243,18481572.681793243,0.012255756785414906,-3.536702462961938
2025-07-11,18691154.447793365,18591154.447793365,0.005897335380416591,-2.9678260454851113
2025-07-14,18660410.044143472,18560410.044143472,-0.0016448638170405427,-3.1274307575116733
2025-07-15,19175414.46753671,19075414.46753671,0.027598773133866494,-0.4538666960934745
2025-07-16,19336031.855283327,19236031.855283327,0.00837621465854288,0.0
2025-07-17,19516301.83047875,19416301.83047875,0.00932300776832684,0.0
2025-07-18,19528886.337484393,19428886.337484393,0.0006448202694830929,0.0
2025-07-21,19407877.76096139,19307877.76096139,-0.006196389002005476,-0.6196389002005476
2025-07-22,18999930.821843974,18899930.821843974,-0.021019657282569826,-2.708580031136354
2025-07-23,19277258.030924473,19177258.030924473,0.014596222043169682,-1.2884928623755454
2025-07-24,19297456.89915508,19197456.89915508,0.0010478081581002385,-1.185062139898374
2025-07-25,19490501.502017595,19390501.502017595,0.010003629176182693,-0.19655414447838915
2025-07-28,19880517.23597889,19780517.23597889,0.02001055405993135,0.0
2025-07-29,19789832.405079752,19689832.405079752,-0.004561492531744649,-0.45614925317446486
2025-07-30,20129098.45934304,20029098.45934304,0.017143452623489708,0.0
2025-07-31,19986883.857144024,19886883.857144024,-0.0070651252705759005,-0.70651252705759
2025-08-01,19437318.566453442,19337318.566453442,-0.027496296802372644,-3.436715729156281
2025-08-04,20034874.701537486,19934874.701537486,0.030742724776624097,-0.46809725729081153
2025-08-05,19861575.530384436,19761575.530384436,-0.008649875466391177,-1.32903582094821
2025-08-06,20064782.838962134,19964782.838962134,0.010231177696191862,-0.3195156529777532
2025-08-07,20227919.453761075,20127919.453761075,0.008130494912816033,0.0
2025-08-08,20487864.863010705,20387864.863010705,0.012850822836418585,0.0
2025-08-11,20568317.153299615,20468317.153299615,0.003926826481277734,0.0
2025-08-12,20681609.391004656,20581609.391004656,0.005508094651626161,0.0
2025-08-13,20534894.060521048,20434894.060521048,-0.007093999683961738,-0.7093999683961738
2025-08-14,20609557.752412636,20509557.752412636,0.0036359423950051983,-0.3483850663157706
2025-08-15,20422424.273008756,20322424.273008756,-0.009079936680444933,-1.253215420017706
2025-08-18,20596450.58694504,20496450.58694504,0.008521334764662658,-0.411761011677636
2025-08-19,20051663.938198764,19951663.938198764,-0.02645051128817233,-3.045920851207462
2025-08-20,19966629.57066609,19866629.57066609,-0.00424076364907966,-3.457080185691652
2025-08-21,19927535.59473907,19827535.59473907,-0.0019579657041595144,-3.6461079116674844
2025-08-22,20347333.404162988,20247333.404162988,0.021066218019188954,-1.616295813937274
2025-08-25,20526497.017856266,20426497.017856266,0.008805262593113206,-0.7500014636958263
2025-08-26,20750088.990926474,20650088.990926474,0.010892846104023635,0.0
2025-08-27,20706555.854935218,20606555.854935218,-0.0020979734597905697,-0.20979734597905697
2025-08-28,20470999.11794123,20370999.11794123,-0.011375949657887907,-1.3450056677216327
2025-08-29,19825280.355322864,19725280.355322864,-0.031543099528173246,-4.456889972896061
2025-09-02,19546526.98898861,19446526.98898861,-0.014060500600154735,-5.800273928772793
2025-09-03,19618091.883698754,19518091.883698754,0.003661258838997705,-5.455384349063353
2025-09-04,19832362.85201481,19732362.85201481,0.010922110549094644,-4.422757605102145
2025-09-05,19541346.216958188,19441346.216958188,-0.014673825667074092,-5.825241397744563
2025-09-08,19594205.354754854,19494205.354754854,0.002704989574914496,-5.570499657505379
2025-09-09,19822894.939137213,19722894.939137213,0.011671286497304312,-4.468385905210825
2025-09-10,20364680.733313415,20264680.733313415,0.027331315422881586,-1.8573812275291424
2025-09-11,20556873.973346896,20456873.973346896,0.0094375768788304,-0.9311527177742085
2025-09-12,20906580.78362474,20806580.78362474,0.017011672627426533,0.0
2025-09-15,20999965.24214088,20899965.24214088,0.004466749464326014,0.0
2025-09-16,20795600.05900714,20695600.05900714,-0.009731691494595296,-0.9731691494595296
2025-09-17,20474389.23328108,20374389.23328108,-0.01544609555937948,-2.5027470417194886
2025-09-18,20926186.18575649,20826186.18575649,0.022066443463965024,-0.35132942142370727
2025-09-19,21078293.29633922,20978293.29633922,0.007268744970178265,0.0
2025-09-22,21797402.171987064,21697402.171987064,0.0341160864182839,0.0
2025-09-23,21277666.087806374,21177666.087806374,-0.023843946176697606,-2.3843946176697606
2025-09-24,21410972.653645325,21310972.653645325,0.006265093421846002,-1.7728237305194017
2025-09-25,21334548.583615016,21234548.583615016,-0.0035693880547410517,-2.1234346401466375
2025-09-26,21574245.08306614,21474245.08306614,0.011235133404004172,-1.0237783712029436
2025-09-29,21885438.453538354,21785438.453538354,0.014424299403017038,0.0
2025-09-30,22294312.600940134,22194312.600940134,0.018682474571839025,0.0
2025-10-01,22535709.245076146,22435709.245076146,0.010827723126382915,0.0
2025-10-02,22480119.83586111,22380119.83586111,-0.0024667255248326247,-0.24667255248326247
2025-10-03,22294248.275292642,22194248.275292642,-0.00826826377820089,-1.071459376572581
2025-10-06,22372868.757197104,22272868.757197104,0.0035264917181170308,-0.7225886973786788
2025-10-07,22117367.044582,22017367.044582,-0.011420158737261321,-1.8563524934789966
2025-10-08,22531086.318896145,22431086.318896145,0.018705629539004898,-0.020513781615327797
2025-10-09,22857788.254864387,22757788.254864387,0.014500052564897725,0.0
2025-10-10,21767833.00604294,21667833.00604294,-0.047684195717820343,-4.768419571782035
2025-10-13,22449724.42272774,22349724.42272774,0.03132564534538207,-1.785228857607457
2025-10-14,21747534.018951707,21647534.018951707,-0.03127835293448633,-4.857225132779009
2025-10-15,21792570.435440466,21692570.435440466,0.0020708746310966752,-4.660196373974335
2025-10-16,21886271.743103288,21786271.743103288,0.004299690481231133,-4.250264727841069
2025-10-17,22106418.947597016,22006418.947597016,0.010058689167244728,-3.287147902892451
2025-10-20,22188469.13385454,22088469.13385454,0.003711600076521826,-2.9281884736481967
2025-10-21,22011486.938616104,21911486.938616104,-0.007976313921017608,-3.702463715264226
2025-10-22,21839326.73970203,21739326.73970203,-0.007821379782028348,-4.4556433186208055
2025-10-23,22105754.95474385,22005754.95474385,0.012199470167616244,-3.290052789602227
2025-10-24,22354040.299391314,22254040.299391314,0.011231706184917423,-2.2038350773761706
2025-10-27,22989798.180871107,22889798.180871107,0.028440401509748803,0.0
2025-10-28,23834138.968612764,23734138.968612764,0.03672675945647064,0.0
2025-10-29,24275289.012976453,24175289.012976453,0.018509166408093858,0.0
2025-10-30,23798615.67504772,23698615.67504772,-0.019636155008244116,-1.9636155008244116
2025-10-31,24027793.18793278,23927793.18793278,0.009629867384485902,-1.0195381192428798
2025-11-03,24606013.182819784,24506013.182819784,0.02406463175225748,0.0
2025-11-04,23712207.435727045,23612207.435727045,-0.03632468780910858,-3.632468780910858
2025-11-05,23640863.18265819,23540863.18265819,-0.0030087562814316016,-3.9224151957923503
2025-11-06,22830772.36146839,22730772.36146839,-0.03426655003798873,-7.21466256301484
2025-11-07,22584930.49506533,22484930.49506533,-0.010768004801185227,-8.213775522015876
2025-11-10,23619959.726510752,23519959.726510752,0.045828311566934676,-4.007367829086206
2025-11-11,23093179.956509393,22993179.956509393,-0.022302314487442132,-6.148225700239274
2025-11-12,23016980.203082938,22916980.203082938,-0.003299664817489778,-6.457905097955196
2025-11-13,22133831.958654657,22033831.958654657,-0.03836942277553812,-10.047061284561265
2025-11-14,22447189.56066255,22347189.56066255,0.014157404040711752,-8.773561186517409
2025-11-17,22183667.776164114,22083667.776164114,-0.011739633765121438,-9.84452616788396
2025-11-18,21560046.325763002,21460046.325763002,-0.02811173772946507,-12.378953203128063
2025-11-19,22082787.914362922,21982787.914362922,0.024245847188893777,-10.254506691960186
2025-11-20,21524449.910224162,21424449.910224162,-0.025283854842241604,-12.523618717506036
2025-11-21,21383935.420187954,21283935.420187954,-0.006528133848822004,-13.094676243128745
2025-11-24,22010167.373264767,21910167.373264767,0.02928515919878838,-10.549640001686534
2025-11-25,21637698.169596802,21537698.169596802,-0.016922597513746918,-12.063372441397757
2025-11-26,21860596.005496174,21760596.005496174,0.01030136542955229,-11.157505106274158
2025-11-28,21523758.80514153,21423758.80514153,-0.015408417971310429,-12.526427401210693
2025-12-01,21776128.441583343,21676128.441583343,0.011725165605439125,-11.500785276390491
2025-12-02,21924737.8075725,21824737.8075725,0.006824416304662018,-10.8968297924809
2025-12-03,21856839.682746146,21756839.682746146,-0.003096872830237518,-11.172770979384605
2025-12-04,22243760.766402088,22143760.766402088,0.017702517347985003,-9.600305416673717
2025-12-05,22021273.577009473,21921273.577009473,-0.010002229017346265,-10.504503864994296
2025-12-08,22093527.760794435,21993527.760794435,0.0032811083124817397,-10.210859448696052
2025-12-09,22114425.716253445,22014425.716253445,0.0009458858578526019,-10.125929170459823
2025-12-10,22062660.81276258,21962660.81276258,-0.0023407753904646222,-10.336304183698486
2025-12-11,21686033.109674435,21586033.109674435,-0.017070819620735755,-11.86693696150709
2025-12-12,21291173.79019072,21191173.79019072,-0.01820800131987088,-13.471663889636233
2025-12-15,21531763.69380592,21431763.69380592,0.011299983081536125,-12.493895155515645
2025-12-16,21762448.147565786,21662448.147565786,0.01071368128688066,-11.556382637555485
2025-12-17,21018002.279334456,20918002.279334456,-0.03420781812705198,-14.581845814788563
2025-12-18,21457993.049575105,21357993.049575105,0.020933995742937972,-12.79370253870572
2025-12-19,22024045.42945345,21924045.42945345,0.0263795583571389,-10.493238925715499
2025-12-22,22261867.423402406,22161867.423402406,0.010798288384880728,-9.526719107238746
2025-12-23,22633358.503993295,22533358.503993295,0.016687327865422708,-8.016961805920753
2025-12-24,22538577.85345848,22438577.85345848,-0.004187652951200049,-8.402154847274534
2025-12-26,22594837.80281168,22494837.80281168,0.002496162345245967,-8.173511755298623
2025-12-29,22271290.521168724,22171290.521168724,-0.014319522205319513,-9.488423192755146
2025-12-30,22175170.033744223,22075170.033744223,-0.004315892127272014,-9.879061394524502
2025-12-31,22049772.461389538,21949772.461389538,-0.0056548640738206535,-10.388683052543612
2026-01-02,22149898.412866924,22049898.412866924,0.00454090633600468,-9.981766455639185
2026-01-05,22281268.673050664,22181268.673050664,0.00593096445568464,-9.44787151212405
2026-01-06,22068463.861611947,21968463.861611947,-0.009550839073006023,-10.312720319029921
2026-01-07,22263727.133199472,22163727.133199472,0.008848068121641406,-9.519161158767986
2026-01-08,22039647.268714916,21939647.268714916,-0.01006479567162899,-10.429832313902587
2026-01-09,22169496.144202948,22069496.144202948,0.005891604067200795,-9.902120349663313
2026-01-12,22179569.935829863,22079569.935829863,0.0004543987631198121,-9.861179984590486
2026-01-13,22234802.857735593,22134802.857735593,0.0024902611757364745,-9.636710780679413
2026-01-14,21882655.64606912,21782655.64606912,-0.015837658373658914,-11.067853684855145
2026-01-15,22232499.00195221,22132499.00195221,0.015987244032052983,-9.646073759420693
2026-01-16,22173789.133453697,22073789.133453697,-0.00264072286670769,-9.884673438541014
2026-01-20,21122077.415465638,21022077.415465638,-0.04743040134720755,-14.158879544885682
2026-01-21,21645619.710198835,21545619.710198835,0.024786496348595755,-12.03117892616562
2026-01-22,21945032.49612808,21845032.49612808,0.01383248850981933,-10.814351219439455
2026-01-23,22103271.74191212,22003271.74191212,0.0072107091120490185,-10.171259449113478
2026-01-26,21846464.09162016,21746464.09162016,-0.011618535630858795,-11.214937871879126
2026-01-27,21882454.72977212,21782454.72977212,0.0016474353927951046,-11.068670218177745
2026-01-28,22042435.765277565,21942435.765277565,0.007310927292255798,-10.41849973213922
2026-01-29,21826398.110017657,21726398.110017657,-0.009800988310022518,-11.296486969058794
2026-01-30,21915897.762422476,21815897.762422476,0.0041005232266766445,-10.932756153587608
2026-02-02,21598177.047024775,21498177.047024775,-0.01449727128872047,-12.223988150567667
2026-02-03,21101299.71248836,21001299.71248836,-0.023005521875970603,-14.243321111355234
2026-02-04,20476139.54049984,20376139.54049984,-0.029626619237038465,-16.784001583822082
2026-02-05,20153826.810918152,20053826.810918152,-0.015740893391753996,-18.09389574337952
2026-02-06,21343169.32899234,21243169.32899234,0.059013235016482035,-13.260351563599093
2026-02-09,21673181.59066265,21573181.59066265,0.015462195730323147,-11.919166141896042
2026-02-10,21569466.893290225,21469466.893290225,-0.004785393272259908,-12.340667571655661
2026-02-11,21754410.628773686,21654410.628773686,0.008574330390195728,-11.589047493631032
2026-02-12,21378959.950403553,21278959.950403553,-0.017258600326020335,-13.114896787381225
2026-02-13,21037164.305970334,20937164.305970334,-0.01598747765214681,-14.50397043329743
2026-02-17,21238722.285949722,21138722.285949722,0.00958104319802211,-13.684829280759491
2026-02-18,21542744.776210204,21442744.776210204,0.014314537671675565,-12.449267517861816
2026-02-19,21554651.708145794,21454651.708145794,0.0005527119250254842,-12.400877183974234
2026-02-20,21729155.17100012,21629155.17100012,0.00809586094069803,-11.69168686712857
2026-02-23,21726799.430600993,21626799.430600993,-0.00010841380534987177,-11.70126070739933
2026-02-24,21991700.302371316,21891700.302371316,0.01219235592506207,-10.624691050209679
2026-02-25,22286803.27871135,22186803.27871135,0.01341883402749966,-9.425378613255953
2026-02-26,21317709.297190472,21217709.297190472,-0.04348286155720538,-13.36382233561203
2026-02-27,20519368.60435147,20419368.60435147,-0.03744964722566224,-16.608316626123166
2026-03-02,21037684.189695407,20937684.189695407,0.025259821358929235,-14.501857601278644
2026-03-03,20727281.13238281,20627281.13238281,-0.014754621017870284,-15.763350290103684
2026-03-04,21095678.77666549,20995678.77666549,0.01777356335014546,-14.266164860080831
2026-03-05,21138839.617013842,21038839.617013842,0.002045956463657017,-14.090757165922208
2026-03-06,20466054.35780803,20366054.35780803,-0.031826972123120356,-16.824988242720774
2026-03-09,20838347.338186443,20738347.338186443,0.018190754987239544,-15.311971982783346
2026-03-10,21007968.590166133,20907968.590166133,0.008139861056488673,-14.62262320157517
2026-03-11,21220525.938866258,21120525.938866258,0.010117939189971059,-13.758780094929456
2026-03-12,20875460.085203186,20775460.085203186,-0.016260947285527405,-15.16114402564539
2026-03-13,20718795.873435233,20618795.873435233,-0.00750470701620598,-15.797834783323017
2026-03-16,20971292.557030775,20871292.557030775,0.01218684160691419,-14.771676332868156
2026-03-17,20952153.57173752,20852153.57173752,-0.0009126278335589433,-14.84945807325435
2026-03-18,20732829.352251567,20632829.352251567,-0.010467860439024368,-15.74080206245082
2026-03-19,20480290.85420972,20380290.85420972,-0.012180609493822936,-16.767130448790834
2026-03-20,19837863.337354712,19737863.337354712,-0.03136808561109661,-19.377986226530396
2026-03-23,20233084.6815049,20133084.6815049,0.01992257620839566,-17.771788013054113
2026-03-24,20261798.518718503,20161798.518718503,0.0014191527226616873,-17.655093622133244
2026-03-25,20651471.21575694,20551471.21575694,0.019231890825409437,-16.07144537264554
2026-03-26,19940688.781344146,19840688.781344146,-0.03441800475069656,-18.960098764528922
2026-03-27,19523067.99307143,19423067.99307143,-0.020943147593950107,-20.657329377102542
2026-03-30,19333190.797535293,19233190.797535293,-0.009725786725914287,-21.428999269845306
2026-03-31,20350089.434815012,20250089.434815012,0.05259859316183646,-17.296275168121543
2026-04-01,20495626.13139753,20395626.13139753,0.007151648991455151,-16.704807157838054
2026-04-02,20475203.017921004,20375203.017921004,-0.000996462042466728,-16.787807655825205
2026-04-06,20433402.816884685,20333402.816884685,-0.0020415036178021984,-16.957685647541087
2026-04-07,20382409.139102682,20282409.139102682,-0.00249560380319358,-17.16492636306508
2026-04-08,20641202.112999942,20541202.112999942,0.012696878574612436,-16.113179491377828
2026-04-09,20809701.205324974,20709701.205324974,0.008163240270725902,-15.428391220018689
2026-04-10,21251208.707945053,21151208.707945053,0.021216426812851186,-13.634083871893132
2026-04-13,21342077.89588024,21242077.89588024,0.004275953861448523,-13.26478719932761
2026-04-14,22004603.10903832,21904603.10903832,0.031043144739246298,-10.572253434367006
2026-04-15,22504449.84259264,22404449.84259264,0.022715553244812225,-8.540852695691791
2026-04-16,22378540.496461324,22278540.496461324,-0.005594864438455027,-9.052554226516097
2026-04-17,22732672.27750155,22632672.27750155,0.015824614706049456,-7.613345938651383
2026-04-20,22663712.890821557,22563712.890821557,-0.003033492316177888,-7.8936001438638765
2026-04-21,22402763.29360441,22302763.29360441,-0.011513982659162036,-8.954111634605265
2026-04-22,22691205.369164124,22591205.369164124,0.012875290060403222,-7.781869413093712
2026-04-23,22340158.824306395,22240158.824306395,-0.01547059925405192,-9.208539155361573
2026-04-24,23086371.059092034,22986371.059092034,0.03340227975343435,-6.175897381005968
2026-04-27,23667389.844724864,23567389.844724864,0.025167176952395343,-3.8146095879940334
2026-04-28,23480913.60073161,23380913.60073161,-0.007879037156892754,-4.572457853000467
2026-04-29,23133167.66975623,23033167.66975623,-0.014809727461564615,-5.985713744524501
2026-04-30,22320066.620810088,22220066.620810088,-0.035148712037788576,-9.29019481955643
2026-05-01,22284824.858856514,22184824.858856514,-0.0015789272743799154,-9.433419005009524
2026-05-04,22358381.139762077,22258381.139762077,0.003300734081216339,-9.134482804500122
2026-05-05,22200167.898366563,22100167.898366563,-0.007076238677859781,-9.777468891762652
2026-05-06,23252333.73773722,23152333.73773722,0.04739449918520999,-5.501417214665716
2026-05-07,23695841.71001415,23595841.71001415,0.019073697172905302,-3.6989798633495274
2026-05-08,24266344.664061684,24166344.664061684,0.024076078876169804,-1.380428906683917
2026-05-11,24728028.21213024,24628028.21213024,0.019025673394984288,0.0
2026-05-12,24795065.52321407,24695065.52321407,0.002710984899755964,0.0
2026-05-13,25333560.752404265,25233560.752404265,0.021717838522589794,0.0
2026-05-14,26169836.809852637,26069836.809852637,0.03301060066611461,0.0
2026-05-15,25168031.501290787,25068031.501290787,-0.03828091538517664,-3.828091538517664
2026-05-18,24796901.49204863,24696901.49204863,-0.014746088076976749,-5.246250971221622
2026-05-19,24586206.309621926,24486206.309621926,-0.008496835078135256,-6.051357949754166
2026-05-20,24974716.73800711,24874716.73800711,0.01580196731014727,-4.566784579243455
2026-05-21,24728161.572148632,24628161.572148632,-0.009872190681676996,-5.508919479242724
2026-05-22,24515720.461980037,24415720.461980037,-0.008591059612287011,-6.320697984825962
2026-05-26,24549849.264421962,24449849.264421962,0.0013921190892534074,-6.190285240222703
2026-05-27,24483905.923665375,24383905.923665375,-0.0026860996190373188,-6.442267479300934
2026-05-28,24630502.697122082,24530502.697122082,0.0059874749524753135,-5.882092899222869
2026-05-29,24312686.49269492,24212686.49269492,-0.012903358422493572,-7.096529988519151
2026-06-01,25249926.475973565,25149926.475973565,0.038549420836740955,-3.515155025853034
2026-06-02,25186654.86478314,25086654.86478314,-0.0025058136803142173,-3.756928070332255
2026-06-03,24550913.335857168,24450913.335857168,-0.025241205405759914,-6.186219217790323
2026-06-04,24862813.816355873,24762813.816355873,0.012704231253310105,-4.994387251985788
2026-06-05,23454645.39279094,23354645.39279094,-0.05663753241954361,-10.375270724040053
2026-06-08,23942549.210425388,23842549.210425388,0.02080201211587762,-8.510896019759285
2026-06-09,23733025.038433455,23633025.038433455,-0.008751122119473376,-9.311528341291575
2026-06-10,22881301.784420367,22781301.784420367,-0.03588768193830327,-12.566127367650125
2026-06-11,23549809.344475262,23449809.344475262,0.029216325467551485,-10.011630887934942
2026-06-12,23601215.846322555,23501215.846322555,0.0021828839926194554,-9.815196717478292
2026-06-15,24316643.802064586,24216643.802064586,0.03031318218520962,-7.081408345237927
2026-06-16,23854612.722796105,23754612.722796105,-0.019000610570659937,-8.846918320044239
2026-06-17,23548330.114324413,23448330.114324413,-0.012839554849658041,-10.017283311989388
2026-06-18,24292603.852188516,24192603.852188516,0.03160622151340409,-7.173269635970236
2026-06-22,24166933.5090888,24066933.5090888,-0.005173193613347227,-7.653480284637348
2026-06-23,23262916.778983366,23162916.778983366,-0.037407175791063785,-11.107902781322842
2026-06-24,23151213.762237843,23051213.762237843,-0.004801763158368888,-11.53474157881763
2026-06-25,22724059.777457386,22624059.777457386,-0.018450608644856037,-13.166979440612925
2026-06-26,22540751.62245681,22440751.62245681,-0.008066699207613381,-13.867435298754016
2026-06-29,23117155.93271125,23017155.93271125,0.025571654393289345,-11.664883122206128
2026-06-30,23678100.83948468,23578100.83948468,0.02426530791271264,-9.521404311660998
2026-07-01,23555039.877795286,23455039.877795286,-0.00519724797709209,-9.991644010072353
2026-07-02,23004307.908764884,22904307.908764884,-0.023380642609294067,-12.096097213322965
2026-07-06,23410483.859732706,23310483.859732706,0.017656516882782025,-10.544020469707583
2026-07-07,23325557.911625754,23225557.911625754,-0.0036276887148424253,-10.868538917124793
2026-07-08,23797997.771041892,23697997.771041892,0.020254171891882944,-9.063254983377567
2026-07-09,23824875.606696896,23724875.606696896,0.0011294158405086296,-8.960549583071497
2026-07-10,24488072.912011065,24388072.912011065,0.027836338634555258,-6.4263446121620715
2026-07-13,23743683.0538075,23643683.0538075,-0.030398057898563757,-9.27080200642183
2026-07-14,24312155.83051815,24212155.83051815,0.02394206389221032,-7.098557751170587
2026-07-15,24402732.581391837,24302732.581391837,0.0037255746263353817,-6.752446495178399
2026-07-16,23930967.297481045,23830967.297481045,-0.019332477718931096,-8.555152745655192
2026-07-17,23384731.709343895,23284731.709343895,-0.022825470502174205,-10.642424409235074
2026-07-20,23369376.274245236,23269376.274245236,-0.0006566436292498867,-10.701100491971971
2026-07-21,23862476.647806223,23762476.647806223,0.021100279604142402,-8.816868744010353
2026-07-22,24181025.23407962,24081025.23407962,0.013349351409535526,-7.599633082252355
2026-07-23,23284732.746026523,23184732.746026523,-0.0370659423815457,-11.024539758459273
2026-07-24,23105513.736778773,23005513.736778773,-0.007696846307086447,-11.709370201040691
2026-07-27,22247476.794862993,22147476.794862993,-0.037135592468994894,-14.988095048085748
2026-07-28,22269560.80083998,22169560.80083998,0.0009926521636864916,-14.90370779669612
2026-07-29,21529184.267968908,21429184.267968908,-0.03324612189222631,-17.732829499863666
2026-07-30,22049389.00639019,21949389.00639019,0.024162770495454566,-15.745026739758439
2026-07-31,22614975.574708365,22514975.574708365,0.025650895276701835,-13.583811244118682
2026-08-03,23269860.192641992,23169860.192641992,0.02895800686453187,-11.081370656919187
2026-08-04,23842262.446887467,23742262.446887467,0.024598439763143576,-8.894111109202129
2026-08-05,24312644.370966677,24212644.370966677,0.019728913106592305,-7.0966909437767285
2026-08-06,24280119.931486055,24180119.931486055,-0.001337758204511097,-7.2209731076929184
2026-08-07,24665974.65461582,24565974.65461582,0.015891796425164806,-5.746547699795479
2026-08-10,24152161.184654698,24052161.184654698,-0.020830860209489876,-7.7099281889228655
2026-08-11,24111289.735166863,24011289.735166863,-0.0016922481253480726,-7.866105889933395
2026-08-12,24578968.129090786,24478968.129090786,0.019396656050373107,-6.079016435298934
2026-08-13,24829568.205591436,24729568.205591436,0.010195711845366162,-5.121425150639858
2026-08-14,24723459.195298128,24623459.195298128,-0.0042734939816397866,-5.526888169245159
2026-08-17,24637848.904421084,24537848.904421084,-0.0034627149138307667,-5.854021622537509
2026-08-18,24225301.81735437,24125301.81735437,-0.016744444235660683,-7.430443707490653
2026-08-19,24111086.290385008,24011086.290385008,-0.004714720494732538,-7.8668832917312415
2026-08-20,23885465.426882446,23785465.426882446,-0.009357556967167224,-8.729024179891532
2026-08-21,23834061.625755716,23734061.625755716,-0.0021520954357823197,-8.925448030373385
2026-08-24,23336666.95784848,23236666.95784848,-0.020869068634518317,-10.826089106285519
2026-08-25,23728880.385769237,23628880.385769237,0.016806745737477646,-9.327365859478377
2026-08-26,23481959.56764737,23381959.56764737,-0.010405919457959323,-10.270897987385663
2026-08-27,25075156.411936536,24975156.411936536,0.06784769557665937,-4.182985189666777
2026-08-28,24250027.689573653,24150027.689573653,-0.032906224344431134,-7.335961375029276
2026-08-31,24635341.359772347,24535341.359772347,0.015889205370448245,-5.863603434861964
2026-09-01,24295708.88654488,24195708.88654488,-0.013786392007624548,-7.161404700094154
2026-09-02,24824034.33788849,24724034.33788849,0.021745628160543262,-5.142571127755247
2026-09-03,25259750.47722796,25159750.47722796,0.01755218887505494,-3.4776156199875174
2026-09-04,25246695.34748061,25146695.34748061,-0.0005168352616594651,-3.5275017917745455
2026-09-08,24875183.11548626,24775183.11548626,-0.014715281619280263,-4.947121771424101
2026-09-09,24706258.912001185,24606258.912001185,-0.006790872762657552,-5.592613773198741
2026-09-10,24302815.00432625,24202815.00432625,-0.016329623562673867,-7.134250851818358
2026-09-11,24429752.282215755,24329752.282215755,0.005223151222066624,-6.649199000666906
2026-09-14,23835921.33431519,23735921.33431519,-0.024307694201748498,-8.918341724846968
2026-09-15,23895627.746272396,23795627.746272396,0.0025048921382053724,-8.690191995098829
2026-09-16,24092962.99832443,23992962.99832443,0.008258215860548646,-7.936135890409091
2026-09-17,24743195.570058502,24643195.570058502,0.026988485051809175,-5.451471670075614
